ORIGIN_TABLE,customerNumber,customerName,contactLastName,contactFirstName,phone,addressLine1,addressLine2,city,state,postalCode,country,salesRepEmployeeNumber,creditLimit,employeeNumber,lastName,firstName,extension,email,officeCode,reportsTo,jobTitle,territory,orderNumber,productCode,quantityOrdered,priceEach,orderLineNumber,orderDate,requiredDate,shippedDate,status,comments,checkNumber,paymentDate,amount,productLine,textDescription,htmlDescription,image,productName,productScale,productVendor,productDescription,quantityInStock,buyPrice,MSRP
customers,103.0,Atelier graphique,Schmitt,Carine ,40.32.2555,"54, rue Royale",N/A,Nantes,N/A,44000,France,1370.0,21000.00,0.0,N/A,N/A,N/A,N/A,unavailable,1102.0,N/A,N/A,0.0,unavailable,Hidden,N/A,0.0,N/A,N/A,N/A,N/A,None,unavailable,N/A,N/A,N/A,None,None,N/A,N/A,N/A,N/A,None,Hidden,N/A,N/A
customers,112.0,Signal Gift Stores,King,Jean,7025551838,8489 Strong St.,N/A,Las Vegas,NV,83030,USA,1166.0,71800.00,0.0,N/A,N/A,N/A,N/A,unavailable,1102.0,N/A,N/A,0.0,unavailable,Hidden,N/A,0.0,N/A,N/A,N/A,N/A,None,unavailable,N/A,N/A,N/A,None,None,N/A,N/A,N/A,N/A,None,Hidden,N/A,N/A
customers,114.0,"Australian Collectors, Co.",Ferguson,Peter,03 9520 4555,636 St Kilda Road,Level 3,Melbourne,Victoria,3004,Australia,1611.0,117300.00,0.0,N/A,N/A,N/A,N/A,unavailable,1102.0,N/A,N/A,0.0,unavailable,Hidden,N/A,0.0,N/A,N/A,N/A,N/A,None,unavailable,N/A,N/A,N/A,None,None,N/A,N/A,N/A,N/A,None,Hidden,N/A,N/A
customers,119.0,La Rochelle Gifts,Labrune,Janine ,40.67.8555,"67, rue des Cinquante Otages",N/A,Nantes,N/A,44000,France,1370.0,118200.00,0.0,N/A,N/A,N/A,N/A,unavailable,1102.0,N/A,N/A,0.0,unavailable,Hidden,N/A,0.0,N/A,N/A,N/A,N/A,None,unavailable,N/A,N/A,N/A,None,None,N/A,N/A,N/A,N/A,None,Hidden,N/A,N/A
customers,121.0,Baane Mini Imports,Bergulfsen,Jonas ,07-98 9555,Erling Skakkes gate 78,N/A,Stavern,N/A,4110,Norway,1504.0,81700.00,0.0,N/A,N/A,N/A,N/A,unavailable,1102.0,N/A,N/A,0.0,unavailable,Hidden,N/A,0.0,N/A,N/A,N/A,N/A,None,unavailable,N/A,N/A,N/A,None,None,N/A,N/A,N/A,N/A,None,Hidden,N/A,N/A
customers,124.0,Mini Gifts Distributors Ltd.,Nelson,Susan,4155551450,5677 Strong St.,N/A,San Rafael,CA,97562,USA,1165.0,210500.00,0.0,N/A,N/A,N/A,N/A,unavailable,1102.0,N/A,N/A,0.0,unavailable,Hidden,N/A,0.0,N/A,N/A,N/A,N/A,None,unavailable,N/A,N/A,N/A,None,None,N/A,N/A,N/A,N/A,None,Hidden,N/A,N/A
customers,125.0,Havel & Zbyszek Co,Piestrzeniewicz,Zbyszek ,(26) 642-7555,ul. Filtrowa 68,N/A,Warszawa,N/A,01-012,Poland,0.0,0.00,0.0,N/A,N/A,N/A,N/A,unavailable,1102.0,N/A,N/A,0.0,unavailable,Hidden,N/A,0.0,N/A,N/A,N/A,N/A,None,unavailable,N/A,N/A,N/A,None,None,N/A,N/A,N/A,N/A,None,Hidden,N/A,N/A
customers,128.0,"Blauer See Auto, Co.",Keitel,Roland,+49 69 66 90 2555,Lyonerstr. 34,N/A,Frankfurt,N/A,60528,Germany,1504.0,59700.00,0.0,N/A,N/A,N/A,N/A,unavailable,1102.0,N/A,N/A,0.0,unavailable,Hidden,N/A,0.0,N/A,N/A,N/A,N/A,None,unavailable,N/A,N/A,N/A,None,None,N/A,N/A,N/A,N/A,None,Hidden,N/A,N/A
customers,129.0,Mini Wheels Co.,Murphy,Julie,6505555787,5557 North Pendale Street,N/A,San Francisco,CA,94217,USA,1165.0,64600.00,0.0,N/A,N/A,N/A,N/A,unavailable,1102.0,N/A,N/A,0.0,unavailable,Hidden,N/A,0.0,N/A,N/A,N/A,N/A,None,unavailable,N/A,N/A,N/A,None,None,N/A,N/A,N/A,N/A,None,Hidden,N/A,N/A
customers,131.0,Land of Toys Inc.,Lee,Kwai,2125557818,897 Long Airport Avenue,N/A,NYC,NY,10022,USA,1323.0,114900.00,0.0,N/A,N/A,N/A,N/A,unavailable,1102.0,N/A,N/A,0.0,unavailable,Hidden,N/A,0.0,N/A,N/A,N/A,N/A,None,unavailable,N/A,N/A,N/A,None,None,N/A,N/A,N/A,N/A,None,Hidden,N/A,N/A
customers,141.0,Euro+ Shopping Channel,Freyre,Diego ,(91) 555 94 44,"C/ Moralzarzal, 86",N/A,Madrid,N/A,28034,Spain,1370.0,227600.00,0.0,N/A,N/A,N/A,N/A,unavailable,1102.0,N/A,N/A,0.0,unavailable,Hidden,N/A,0.0,N/A,N/A,N/A,N/A,None,unavailable,N/A,N/A,N/A,None,None,N/A,N/A,N/A,N/A,None,Hidden,N/A,N/A
customers,144.0,"Volvo Model Replicas, Co",Berglund,Christina ,0921-12 3555,Berguvsvägen  8,N/A,Luleå,N/A,S-958 22,Sweden,1504.0,53100.00,0.0,N/A,N/A,N/A,N/A,unavailable,1102.0,N/A,N/A,0.0,unavailable,Hidden,N/A,0.0,N/A,N/A,N/A,N/A,None,unavailable,N/A,N/A,N/A,None,None,N/A,N/A,N/A,N/A,None,Hidden,N/A,N/A
customers,145.0,Danish Wholesale Imports,Petersen,Jytte ,31 12 3555,Vinbæltet 34,N/A,Kobenhavn,N/A,1734,Denmark,1401.0,83400.00,0.0,N/A,N/A,N/A,N/A,unavailable,1102.0,N/A,N/A,0.0,unavailable,Hidden,N/A,0.0,N/A,N/A,N/A,N/A,None,unavailable,N/A,N/A,N/A,None,None,N/A,N/A,N/A,N/A,None,Hidden,N/A,N/A
customers,146.0,"Saveley & Henriot, Co.",Saveley,Mary ,78.32.5555,"2, rue du Commerce",N/A,Lyon,N/A,69004,France,1337.0,123900.00,0.0,N/A,N/A,N/A,N/A,unavailable,1102.0,N/A,N/A,0.0,unavailable,Hidden,N/A,0.0,N/A,N/A,N/A,N/A,None,unavailable,N/A,N/A,N/A,None,None,N/A,N/A,N/A,N/A,None,Hidden,N/A,N/A
customers,148.0,"Dragon Souveniers, Ltd.",Natividad,Eric,+65 221 7555,Bronz Sok.,Bronz Apt. 3/6 Tesvikiye,Singapore,N/A,079903,Singapore,1621.0,103800.00,0.0,N/A,N/A,N/A,N/A,unavailable,1102.0,N/A,N/A,0.0,unavailable,Hidden,N/A,0.0,N/A,N/A,N/A,N/A,None,unavailable,N/A,N/A,N/A,None,None,N/A,N/A,N/A,N/A,None,Hidden,N/A,N/A
customers,151.0,Muscle Machine Inc,Young,Jeff,2125557413,4092 Furth Circle,Suite 400,NYC,NY,10022,USA,1286.0,138500.00,0.0,N/A,N/A,N/A,N/A,unavailable,1102.0,N/A,N/A,0.0,unavailable,Hidden,N/A,0.0,N/A,N/A,N/A,N/A,None,unavailable,N/A,N/A,N/A,None,None,N/A,N/A,N/A,N/A,None,Hidden,N/A,N/A
customers,157.0,Diecast Classics Inc.,Leong,Kelvin,2155551555,7586 Pompton St.,N/A,Allentown,PA,70267,USA,1216.0,100600.00,0.0,N/A,N/A,N/A,N/A,unavailable,1102.0,N/A,N/A,0.0,unavailable,Hidden,N/A,0.0,N/A,N/A,N/A,N/A,None,unavailable,N/A,N/A,N/A,None,None,N/A,N/A,N/A,N/A,None,Hidden,N/A,N/A
customers,161.0,Technics Stores Inc.,Hashimoto,Juri,6505556809,9408 Furth Circle,N/A,Burlingame,CA,94217,USA,1165.0,84600.00,0.0,N/A,N/A,N/A,N/A,unavailable,1102.0,N/A,N/A,0.0,unavailable,Hidden,N/A,0.0,N/A,N/A,N/A,N/A,None,unavailable,N/A,N/A,N/A,None,None,N/A,N/A,N/A,N/A,None,Hidden,N/A,N/A
customers,166.0,Handji Gifts& Co,Victorino,Wendy,+65 224 1555,106 Linden Road Sandown,2nd Floor,Singapore,N/A,069045,Singapore,1612.0,97900.00,0.0,N/A,N/A,N/A,N/A,unavailable,1102.0,N/A,N/A,0.0,unavailable,Hidden,N/A,0.0,N/A,N/A,N/A,N/A,None,unavailable,N/A,N/A,N/A,None,None,N/A,N/A,N/A,N/A,None,Hidden,N/A,N/A
customers,167.0,Herkku Gifts,Oeztan,Veysel,+47 2267 3215,Brehmen St. 121,PR 334 Sentrum,Bergen,N/A,N 5804,Norway  ,1504.0,96800.00,0.0,N/A,N/A,N/A,N/A,unavailable,1102.0,N/A,N/A,0.0,unavailable,Hidden,N/A,0.0,N/A,N/A,N/A,N/A,None,unavailable,N/A,N/A,N/A,None,None,N/A,N/A,N/A,N/A,None,Hidden,N/A,N/A
customers,168.0,American Souvenirs Inc,Franco,Keith,2035557845,149 Spinnaker Dr.,Suite 101,New Haven,CT,97823,USA,1286.0,0.00,0.0,N/A,N/A,N/A,N/A,unavailable,1102.0,N/A,N/A,0.0,unavailable,Hidden,N/A,0.0,N/A,N/A,N/A,N/A,None,unavailable,N/A,N/A,N/A,None,None,N/A,N/A,N/A,N/A,None,Hidden,N/A,N/A
customers,169.0,Porto Imports Co.,de Castro,Isabel ,(1) 356-5555,Estrada da saúde n. 58,N/A,Lisboa,N/A,1756,Portugal,0.0,0.00,0.0,N/A,N/A,N/A,N/A,unavailable,1102.0,N/A,N/A,0.0,unavailable,Hidden,N/A,0.0,N/A,N/A,N/A,N/A,None,unavailable,N/A,N/A,N/A,None,None,N/A,N/A,N/A,N/A,None,Hidden,N/A,N/A
customers,171.0,Daedalus Designs Imports,Rancé,Martine ,20.16.1555,"184, chaussée de Tournai",N/A,Lille,N/A,59000,France,1370.0,82900.00,0.0,N/A,N/A,N/A,N/A,unavailable,1102.0,N/A,N/A,0.0,unavailable,Hidden,N/A,0.0,N/A,N/A,N/A,N/A,None,unavailable,N/A,N/A,N/A,None,None,N/A,N/A,N/A,N/A,None,Hidden,N/A,N/A
customers,172.0,"La Corne D'abondance, Co.",Bertrand,Marie,(1) 42.34.2555,"265, boulevard Charonne",N/A,Paris,N/A,75012,France,1337.0,84300.00,0.0,N/A,N/A,N/A,N/A,unavailable,1102.0,N/A,N/A,0.0,unavailable,Hidden,N/A,0.0,N/A,N/A,N/A,N/A,None,unavailable,N/A,N/A,N/A,None,None,N/A,N/A,N/A,N/A,None,Hidden,N/A,N/A
customers,173.0,Cambridge Collectables Co.,Tseng,Jerry,6175555555,4658 Baden Av.,N/A,Cambridge,MA,51247,USA,1188.0,43400.00,0.0,N/A,N/A,N/A,N/A,unavailable,1102.0,N/A,N/A,0.0,unavailable,Hidden,N/A,0.0,N/A,N/A,N/A,N/A,None,unavailable,N/A,N/A,N/A,None,None,N/A,N/A,N/A,N/A,None,Hidden,N/A,N/A
customers,175.0,Gift Depot Inc.,King,Julie,2035552570,25593 South Bay Ln.,N/A,Bridgewater,CT,97562,USA,1323.0,84300.00,0.0,N/A,N/A,N/A,N/A,unavailable,1102.0,N/A,N/A,0.0,unavailable,Hidden,N/A,0.0,N/A,N/A,N/A,N/A,None,unavailable,N/A,N/A,N/A,None,None,N/A,N/A,N/A,N/A,None,Hidden,N/A,N/A
customers,177.0,Osaka Souveniers Co.,Kentary,Mory,+81 06 6342 5555,1-6-20 Dojima,N/A,Kita-ku,Osaka, 530-0003,Japan,1621.0,81200.00,0.0,N/A,N/A,N/A,N/A,unavailable,1102.0,N/A,N/A,0.0,unavailable,Hidden,N/A,0.0,N/A,N/A,N/A,N/A,None,unavailable,N/A,N/A,N/A,None,None,N/A,N/A,N/A,N/A,None,Hidden,N/A,N/A
customers,181.0,Vitachrome Inc.,Frick,Michael,2125551500,2678 Kingston Rd.,Suite 101,NYC,NY,10022,USA,1286.0,76400.00,0.0,N/A,N/A,N/A,N/A,unavailable,1102.0,N/A,N/A,0.0,unavailable,Hidden,N/A,0.0,N/A,N/A,N/A,N/A,None,unavailable,N/A,N/A,N/A,None,None,N/A,N/A,N/A,N/A,None,Hidden,N/A,N/A
customers,186.0,"Toys of Finland, Co.",Karttunen,Matti,90-224 8555,Keskuskatu 45,N/A,Helsinki,N/A,21240,Finland,1501.0,96500.00,0.0,N/A,N/A,N/A,N/A,unavailable,1102.0,N/A,N/A,0.0,unavailable,Hidden,N/A,0.0,N/A,N/A,N/A,N/A,None,unavailable,N/A,N/A,N/A,None,None,N/A,N/A,N/A,N/A,None,Hidden,N/A,N/A
customers,187.0,"AV Stores, Co.",Ashworth,Rachel,(171) 555-1555,Fauntleroy Circus,N/A,Manchester,N/A,EC2 5NT,UK,1501.0,136800.00,0.0,N/A,N/A,N/A,N/A,unavailable,1102.0,N/A,N/A,0.0,unavailable,Hidden,N/A,0.0,N/A,N/A,N/A,N/A,None,unavailable,N/A,N/A,N/A,None,None,N/A,N/A,N/A,N/A,None,Hidden,N/A,N/A
customers,189.0,"Clover Collections, Co.",Cassidy,Dean,+353 1862 1555,25 Maiden Lane,Floor No. 4,Dublin,N/A,2,Ireland,1504.0,69400.00,0.0,N/A,N/A,N/A,N/A,unavailable,1102.0,N/A,N/A,0.0,unavailable,Hidden,N/A,0.0,N/A,N/A,N/A,N/A,None,unavailable,N/A,N/A,N/A,None,None,N/A,N/A,N/A,N/A,None,Hidden,N/A,N/A
customers,198.0,Auto-Moto Classics Inc.,Taylor,Leslie,6175558428,16780 Pompton St.,N/A,Brickhaven,MA,58339,USA,1216.0,23000.00,0.0,N/A,N/A,N/A,N/A,unavailable,1102.0,N/A,N/A,0.0,unavailable,Hidden,N/A,0.0,N/A,N/A,N/A,N/A,None,unavailable,N/A,N/A,N/A,None,None,N/A,N/A,N/A,N/A,None,Hidden,N/A,N/A
customers,201.0,"UK Collectables, Ltd.",Devon,Elizabeth,(171) 555-2282,"12, Berkeley Gardens Blvd",N/A,Liverpool,N/A,WX1 6LT,UK,1501.0,92700.00,0.0,N/A,N/A,N/A,N/A,unavailable,1102.0,N/A,N/A,0.0,unavailable,Hidden,N/A,0.0,N/A,N/A,N/A,N/A,None,unavailable,N/A,N/A,N/A,None,None,N/A,N/A,N/A,N/A,None,Hidden,N/A,N/A
customers,202.0,Canadian Gift Exchange Network,Tamuri,Yoshi ,(604) 555-3392,1900 Oak St.,N/A,Vancouver,BC,V3F 2K1,Canada,1323.0,90300.00,0.0,N/A,N/A,N/A,N/A,unavailable,1102.0,N/A,N/A,0.0,unavailable,Hidden,N/A,0.0,N/A,N/A,N/A,N/A,None,unavailable,N/A,N/A,N/A,None,None,N/A,N/A,N/A,N/A,None,Hidden,N/A,N/A
customers,204.0,Online Mini Collectables,Barajas,Miguel,6175557555,7635 Spinnaker Dr.,N/A,Brickhaven,MA,58339,USA,1188.0,68700.00,0.0,N/A,N/A,N/A,N/A,unavailable,1102.0,N/A,N/A,0.0,unavailable,Hidden,N/A,0.0,N/A,N/A,N/A,N/A,None,unavailable,N/A,N/A,N/A,None,None,N/A,N/A,N/A,N/A,None,Hidden,N/A,N/A
customers,205.0,Toys4GrownUps.com,Young,Julie,6265557265,78934 Hillside Dr.,N/A,Pasadena,CA,90003,USA,1166.0,90700.00,0.0,N/A,N/A,N/A,N/A,unavailable,1102.0,N/A,N/A,0.0,unavailable,Hidden,N/A,0.0,N/A,N/A,N/A,N/A,None,unavailable,N/A,N/A,N/A,None,None,N/A,N/A,N/A,N/A,None,Hidden,N/A,N/A
customers,206.0,"Asian Shopping Network, Co",Walker,Brydey,+612 9411 1555,Suntec Tower Three,8 Temasek,Singapore,N/A,038988,Singapore,0.0,0.00,0.0,N/A,N/A,N/A,N/A,unavailable,1102.0,N/A,N/A,0.0,unavailable,Hidden,N/A,0.0,N/A,N/A,N/A,N/A,None,unavailable,N/A,N/A,N/A,None,None,N/A,N/A,N/A,N/A,None,Hidden,N/A,N/A
customers,209.0,Mini Caravy,Citeaux,Frédérique ,88.60.1555,"24, place Kléber",N/A,Strasbourg,N/A,67000,France,1370.0,53800.00,0.0,N/A,N/A,N/A,N/A,unavailable,1102.0,N/A,N/A,0.0,unavailable,Hidden,N/A,0.0,N/A,N/A,N/A,N/A,None,unavailable,N/A,N/A,N/A,None,None,N/A,N/A,N/A,N/A,None,Hidden,N/A,N/A
customers,211.0,"King Kong Collectables, Co.",Gao,Mike,+852 2251 1555,Bank of China Tower,1 Garden Road,Central Hong Kong,N/A,unavailable,Hong Kong,1621.0,58600.00,0.0,N/A,N/A,N/A,N/A,unavailable,1102.0,N/A,N/A,0.0,unavailable,Hidden,N/A,0.0,N/A,N/A,N/A,N/A,None,unavailable,N/A,N/A,N/A,None,None,N/A,N/A,N/A,N/A,None,Hidden,N/A,N/A
customers,216.0,Enaco Distributors,Saavedra,Eduardo ,(93) 203 4555,"Rambla de Cataluña, 23",N/A,Barcelona,N/A,08022,Spain,1702.0,60300.00,0.0,N/A,N/A,N/A,N/A,unavailable,1102.0,N/A,N/A,0.0,unavailable,Hidden,N/A,0.0,N/A,N/A,N/A,N/A,None,unavailable,N/A,N/A,N/A,None,None,N/A,N/A,N/A,N/A,None,Hidden,N/A,N/A
customers,219.0,Boards & Toys Co.,Young,Mary,3105552373,4097 Douglas Av.,N/A,Glendale,CA,92561,USA,1166.0,11000.00,0.0,N/A,N/A,N/A,N/A,unavailable,1102.0,N/A,N/A,0.0,unavailable,Hidden,N/A,0.0,N/A,N/A,N/A,N/A,None,unavailable,N/A,N/A,N/A,None,None,N/A,N/A,N/A,N/A,None,Hidden,N/A,N/A
customers,223.0,Natürlich Autos,Kloss,Horst ,0372-555188,Taucherstraße 10,N/A,Cunewalde,N/A,01307,Germany,0.0,0.00,0.0,N/A,N/A,N/A,N/A,unavailable,1102.0,N/A,N/A,0.0,unavailable,Hidden,N/A,0.0,N/A,N/A,N/A,N/A,None,unavailable,N/A,N/A,N/A,None,None,N/A,N/A,N/A,N/A,None,Hidden,N/A,N/A
customers,227.0,Heintze Collectables,Ibsen,Palle,86 21 3555,Smagsloget 45,N/A,Århus,N/A,8200,Denmark,1401.0,120800.00,0.0,N/A,N/A,N/A,N/A,unavailable,1102.0,N/A,N/A,0.0,unavailable,Hidden,N/A,0.0,N/A,N/A,N/A,N/A,None,unavailable,N/A,N/A,N/A,None,None,N/A,N/A,N/A,N/A,None,Hidden,N/A,N/A
customers,233.0,Québec Home Shopping Network,Fresnière,Jean ,(514) 555-8054,43 rue St. Laurent,N/A,Montréal,Québec,H1J 1C3,Canada,1286.0,48700.00,0.0,N/A,N/A,N/A,N/A,unavailable,1102.0,N/A,N/A,0.0,unavailable,Hidden,N/A,0.0,N/A,N/A,N/A,N/A,None,unavailable,N/A,N/A,N/A,None,None,N/A,N/A,N/A,N/A,None,Hidden,N/A,N/A
customers,237.0,ANG Resellers,Camino,Alejandra ,(91) 745 6555,"Gran Vía, 1",N/A,Madrid,N/A,28001,Spain,0.0,0.00,0.0,N/A,N/A,N/A,N/A,unavailable,1102.0,N/A,N/A,0.0,unavailable,Hidden,N/A,0.0,N/A,N/A,N/A,N/A,None,unavailable,N/A,N/A,N/A,None,None,N/A,N/A,N/A,N/A,None,Hidden,N/A,N/A
customers,239.0,Collectable Mini Designs Co.,Thompson,Valarie,7605558146,361 Furth Circle,N/A,San Diego,CA,91217,USA,1166.0,105000.00,0.0,N/A,N/A,N/A,N/A,unavailable,1102.0,N/A,N/A,0.0,unavailable,Hidden,N/A,0.0,N/A,N/A,N/A,N/A,None,unavailable,N/A,N/A,N/A,None,None,N/A,N/A,N/A,N/A,None,Hidden,N/A,N/A
customers,240.0,giftsbymail.co.uk,Bennett,Helen ,(198) 555-8888,Garden House,Crowther Way 23,Cowes,Isle of Wight,PO31 7PJ,UK,1501.0,93900.00,0.0,N/A,N/A,N/A,N/A,unavailable,1102.0,N/A,N/A,0.0,unavailable,Hidden,N/A,0.0,N/A,N/A,N/A,N/A,None,unavailable,N/A,N/A,N/A,None,None,N/A,N/A,N/A,N/A,None,Hidden,N/A,N/A
customers,242.0,Alpha Cognac,Roulet,Annette ,61.77.6555,1 rue Alsace-Lorraine,N/A,Toulouse,N/A,31000,France,1370.0,61100.00,0.0,N/A,N/A,N/A,N/A,unavailable,1102.0,N/A,N/A,0.0,unavailable,Hidden,N/A,0.0,N/A,N/A,N/A,N/A,None,unavailable,N/A,N/A,N/A,None,None,N/A,N/A,N/A,N/A,None,Hidden,N/A,N/A
customers,247.0,Messner Shopping Network,Messner,Renate ,069-0555984,Magazinweg 7,N/A,Frankfurt,N/A,60528,Germany,0.0,0.00,0.0,N/A,N/A,N/A,N/A,unavailable,1102.0,N/A,N/A,0.0,unavailable,Hidden,N/A,0.0,N/A,N/A,N/A,N/A,None,unavailable,N/A,N/A,N/A,None,None,N/A,N/A,N/A,N/A,None,Hidden,N/A,N/A
customers,249.0,Amica Models & Co.,Accorti,Paolo ,011-4988555,Via Monte Bianco 34,N/A,Torino,N/A,10100,Italy,1401.0,113000.00,0.0,N/A,N/A,N/A,N/A,unavailable,1102.0,N/A,N/A,0.0,unavailable,Hidden,N/A,0.0,N/A,N/A,N/A,N/A,None,unavailable,N/A,N/A,N/A,None,None,N/A,N/A,N/A,N/A,None,Hidden,N/A,N/A
customers,250.0,Lyon Souveniers,Da Silva,Daniel,+33 1 46 62 7555,27 rue du Colonel Pierre Avia,N/A,Paris,N/A,75508,France,1337.0,68100.00,0.0,N/A,N/A,N/A,N/A,unavailable,1102.0,N/A,N/A,0.0,unavailable,Hidden,N/A,0.0,N/A,N/A,N/A,N/A,None,unavailable,N/A,N/A,N/A,None,None,N/A,N/A,N/A,N/A,None,Hidden,N/A,N/A
customers,256.0,Auto Associés & Cie.,Tonini,Daniel ,30.59.8555,"67, avenue de l'Europe",N/A,Versailles,N/A,78000,France,1370.0,77900.00,0.0,N/A,N/A,N/A,N/A,unavailable,1102.0,N/A,N/A,0.0,unavailable,Hidden,N/A,0.0,N/A,N/A,N/A,N/A,None,unavailable,N/A,N/A,N/A,None,None,N/A,N/A,N/A,N/A,None,Hidden,N/A,N/A
customers,259.0,"Toms Spezialitäten, Ltd",Pfalzheim,Henriette ,0221-5554327,Mehrheimerstr. 369,N/A,Köln,N/A,50739,Germany,1504.0,120400.00,0.0,N/A,N/A,N/A,N/A,unavailable,1102.0,N/A,N/A,0.0,unavailable,Hidden,N/A,0.0,N/A,N/A,N/A,N/A,None,unavailable,N/A,N/A,N/A,None,None,N/A,N/A,N/A,N/A,None,Hidden,N/A,N/A
customers,260.0,"Royal Canadian Collectables, Ltd.",Lincoln,Elizabeth ,(604) 555-4555,23 Tsawassen Blvd.,N/A,Tsawassen,BC,T2F 8M4,Canada,1323.0,89600.00,0.0,N/A,N/A,N/A,N/A,unavailable,1102.0,N/A,N/A,0.0,unavailable,Hidden,N/A,0.0,N/A,N/A,N/A,N/A,None,unavailable,N/A,N/A,N/A,None,None,N/A,N/A,N/A,N/A,None,Hidden,N/A,N/A
customers,273.0,"Franken Gifts, Co",Franken,Peter ,089-0877555,Berliner Platz 43,N/A,München,N/A,80805,Germany,0.0,0.00,0.0,N/A,N/A,N/A,N/A,unavailable,1102.0,N/A,N/A,0.0,unavailable,Hidden,N/A,0.0,N/A,N/A,N/A,N/A,None,unavailable,N/A,N/A,N/A,None,None,N/A,N/A,N/A,N/A,None,Hidden,N/A,N/A
customers,276.0,"Anna's Decorations, Ltd",O'Hara,Anna,02 9936 8555,201 Miller Street,Level 15,North Sydney,NSW,2060,Australia,1611.0,107800.00,0.0,N/A,N/A,N/A,N/A,unavailable,1102.0,N/A,N/A,0.0,unavailable,Hidden,N/A,0.0,N/A,N/A,N/A,N/A,None,unavailable,N/A,N/A,N/A,None,None,N/A,N/A,N/A,N/A,None,Hidden,N/A,N/A
customers,278.0,Rovelli Gifts,Rovelli,Giovanni ,035-640555,Via Ludovico il Moro 22,N/A,Bergamo,N/A,24100,Italy,1401.0,119600.00,0.0,N/A,N/A,N/A,N/A,unavailable,1102.0,N/A,N/A,0.0,unavailable,Hidden,N/A,0.0,N/A,N/A,N/A,N/A,None,unavailable,N/A,N/A,N/A,None,None,N/A,N/A,N/A,N/A,None,Hidden,N/A,N/A
customers,282.0,Souveniers And Things Co.,Huxley,Adrian,+61 2 9495 8555,Monitor Money Building,815 Pacific Hwy,Chatswood,NSW,2067,Australia,1611.0,93300.00,0.0,N/A,N/A,N/A,N/A,unavailable,1102.0,N/A,N/A,0.0,unavailable,Hidden,N/A,0.0,N/A,N/A,N/A,N/A,None,unavailable,N/A,N/A,N/A,None,None,N/A,N/A,N/A,N/A,None,Hidden,N/A,N/A
customers,286.0,Marta's Replicas Co.,Hernandez,Marta,6175558555,39323 Spinnaker Dr.,N/A,Cambridge,MA,51247,USA,1216.0,123700.00,0.0,N/A,N/A,N/A,N/A,unavailable,1102.0,N/A,N/A,0.0,unavailable,Hidden,N/A,0.0,N/A,N/A,N/A,N/A,None,unavailable,N/A,N/A,N/A,None,None,N/A,N/A,N/A,N/A,None,Hidden,N/A,N/A
customers,293.0,BG&E Collectables,Harrison,Ed,+41 26 425 50 01,Rte des Arsenaux 41 ,N/A,Fribourg,N/A,1700,Switzerland,0.0,0.00,0.0,N/A,N/A,N/A,N/A,unavailable,1102.0,N/A,N/A,0.0,unavailable,Hidden,N/A,0.0,N/A,N/A,N/A,N/A,None,unavailable,N/A,N/A,N/A,None,None,N/A,N/A,N/A,N/A,None,Hidden,N/A,N/A
customers,298.0,"Vida Sport, Ltd",Holz,Mihael,0897-034555,Grenzacherweg 237,N/A,Genève,N/A,1203,Switzerland,1702.0,141300.00,0.0,N/A,N/A,N/A,N/A,unavailable,1102.0,N/A,N/A,0.0,unavailable,Hidden,N/A,0.0,N/A,N/A,N/A,N/A,None,unavailable,N/A,N/A,N/A,None,None,N/A,N/A,N/A,N/A,None,Hidden,N/A,N/A
customers,299.0,"Norway Gifts By Mail, Co.",Klaeboe,Jan,+47 2212 1555,Drammensveien 126A,PB 211 Sentrum,Oslo,N/A,N 0106,Norway  ,1504.0,95100.00,0.0,N/A,N/A,N/A,N/A,unavailable,1102.0,N/A,N/A,0.0,unavailable,Hidden,N/A,0.0,N/A,N/A,N/A,N/A,None,unavailable,N/A,N/A,N/A,None,None,N/A,N/A,N/A,N/A,None,Hidden,N/A,N/A
customers,303.0,Schuyler Imports,Schuyler,Bradley,+31 20 491 9555,Kingsfordweg 151,N/A,Amsterdam,N/A,1043 GR,Netherlands,0.0,0.00,0.0,N/A,N/A,N/A,N/A,unavailable,1102.0,N/A,N/A,0.0,unavailable,Hidden,N/A,0.0,N/A,N/A,N/A,N/A,None,unavailable,N/A,N/A,N/A,None,None,N/A,N/A,N/A,N/A,None,Hidden,N/A,N/A
customers,307.0,Der Hund Imports,Andersen,Mel,030-0074555,Obere Str. 57,N/A,Berlin,N/A,12209,Germany,0.0,0.00,0.0,N/A,N/A,N/A,N/A,unavailable,1102.0,N/A,N/A,0.0,unavailable,Hidden,N/A,0.0,N/A,N/A,N/A,N/A,None,unavailable,N/A,N/A,N/A,None,None,N/A,N/A,N/A,N/A,None,Hidden,N/A,N/A
customers,311.0,"Oulu Toy Supplies, Inc.",Koskitalo,Pirkko,981-443655,Torikatu 38,N/A,Oulu,N/A,90110,Finland,1501.0,90500.00,0.0,N/A,N/A,N/A,N/A,unavailable,1102.0,N/A,N/A,0.0,unavailable,Hidden,N/A,0.0,N/A,N/A,N/A,N/A,None,unavailable,N/A,N/A,N/A,None,None,N/A,N/A,N/A,N/A,None,Hidden,N/A,N/A
customers,314.0,Petit Auto,Dewey,Catherine ,(02) 5554 67,Rue Joseph-Bens 532,N/A,Bruxelles,N/A,B-1180,Belgium,1401.0,79900.00,0.0,N/A,N/A,N/A,N/A,unavailable,1102.0,N/A,N/A,0.0,unavailable,Hidden,N/A,0.0,N/A,N/A,N/A,N/A,None,unavailable,N/A,N/A,N/A,None,None,N/A,N/A,N/A,N/A,None,Hidden,N/A,N/A
customers,319.0,Mini Classics,Frick,Steve,9145554562,3758 North Pendale Street,N/A,White Plains,NY,24067,USA,1323.0,102700.00,0.0,N/A,N/A,N/A,N/A,unavailable,1102.0,N/A,N/A,0.0,unavailable,Hidden,N/A,0.0,N/A,N/A,N/A,N/A,None,unavailable,N/A,N/A,N/A,None,None,N/A,N/A,N/A,N/A,None,Hidden,N/A,N/A
customers,320.0,Mini Creations Ltd.,Huang,Wing,5085559555,4575 Hillside Dr.,N/A,New Bedford,MA,50553,USA,1188.0,94500.00,0.0,N/A,N/A,N/A,N/A,unavailable,1102.0,N/A,N/A,0.0,unavailable,Hidden,N/A,0.0,N/A,N/A,N/A,N/A,None,unavailable,N/A,N/A,N/A,None,None,N/A,N/A,N/A,N/A,None,Hidden,N/A,N/A
customers,321.0,Corporate Gift Ideas Co.,Brown,Julie,6505551386,7734 Strong St.,N/A,San Francisco,CA,94217,USA,1165.0,105000.00,0.0,N/A,N/A,N/A,N/A,unavailable,1102.0,N/A,N/A,0.0,unavailable,Hidden,N/A,0.0,N/A,N/A,N/A,N/A,None,unavailable,N/A,N/A,N/A,None,None,N/A,N/A,N/A,N/A,None,Hidden,N/A,N/A
customers,323.0,"Down Under Souveniers, Inc",Graham,Mike,+64 9 312 5555,162-164 Grafton Road,Level 2,Auckland  ,N/A,unavailable,New Zealand,1612.0,88000.00,0.0,N/A,N/A,N/A,N/A,unavailable,1102.0,N/A,N/A,0.0,unavailable,Hidden,N/A,0.0,N/A,N/A,N/A,N/A,None,unavailable,N/A,N/A,N/A,None,None,N/A,N/A,N/A,N/A,None,Hidden,N/A,N/A
customers,324.0,"Stylish Desk Decors, Co.",Brown,Ann ,(171) 555-0297,35 King George,N/A,London,N/A,WX3 6FW,UK,1501.0,77000.00,0.0,N/A,N/A,N/A,N/A,unavailable,1102.0,N/A,N/A,0.0,unavailable,Hidden,N/A,0.0,N/A,N/A,N/A,N/A,None,unavailable,N/A,N/A,N/A,None,None,N/A,N/A,N/A,N/A,None,Hidden,N/A,N/A
customers,328.0,Tekni Collectables Inc.,Brown,William,2015559350,7476 Moss Rd.,N/A,Newark,NJ,94019,USA,1323.0,43000.00,0.0,N/A,N/A,N/A,N/A,unavailable,1102.0,N/A,N/A,0.0,unavailable,Hidden,N/A,0.0,N/A,N/A,N/A,N/A,None,unavailable,N/A,N/A,N/A,None,None,N/A,N/A,N/A,N/A,None,Hidden,N/A,N/A
customers,333.0,"Australian Gift Network, Co",Calaghan,Ben,61-7-3844-6555,31 Duncan St. West End,N/A,South Brisbane,Queensland,4101,Australia,1611.0,51600.00,0.0,N/A,N/A,N/A,N/A,unavailable,1102.0,N/A,N/A,0.0,unavailable,Hidden,N/A,0.0,N/A,N/A,N/A,N/A,None,unavailable,N/A,N/A,N/A,None,None,N/A,N/A,N/A,N/A,None,Hidden,N/A,N/A
customers,334.0,Suominen Souveniers,Suominen,Kalle,+358 9 8045 555,Software Engineering Center,SEC Oy,Espoo,N/A,FIN-02271,Finland,1501.0,98800.00,0.0,N/A,N/A,N/A,N/A,unavailable,1102.0,N/A,N/A,0.0,unavailable,Hidden,N/A,0.0,N/A,N/A,N/A,N/A,None,unavailable,N/A,N/A,N/A,None,None,N/A,N/A,N/A,N/A,None,Hidden,N/A,N/A
customers,335.0,"Cramer Spezialitäten, Ltd",Cramer,Philip ,0555-09555,Maubelstr. 90,N/A,Brandenburg,N/A,14776,Germany,0.0,0.00,0.0,N/A,N/A,N/A,N/A,unavailable,1102.0,N/A,N/A,0.0,unavailable,Hidden,N/A,0.0,N/A,N/A,N/A,N/A,None,unavailable,N/A,N/A,N/A,None,None,N/A,N/A,N/A,N/A,None,Hidden,N/A,N/A
customers,339.0,"Classic Gift Ideas, Inc",Cervantes,Francisca,2155554695,782 First Street,N/A,Philadelphia,PA,71270,USA,1188.0,81100.00,0.0,N/A,N/A,N/A,N/A,unavailable,1102.0,N/A,N/A,0.0,unavailable,Hidden,N/A,0.0,N/A,N/A,N/A,N/A,None,unavailable,N/A,N/A,N/A,None,None,N/A,N/A,N/A,N/A,None,Hidden,N/A,N/A
customers,344.0,CAF Imports,Fernandez,Jesus,+34 913 728 555,Merchants House,27-30 Merchant's Quay,Madrid,N/A,28023,Spain,1702.0,59600.00,0.0,N/A,N/A,N/A,N/A,unavailable,1102.0,N/A,N/A,0.0,unavailable,Hidden,N/A,0.0,N/A,N/A,N/A,N/A,None,unavailable,N/A,N/A,N/A,None,None,N/A,N/A,N/A,N/A,None,Hidden,N/A,N/A
customers,347.0,"Men 'R' US Retailers, Ltd.",Chandler,Brian,2155554369,6047 Douglas Av.,N/A,Los Angeles,CA,91003,USA,1166.0,57700.00,0.0,N/A,N/A,N/A,N/A,unavailable,1102.0,N/A,N/A,0.0,unavailable,Hidden,N/A,0.0,N/A,N/A,N/A,N/A,None,unavailable,N/A,N/A,N/A,None,None,N/A,N/A,N/A,N/A,None,Hidden,N/A,N/A
customers,348.0,"Asian Treasures, Inc.",McKenna,Patricia ,2967 555,8 Johnstown Road,N/A,Cork,Co. Cork,unavailable,Ireland,0.0,0.00,0.0,N/A,N/A,N/A,N/A,unavailable,1102.0,N/A,N/A,0.0,unavailable,Hidden,N/A,0.0,N/A,N/A,N/A,N/A,None,unavailable,N/A,N/A,N/A,None,None,N/A,N/A,N/A,N/A,None,Hidden,N/A,N/A
customers,350.0,Marseille Mini Autos,Lebihan,Laurence ,91.24.4555,"12, rue des Bouchers",N/A,Marseille,N/A,13008,France,1337.0,65000.00,0.0,N/A,N/A,N/A,N/A,unavailable,1102.0,N/A,N/A,0.0,unavailable,Hidden,N/A,0.0,N/A,N/A,N/A,N/A,None,unavailable,N/A,N/A,N/A,None,None,N/A,N/A,N/A,N/A,None,Hidden,N/A,N/A
customers,353.0,Reims Collectables,Henriot,Paul ,26.47.1555,59 rue de l'Abbaye,N/A,Reims,N/A,51100,France,1337.0,81100.00,0.0,N/A,N/A,N/A,N/A,unavailable,1102.0,N/A,N/A,0.0,unavailable,Hidden,N/A,0.0,N/A,N/A,N/A,N/A,None,unavailable,N/A,N/A,N/A,None,None,N/A,N/A,N/A,N/A,None,Hidden,N/A,N/A
customers,356.0,"SAR Distributors, Co",Kuger,Armand,+27 21 550 3555,1250 Pretorius Street,N/A,Hatfield,Pretoria,0028,South Africa,0.0,0.00,0.0,N/A,N/A,N/A,N/A,unavailable,1102.0,N/A,N/A,0.0,unavailable,Hidden,N/A,0.0,N/A,N/A,N/A,N/A,None,unavailable,N/A,N/A,N/A,None,None,N/A,N/A,N/A,N/A,None,Hidden,N/A,N/A
customers,357.0,GiftsForHim.com,MacKinlay,Wales,64-9-3763555,199 Great North Road,N/A,Auckland,N/A,unavailable,New Zealand,1612.0,77700.00,0.0,N/A,N/A,N/A,N/A,unavailable,1102.0,N/A,N/A,0.0,unavailable,Hidden,N/A,0.0,N/A,N/A,N/A,N/A,None,unavailable,N/A,N/A,N/A,None,None,N/A,N/A,N/A,N/A,None,Hidden,N/A,N/A
customers,361.0,Kommission Auto,Josephs,Karin,0251-555259,Luisenstr. 48,N/A,Münster,N/A,44087,Germany,0.0,0.00,0.0,N/A,N/A,N/A,N/A,unavailable,1102.0,N/A,N/A,0.0,unavailable,Hidden,N/A,0.0,N/A,N/A,N/A,N/A,None,unavailable,N/A,N/A,N/A,None,None,N/A,N/A,N/A,N/A,None,Hidden,N/A,N/A
customers,362.0,Gifts4AllAges.com,Yoshido,Juri,6175559555,8616 Spinnaker Dr.,N/A,Boston,MA,51003,USA,1216.0,41900.00,0.0,N/A,N/A,N/A,N/A,unavailable,1102.0,N/A,N/A,0.0,unavailable,Hidden,N/A,0.0,N/A,N/A,N/A,N/A,None,unavailable,N/A,N/A,N/A,None,None,N/A,N/A,N/A,N/A,None,Hidden,N/A,N/A
customers,363.0,Online Diecast Creations Co.,Young,Dorothy,6035558647,2304 Long Airport Avenue,N/A,Nashua,NH,62005,USA,1216.0,114200.00,0.0,N/A,N/A,N/A,N/A,unavailable,1102.0,N/A,N/A,0.0,unavailable,Hidden,N/A,0.0,N/A,N/A,N/A,N/A,None,unavailable,N/A,N/A,N/A,None,None,N/A,N/A,N/A,N/A,None,Hidden,N/A,N/A
customers,369.0,"Lisboa Souveniers, Inc",Rodriguez,Lino ,(1) 354-2555,Jardim das rosas n. 32,N/A,Lisboa,N/A,1675,Portugal,0.0,0.00,0.0,N/A,N/A,N/A,N/A,unavailable,1102.0,N/A,N/A,0.0,unavailable,Hidden,N/A,0.0,N/A,N/A,N/A,N/A,None,unavailable,N/A,N/A,N/A,None,None,N/A,N/A,N/A,N/A,None,Hidden,N/A,N/A
customers,376.0,Precious Collectables,Urs,Braun,0452-076555,Hauptstr. 29,N/A,Bern,N/A,3012,Switzerland,1702.0,0.00,0.0,N/A,N/A,N/A,N/A,unavailable,1102.0,N/A,N/A,0.0,unavailable,Hidden,N/A,0.0,N/A,N/A,N/A,N/A,None,unavailable,N/A,N/A,N/A,None,None,N/A,N/A,N/A,N/A,None,Hidden,N/A,N/A
customers,379.0,Collectables For Less Inc.,Nelson,Allen,6175558555,7825 Douglas Av.,N/A,Brickhaven,MA,58339,USA,1188.0,70700.00,0.0,N/A,N/A,N/A,N/A,unavailable,1102.0,N/A,N/A,0.0,unavailable,Hidden,N/A,0.0,N/A,N/A,N/A,N/A,None,unavailable,N/A,N/A,N/A,None,None,N/A,N/A,N/A,N/A,None,Hidden,N/A,N/A
customers,381.0,Royale Belge,Cartrain,Pascale ,(071) 23 67 2555,"Boulevard Tirou, 255",N/A,Charleroi,N/A,B-6000,Belgium,1401.0,23500.00,0.0,N/A,N/A,N/A,N/A,unavailable,1102.0,N/A,N/A,0.0,unavailable,Hidden,N/A,0.0,N/A,N/A,N/A,N/A,None,unavailable,N/A,N/A,N/A,None,None,N/A,N/A,N/A,N/A,None,Hidden,N/A,N/A
customers,382.0,Salzburg Collectables,Pipps,Georg ,6562-9555,Geislweg 14,N/A,Salzburg,N/A,5020,Austria,1401.0,71700.00,0.0,N/A,N/A,N/A,N/A,unavailable,1102.0,N/A,N/A,0.0,unavailable,Hidden,N/A,0.0,N/A,N/A,N/A,N/A,None,unavailable,N/A,N/A,N/A,None,None,N/A,N/A,N/A,N/A,None,Hidden,N/A,N/A
customers,385.0,Cruz & Sons Co.,Cruz,Arnold,+63 2 555 3587,15 McCallum Street,NatWest Center #13-03,Makati City,N/A,1227 MM,Philippines,1621.0,81500.00,0.0,N/A,N/A,N/A,N/A,unavailable,1102.0,N/A,N/A,0.0,unavailable,Hidden,N/A,0.0,N/A,N/A,N/A,N/A,None,unavailable,N/A,N/A,N/A,None,None,N/A,N/A,N/A,N/A,None,Hidden,N/A,N/A
customers,386.0,L'ordine Souveniers,Moroni,Maurizio ,0522-556555,Strada Provinciale 124,N/A,Reggio Emilia,N/A,42100,Italy,1401.0,121400.00,0.0,N/A,N/A,N/A,N/A,unavailable,1102.0,N/A,N/A,0.0,unavailable,Hidden,N/A,0.0,N/A,N/A,N/A,N/A,None,unavailable,N/A,N/A,N/A,None,None,N/A,N/A,N/A,N/A,None,Hidden,N/A,N/A
customers,398.0,"Tokyo Collectables, Ltd",Shimamura,Akiko,+81 3 3584 0555,2-2-8 Roppongi,N/A,Minato-ku,Tokyo,106-0032,Japan,1621.0,94400.00,0.0,N/A,N/A,N/A,N/A,unavailable,1102.0,N/A,N/A,0.0,unavailable,Hidden,N/A,0.0,N/A,N/A,N/A,N/A,None,unavailable,N/A,N/A,N/A,None,None,N/A,N/A,N/A,N/A,None,Hidden,N/A,N/A
customers,406.0,Auto Canal+ Petit,Perrier,Dominique,(1) 47.55.6555,"25, rue Lauriston",N/A,Paris,N/A,75016,France,1337.0,95000.00,0.0,N/A,N/A,N/A,N/A,unavailable,1102.0,N/A,N/A,0.0,unavailable,Hidden,N/A,0.0,N/A,N/A,N/A,N/A,None,unavailable,N/A,N/A,N/A,None,None,N/A,N/A,N/A,N/A,None,Hidden,N/A,N/A
customers,409.0,Stuttgart Collectable Exchange,Müller,Rita ,0711-555361,Adenauerallee 900,N/A,Stuttgart,N/A,70563,Germany,0.0,0.00,0.0,N/A,N/A,N/A,N/A,unavailable,1102.0,N/A,N/A,0.0,unavailable,Hidden,N/A,0.0,N/A,N/A,N/A,N/A,None,unavailable,N/A,N/A,N/A,None,None,N/A,N/A,N/A,N/A,None,Hidden,N/A,N/A
customers,412.0,"Extreme Desk Decorations, Ltd",McRoy,Sarah,04 499 9555,101 Lambton Quay,Level 11,Wellington,N/A,unavailable,New Zealand,1612.0,86800.00,0.0,N/A,N/A,N/A,N/A,unavailable,1102.0,N/A,N/A,0.0,unavailable,Hidden,N/A,0.0,N/A,N/A,N/A,N/A,None,unavailable,N/A,N/A,N/A,None,None,N/A,N/A,N/A,N/A,None,Hidden,N/A,N/A
customers,415.0,"Bavarian Collectables Imports, Co.",Donnermeyer,Michael, +49 89 61 08 9555,Hansastr. 15,N/A,Munich,N/A,80686,Germany,1504.0,77000.00,0.0,N/A,N/A,N/A,N/A,unavailable,1102.0,N/A,N/A,0.0,unavailable,Hidden,N/A,0.0,N/A,N/A,N/A,N/A,None,unavailable,N/A,N/A,N/A,None,None,N/A,N/A,N/A,N/A,None,Hidden,N/A,N/A
customers,424.0,Classic Legends Inc.,Hernandez,Maria,2125558493,5905 Pompton St.,Suite 750,NYC,NY,10022,USA,1286.0,67500.00,0.0,N/A,N/A,N/A,N/A,unavailable,1102.0,N/A,N/A,0.0,unavailable,Hidden,N/A,0.0,N/A,N/A,N/A,N/A,None,unavailable,N/A,N/A,N/A,None,None,N/A,N/A,N/A,N/A,None,Hidden,N/A,N/A
customers,443.0,"Feuer Online Stores, Inc",Feuer,Alexander ,0342-555176,Heerstr. 22,N/A,Leipzig,N/A,04179,Germany,0.0,0.00,0.0,N/A,N/A,N/A,N/A,unavailable,1102.0,N/A,N/A,0.0,unavailable,Hidden,N/A,0.0,N/A,N/A,N/A,N/A,None,unavailable,N/A,N/A,N/A,None,None,N/A,N/A,N/A,N/A,None,Hidden,N/A,N/A
customers,447.0,Gift Ideas Corp.,Lewis,Dan,2035554407,2440 Pompton St.,N/A,Glendale,CT,97561,USA,1323.0,49700.00,0.0,N/A,N/A,N/A,N/A,unavailable,1102.0,N/A,N/A,0.0,unavailable,Hidden,N/A,0.0,N/A,N/A,N/A,N/A,None,unavailable,N/A,N/A,N/A,None,None,N/A,N/A,N/A,N/A,None,Hidden,N/A,N/A
customers,448.0,Scandinavian Gift Ideas,Larsson,Martha,0695-34 6555,Åkergatan 24,N/A,Bräcke,N/A,S-844 67,Sweden,1504.0,116400.00,0.0,N/A,N/A,N/A,N/A,unavailable,1102.0,N/A,N/A,0.0,unavailable,Hidden,N/A,0.0,N/A,N/A,N/A,N/A,None,unavailable,N/A,N/A,N/A,None,None,N/A,N/A,N/A,N/A,None,Hidden,N/A,N/A
customers,450.0,The Sharp Gifts Warehouse,Frick,Sue,4085553659,3086 Ingle Ln.,N/A,San Jose,CA,94217,USA,1165.0,77600.00,0.0,N/A,N/A,N/A,N/A,unavailable,1102.0,N/A,N/A,0.0,unavailable,Hidden,N/A,0.0,N/A,N/A,N/A,N/A,None,unavailable,N/A,N/A,N/A,None,None,N/A,N/A,N/A,N/A,None,Hidden,N/A,N/A
customers,452.0,Mini Auto Werke,Mendel,Roland ,7675-3555,Kirchgasse 6,N/A,Graz,N/A,8010,Austria,1401.0,45300.00,0.0,N/A,N/A,N/A,N/A,unavailable,1102.0,N/A,N/A,0.0,unavailable,Hidden,N/A,0.0,N/A,N/A,N/A,N/A,None,unavailable,N/A,N/A,N/A,None,None,N/A,N/A,N/A,N/A,None,Hidden,N/A,N/A
customers,455.0,Super Scale Inc.,Murphy,Leslie,2035559545,567 North Pendale Street,N/A,New Haven,CT,97823,USA,1286.0,95400.00,0.0,N/A,N/A,N/A,N/A,unavailable,1102.0,N/A,N/A,0.0,unavailable,Hidden,N/A,0.0,N/A,N/A,N/A,N/A,None,unavailable,N/A,N/A,N/A,None,None,N/A,N/A,N/A,N/A,None,Hidden,N/A,N/A
customers,456.0,Microscale Inc.,Choi,Yu,2125551957,5290 North Pendale Street,Suite 200,NYC,NY,10022,USA,1286.0,39800.00,0.0,N/A,N/A,N/A,N/A,unavailable,1102.0,N/A,N/A,0.0,unavailable,Hidden,N/A,0.0,N/A,N/A,N/A,N/A,None,unavailable,N/A,N/A,N/A,None,None,N/A,N/A,N/A,N/A,None,Hidden,N/A,N/A
customers,458.0,"Corrida Auto Replicas, Ltd",Sommer,Martín ,(91) 555 22 82,"C/ Araquil, 67",N/A,Madrid,N/A,28023,Spain,1702.0,104600.00,0.0,N/A,N/A,N/A,N/A,unavailable,1102.0,N/A,N/A,0.0,unavailable,Hidden,N/A,0.0,N/A,N/A,N/A,N/A,None,unavailable,N/A,N/A,N/A,None,None,N/A,N/A,N/A,N/A,None,Hidden,N/A,N/A
customers,459.0,Warburg Exchange,Ottlieb,Sven ,0241-039123,Walserweg 21,N/A,Aachen,N/A,52066,Germany,0.0,0.00,0.0,N/A,N/A,N/A,N/A,unavailable,1102.0,N/A,N/A,0.0,unavailable,Hidden,N/A,0.0,N/A,N/A,N/A,N/A,None,unavailable,N/A,N/A,N/A,None,None,N/A,N/A,N/A,N/A,None,Hidden,N/A,N/A
customers,462.0,FunGiftIdeas.com,Benitez,Violeta,5085552555,1785 First Street,N/A,New Bedford,MA,50553,USA,1216.0,85800.00,0.0,N/A,N/A,N/A,N/A,unavailable,1102.0,N/A,N/A,0.0,unavailable,Hidden,N/A,0.0,N/A,N/A,N/A,N/A,None,unavailable,N/A,N/A,N/A,None,None,N/A,N/A,N/A,N/A,None,Hidden,N/A,N/A
customers,465.0,"Anton Designs, Ltd.",Anton,Carmen,+34 913 728555,"c/ Gobelas, 19-1 Urb. La Florida",N/A,Madrid,N/A,28023,Spain,0.0,0.00,0.0,N/A,N/A,N/A,N/A,unavailable,1102.0,N/A,N/A,0.0,unavailable,Hidden,N/A,0.0,N/A,N/A,N/A,N/A,None,unavailable,N/A,N/A,N/A,None,None,N/A,N/A,N/A,N/A,None,Hidden,N/A,N/A
customers,471.0,"Australian Collectables, Ltd",Clenahan,Sean,61-9-3844-6555,7 Allen Street,N/A,Glen Waverly,Victoria,3150,Australia,1611.0,60300.00,0.0,N/A,N/A,N/A,N/A,unavailable,1102.0,N/A,N/A,0.0,unavailable,Hidden,N/A,0.0,N/A,N/A,N/A,N/A,None,unavailable,N/A,N/A,N/A,None,None,N/A,N/A,N/A,N/A,None,Hidden,N/A,N/A
customers,473.0,Frau da Collezione,Ricotti,Franco,+39 022515555,20093 Cologno Monzese,Alessandro Volta 16,Milan,N/A,unavailable,Italy,1401.0,34800.00,0.0,N/A,N/A,N/A,N/A,unavailable,1102.0,N/A,N/A,0.0,unavailable,Hidden,N/A,0.0,N/A,N/A,N/A,N/A,None,unavailable,N/A,N/A,N/A,None,None,N/A,N/A,N/A,N/A,None,Hidden,N/A,N/A
customers,475.0,West Coast Collectables Co.,Thompson,Steve,3105553722,3675 Furth Circle,N/A,Burbank,CA,94019,USA,1166.0,55400.00,0.0,N/A,N/A,N/A,N/A,unavailable,1102.0,N/A,N/A,0.0,unavailable,Hidden,N/A,0.0,N/A,N/A,N/A,N/A,None,unavailable,N/A,N/A,N/A,None,None,N/A,N/A,N/A,N/A,None,Hidden,N/A,N/A
customers,477.0,Mit Vergnügen & Co.,Moos,Hanna ,0621-08555,Forsterstr. 57,N/A,Mannheim,N/A,68306,Germany,0.0,0.00,0.0,N/A,N/A,N/A,N/A,unavailable,1102.0,N/A,N/A,0.0,unavailable,Hidden,N/A,0.0,N/A,N/A,N/A,N/A,None,unavailable,N/A,N/A,N/A,None,None,N/A,N/A,N/A,N/A,None,Hidden,N/A,N/A
customers,480.0,"Kremlin Collectables, Co.",Semenov,Alexander ,+7 812 293 0521,2 Pobedy Square,N/A,Saint Petersburg,N/A,196143,Russia,0.0,0.00,0.0,N/A,N/A,N/A,N/A,unavailable,1102.0,N/A,N/A,0.0,unavailable,Hidden,N/A,0.0,N/A,N/A,N/A,N/A,None,unavailable,N/A,N/A,N/A,None,None,N/A,N/A,N/A,N/A,None,Hidden,N/A,N/A
customers,481.0,"Raanan Stores, Inc","Altagar,G M",Raanan,+ 972 9 959 8555,3 Hagalim Blv.,N/A,Herzlia,N/A,47625,Israel,0.0,0.00,0.0,N/A,N/A,N/A,N/A,unavailable,1102.0,N/A,N/A,0.0,unavailable,Hidden,N/A,0.0,N/A,N/A,N/A,N/A,None,unavailable,N/A,N/A,N/A,None,None,N/A,N/A,N/A,N/A,None,Hidden,N/A,N/A
customers,484.0,"Iberia Gift Imports, Corp.",Roel,José Pedro ,(95) 555 82 82,"C/ Romero, 33",N/A,Sevilla,N/A,41101,Spain,1702.0,65700.00,0.0,N/A,N/A,N/A,N/A,unavailable,1102.0,N/A,N/A,0.0,unavailable,Hidden,N/A,0.0,N/A,N/A,N/A,N/A,None,unavailable,N/A,N/A,N/A,None,None,N/A,N/A,N/A,N/A,None,Hidden,N/A,N/A
customers,486.0,Motor Mint Distributors Inc.,Salazar,Rosa,2155559857,11328 Douglas Av.,N/A,Philadelphia,PA,71270,USA,1323.0,72600.00,0.0,N/A,N/A,N/A,N/A,unavailable,1102.0,N/A,N/A,0.0,unavailable,Hidden,N/A,0.0,N/A,N/A,N/A,N/A,None,unavailable,N/A,N/A,N/A,None,None,N/A,N/A,N/A,N/A,None,Hidden,N/A,N/A
customers,487.0,Signal Collectibles Ltd.,Taylor,Sue,4155554312,2793 Furth Circle,N/A,Brisbane,CA,94217,USA,1165.0,60300.00,0.0,N/A,N/A,N/A,N/A,unavailable,1102.0,N/A,N/A,0.0,unavailable,Hidden,N/A,0.0,N/A,N/A,N/A,N/A,None,unavailable,N/A,N/A,N/A,None,None,N/A,N/A,N/A,N/A,None,Hidden,N/A,N/A
customers,489.0,"Double Decker Gift Stores, Ltd",Smith,Thomas ,(171) 555-7555,120 Hanover Sq.,N/A,London,N/A,WA1 1DP,UK,1501.0,43300.00,0.0,N/A,N/A,N/A,N/A,unavailable,1102.0,N/A,N/A,0.0,unavailable,Hidden,N/A,0.0,N/A,N/A,N/A,N/A,None,unavailable,N/A,N/A,N/A,None,None,N/A,N/A,N/A,N/A,None,Hidden,N/A,N/A
customers,495.0,Diecast Collectables,Franco,Valarie,6175552555,6251 Ingle Ln.,N/A,Boston,MA,51003,USA,1188.0,85100.00,0.0,N/A,N/A,N/A,N/A,unavailable,1102.0,N/A,N/A,0.0,unavailable,Hidden,N/A,0.0,N/A,N/A,N/A,N/A,None,unavailable,N/A,N/A,N/A,None,None,N/A,N/A,N/A,N/A,None,Hidden,N/A,N/A
customers,496.0,Kelly's Gift Shop,Snowden,Tony,+64 9 5555500,Arenales 1938 3'A',N/A,Auckland  ,N/A,unavailable,New Zealand,1612.0,110000.00,0.0,N/A,N/A,N/A,N/A,unavailable,1102.0,N/A,N/A,0.0,unavailable,Hidden,N/A,0.0,N/A,N/A,N/A,N/A,None,unavailable,N/A,N/A,N/A,None,None,N/A,N/A,N/A,N/A,None,Hidden,N/A,N/A
employees,0.0,N/A,N/A,N/A,N/A,N/A,N/A,N/A,N/A,unavailable,N/A,0.0,N/A,1002.0,Murphy,Diane,x5800,dmurphy@classicmodelcars.com,1,1102.0,President,N/A,0.0,unavailable,Hidden,N/A,0.0,N/A,N/A,N/A,N/A,None,unavailable,N/A,N/A,N/A,None,None,N/A,N/A,N/A,N/A,None,Hidden,N/A,N/A
employees,0.0,N/A,N/A,N/A,N/A,N/A,N/A,N/A,N/A,unavailable,N/A,0.0,N/A,1056.0,Patterson,Mary,x4611,mpatterso@classicmodelcars.com,1,1002.0,VP Sales,N/A,0.0,unavailable,Hidden,N/A,0.0,N/A,N/A,N/A,N/A,None,unavailable,N/A,N/A,N/A,None,None,N/A,N/A,N/A,N/A,None,Hidden,N/A,N/A
employees,0.0,N/A,N/A,N/A,N/A,N/A,N/A,N/A,N/A,unavailable,N/A,0.0,N/A,1076.0,Firrelli,Jeff,x9273,jfirrelli@classicmodelcars.com,1,1002.0,VP Marketing,N/A,0.0,unavailable,Hidden,N/A,0.0,N/A,N/A,N/A,N/A,None,unavailable,N/A,N/A,N/A,None,None,N/A,N/A,N/A,N/A,None,Hidden,N/A,N/A
employees,0.0,N/A,N/A,N/A,N/A,N/A,N/A,N/A,N/A,unavailable,N/A,0.0,N/A,1088.0,Patterson,William,x4871,wpatterson@classicmodelcars.com,6,1056.0,Sales Manager (APAC),N/A,0.0,unavailable,Hidden,N/A,0.0,N/A,N/A,N/A,N/A,None,unavailable,N/A,N/A,N/A,None,None,N/A,N/A,N/A,N/A,None,Hidden,N/A,N/A
employees,0.0,N/A,N/A,N/A,N/A,N/A,N/A,N/A,N/A,unavailable,N/A,0.0,N/A,1102.0,Bondur,Gerard,x5408,gbondur@classicmodelcars.com,4,1056.0,Sale Manager (EMEA),N/A,0.0,unavailable,Hidden,N/A,0.0,N/A,N/A,N/A,N/A,None,unavailable,N/A,N/A,N/A,None,None,N/A,N/A,N/A,N/A,None,Hidden,N/A,N/A
employees,0.0,N/A,N/A,N/A,N/A,N/A,N/A,N/A,N/A,unavailable,N/A,0.0,N/A,1143.0,Bow,Anthony,x5428,abow@classicmodelcars.com,1,1056.0,Sales Manager (NA),N/A,0.0,unavailable,Hidden,N/A,0.0,N/A,N/A,N/A,N/A,None,unavailable,N/A,N/A,N/A,None,None,N/A,N/A,N/A,N/A,None,Hidden,N/A,N/A
employees,0.0,N/A,N/A,N/A,N/A,N/A,N/A,N/A,N/A,unavailable,N/A,0.0,N/A,1165.0,Jennings,Leslie,x3291,ljennings@classicmodelcars.com,1,1143.0,Sales Rep,N/A,0.0,unavailable,Hidden,N/A,0.0,N/A,N/A,N/A,N/A,None,unavailable,N/A,N/A,N/A,None,None,N/A,N/A,N/A,N/A,None,Hidden,N/A,N/A
employees,0.0,N/A,N/A,N/A,N/A,N/A,N/A,N/A,N/A,unavailable,N/A,0.0,N/A,1166.0,Thompson,Leslie,x4065,lthompson@classicmodelcars.com,1,1143.0,Sales Rep,N/A,0.0,unavailable,Hidden,N/A,0.0,N/A,N/A,N/A,N/A,None,unavailable,N/A,N/A,N/A,None,None,N/A,N/A,N/A,N/A,None,Hidden,N/A,N/A
employees,0.0,N/A,N/A,N/A,N/A,N/A,N/A,N/A,N/A,unavailable,N/A,0.0,N/A,1188.0,Firrelli,Julie,x2173,jfirrelli@classicmodelcars.com,2,1143.0,Sales Rep,N/A,0.0,unavailable,Hidden,N/A,0.0,N/A,N/A,N/A,N/A,None,unavailable,N/A,N/A,N/A,None,None,N/A,N/A,N/A,N/A,None,Hidden,N/A,N/A
employees,0.0,N/A,N/A,N/A,N/A,N/A,N/A,N/A,N/A,unavailable,N/A,0.0,N/A,1216.0,Patterson,Steve,x4334,spatterson@classicmodelcars.com,2,1143.0,Sales Rep,N/A,0.0,unavailable,Hidden,N/A,0.0,N/A,N/A,N/A,N/A,None,unavailable,N/A,N/A,N/A,None,None,N/A,N/A,N/A,N/A,None,Hidden,N/A,N/A
employees,0.0,N/A,N/A,N/A,N/A,N/A,N/A,N/A,N/A,unavailable,N/A,0.0,N/A,1286.0,Tseng,Foon Yue,x2248,ftseng@classicmodelcars.com,3,1143.0,Sales Rep,N/A,0.0,unavailable,Hidden,N/A,0.0,N/A,N/A,N/A,N/A,None,unavailable,N/A,N/A,N/A,None,None,N/A,N/A,N/A,N/A,None,Hidden,N/A,N/A
employees,0.0,N/A,N/A,N/A,N/A,N/A,N/A,N/A,N/A,unavailable,N/A,0.0,N/A,1323.0,Vanauf,George,x4102,gvanauf@classicmodelcars.com,3,1143.0,Sales Rep,N/A,0.0,unavailable,Hidden,N/A,0.0,N/A,N/A,N/A,N/A,None,unavailable,N/A,N/A,N/A,None,None,N/A,N/A,N/A,N/A,None,Hidden,N/A,N/A
employees,0.0,N/A,N/A,N/A,N/A,N/A,N/A,N/A,N/A,unavailable,N/A,0.0,N/A,1337.0,Bondur,Loui,x6493,lbondur@classicmodelcars.com,4,1102.0,Sales Rep,N/A,0.0,unavailable,Hidden,N/A,0.0,N/A,N/A,N/A,N/A,None,unavailable,N/A,N/A,N/A,None,None,N/A,N/A,N/A,N/A,None,Hidden,N/A,N/A
employees,0.0,N/A,N/A,N/A,N/A,N/A,N/A,N/A,N/A,unavailable,N/A,0.0,N/A,1370.0,Hernandez,Gerard,x2028,ghernande@classicmodelcars.com,4,1102.0,Sales Rep,N/A,0.0,unavailable,Hidden,N/A,0.0,N/A,N/A,N/A,N/A,None,unavailable,N/A,N/A,N/A,None,None,N/A,N/A,N/A,N/A,None,Hidden,N/A,N/A
employees,0.0,N/A,N/A,N/A,N/A,N/A,N/A,N/A,N/A,unavailable,N/A,0.0,N/A,1401.0,Castillo,Pamela,x2759,pcastillo@classicmodelcars.com,4,1102.0,Sales Rep,N/A,0.0,unavailable,Hidden,N/A,0.0,N/A,N/A,N/A,N/A,None,unavailable,N/A,N/A,N/A,None,None,N/A,N/A,N/A,N/A,None,Hidden,N/A,N/A
employees,0.0,N/A,N/A,N/A,N/A,N/A,N/A,N/A,N/A,unavailable,N/A,0.0,N/A,1501.0,Bott,Larry,x2311,lbott@classicmodelcars.com,7,1102.0,Sales Rep,N/A,0.0,unavailable,Hidden,N/A,0.0,N/A,N/A,N/A,N/A,None,unavailable,N/A,N/A,N/A,None,None,N/A,N/A,N/A,N/A,None,Hidden,N/A,N/A
employees,0.0,N/A,N/A,N/A,N/A,N/A,N/A,N/A,N/A,unavailable,N/A,0.0,N/A,1504.0,Jones,Barry,x102,bjones@classicmodelcars.com,7,1102.0,Sales Rep,N/A,0.0,unavailable,Hidden,N/A,0.0,N/A,N/A,N/A,N/A,None,unavailable,N/A,N/A,N/A,None,None,N/A,N/A,N/A,N/A,None,Hidden,N/A,N/A
employees,0.0,N/A,N/A,N/A,N/A,N/A,N/A,N/A,N/A,unavailable,N/A,0.0,N/A,1611.0,Fixter,Andy,x101,afixter@classicmodelcars.com,6,1088.0,Sales Rep,N/A,0.0,unavailable,Hidden,N/A,0.0,N/A,N/A,N/A,N/A,None,unavailable,N/A,N/A,N/A,None,None,N/A,N/A,N/A,N/A,None,Hidden,N/A,N/A
employees,0.0,N/A,N/A,N/A,N/A,N/A,N/A,N/A,N/A,unavailable,N/A,0.0,N/A,1612.0,Marsh,Peter,x102,pmarsh@classicmodelcars.com,6,1088.0,Sales Rep,N/A,0.0,unavailable,Hidden,N/A,0.0,N/A,N/A,N/A,N/A,None,unavailable,N/A,N/A,N/A,None,None,N/A,N/A,N/A,N/A,None,Hidden,N/A,N/A
employees,0.0,N/A,N/A,N/A,N/A,N/A,N/A,N/A,N/A,unavailable,N/A,0.0,N/A,1619.0,King,Tom,x103,tking@classicmodelcars.com,6,1088.0,Sales Rep,N/A,0.0,unavailable,Hidden,N/A,0.0,N/A,N/A,N/A,N/A,None,unavailable,N/A,N/A,N/A,None,None,N/A,N/A,N/A,N/A,None,Hidden,N/A,N/A
employees,0.0,N/A,N/A,N/A,N/A,N/A,N/A,N/A,N/A,unavailable,N/A,0.0,N/A,1621.0,Nishi,Mami,x101,mnishi@classicmodelcars.com,5,1056.0,Sales Rep,N/A,0.0,unavailable,Hidden,N/A,0.0,N/A,N/A,N/A,N/A,None,unavailable,N/A,N/A,N/A,None,None,N/A,N/A,N/A,N/A,None,Hidden,N/A,N/A
employees,0.0,N/A,N/A,N/A,N/A,N/A,N/A,N/A,N/A,unavailable,N/A,0.0,N/A,1625.0,Kato,Yoshimi,x102,ykato@classicmodelcars.com,5,1621.0,Sales Rep,N/A,0.0,unavailable,Hidden,N/A,0.0,N/A,N/A,N/A,N/A,None,unavailable,N/A,N/A,N/A,None,None,N/A,N/A,N/A,N/A,None,Hidden,N/A,N/A
employees,0.0,N/A,N/A,N/A,N/A,N/A,N/A,N/A,N/A,unavailable,N/A,0.0,N/A,1702.0,Gerard,Martin,x2312,mgerard@classicmodelcars.com,4,1102.0,Sales Rep,N/A,0.0,unavailable,Hidden,N/A,0.0,N/A,N/A,N/A,N/A,None,unavailable,N/A,N/A,N/A,None,None,N/A,N/A,N/A,N/A,None,Hidden,N/A,N/A
offices,0.0,N/A,N/A,N/A,+1 650 219 4782,100 Market Street,Suite 300,San Francisco,CA,94080,USA,0.0,N/A,0.0,N/A,N/A,N/A,N/A,1,1102.0,N/A,NA,0.0,unavailable,Hidden,N/A,0.0,N/A,N/A,N/A,N/A,None,unavailable,N/A,N/A,N/A,None,None,N/A,N/A,N/A,N/A,None,Hidden,N/A,N/A
offices,0.0,N/A,N/A,N/A,+1 215 837 0825,1550 Court Place,Suite 102,Boston,MA,02107,USA,0.0,N/A,0.0,N/A,N/A,N/A,N/A,2,1102.0,N/A,NA,0.0,unavailable,Hidden,N/A,0.0,N/A,N/A,N/A,N/A,None,unavailable,N/A,N/A,N/A,None,None,N/A,N/A,N/A,N/A,None,Hidden,N/A,N/A
offices,0.0,N/A,N/A,N/A,+1 212 555 3000,523 East 53rd Street,apt. 5A,NYC,NY,10022,USA,0.0,N/A,0.0,N/A,N/A,N/A,N/A,3,1102.0,N/A,NA,0.0,unavailable,Hidden,N/A,0.0,N/A,N/A,N/A,N/A,None,unavailable,N/A,N/A,N/A,None,None,N/A,N/A,N/A,N/A,None,Hidden,N/A,N/A
offices,0.0,N/A,N/A,N/A,+33 14 723 4404,43 Rue Jouffroy D'abbans,N/A,Paris,N/A,75017,France,0.0,N/A,0.0,N/A,N/A,N/A,N/A,4,1102.0,N/A,EMEA,0.0,unavailable,Hidden,N/A,0.0,N/A,N/A,N/A,N/A,None,unavailable,N/A,N/A,N/A,None,None,N/A,N/A,N/A,N/A,None,Hidden,N/A,N/A
offices,0.0,N/A,N/A,N/A,+81 33 224 5000,4-1 Kioicho,N/A,Tokyo,Chiyoda-Ku,102-8578,Japan,0.0,N/A,0.0,N/A,N/A,N/A,N/A,5,1102.0,N/A,Japan,0.0,unavailable,Hidden,N/A,0.0,N/A,N/A,N/A,N/A,None,unavailable,N/A,N/A,N/A,None,None,N/A,N/A,N/A,N/A,None,Hidden,N/A,N/A
offices,0.0,N/A,N/A,N/A,+61 2 9264 2451,5-11 Wentworth Avenue,Floor #2,Sydney,N/A,NSW 2010,Australia,0.0,N/A,0.0,N/A,N/A,N/A,N/A,6,1102.0,N/A,APAC,0.0,unavailable,Hidden,N/A,0.0,N/A,N/A,N/A,N/A,None,unavailable,N/A,N/A,N/A,None,None,N/A,N/A,N/A,N/A,None,Hidden,N/A,N/A
offices,0.0,N/A,N/A,N/A,+44 20 7877 2041,25 Old Broad Street,Level 7,London,N/A,EC2N 1HN,UK,0.0,N/A,0.0,N/A,N/A,N/A,N/A,7,1102.0,N/A,EMEA,0.0,unavailable,Hidden,N/A,0.0,N/A,N/A,N/A,N/A,None,unavailable,N/A,N/A,N/A,None,None,N/A,N/A,N/A,N/A,None,Hidden,N/A,N/A
orderdetails,0.0,N/A,N/A,N/A,N/A,N/A,N/A,N/A,N/A,unavailable,N/A,0.0,N/A,0.0,N/A,N/A,N/A,N/A,unavailable,1102.0,N/A,N/A,10100.0,S18_1749,Hidden,136.00,3.0,N/A,N/A,N/A,N/A,None,unavailable,N/A,N/A,N/A,None,None,N/A,N/A,N/A,N/A,None,Hidden,N/A,N/A
orderdetails,0.0,N/A,N/A,N/A,N/A,N/A,N/A,N/A,N/A,unavailable,N/A,0.0,N/A,0.0,N/A,N/A,N/A,N/A,unavailable,1102.0,N/A,N/A,10100.0,S18_2248,Hidden,55.09,2.0,N/A,N/A,N/A,N/A,None,unavailable,N/A,N/A,N/A,None,None,N/A,N/A,N/A,N/A,None,Hidden,N/A,N/A
orderdetails,0.0,N/A,N/A,N/A,N/A,N/A,N/A,N/A,N/A,unavailable,N/A,0.0,N/A,0.0,N/A,N/A,N/A,N/A,unavailable,1102.0,N/A,N/A,10100.0,S18_4409,Hidden,75.46,4.0,N/A,N/A,N/A,N/A,None,unavailable,N/A,N/A,N/A,None,None,N/A,N/A,N/A,N/A,None,Hidden,N/A,N/A
orderdetails,0.0,N/A,N/A,N/A,N/A,N/A,N/A,N/A,N/A,unavailable,N/A,0.0,N/A,0.0,N/A,N/A,N/A,N/A,unavailable,1102.0,N/A,N/A,10100.0,S24_3969,Hidden,35.29,1.0,N/A,N/A,N/A,N/A,None,unavailable,N/A,N/A,N/A,None,None,N/A,N/A,N/A,N/A,None,Hidden,N/A,N/A
orderdetails,0.0,N/A,N/A,N/A,N/A,N/A,N/A,N/A,N/A,unavailable,N/A,0.0,N/A,0.0,N/A,N/A,N/A,N/A,unavailable,1102.0,N/A,N/A,10101.0,S18_2325,Hidden,108.06,4.0,N/A,N/A,N/A,N/A,None,unavailable,N/A,N/A,N/A,None,None,N/A,N/A,N/A,N/A,None,Hidden,N/A,N/A
orderdetails,0.0,N/A,N/A,N/A,N/A,N/A,N/A,N/A,N/A,unavailable,N/A,0.0,N/A,0.0,N/A,N/A,N/A,N/A,unavailable,1102.0,N/A,N/A,10101.0,S18_2795,Hidden,167.06,1.0,N/A,N/A,N/A,N/A,None,unavailable,N/A,N/A,N/A,None,None,N/A,N/A,N/A,N/A,None,Hidden,N/A,N/A
orderdetails,0.0,N/A,N/A,N/A,N/A,N/A,N/A,N/A,N/A,unavailable,N/A,0.0,N/A,0.0,N/A,N/A,N/A,N/A,unavailable,1102.0,N/A,N/A,10101.0,S24_1937,Hidden,32.53,3.0,N/A,N/A,N/A,N/A,None,unavailable,N/A,N/A,N/A,None,None,N/A,N/A,N/A,N/A,None,Hidden,N/A,N/A
orderdetails,0.0,N/A,N/A,N/A,N/A,N/A,N/A,N/A,N/A,unavailable,N/A,0.0,N/A,0.0,N/A,N/A,N/A,N/A,unavailable,1102.0,N/A,N/A,10101.0,S24_2022,Hidden,44.35,2.0,N/A,N/A,N/A,N/A,None,unavailable,N/A,N/A,N/A,None,None,N/A,N/A,N/A,N/A,None,Hidden,N/A,N/A
orderdetails,0.0,N/A,N/A,N/A,N/A,N/A,N/A,N/A,N/A,unavailable,N/A,0.0,N/A,0.0,N/A,N/A,N/A,N/A,unavailable,1102.0,N/A,N/A,10102.0,S18_1342,Hidden,95.55,2.0,N/A,N/A,N/A,N/A,None,unavailable,N/A,N/A,N/A,None,None,N/A,N/A,N/A,N/A,None,Hidden,N/A,N/A
orderdetails,0.0,N/A,N/A,N/A,N/A,N/A,N/A,N/A,N/A,unavailable,N/A,0.0,N/A,0.0,N/A,N/A,N/A,N/A,unavailable,1102.0,N/A,N/A,10102.0,S18_1367,Hidden,43.13,1.0,N/A,N/A,N/A,N/A,None,unavailable,N/A,N/A,N/A,None,None,N/A,N/A,N/A,N/A,None,Hidden,N/A,N/A
orderdetails,0.0,N/A,N/A,N/A,N/A,N/A,N/A,N/A,N/A,unavailable,N/A,0.0,N/A,0.0,N/A,N/A,N/A,N/A,unavailable,1102.0,N/A,N/A,10103.0,S10_1949,Hidden,214.30,11.0,N/A,N/A,N/A,N/A,None,unavailable,N/A,N/A,N/A,None,None,N/A,N/A,N/A,N/A,None,Hidden,N/A,N/A
orderdetails,0.0,N/A,N/A,N/A,N/A,N/A,N/A,N/A,N/A,unavailable,N/A,0.0,N/A,0.0,N/A,N/A,N/A,N/A,unavailable,1102.0,N/A,N/A,10103.0,S10_4962,Hidden,119.67,4.0,N/A,N/A,N/A,N/A,None,unavailable,N/A,N/A,N/A,None,None,N/A,N/A,N/A,N/A,None,Hidden,N/A,N/A
orderdetails,0.0,N/A,N/A,N/A,N/A,N/A,N/A,N/A,N/A,unavailable,N/A,0.0,N/A,0.0,N/A,N/A,N/A,N/A,unavailable,1102.0,N/A,N/A,10103.0,S12_1666,Hidden,121.64,8.0,N/A,N/A,N/A,N/A,None,unavailable,N/A,N/A,N/A,None,None,N/A,N/A,N/A,N/A,None,Hidden,N/A,N/A
orderdetails,0.0,N/A,N/A,N/A,N/A,N/A,N/A,N/A,N/A,unavailable,N/A,0.0,N/A,0.0,N/A,N/A,N/A,N/A,unavailable,1102.0,N/A,N/A,10103.0,S18_1097,Hidden,94.50,10.0,N/A,N/A,N/A,N/A,None,unavailable,N/A,N/A,N/A,None,None,N/A,N/A,N/A,N/A,None,Hidden,N/A,N/A
orderdetails,0.0,N/A,N/A,N/A,N/A,N/A,N/A,N/A,N/A,unavailable,N/A,0.0,N/A,0.0,N/A,N/A,N/A,N/A,unavailable,1102.0,N/A,N/A,10103.0,S18_2432,Hidden,58.34,2.0,N/A,N/A,N/A,N/A,None,unavailable,N/A,N/A,N/A,None,None,N/A,N/A,N/A,N/A,None,Hidden,N/A,N/A
orderdetails,0.0,N/A,N/A,N/A,N/A,N/A,N/A,N/A,N/A,unavailable,N/A,0.0,N/A,0.0,N/A,N/A,N/A,N/A,unavailable,1102.0,N/A,N/A,10103.0,S18_2949,Hidden,92.19,12.0,N/A,N/A,N/A,N/A,None,unavailable,N/A,N/A,N/A,None,None,N/A,N/A,N/A,N/A,None,Hidden,N/A,N/A
orderdetails,0.0,N/A,N/A,N/A,N/A,N/A,N/A,N/A,N/A,unavailable,N/A,0.0,N/A,0.0,N/A,N/A,N/A,N/A,unavailable,1102.0,N/A,N/A,10103.0,S18_2957,Hidden,61.84,14.0,N/A,N/A,N/A,N/A,None,unavailable,N/A,N/A,N/A,None,None,N/A,N/A,N/A,N/A,None,Hidden,N/A,N/A
orderdetails,0.0,N/A,N/A,N/A,N/A,N/A,N/A,N/A,N/A,unavailable,N/A,0.0,N/A,0.0,N/A,N/A,N/A,N/A,unavailable,1102.0,N/A,N/A,10103.0,S18_3136,Hidden,86.92,13.0,N/A,N/A,N/A,N/A,None,unavailable,N/A,N/A,N/A,None,None,N/A,N/A,N/A,N/A,None,Hidden,N/A,N/A
orderdetails,0.0,N/A,N/A,N/A,N/A,N/A,N/A,N/A,N/A,unavailable,N/A,0.0,N/A,0.0,N/A,N/A,N/A,N/A,unavailable,1102.0,N/A,N/A,10103.0,S18_3320,Hidden,86.31,16.0,N/A,N/A,N/A,N/A,None,unavailable,N/A,N/A,N/A,None,None,N/A,N/A,N/A,N/A,None,Hidden,N/A,N/A
orderdetails,0.0,N/A,N/A,N/A,N/A,N/A,N/A,N/A,N/A,unavailable,N/A,0.0,N/A,0.0,N/A,N/A,N/A,N/A,unavailable,1102.0,N/A,N/A,10103.0,S18_4600,Hidden,98.07,5.0,N/A,N/A,N/A,N/A,None,unavailable,N/A,N/A,N/A,None,None,N/A,N/A,N/A,N/A,None,Hidden,N/A,N/A
orderdetails,0.0,N/A,N/A,N/A,N/A,N/A,N/A,N/A,N/A,unavailable,N/A,0.0,N/A,0.0,N/A,N/A,N/A,N/A,unavailable,1102.0,N/A,N/A,10103.0,S18_4668,Hidden,40.75,9.0,N/A,N/A,N/A,N/A,None,unavailable,N/A,N/A,N/A,None,None,N/A,N/A,N/A,N/A,None,Hidden,N/A,N/A
orderdetails,0.0,N/A,N/A,N/A,N/A,N/A,N/A,N/A,N/A,unavailable,N/A,0.0,N/A,0.0,N/A,N/A,N/A,N/A,unavailable,1102.0,N/A,N/A,10103.0,S24_2300,Hidden,107.34,1.0,N/A,N/A,N/A,N/A,None,unavailable,N/A,N/A,N/A,None,None,N/A,N/A,N/A,N/A,None,Hidden,N/A,N/A
orderdetails,0.0,N/A,N/A,N/A,N/A,N/A,N/A,N/A,N/A,unavailable,N/A,0.0,N/A,0.0,N/A,N/A,N/A,N/A,unavailable,1102.0,N/A,N/A,10103.0,S24_4258,Hidden,88.62,15.0,N/A,N/A,N/A,N/A,None,unavailable,N/A,N/A,N/A,None,None,N/A,N/A,N/A,N/A,None,Hidden,N/A,N/A
orderdetails,0.0,N/A,N/A,N/A,N/A,N/A,N/A,N/A,N/A,unavailable,N/A,0.0,N/A,0.0,N/A,N/A,N/A,N/A,unavailable,1102.0,N/A,N/A,10103.0,S32_1268,Hidden,92.46,3.0,N/A,N/A,N/A,N/A,None,unavailable,N/A,N/A,N/A,None,None,N/A,N/A,N/A,N/A,None,Hidden,N/A,N/A
orderdetails,0.0,N/A,N/A,N/A,N/A,N/A,N/A,N/A,N/A,unavailable,N/A,0.0,N/A,0.0,N/A,N/A,N/A,N/A,unavailable,1102.0,N/A,N/A,10103.0,S32_3522,Hidden,63.35,7.0,N/A,N/A,N/A,N/A,None,unavailable,N/A,N/A,N/A,None,None,N/A,N/A,N/A,N/A,None,Hidden,N/A,N/A
orderdetails,0.0,N/A,N/A,N/A,N/A,N/A,N/A,N/A,N/A,unavailable,N/A,0.0,N/A,0.0,N/A,N/A,N/A,N/A,unavailable,1102.0,N/A,N/A,10103.0,S700_2824,Hidden,94.07,6.0,N/A,N/A,N/A,N/A,None,unavailable,N/A,N/A,N/A,None,None,N/A,N/A,N/A,N/A,None,Hidden,N/A,N/A
orderdetails,0.0,N/A,N/A,N/A,N/A,N/A,N/A,N/A,N/A,unavailable,N/A,0.0,N/A,0.0,N/A,N/A,N/A,N/A,unavailable,1102.0,N/A,N/A,10104.0,S12_3148,Hidden,131.44,1.0,N/A,N/A,N/A,N/A,None,unavailable,N/A,N/A,N/A,None,None,N/A,N/A,N/A,N/A,None,Hidden,N/A,N/A
orderdetails,0.0,N/A,N/A,N/A,N/A,N/A,N/A,N/A,N/A,unavailable,N/A,0.0,N/A,0.0,N/A,N/A,N/A,N/A,unavailable,1102.0,N/A,N/A,10104.0,S12_4473,Hidden,111.39,9.0,N/A,N/A,N/A,N/A,None,unavailable,N/A,N/A,N/A,None,None,N/A,N/A,N/A,N/A,None,Hidden,N/A,N/A
orderdetails,0.0,N/A,N/A,N/A,N/A,N/A,N/A,N/A,N/A,unavailable,N/A,0.0,N/A,0.0,N/A,N/A,N/A,N/A,unavailable,1102.0,N/A,N/A,10104.0,S18_2238,Hidden,135.90,8.0,N/A,N/A,N/A,N/A,None,unavailable,N/A,N/A,N/A,None,None,N/A,N/A,N/A,N/A,None,Hidden,N/A,N/A
orderdetails,0.0,N/A,N/A,N/A,N/A,N/A,N/A,N/A,N/A,unavailable,N/A,0.0,N/A,0.0,N/A,N/A,N/A,N/A,unavailable,1102.0,N/A,N/A,10104.0,S18_2319,Hidden,122.73,12.0,N/A,N/A,N/A,N/A,None,unavailable,N/A,N/A,N/A,None,None,N/A,N/A,N/A,N/A,None,Hidden,N/A,N/A
orderdetails,0.0,N/A,N/A,N/A,N/A,N/A,N/A,N/A,N/A,unavailable,N/A,0.0,N/A,0.0,N/A,N/A,N/A,N/A,unavailable,1102.0,N/A,N/A,10104.0,S18_3232,Hidden,165.95,13.0,N/A,N/A,N/A,N/A,None,unavailable,N/A,N/A,N/A,None,None,N/A,N/A,N/A,N/A,None,Hidden,N/A,N/A
orderdetails,0.0,N/A,N/A,N/A,N/A,N/A,N/A,N/A,N/A,unavailable,N/A,0.0,N/A,0.0,N/A,N/A,N/A,N/A,unavailable,1102.0,N/A,N/A,10104.0,S18_4027,Hidden,119.20,3.0,N/A,N/A,N/A,N/A,None,unavailable,N/A,N/A,N/A,None,None,N/A,N/A,N/A,N/A,None,Hidden,N/A,N/A
orderdetails,0.0,N/A,N/A,N/A,N/A,N/A,N/A,N/A,N/A,unavailable,N/A,0.0,N/A,0.0,N/A,N/A,N/A,N/A,unavailable,1102.0,N/A,N/A,10104.0,S24_1444,Hidden,52.02,6.0,N/A,N/A,N/A,N/A,None,unavailable,N/A,N/A,N/A,None,None,N/A,N/A,N/A,N/A,None,Hidden,N/A,N/A
orderdetails,0.0,N/A,N/A,N/A,N/A,N/A,N/A,N/A,N/A,unavailable,N/A,0.0,N/A,0.0,N/A,N/A,N/A,N/A,unavailable,1102.0,N/A,N/A,10104.0,S24_2840,Hidden,30.41,10.0,N/A,N/A,N/A,N/A,None,unavailable,N/A,N/A,N/A,None,None,N/A,N/A,N/A,N/A,None,Hidden,N/A,N/A
orderdetails,0.0,N/A,N/A,N/A,N/A,N/A,N/A,N/A,N/A,unavailable,N/A,0.0,N/A,0.0,N/A,N/A,N/A,N/A,unavailable,1102.0,N/A,N/A,10104.0,S24_4048,Hidden,106.45,5.0,N/A,N/A,N/A,N/A,None,unavailable,N/A,N/A,N/A,None,None,N/A,N/A,N/A,N/A,None,Hidden,N/A,N/A
orderdetails,0.0,N/A,N/A,N/A,N/A,N/A,N/A,N/A,N/A,unavailable,N/A,0.0,N/A,0.0,N/A,N/A,N/A,N/A,unavailable,1102.0,N/A,N/A,10104.0,S32_2509,Hidden,51.95,11.0,N/A,N/A,N/A,N/A,None,unavailable,N/A,N/A,N/A,None,None,N/A,N/A,N/A,N/A,None,Hidden,N/A,N/A
orderdetails,0.0,N/A,N/A,N/A,N/A,N/A,N/A,N/A,N/A,unavailable,N/A,0.0,N/A,0.0,N/A,N/A,N/A,N/A,unavailable,1102.0,N/A,N/A,10104.0,S32_3207,Hidden,56.55,4.0,N/A,N/A,N/A,N/A,None,unavailable,N/A,N/A,N/A,None,None,N/A,N/A,N/A,N/A,None,Hidden,N/A,N/A
orderdetails,0.0,N/A,N/A,N/A,N/A,N/A,N/A,N/A,N/A,unavailable,N/A,0.0,N/A,0.0,N/A,N/A,N/A,N/A,unavailable,1102.0,N/A,N/A,10104.0,S50_1392,Hidden,114.59,7.0,N/A,N/A,N/A,N/A,None,unavailable,N/A,N/A,N/A,None,None,N/A,N/A,N/A,N/A,None,Hidden,N/A,N/A
orderdetails,0.0,N/A,N/A,N/A,N/A,N/A,N/A,N/A,N/A,unavailable,N/A,0.0,N/A,0.0,N/A,N/A,N/A,N/A,unavailable,1102.0,N/A,N/A,10104.0,S50_1514,Hidden,53.31,2.0,N/A,N/A,N/A,N/A,None,unavailable,N/A,N/A,N/A,None,None,N/A,N/A,N/A,N/A,None,Hidden,N/A,N/A
orderdetails,0.0,N/A,N/A,N/A,N/A,N/A,N/A,N/A,N/A,unavailable,N/A,0.0,N/A,0.0,N/A,N/A,N/A,N/A,unavailable,1102.0,N/A,N/A,10105.0,S10_4757,Hidden,127.84,2.0,N/A,N/A,N/A,N/A,None,unavailable,N/A,N/A,N/A,None,None,N/A,N/A,N/A,N/A,None,Hidden,N/A,N/A
orderdetails,0.0,N/A,N/A,N/A,N/A,N/A,N/A,N/A,N/A,unavailable,N/A,0.0,N/A,0.0,N/A,N/A,N/A,N/A,unavailable,1102.0,N/A,N/A,10105.0,S12_1108,Hidden,205.72,15.0,N/A,N/A,N/A,N/A,None,unavailable,N/A,N/A,N/A,None,None,N/A,N/A,N/A,N/A,None,Hidden,N/A,N/A
orderdetails,0.0,N/A,N/A,N/A,N/A,N/A,N/A,N/A,N/A,unavailable,N/A,0.0,N/A,0.0,N/A,N/A,N/A,N/A,unavailable,1102.0,N/A,N/A,10105.0,S12_3891,Hidden,141.88,14.0,N/A,N/A,N/A,N/A,None,unavailable,N/A,N/A,N/A,None,None,N/A,N/A,N/A,N/A,None,Hidden,N/A,N/A
orderdetails,0.0,N/A,N/A,N/A,N/A,N/A,N/A,N/A,N/A,unavailable,N/A,0.0,N/A,0.0,N/A,N/A,N/A,N/A,unavailable,1102.0,N/A,N/A,10105.0,S18_3140,Hidden,136.59,11.0,N/A,N/A,N/A,N/A,None,unavailable,N/A,N/A,N/A,None,None,N/A,N/A,N/A,N/A,None,Hidden,N/A,N/A
orderdetails,0.0,N/A,N/A,N/A,N/A,N/A,N/A,N/A,N/A,unavailable,N/A,0.0,N/A,0.0,N/A,N/A,N/A,N/A,unavailable,1102.0,N/A,N/A,10105.0,S18_3259,Hidden,87.73,13.0,N/A,N/A,N/A,N/A,None,unavailable,N/A,N/A,N/A,None,None,N/A,N/A,N/A,N/A,None,Hidden,N/A,N/A
orderdetails,0.0,N/A,N/A,N/A,N/A,N/A,N/A,N/A,N/A,unavailable,N/A,0.0,N/A,0.0,N/A,N/A,N/A,N/A,unavailable,1102.0,N/A,N/A,10105.0,S18_4522,Hidden,75.48,10.0,N/A,N/A,N/A,N/A,None,unavailable,N/A,N/A,N/A,None,None,N/A,N/A,N/A,N/A,None,Hidden,N/A,N/A
orderdetails,0.0,N/A,N/A,N/A,N/A,N/A,N/A,N/A,N/A,unavailable,N/A,0.0,N/A,0.0,N/A,N/A,N/A,N/A,unavailable,1102.0,N/A,N/A,10105.0,S24_2011,Hidden,117.97,9.0,N/A,N/A,N/A,N/A,None,unavailable,N/A,N/A,N/A,None,None,N/A,N/A,N/A,N/A,None,Hidden,N/A,N/A
orderdetails,0.0,N/A,N/A,N/A,N/A,N/A,N/A,N/A,N/A,unavailable,N/A,0.0,N/A,0.0,N/A,N/A,N/A,N/A,unavailable,1102.0,N/A,N/A,10105.0,S24_3151,Hidden,73.46,4.0,N/A,N/A,N/A,N/A,None,unavailable,N/A,N/A,N/A,None,None,N/A,N/A,N/A,N/A,None,Hidden,N/A,N/A
orderdetails,0.0,N/A,N/A,N/A,N/A,N/A,N/A,N/A,N/A,unavailable,N/A,0.0,N/A,0.0,N/A,N/A,N/A,N/A,unavailable,1102.0,N/A,N/A,10105.0,S24_3816,Hidden,75.47,1.0,N/A,N/A,N/A,N/A,None,unavailable,N/A,N/A,N/A,None,None,N/A,N/A,N/A,N/A,None,Hidden,N/A,N/A
orderdetails,0.0,N/A,N/A,N/A,N/A,N/A,N/A,N/A,N/A,unavailable,N/A,0.0,N/A,0.0,N/A,N/A,N/A,N/A,unavailable,1102.0,N/A,N/A,10105.0,S700_1138,Hidden,54.00,5.0,N/A,N/A,N/A,N/A,None,unavailable,N/A,N/A,N/A,None,None,N/A,N/A,N/A,N/A,None,Hidden,N/A,N/A
orderdetails,0.0,N/A,N/A,N/A,N/A,N/A,N/A,N/A,N/A,unavailable,N/A,0.0,N/A,0.0,N/A,N/A,N/A,N/A,unavailable,1102.0,N/A,N/A,10105.0,S700_1938,Hidden,86.61,12.0,N/A,N/A,N/A,N/A,None,unavailable,N/A,N/A,N/A,None,None,N/A,N/A,N/A,N/A,None,Hidden,N/A,N/A
orderdetails,0.0,N/A,N/A,N/A,N/A,N/A,N/A,N/A,N/A,unavailable,N/A,0.0,N/A,0.0,N/A,N/A,N/A,N/A,unavailable,1102.0,N/A,N/A,10105.0,S700_2610,Hidden,60.72,3.0,N/A,N/A,N/A,N/A,None,unavailable,N/A,N/A,N/A,None,None,N/A,N/A,N/A,N/A,None,Hidden,N/A,N/A
orderdetails,0.0,N/A,N/A,N/A,N/A,N/A,N/A,N/A,N/A,unavailable,N/A,0.0,N/A,0.0,N/A,N/A,N/A,N/A,unavailable,1102.0,N/A,N/A,10105.0,S700_3505,Hidden,92.16,6.0,N/A,N/A,N/A,N/A,None,unavailable,N/A,N/A,N/A,None,None,N/A,N/A,N/A,N/A,None,Hidden,N/A,N/A
orderdetails,0.0,N/A,N/A,N/A,N/A,N/A,N/A,N/A,N/A,unavailable,N/A,0.0,N/A,0.0,N/A,N/A,N/A,N/A,unavailable,1102.0,N/A,N/A,10105.0,S700_3962,Hidden,99.31,7.0,N/A,N/A,N/A,N/A,None,unavailable,N/A,N/A,N/A,None,None,N/A,N/A,N/A,N/A,None,Hidden,N/A,N/A
orderdetails,0.0,N/A,N/A,N/A,N/A,N/A,N/A,N/A,N/A,unavailable,N/A,0.0,N/A,0.0,N/A,N/A,N/A,N/A,unavailable,1102.0,N/A,N/A,10105.0,S72_3212,Hidden,44.77,8.0,N/A,N/A,N/A,N/A,None,unavailable,N/A,N/A,N/A,None,None,N/A,N/A,N/A,N/A,None,Hidden,N/A,N/A
orderdetails,0.0,N/A,N/A,N/A,N/A,N/A,N/A,N/A,N/A,unavailable,N/A,0.0,N/A,0.0,N/A,N/A,N/A,N/A,unavailable,1102.0,N/A,N/A,10106.0,S18_1662,Hidden,134.04,12.0,N/A,N/A,N/A,N/A,None,unavailable,N/A,N/A,N/A,None,None,N/A,N/A,N/A,N/A,None,Hidden,N/A,N/A
orderdetails,0.0,N/A,N/A,N/A,N/A,N/A,N/A,N/A,N/A,unavailable,N/A,0.0,N/A,0.0,N/A,N/A,N/A,N/A,unavailable,1102.0,N/A,N/A,10106.0,S18_2581,Hidden,81.10,2.0,N/A,N/A,N/A,N/A,None,unavailable,N/A,N/A,N/A,None,None,N/A,N/A,N/A,N/A,None,Hidden,N/A,N/A
orderdetails,0.0,N/A,N/A,N/A,N/A,N/A,N/A,N/A,N/A,unavailable,N/A,0.0,N/A,0.0,N/A,N/A,N/A,N/A,unavailable,1102.0,N/A,N/A,10106.0,S18_3029,Hidden,80.86,18.0,N/A,N/A,N/A,N/A,None,unavailable,N/A,N/A,N/A,None,None,N/A,N/A,N/A,N/A,None,Hidden,N/A,N/A
orderdetails,0.0,N/A,N/A,N/A,N/A,N/A,N/A,N/A,N/A,unavailable,N/A,0.0,N/A,0.0,N/A,N/A,N/A,N/A,unavailable,1102.0,N/A,N/A,10106.0,S18_3856,Hidden,94.22,17.0,N/A,N/A,N/A,N/A,None,unavailable,N/A,N/A,N/A,None,None,N/A,N/A,N/A,N/A,None,Hidden,N/A,N/A
orderdetails,0.0,N/A,N/A,N/A,N/A,N/A,N/A,N/A,N/A,unavailable,N/A,0.0,N/A,0.0,N/A,N/A,N/A,N/A,unavailable,1102.0,N/A,N/A,10106.0,S24_1785,Hidden,107.23,4.0,N/A,N/A,N/A,N/A,None,unavailable,N/A,N/A,N/A,None,None,N/A,N/A,N/A,N/A,None,Hidden,N/A,N/A
orderdetails,0.0,N/A,N/A,N/A,N/A,N/A,N/A,N/A,N/A,unavailable,N/A,0.0,N/A,0.0,N/A,N/A,N/A,N/A,unavailable,1102.0,N/A,N/A,10106.0,S24_2841,Hidden,65.77,13.0,N/A,N/A,N/A,N/A,None,unavailable,N/A,N/A,N/A,None,None,N/A,N/A,N/A,N/A,None,Hidden,N/A,N/A
orderdetails,0.0,N/A,N/A,N/A,N/A,N/A,N/A,N/A,N/A,unavailable,N/A,0.0,N/A,0.0,N/A,N/A,N/A,N/A,unavailable,1102.0,N/A,N/A,10106.0,S24_3420,Hidden,55.89,14.0,N/A,N/A,N/A,N/A,None,unavailable,N/A,N/A,N/A,None,None,N/A,N/A,N/A,N/A,None,Hidden,N/A,N/A
orderdetails,0.0,N/A,N/A,N/A,N/A,N/A,N/A,N/A,N/A,unavailable,N/A,0.0,N/A,0.0,N/A,N/A,N/A,N/A,unavailable,1102.0,N/A,N/A,10106.0,S24_3949,Hidden,55.96,11.0,N/A,N/A,N/A,N/A,None,unavailable,N/A,N/A,N/A,None,None,N/A,N/A,N/A,N/A,None,Hidden,N/A,N/A
orderdetails,0.0,N/A,N/A,N/A,N/A,N/A,N/A,N/A,N/A,unavailable,N/A,0.0,N/A,0.0,N/A,N/A,N/A,N/A,unavailable,1102.0,N/A,N/A,10106.0,S24_4278,Hidden,71.00,3.0,N/A,N/A,N/A,N/A,None,unavailable,N/A,N/A,N/A,None,None,N/A,N/A,N/A,N/A,None,Hidden,N/A,N/A
orderdetails,0.0,N/A,N/A,N/A,N/A,N/A,N/A,N/A,N/A,unavailable,N/A,0.0,N/A,0.0,N/A,N/A,N/A,N/A,unavailable,1102.0,N/A,N/A,10106.0,S32_4289,Hidden,65.35,5.0,N/A,N/A,N/A,N/A,None,unavailable,N/A,N/A,N/A,None,None,N/A,N/A,N/A,N/A,None,Hidden,N/A,N/A
orderdetails,0.0,N/A,N/A,N/A,N/A,N/A,N/A,N/A,N/A,unavailable,N/A,0.0,N/A,0.0,N/A,N/A,N/A,N/A,unavailable,1102.0,N/A,N/A,10106.0,S50_1341,Hidden,35.78,6.0,N/A,N/A,N/A,N/A,None,unavailable,N/A,N/A,N/A,None,None,N/A,N/A,N/A,N/A,None,Hidden,N/A,N/A
orderdetails,0.0,N/A,N/A,N/A,N/A,N/A,N/A,N/A,N/A,unavailable,N/A,0.0,N/A,0.0,N/A,N/A,N/A,N/A,unavailable,1102.0,N/A,N/A,10106.0,S700_1691,Hidden,91.34,7.0,N/A,N/A,N/A,N/A,None,unavailable,N/A,N/A,N/A,None,None,N/A,N/A,N/A,N/A,None,Hidden,N/A,N/A
orderdetails,0.0,N/A,N/A,N/A,N/A,N/A,N/A,N/A,N/A,unavailable,N/A,0.0,N/A,0.0,N/A,N/A,N/A,N/A,unavailable,1102.0,N/A,N/A,10106.0,S700_2047,Hidden,85.09,16.0,N/A,N/A,N/A,N/A,None,unavailable,N/A,N/A,N/A,None,None,N/A,N/A,N/A,N/A,None,Hidden,N/A,N/A
orderdetails,0.0,N/A,N/A,N/A,N/A,N/A,N/A,N/A,N/A,unavailable,N/A,0.0,N/A,0.0,N/A,N/A,N/A,N/A,unavailable,1102.0,N/A,N/A,10106.0,S700_2466,Hidden,99.72,9.0,N/A,N/A,N/A,N/A,None,unavailable,N/A,N/A,N/A,None,None,N/A,N/A,N/A,N/A,None,Hidden,N/A,N/A
orderdetails,0.0,N/A,N/A,N/A,N/A,N/A,N/A,N/A,N/A,unavailable,N/A,0.0,N/A,0.0,N/A,N/A,N/A,N/A,unavailable,1102.0,N/A,N/A,10106.0,S700_2834,Hidden,113.90,1.0,N/A,N/A,N/A,N/A,None,unavailable,N/A,N/A,N/A,None,None,N/A,N/A,N/A,N/A,None,Hidden,N/A,N/A
orderdetails,0.0,N/A,N/A,N/A,N/A,N/A,N/A,N/A,N/A,unavailable,N/A,0.0,N/A,0.0,N/A,N/A,N/A,N/A,unavailable,1102.0,N/A,N/A,10106.0,S700_3167,Hidden,76.00,8.0,N/A,N/A,N/A,N/A,None,unavailable,N/A,N/A,N/A,None,None,N/A,N/A,N/A,N/A,None,Hidden,N/A,N/A
orderdetails,0.0,N/A,N/A,N/A,N/A,N/A,N/A,N/A,N/A,unavailable,N/A,0.0,N/A,0.0,N/A,N/A,N/A,N/A,unavailable,1102.0,N/A,N/A,10106.0,S700_4002,Hidden,70.33,10.0,N/A,N/A,N/A,N/A,None,unavailable,N/A,N/A,N/A,None,None,N/A,N/A,N/A,N/A,None,Hidden,N/A,N/A
orderdetails,0.0,N/A,N/A,N/A,N/A,N/A,N/A,N/A,N/A,unavailable,N/A,0.0,N/A,0.0,N/A,N/A,N/A,N/A,unavailable,1102.0,N/A,N/A,10106.0,S72_1253,Hidden,43.70,15.0,N/A,N/A,N/A,N/A,None,unavailable,N/A,N/A,N/A,None,None,N/A,N/A,N/A,N/A,None,Hidden,N/A,N/A
orderdetails,0.0,N/A,N/A,N/A,N/A,N/A,N/A,N/A,N/A,unavailable,N/A,0.0,N/A,0.0,N/A,N/A,N/A,N/A,unavailable,1102.0,N/A,N/A,10107.0,S10_1678,Hidden,81.35,2.0,N/A,N/A,N/A,N/A,None,unavailable,N/A,N/A,N/A,None,None,N/A,N/A,N/A,N/A,None,Hidden,N/A,N/A
orderdetails,0.0,N/A,N/A,N/A,N/A,N/A,N/A,N/A,N/A,unavailable,N/A,0.0,N/A,0.0,N/A,N/A,N/A,N/A,unavailable,1102.0,N/A,N/A,10107.0,S10_2016,Hidden,105.86,5.0,N/A,N/A,N/A,N/A,None,unavailable,N/A,N/A,N/A,None,None,N/A,N/A,N/A,N/A,None,Hidden,N/A,N/A
orderdetails,0.0,N/A,N/A,N/A,N/A,N/A,N/A,N/A,N/A,unavailable,N/A,0.0,N/A,0.0,N/A,N/A,N/A,N/A,unavailable,1102.0,N/A,N/A,10107.0,S10_4698,Hidden,172.36,4.0,N/A,N/A,N/A,N/A,None,unavailable,N/A,N/A,N/A,None,None,N/A,N/A,N/A,N/A,None,Hidden,N/A,N/A
orderdetails,0.0,N/A,N/A,N/A,N/A,N/A,N/A,N/A,N/A,unavailable,N/A,0.0,N/A,0.0,N/A,N/A,N/A,N/A,unavailable,1102.0,N/A,N/A,10107.0,S12_2823,Hidden,122.00,1.0,N/A,N/A,N/A,N/A,None,unavailable,N/A,N/A,N/A,None,None,N/A,N/A,N/A,N/A,None,Hidden,N/A,N/A
orderdetails,0.0,N/A,N/A,N/A,N/A,N/A,N/A,N/A,N/A,unavailable,N/A,0.0,N/A,0.0,N/A,N/A,N/A,N/A,unavailable,1102.0,N/A,N/A,10107.0,S18_2625,Hidden,52.70,6.0,N/A,N/A,N/A,N/A,None,unavailable,N/A,N/A,N/A,None,None,N/A,N/A,N/A,N/A,None,Hidden,N/A,N/A
orderdetails,0.0,N/A,N/A,N/A,N/A,N/A,N/A,N/A,N/A,unavailable,N/A,0.0,N/A,0.0,N/A,N/A,N/A,N/A,unavailable,1102.0,N/A,N/A,10107.0,S24_1578,Hidden,96.92,3.0,N/A,N/A,N/A,N/A,None,unavailable,N/A,N/A,N/A,None,None,N/A,N/A,N/A,N/A,None,Hidden,N/A,N/A
orderdetails,0.0,N/A,N/A,N/A,N/A,N/A,N/A,N/A,N/A,unavailable,N/A,0.0,N/A,0.0,N/A,N/A,N/A,N/A,unavailable,1102.0,N/A,N/A,10107.0,S24_2000,Hidden,73.12,7.0,N/A,N/A,N/A,N/A,None,unavailable,N/A,N/A,N/A,None,None,N/A,N/A,N/A,N/A,None,Hidden,N/A,N/A
orderdetails,0.0,N/A,N/A,N/A,N/A,N/A,N/A,N/A,N/A,unavailable,N/A,0.0,N/A,0.0,N/A,N/A,N/A,N/A,unavailable,1102.0,N/A,N/A,10107.0,S32_1374,Hidden,88.90,8.0,N/A,N/A,N/A,N/A,None,unavailable,N/A,N/A,N/A,None,None,N/A,N/A,N/A,N/A,None,Hidden,N/A,N/A
orderdetails,0.0,N/A,N/A,N/A,N/A,N/A,N/A,N/A,N/A,unavailable,N/A,0.0,N/A,0.0,N/A,N/A,N/A,N/A,unavailable,1102.0,N/A,N/A,10108.0,S12_1099,Hidden,165.38,6.0,N/A,N/A,N/A,N/A,None,unavailable,N/A,N/A,N/A,None,None,N/A,N/A,N/A,N/A,None,Hidden,N/A,N/A
orderdetails,0.0,N/A,N/A,N/A,N/A,N/A,N/A,N/A,N/A,unavailable,N/A,0.0,N/A,0.0,N/A,N/A,N/A,N/A,unavailable,1102.0,N/A,N/A,10108.0,S12_3380,Hidden,96.30,4.0,N/A,N/A,N/A,N/A,None,unavailable,N/A,N/A,N/A,None,None,N/A,N/A,N/A,N/A,None,Hidden,N/A,N/A
orderdetails,0.0,N/A,N/A,N/A,N/A,N/A,N/A,N/A,N/A,unavailable,N/A,0.0,N/A,0.0,N/A,N/A,N/A,N/A,unavailable,1102.0,N/A,N/A,10108.0,S12_3990,Hidden,75.81,7.0,N/A,N/A,N/A,N/A,None,unavailable,N/A,N/A,N/A,None,None,N/A,N/A,N/A,N/A,None,Hidden,N/A,N/A
orderdetails,0.0,N/A,N/A,N/A,N/A,N/A,N/A,N/A,N/A,unavailable,N/A,0.0,N/A,0.0,N/A,N/A,N/A,N/A,unavailable,1102.0,N/A,N/A,10108.0,S12_4675,Hidden,107.10,3.0,N/A,N/A,N/A,N/A,None,unavailable,N/A,N/A,N/A,None,None,N/A,N/A,N/A,N/A,None,Hidden,N/A,N/A
orderdetails,0.0,N/A,N/A,N/A,N/A,N/A,N/A,N/A,N/A,unavailable,N/A,0.0,N/A,0.0,N/A,N/A,N/A,N/A,unavailable,1102.0,N/A,N/A,10108.0,S18_1889,Hidden,67.76,2.0,N/A,N/A,N/A,N/A,None,unavailable,N/A,N/A,N/A,None,None,N/A,N/A,N/A,N/A,None,Hidden,N/A,N/A
orderdetails,0.0,N/A,N/A,N/A,N/A,N/A,N/A,N/A,N/A,unavailable,N/A,0.0,N/A,0.0,N/A,N/A,N/A,N/A,unavailable,1102.0,N/A,N/A,10108.0,S18_3278,Hidden,73.17,9.0,N/A,N/A,N/A,N/A,None,unavailable,N/A,N/A,N/A,None,None,N/A,N/A,N/A,N/A,None,Hidden,N/A,N/A
orderdetails,0.0,N/A,N/A,N/A,N/A,N/A,N/A,N/A,N/A,unavailable,N/A,0.0,N/A,0.0,N/A,N/A,N/A,N/A,unavailable,1102.0,N/A,N/A,10108.0,S18_3482,Hidden,132.29,8.0,N/A,N/A,N/A,N/A,None,unavailable,N/A,N/A,N/A,None,None,N/A,N/A,N/A,N/A,None,Hidden,N/A,N/A
orderdetails,0.0,N/A,N/A,N/A,N/A,N/A,N/A,N/A,N/A,unavailable,N/A,0.0,N/A,0.0,N/A,N/A,N/A,N/A,unavailable,1102.0,N/A,N/A,10108.0,S18_3782,Hidden,52.84,12.0,N/A,N/A,N/A,N/A,None,unavailable,N/A,N/A,N/A,None,None,N/A,N/A,N/A,N/A,None,Hidden,N/A,N/A
orderdetails,0.0,N/A,N/A,N/A,N/A,N/A,N/A,N/A,N/A,unavailable,N/A,0.0,N/A,0.0,N/A,N/A,N/A,N/A,unavailable,1102.0,N/A,N/A,10108.0,S18_4721,Hidden,139.87,11.0,N/A,N/A,N/A,N/A,None,unavailable,N/A,N/A,N/A,None,None,N/A,N/A,N/A,N/A,None,Hidden,N/A,N/A
orderdetails,0.0,N/A,N/A,N/A,N/A,N/A,N/A,N/A,N/A,unavailable,N/A,0.0,N/A,0.0,N/A,N/A,N/A,N/A,unavailable,1102.0,N/A,N/A,10108.0,S24_2360,Hidden,64.41,15.0,N/A,N/A,N/A,N/A,None,unavailable,N/A,N/A,N/A,None,None,N/A,N/A,N/A,N/A,None,Hidden,N/A,N/A
orderdetails,0.0,N/A,N/A,N/A,N/A,N/A,N/A,N/A,N/A,unavailable,N/A,0.0,N/A,0.0,N/A,N/A,N/A,N/A,unavailable,1102.0,N/A,N/A,10108.0,S24_3371,Hidden,60.01,5.0,N/A,N/A,N/A,N/A,None,unavailable,N/A,N/A,N/A,None,None,N/A,N/A,N/A,N/A,None,Hidden,N/A,N/A
orderdetails,0.0,N/A,N/A,N/A,N/A,N/A,N/A,N/A,N/A,unavailable,N/A,0.0,N/A,0.0,N/A,N/A,N/A,N/A,unavailable,1102.0,N/A,N/A,10108.0,S24_3856,Hidden,132.00,1.0,N/A,N/A,N/A,N/A,None,unavailable,N/A,N/A,N/A,None,None,N/A,N/A,N/A,N/A,None,Hidden,N/A,N/A
orderdetails,0.0,N/A,N/A,N/A,N/A,N/A,N/A,N/A,N/A,unavailable,N/A,0.0,N/A,0.0,N/A,N/A,N/A,N/A,unavailable,1102.0,N/A,N/A,10108.0,S24_4620,Hidden,67.10,10.0,N/A,N/A,N/A,N/A,None,unavailable,N/A,N/A,N/A,None,None,N/A,N/A,N/A,N/A,None,Hidden,N/A,N/A
orderdetails,0.0,N/A,N/A,N/A,N/A,N/A,N/A,N/A,N/A,unavailable,N/A,0.0,N/A,0.0,N/A,N/A,N/A,N/A,unavailable,1102.0,N/A,N/A,10108.0,S32_2206,Hidden,36.21,13.0,N/A,N/A,N/A,N/A,None,unavailable,N/A,N/A,N/A,None,None,N/A,N/A,N/A,N/A,None,Hidden,N/A,N/A
orderdetails,0.0,N/A,N/A,N/A,N/A,N/A,N/A,N/A,N/A,unavailable,N/A,0.0,N/A,0.0,N/A,N/A,N/A,N/A,unavailable,1102.0,N/A,N/A,10108.0,S32_4485,Hidden,87.76,16.0,N/A,N/A,N/A,N/A,None,unavailable,N/A,N/A,N/A,None,None,N/A,N/A,N/A,N/A,None,Hidden,N/A,N/A
orderdetails,0.0,N/A,N/A,N/A,N/A,N/A,N/A,N/A,N/A,unavailable,N/A,0.0,N/A,0.0,N/A,N/A,N/A,N/A,unavailable,1102.0,N/A,N/A,10108.0,S50_4713,Hidden,74.85,14.0,N/A,N/A,N/A,N/A,None,unavailable,N/A,N/A,N/A,None,None,N/A,N/A,N/A,N/A,None,Hidden,N/A,N/A
orderdetails,0.0,N/A,N/A,N/A,N/A,N/A,N/A,N/A,N/A,unavailable,N/A,0.0,N/A,0.0,N/A,N/A,N/A,N/A,unavailable,1102.0,N/A,N/A,10109.0,S18_1129,Hidden,117.48,4.0,N/A,N/A,N/A,N/A,None,unavailable,N/A,N/A,N/A,None,None,N/A,N/A,N/A,N/A,None,Hidden,N/A,N/A
orderdetails,0.0,N/A,N/A,N/A,N/A,N/A,N/A,N/A,N/A,unavailable,N/A,0.0,N/A,0.0,N/A,N/A,N/A,N/A,unavailable,1102.0,N/A,N/A,10109.0,S18_1984,Hidden,137.98,3.0,N/A,N/A,N/A,N/A,None,unavailable,N/A,N/A,N/A,None,None,N/A,N/A,N/A,N/A,None,Hidden,N/A,N/A
orderdetails,0.0,N/A,N/A,N/A,N/A,N/A,N/A,N/A,N/A,unavailable,N/A,0.0,N/A,0.0,N/A,N/A,N/A,N/A,unavailable,1102.0,N/A,N/A,10109.0,S18_2870,Hidden,126.72,1.0,N/A,N/A,N/A,N/A,None,unavailable,N/A,N/A,N/A,None,None,N/A,N/A,N/A,N/A,None,Hidden,N/A,N/A
orderdetails,0.0,N/A,N/A,N/A,N/A,N/A,N/A,N/A,N/A,unavailable,N/A,0.0,N/A,0.0,N/A,N/A,N/A,N/A,unavailable,1102.0,N/A,N/A,10109.0,S18_3232,Hidden,160.87,5.0,N/A,N/A,N/A,N/A,None,unavailable,N/A,N/A,N/A,None,None,N/A,N/A,N/A,N/A,None,Hidden,N/A,N/A
orderdetails,0.0,N/A,N/A,N/A,N/A,N/A,N/A,N/A,N/A,unavailable,N/A,0.0,N/A,0.0,N/A,N/A,N/A,N/A,unavailable,1102.0,N/A,N/A,10109.0,S18_3685,Hidden,125.74,2.0,N/A,N/A,N/A,N/A,None,unavailable,N/A,N/A,N/A,None,None,N/A,N/A,N/A,N/A,None,Hidden,N/A,N/A
orderdetails,0.0,N/A,N/A,N/A,N/A,N/A,N/A,N/A,N/A,unavailable,N/A,0.0,N/A,0.0,N/A,N/A,N/A,N/A,unavailable,1102.0,N/A,N/A,10109.0,S24_2972,Hidden,32.10,6.0,N/A,N/A,N/A,N/A,None,unavailable,N/A,N/A,N/A,None,None,N/A,N/A,N/A,N/A,None,Hidden,N/A,N/A
orderdetails,0.0,N/A,N/A,N/A,N/A,N/A,N/A,N/A,N/A,unavailable,N/A,0.0,N/A,0.0,N/A,N/A,N/A,N/A,unavailable,1102.0,N/A,N/A,10110.0,S18_1589,Hidden,118.22,16.0,N/A,N/A,N/A,N/A,None,unavailable,N/A,N/A,N/A,None,None,N/A,N/A,N/A,N/A,None,Hidden,N/A,N/A
orderdetails,0.0,N/A,N/A,N/A,N/A,N/A,N/A,N/A,N/A,unavailable,N/A,0.0,N/A,0.0,N/A,N/A,N/A,N/A,unavailable,1102.0,N/A,N/A,10110.0,S18_1749,Hidden,153.00,7.0,N/A,N/A,N/A,N/A,None,unavailable,N/A,N/A,N/A,None,None,N/A,N/A,N/A,N/A,None,Hidden,N/A,N/A
orderdetails,0.0,N/A,N/A,N/A,N/A,N/A,N/A,N/A,N/A,unavailable,N/A,0.0,N/A,0.0,N/A,N/A,N/A,N/A,unavailable,1102.0,N/A,N/A,10110.0,S18_2248,Hidden,51.46,6.0,N/A,N/A,N/A,N/A,None,unavailable,N/A,N/A,N/A,None,None,N/A,N/A,N/A,N/A,None,Hidden,N/A,N/A
orderdetails,0.0,N/A,N/A,N/A,N/A,N/A,N/A,N/A,N/A,unavailable,N/A,0.0,N/A,0.0,N/A,N/A,N/A,N/A,unavailable,1102.0,N/A,N/A,10110.0,S18_2325,Hidden,115.69,4.0,N/A,N/A,N/A,N/A,None,unavailable,N/A,N/A,N/A,None,None,N/A,N/A,N/A,N/A,None,Hidden,N/A,N/A
orderdetails,0.0,N/A,N/A,N/A,N/A,N/A,N/A,N/A,N/A,unavailable,N/A,0.0,N/A,0.0,N/A,N/A,N/A,N/A,unavailable,1102.0,N/A,N/A,10110.0,S18_2795,Hidden,163.69,1.0,N/A,N/A,N/A,N/A,None,unavailable,N/A,N/A,N/A,None,None,N/A,N/A,N/A,N/A,None,Hidden,N/A,N/A
orderdetails,0.0,N/A,N/A,N/A,N/A,N/A,N/A,N/A,N/A,unavailable,N/A,0.0,N/A,0.0,N/A,N/A,N/A,N/A,unavailable,1102.0,N/A,N/A,10110.0,S18_4409,Hidden,81.91,8.0,N/A,N/A,N/A,N/A,None,unavailable,N/A,N/A,N/A,None,None,N/A,N/A,N/A,N/A,None,Hidden,N/A,N/A
orderdetails,0.0,N/A,N/A,N/A,N/A,N/A,N/A,N/A,N/A,unavailable,N/A,0.0,N/A,0.0,N/A,N/A,N/A,N/A,unavailable,1102.0,N/A,N/A,10110.0,S18_4933,Hidden,62.00,9.0,N/A,N/A,N/A,N/A,None,unavailable,N/A,N/A,N/A,None,None,N/A,N/A,N/A,N/A,None,Hidden,N/A,N/A
orderdetails,0.0,N/A,N/A,N/A,N/A,N/A,N/A,N/A,N/A,unavailable,N/A,0.0,N/A,0.0,N/A,N/A,N/A,N/A,unavailable,1102.0,N/A,N/A,10110.0,S24_1046,Hidden,72.02,13.0,N/A,N/A,N/A,N/A,None,unavailable,N/A,N/A,N/A,None,None,N/A,N/A,N/A,N/A,None,Hidden,N/A,N/A
orderdetails,0.0,N/A,N/A,N/A,N/A,N/A,N/A,N/A,N/A,unavailable,N/A,0.0,N/A,0.0,N/A,N/A,N/A,N/A,unavailable,1102.0,N/A,N/A,10110.0,S24_1628,Hidden,43.27,15.0,N/A,N/A,N/A,N/A,None,unavailable,N/A,N/A,N/A,None,None,N/A,N/A,N/A,N/A,None,Hidden,N/A,N/A
orderdetails,0.0,N/A,N/A,N/A,N/A,N/A,N/A,N/A,N/A,unavailable,N/A,0.0,N/A,0.0,N/A,N/A,N/A,N/A,unavailable,1102.0,N/A,N/A,10110.0,S24_1937,Hidden,28.88,3.0,N/A,N/A,N/A,N/A,None,unavailable,N/A,N/A,N/A,None,None,N/A,N/A,N/A,N/A,None,Hidden,N/A,N/A
orderdetails,0.0,N/A,N/A,N/A,N/A,N/A,N/A,N/A,N/A,unavailable,N/A,0.0,N/A,0.0,N/A,N/A,N/A,N/A,unavailable,1102.0,N/A,N/A,10110.0,S24_2022,Hidden,40.77,2.0,N/A,N/A,N/A,N/A,None,unavailable,N/A,N/A,N/A,None,None,N/A,N/A,N/A,N/A,None,Hidden,N/A,N/A
orderdetails,0.0,N/A,N/A,N/A,N/A,N/A,N/A,N/A,N/A,unavailable,N/A,0.0,N/A,0.0,N/A,N/A,N/A,N/A,unavailable,1102.0,N/A,N/A,10110.0,S24_2766,Hidden,82.69,11.0,N/A,N/A,N/A,N/A,None,unavailable,N/A,N/A,N/A,None,None,N/A,N/A,N/A,N/A,None,Hidden,N/A,N/A
orderdetails,0.0,N/A,N/A,N/A,N/A,N/A,N/A,N/A,N/A,unavailable,N/A,0.0,N/A,0.0,N/A,N/A,N/A,N/A,unavailable,1102.0,N/A,N/A,10110.0,S24_2887,Hidden,112.74,10.0,N/A,N/A,N/A,N/A,None,unavailable,N/A,N/A,N/A,None,None,N/A,N/A,N/A,N/A,None,Hidden,N/A,N/A
orderdetails,0.0,N/A,N/A,N/A,N/A,N/A,N/A,N/A,N/A,unavailable,N/A,0.0,N/A,0.0,N/A,N/A,N/A,N/A,unavailable,1102.0,N/A,N/A,10110.0,S24_3191,Hidden,80.47,12.0,N/A,N/A,N/A,N/A,None,unavailable,N/A,N/A,N/A,None,None,N/A,N/A,N/A,N/A,None,Hidden,N/A,N/A
orderdetails,0.0,N/A,N/A,N/A,N/A,N/A,N/A,N/A,N/A,unavailable,N/A,0.0,N/A,0.0,N/A,N/A,N/A,N/A,unavailable,1102.0,N/A,N/A,10110.0,S24_3432,Hidden,96.37,14.0,N/A,N/A,N/A,N/A,None,unavailable,N/A,N/A,N/A,None,None,N/A,N/A,N/A,N/A,None,Hidden,N/A,N/A
orderdetails,0.0,N/A,N/A,N/A,N/A,N/A,N/A,N/A,N/A,unavailable,N/A,0.0,N/A,0.0,N/A,N/A,N/A,N/A,unavailable,1102.0,N/A,N/A,10110.0,S24_3969,Hidden,35.29,5.0,N/A,N/A,N/A,N/A,None,unavailable,N/A,N/A,N/A,None,None,N/A,N/A,N/A,N/A,None,Hidden,N/A,N/A
orderdetails,0.0,N/A,N/A,N/A,N/A,N/A,N/A,N/A,N/A,unavailable,N/A,0.0,N/A,0.0,N/A,N/A,N/A,N/A,unavailable,1102.0,N/A,N/A,10111.0,S18_1342,Hidden,87.33,6.0,N/A,N/A,N/A,N/A,None,unavailable,N/A,N/A,N/A,None,None,N/A,N/A,N/A,N/A,None,Hidden,N/A,N/A
orderdetails,0.0,N/A,N/A,N/A,N/A,N/A,N/A,N/A,N/A,unavailable,N/A,0.0,N/A,0.0,N/A,N/A,N/A,N/A,unavailable,1102.0,N/A,N/A,10111.0,S18_1367,Hidden,48.52,5.0,N/A,N/A,N/A,N/A,None,unavailable,N/A,N/A,N/A,None,None,N/A,N/A,N/A,N/A,None,Hidden,N/A,N/A
orderdetails,0.0,N/A,N/A,N/A,N/A,N/A,N/A,N/A,N/A,unavailable,N/A,0.0,N/A,0.0,N/A,N/A,N/A,N/A,unavailable,1102.0,N/A,N/A,10111.0,S18_2957,Hidden,53.09,2.0,N/A,N/A,N/A,N/A,None,unavailable,N/A,N/A,N/A,None,None,N/A,N/A,N/A,N/A,None,Hidden,N/A,N/A
orderdetails,0.0,N/A,N/A,N/A,N/A,N/A,N/A,N/A,N/A,unavailable,N/A,0.0,N/A,0.0,N/A,N/A,N/A,N/A,unavailable,1102.0,N/A,N/A,10111.0,S18_3136,Hidden,94.25,1.0,N/A,N/A,N/A,N/A,None,unavailable,N/A,N/A,N/A,None,None,N/A,N/A,N/A,N/A,None,Hidden,N/A,N/A
orderdetails,0.0,N/A,N/A,N/A,N/A,N/A,N/A,N/A,N/A,unavailable,N/A,0.0,N/A,0.0,N/A,N/A,N/A,N/A,unavailable,1102.0,N/A,N/A,10111.0,S18_3320,Hidden,91.27,4.0,N/A,N/A,N/A,N/A,None,unavailable,N/A,N/A,N/A,None,None,N/A,N/A,N/A,N/A,None,Hidden,N/A,N/A
orderdetails,0.0,N/A,N/A,N/A,N/A,N/A,N/A,N/A,N/A,unavailable,N/A,0.0,N/A,0.0,N/A,N/A,N/A,N/A,unavailable,1102.0,N/A,N/A,10111.0,S24_4258,Hidden,85.70,3.0,N/A,N/A,N/A,N/A,None,unavailable,N/A,N/A,N/A,None,None,N/A,N/A,N/A,N/A,None,Hidden,N/A,N/A
orderdetails,0.0,N/A,N/A,N/A,N/A,N/A,N/A,N/A,N/A,unavailable,N/A,0.0,N/A,0.0,N/A,N/A,N/A,N/A,unavailable,1102.0,N/A,N/A,10112.0,S10_1949,Hidden,197.16,1.0,N/A,N/A,N/A,N/A,None,unavailable,N/A,N/A,N/A,None,None,N/A,N/A,N/A,N/A,None,Hidden,N/A,N/A
orderdetails,0.0,N/A,N/A,N/A,N/A,N/A,N/A,N/A,N/A,unavailable,N/A,0.0,N/A,0.0,N/A,N/A,N/A,N/A,unavailable,1102.0,N/A,N/A,10112.0,S18_2949,Hidden,85.10,2.0,N/A,N/A,N/A,N/A,None,unavailable,N/A,N/A,N/A,None,None,N/A,N/A,N/A,N/A,None,Hidden,N/A,N/A
orderdetails,0.0,N/A,N/A,N/A,N/A,N/A,N/A,N/A,N/A,unavailable,N/A,0.0,N/A,0.0,N/A,N/A,N/A,N/A,unavailable,1102.0,N/A,N/A,10113.0,S12_1666,Hidden,121.64,2.0,N/A,N/A,N/A,N/A,None,unavailable,N/A,N/A,N/A,None,None,N/A,N/A,N/A,N/A,None,Hidden,N/A,N/A
orderdetails,0.0,N/A,N/A,N/A,N/A,N/A,N/A,N/A,N/A,unavailable,N/A,0.0,N/A,0.0,N/A,N/A,N/A,N/A,unavailable,1102.0,N/A,N/A,10113.0,S18_1097,Hidden,101.50,4.0,N/A,N/A,N/A,N/A,None,unavailable,N/A,N/A,N/A,None,None,N/A,N/A,N/A,N/A,None,Hidden,N/A,N/A
orderdetails,0.0,N/A,N/A,N/A,N/A,N/A,N/A,N/A,N/A,unavailable,N/A,0.0,N/A,0.0,N/A,N/A,N/A,N/A,unavailable,1102.0,N/A,N/A,10113.0,S18_4668,Hidden,43.27,3.0,N/A,N/A,N/A,N/A,None,unavailable,N/A,N/A,N/A,None,None,N/A,N/A,N/A,N/A,None,Hidden,N/A,N/A
orderdetails,0.0,N/A,N/A,N/A,N/A,N/A,N/A,N/A,N/A,unavailable,N/A,0.0,N/A,0.0,N/A,N/A,N/A,N/A,unavailable,1102.0,N/A,N/A,10113.0,S32_3522,Hidden,58.82,1.0,N/A,N/A,N/A,N/A,None,unavailable,N/A,N/A,N/A,None,None,N/A,N/A,N/A,N/A,None,Hidden,N/A,N/A
orderdetails,0.0,N/A,N/A,N/A,N/A,N/A,N/A,N/A,N/A,unavailable,N/A,0.0,N/A,0.0,N/A,N/A,N/A,N/A,unavailable,1102.0,N/A,N/A,10114.0,S10_4962,Hidden,128.53,8.0,N/A,N/A,N/A,N/A,None,unavailable,N/A,N/A,N/A,None,None,N/A,N/A,N/A,N/A,None,Hidden,N/A,N/A
orderdetails,0.0,N/A,N/A,N/A,N/A,N/A,N/A,N/A,N/A,unavailable,N/A,0.0,N/A,0.0,N/A,N/A,N/A,N/A,unavailable,1102.0,N/A,N/A,10114.0,S18_2319,Hidden,106.78,3.0,N/A,N/A,N/A,N/A,None,unavailable,N/A,N/A,N/A,None,None,N/A,N/A,N/A,N/A,None,Hidden,N/A,N/A
orderdetails,0.0,N/A,N/A,N/A,N/A,N/A,N/A,N/A,N/A,unavailable,N/A,0.0,N/A,0.0,N/A,N/A,N/A,N/A,unavailable,1102.0,N/A,N/A,10114.0,S18_2432,Hidden,53.48,6.0,N/A,N/A,N/A,N/A,None,unavailable,N/A,N/A,N/A,None,None,N/A,N/A,N/A,N/A,None,Hidden,N/A,N/A
orderdetails,0.0,N/A,N/A,N/A,N/A,N/A,N/A,N/A,N/A,unavailable,N/A,0.0,N/A,0.0,N/A,N/A,N/A,N/A,unavailable,1102.0,N/A,N/A,10114.0,S18_3232,Hidden,169.34,4.0,N/A,N/A,N/A,N/A,None,unavailable,N/A,N/A,N/A,None,None,N/A,N/A,N/A,N/A,None,Hidden,N/A,N/A
orderdetails,0.0,N/A,N/A,N/A,N/A,N/A,N/A,N/A,N/A,unavailable,N/A,0.0,N/A,0.0,N/A,N/A,N/A,N/A,unavailable,1102.0,N/A,N/A,10114.0,S18_4600,Hidden,105.34,9.0,N/A,N/A,N/A,N/A,None,unavailable,N/A,N/A,N/A,None,None,N/A,N/A,N/A,N/A,None,Hidden,N/A,N/A
orderdetails,0.0,N/A,N/A,N/A,N/A,N/A,N/A,N/A,N/A,unavailable,N/A,0.0,N/A,0.0,N/A,N/A,N/A,N/A,unavailable,1102.0,N/A,N/A,10114.0,S24_2300,Hidden,102.23,5.0,N/A,N/A,N/A,N/A,None,unavailable,N/A,N/A,N/A,None,None,N/A,N/A,N/A,N/A,None,Hidden,N/A,N/A
orderdetails,0.0,N/A,N/A,N/A,N/A,N/A,N/A,N/A,N/A,unavailable,N/A,0.0,N/A,0.0,N/A,N/A,N/A,N/A,unavailable,1102.0,N/A,N/A,10114.0,S24_2840,Hidden,28.64,1.0,N/A,N/A,N/A,N/A,None,unavailable,N/A,N/A,N/A,None,None,N/A,N/A,N/A,N/A,None,Hidden,N/A,N/A
orderdetails,0.0,N/A,N/A,N/A,N/A,N/A,N/A,N/A,N/A,unavailable,N/A,0.0,N/A,0.0,N/A,N/A,N/A,N/A,unavailable,1102.0,N/A,N/A,10114.0,S32_1268,Hidden,88.61,7.0,N/A,N/A,N/A,N/A,None,unavailable,N/A,N/A,N/A,None,None,N/A,N/A,N/A,N/A,None,Hidden,N/A,N/A
orderdetails,0.0,N/A,N/A,N/A,N/A,N/A,N/A,N/A,N/A,unavailable,N/A,0.0,N/A,0.0,N/A,N/A,N/A,N/A,unavailable,1102.0,N/A,N/A,10114.0,S32_2509,Hidden,43.83,2.0,N/A,N/A,N/A,N/A,None,unavailable,N/A,N/A,N/A,None,None,N/A,N/A,N/A,N/A,None,Hidden,N/A,N/A
orderdetails,0.0,N/A,N/A,N/A,N/A,N/A,N/A,N/A,N/A,unavailable,N/A,0.0,N/A,0.0,N/A,N/A,N/A,N/A,unavailable,1102.0,N/A,N/A,10114.0,S700_2824,Hidden,82.94,10.0,N/A,N/A,N/A,N/A,None,unavailable,N/A,N/A,N/A,None,None,N/A,N/A,N/A,N/A,None,Hidden,N/A,N/A
orderdetails,0.0,N/A,N/A,N/A,N/A,N/A,N/A,N/A,N/A,unavailable,N/A,0.0,N/A,0.0,N/A,N/A,N/A,N/A,unavailable,1102.0,N/A,N/A,10115.0,S12_4473,Hidden,111.39,5.0,N/A,N/A,N/A,N/A,None,unavailable,N/A,N/A,N/A,None,None,N/A,N/A,N/A,N/A,None,Hidden,N/A,N/A
orderdetails,0.0,N/A,N/A,N/A,N/A,N/A,N/A,N/A,N/A,unavailable,N/A,0.0,N/A,0.0,N/A,N/A,N/A,N/A,unavailable,1102.0,N/A,N/A,10115.0,S18_2238,Hidden,140.81,4.0,N/A,N/A,N/A,N/A,None,unavailable,N/A,N/A,N/A,None,None,N/A,N/A,N/A,N/A,None,Hidden,N/A,N/A
orderdetails,0.0,N/A,N/A,N/A,N/A,N/A,N/A,N/A,N/A,unavailable,N/A,0.0,N/A,0.0,N/A,N/A,N/A,N/A,unavailable,1102.0,N/A,N/A,10115.0,S24_1444,Hidden,56.64,2.0,N/A,N/A,N/A,N/A,None,unavailable,N/A,N/A,N/A,None,None,N/A,N/A,N/A,N/A,None,Hidden,N/A,N/A
orderdetails,0.0,N/A,N/A,N/A,N/A,N/A,N/A,N/A,N/A,unavailable,N/A,0.0,N/A,0.0,N/A,N/A,N/A,N/A,unavailable,1102.0,N/A,N/A,10115.0,S24_4048,Hidden,106.45,1.0,N/A,N/A,N/A,N/A,None,unavailable,N/A,N/A,N/A,None,None,N/A,N/A,N/A,N/A,None,Hidden,N/A,N/A
orderdetails,0.0,N/A,N/A,N/A,N/A,N/A,N/A,N/A,N/A,unavailable,N/A,0.0,N/A,0.0,N/A,N/A,N/A,N/A,unavailable,1102.0,N/A,N/A,10115.0,S50_1392,Hidden,100.70,3.0,N/A,N/A,N/A,N/A,None,unavailable,N/A,N/A,N/A,None,None,N/A,N/A,N/A,N/A,None,Hidden,N/A,N/A
orderdetails,0.0,N/A,N/A,N/A,N/A,N/A,N/A,N/A,N/A,unavailable,N/A,0.0,N/A,0.0,N/A,N/A,N/A,N/A,unavailable,1102.0,N/A,N/A,10116.0,S32_3207,Hidden,60.28,1.0,N/A,N/A,N/A,N/A,None,unavailable,N/A,N/A,N/A,None,None,N/A,N/A,N/A,N/A,None,Hidden,N/A,N/A
orderdetails,0.0,N/A,N/A,N/A,N/A,N/A,N/A,N/A,N/A,unavailable,N/A,0.0,N/A,0.0,N/A,N/A,N/A,N/A,unavailable,1102.0,N/A,N/A,10117.0,S12_1108,Hidden,195.33,9.0,N/A,N/A,N/A,N/A,None,unavailable,N/A,N/A,N/A,None,None,N/A,N/A,N/A,N/A,None,Hidden,N/A,N/A
orderdetails,0.0,N/A,N/A,N/A,N/A,N/A,N/A,N/A,N/A,unavailable,N/A,0.0,N/A,0.0,N/A,N/A,N/A,N/A,unavailable,1102.0,N/A,N/A,10117.0,S12_3148,Hidden,148.06,10.0,N/A,N/A,N/A,N/A,None,unavailable,N/A,N/A,N/A,None,None,N/A,N/A,N/A,N/A,None,Hidden,N/A,N/A
orderdetails,0.0,N/A,N/A,N/A,N/A,N/A,N/A,N/A,N/A,unavailable,N/A,0.0,N/A,0.0,N/A,N/A,N/A,N/A,unavailable,1102.0,N/A,N/A,10117.0,S12_3891,Hidden,173.02,8.0,N/A,N/A,N/A,N/A,None,unavailable,N/A,N/A,N/A,None,None,N/A,N/A,N/A,N/A,None,Hidden,N/A,N/A
orderdetails,0.0,N/A,N/A,N/A,N/A,N/A,N/A,N/A,N/A,unavailable,N/A,0.0,N/A,0.0,N/A,N/A,N/A,N/A,unavailable,1102.0,N/A,N/A,10117.0,S18_3140,Hidden,121.57,5.0,N/A,N/A,N/A,N/A,None,unavailable,N/A,N/A,N/A,None,None,N/A,N/A,N/A,N/A,None,Hidden,N/A,N/A
orderdetails,0.0,N/A,N/A,N/A,N/A,N/A,N/A,N/A,N/A,unavailable,N/A,0.0,N/A,0.0,N/A,N/A,N/A,N/A,unavailable,1102.0,N/A,N/A,10117.0,S18_3259,Hidden,81.68,7.0,N/A,N/A,N/A,N/A,None,unavailable,N/A,N/A,N/A,None,None,N/A,N/A,N/A,N/A,None,Hidden,N/A,N/A
orderdetails,0.0,N/A,N/A,N/A,N/A,N/A,N/A,N/A,N/A,unavailable,N/A,0.0,N/A,0.0,N/A,N/A,N/A,N/A,unavailable,1102.0,N/A,N/A,10117.0,S18_4027,Hidden,122.08,12.0,N/A,N/A,N/A,N/A,None,unavailable,N/A,N/A,N/A,None,None,N/A,N/A,N/A,N/A,None,Hidden,N/A,N/A
orderdetails,0.0,N/A,N/A,N/A,N/A,N/A,N/A,N/A,N/A,unavailable,N/A,0.0,N/A,0.0,N/A,N/A,N/A,N/A,unavailable,1102.0,N/A,N/A,10117.0,S18_4522,Hidden,73.73,4.0,N/A,N/A,N/A,N/A,None,unavailable,N/A,N/A,N/A,None,None,N/A,N/A,N/A,N/A,None,Hidden,N/A,N/A
orderdetails,0.0,N/A,N/A,N/A,N/A,N/A,N/A,N/A,N/A,unavailable,N/A,0.0,N/A,0.0,N/A,N/A,N/A,N/A,unavailable,1102.0,N/A,N/A,10117.0,S24_2011,Hidden,119.20,3.0,N/A,N/A,N/A,N/A,None,unavailable,N/A,N/A,N/A,None,None,N/A,N/A,N/A,N/A,None,Hidden,N/A,N/A
orderdetails,0.0,N/A,N/A,N/A,N/A,N/A,N/A,N/A,N/A,unavailable,N/A,0.0,N/A,0.0,N/A,N/A,N/A,N/A,unavailable,1102.0,N/A,N/A,10117.0,S50_1514,Hidden,55.65,11.0,N/A,N/A,N/A,N/A,None,unavailable,N/A,N/A,N/A,None,None,N/A,N/A,N/A,N/A,None,Hidden,N/A,N/A
orderdetails,0.0,N/A,N/A,N/A,N/A,N/A,N/A,N/A,N/A,unavailable,N/A,0.0,N/A,0.0,N/A,N/A,N/A,N/A,unavailable,1102.0,N/A,N/A,10117.0,S700_1938,Hidden,75.35,6.0,N/A,N/A,N/A,N/A,None,unavailable,N/A,N/A,N/A,None,None,N/A,N/A,N/A,N/A,None,Hidden,N/A,N/A
orderdetails,0.0,N/A,N/A,N/A,N/A,N/A,N/A,N/A,N/A,unavailable,N/A,0.0,N/A,0.0,N/A,N/A,N/A,N/A,unavailable,1102.0,N/A,N/A,10117.0,S700_3962,Hidden,89.38,1.0,N/A,N/A,N/A,N/A,None,unavailable,N/A,N/A,N/A,None,None,N/A,N/A,N/A,N/A,None,Hidden,N/A,N/A
orderdetails,0.0,N/A,N/A,N/A,N/A,N/A,N/A,N/A,N/A,unavailable,N/A,0.0,N/A,0.0,N/A,N/A,N/A,N/A,unavailable,1102.0,N/A,N/A,10117.0,S72_3212,Hidden,52.42,2.0,N/A,N/A,N/A,N/A,None,unavailable,N/A,N/A,N/A,None,None,N/A,N/A,N/A,N/A,None,Hidden,N/A,N/A
orderdetails,0.0,N/A,N/A,N/A,N/A,N/A,N/A,N/A,N/A,unavailable,N/A,0.0,N/A,0.0,N/A,N/A,N/A,N/A,unavailable,1102.0,N/A,N/A,10118.0,S700_3505,Hidden,86.15,1.0,N/A,N/A,N/A,N/A,None,unavailable,N/A,N/A,N/A,None,None,N/A,N/A,N/A,N/A,None,Hidden,N/A,N/A
orderdetails,0.0,N/A,N/A,N/A,N/A,N/A,N/A,N/A,N/A,unavailable,N/A,0.0,N/A,0.0,N/A,N/A,N/A,N/A,unavailable,1102.0,N/A,N/A,10119.0,S10_4757,Hidden,112.88,11.0,N/A,N/A,N/A,N/A,None,unavailable,N/A,N/A,N/A,None,None,N/A,N/A,N/A,N/A,None,Hidden,N/A,N/A
orderdetails,0.0,N/A,N/A,N/A,N/A,N/A,N/A,N/A,N/A,unavailable,N/A,0.0,N/A,0.0,N/A,N/A,N/A,N/A,unavailable,1102.0,N/A,N/A,10119.0,S18_1662,Hidden,151.38,3.0,N/A,N/A,N/A,N/A,None,unavailable,N/A,N/A,N/A,None,None,N/A,N/A,N/A,N/A,None,Hidden,N/A,N/A
orderdetails,0.0,N/A,N/A,N/A,N/A,N/A,N/A,N/A,N/A,unavailable,N/A,0.0,N/A,0.0,N/A,N/A,N/A,N/A,unavailable,1102.0,N/A,N/A,10119.0,S18_3029,Hidden,74.84,9.0,N/A,N/A,N/A,N/A,None,unavailable,N/A,N/A,N/A,None,None,N/A,N/A,N/A,N/A,None,Hidden,N/A,N/A
orderdetails,0.0,N/A,N/A,N/A,N/A,N/A,N/A,N/A,N/A,unavailable,N/A,0.0,N/A,0.0,N/A,N/A,N/A,N/A,unavailable,1102.0,N/A,N/A,10119.0,S18_3856,Hidden,95.28,8.0,N/A,N/A,N/A,N/A,None,unavailable,N/A,N/A,N/A,None,None,N/A,N/A,N/A,N/A,None,Hidden,N/A,N/A
orderdetails,0.0,N/A,N/A,N/A,N/A,N/A,N/A,N/A,N/A,unavailable,N/A,0.0,N/A,0.0,N/A,N/A,N/A,N/A,unavailable,1102.0,N/A,N/A,10119.0,S24_2841,Hidden,64.40,4.0,N/A,N/A,N/A,N/A,None,unavailable,N/A,N/A,N/A,None,None,N/A,N/A,N/A,N/A,None,Hidden,N/A,N/A
orderdetails,0.0,N/A,N/A,N/A,N/A,N/A,N/A,N/A,N/A,unavailable,N/A,0.0,N/A,0.0,N/A,N/A,N/A,N/A,unavailable,1102.0,N/A,N/A,10119.0,S24_3151,Hidden,72.58,13.0,N/A,N/A,N/A,N/A,None,unavailable,N/A,N/A,N/A,None,None,N/A,N/A,N/A,N/A,None,Hidden,N/A,N/A
orderdetails,0.0,N/A,N/A,N/A,N/A,N/A,N/A,N/A,N/A,unavailable,N/A,0.0,N/A,0.0,N/A,N/A,N/A,N/A,unavailable,1102.0,N/A,N/A,10119.0,S24_3420,Hidden,63.12,5.0,N/A,N/A,N/A,N/A,None,unavailable,N/A,N/A,N/A,None,None,N/A,N/A,N/A,N/A,None,Hidden,N/A,N/A
orderdetails,0.0,N/A,N/A,N/A,N/A,N/A,N/A,N/A,N/A,unavailable,N/A,0.0,N/A,0.0,N/A,N/A,N/A,N/A,unavailable,1102.0,N/A,N/A,10119.0,S24_3816,Hidden,82.18,10.0,N/A,N/A,N/A,N/A,None,unavailable,N/A,N/A,N/A,None,None,N/A,N/A,N/A,N/A,None,Hidden,N/A,N/A
orderdetails,0.0,N/A,N/A,N/A,N/A,N/A,N/A,N/A,N/A,unavailable,N/A,0.0,N/A,0.0,N/A,N/A,N/A,N/A,unavailable,1102.0,N/A,N/A,10119.0,S24_3949,Hidden,62.10,2.0,N/A,N/A,N/A,N/A,None,unavailable,N/A,N/A,N/A,None,None,N/A,N/A,N/A,N/A,None,Hidden,N/A,N/A
orderdetails,0.0,N/A,N/A,N/A,N/A,N/A,N/A,N/A,N/A,unavailable,N/A,0.0,N/A,0.0,N/A,N/A,N/A,N/A,unavailable,1102.0,N/A,N/A,10119.0,S700_1138,Hidden,57.34,14.0,N/A,N/A,N/A,N/A,None,unavailable,N/A,N/A,N/A,None,None,N/A,N/A,N/A,N/A,None,Hidden,N/A,N/A
orderdetails,0.0,N/A,N/A,N/A,N/A,N/A,N/A,N/A,N/A,unavailable,N/A,0.0,N/A,0.0,N/A,N/A,N/A,N/A,unavailable,1102.0,N/A,N/A,10119.0,S700_2047,Hidden,74.23,7.0,N/A,N/A,N/A,N/A,None,unavailable,N/A,N/A,N/A,None,None,N/A,N/A,N/A,N/A,None,Hidden,N/A,N/A
orderdetails,0.0,N/A,N/A,N/A,N/A,N/A,N/A,N/A,N/A,unavailable,N/A,0.0,N/A,0.0,N/A,N/A,N/A,N/A,unavailable,1102.0,N/A,N/A,10119.0,S700_2610,Hidden,67.22,12.0,N/A,N/A,N/A,N/A,None,unavailable,N/A,N/A,N/A,None,None,N/A,N/A,N/A,N/A,None,Hidden,N/A,N/A
orderdetails,0.0,N/A,N/A,N/A,N/A,N/A,N/A,N/A,N/A,unavailable,N/A,0.0,N/A,0.0,N/A,N/A,N/A,N/A,unavailable,1102.0,N/A,N/A,10119.0,S700_4002,Hidden,63.67,1.0,N/A,N/A,N/A,N/A,None,unavailable,N/A,N/A,N/A,None,None,N/A,N/A,N/A,N/A,None,Hidden,N/A,N/A
orderdetails,0.0,N/A,N/A,N/A,N/A,N/A,N/A,N/A,N/A,unavailable,N/A,0.0,N/A,0.0,N/A,N/A,N/A,N/A,unavailable,1102.0,N/A,N/A,10119.0,S72_1253,Hidden,40.22,6.0,N/A,N/A,N/A,N/A,None,unavailable,N/A,N/A,N/A,None,None,N/A,N/A,N/A,N/A,None,Hidden,N/A,N/A
orderdetails,0.0,N/A,N/A,N/A,N/A,N/A,N/A,N/A,N/A,unavailable,N/A,0.0,N/A,0.0,N/A,N/A,N/A,N/A,unavailable,1102.0,N/A,N/A,10120.0,S10_2016,Hidden,118.94,3.0,N/A,N/A,N/A,N/A,None,unavailable,N/A,N/A,N/A,None,None,N/A,N/A,N/A,N/A,None,Hidden,N/A,N/A
orderdetails,0.0,N/A,N/A,N/A,N/A,N/A,N/A,N/A,N/A,unavailable,N/A,0.0,N/A,0.0,N/A,N/A,N/A,N/A,unavailable,1102.0,N/A,N/A,10120.0,S10_4698,Hidden,158.80,2.0,N/A,N/A,N/A,N/A,None,unavailable,N/A,N/A,N/A,None,None,N/A,N/A,N/A,N/A,None,Hidden,N/A,N/A
orderdetails,0.0,N/A,N/A,N/A,N/A,N/A,N/A,N/A,N/A,unavailable,N/A,0.0,N/A,0.0,N/A,N/A,N/A,N/A,unavailable,1102.0,N/A,N/A,10120.0,S18_2581,Hidden,82.79,8.0,N/A,N/A,N/A,N/A,None,unavailable,N/A,N/A,N/A,None,None,N/A,N/A,N/A,N/A,None,Hidden,N/A,N/A
orderdetails,0.0,N/A,N/A,N/A,N/A,N/A,N/A,N/A,N/A,unavailable,N/A,0.0,N/A,0.0,N/A,N/A,N/A,N/A,unavailable,1102.0,N/A,N/A,10120.0,S18_2625,Hidden,57.54,4.0,N/A,N/A,N/A,N/A,None,unavailable,N/A,N/A,N/A,None,None,N/A,N/A,N/A,N/A,None,Hidden,N/A,N/A
orderdetails,0.0,N/A,N/A,N/A,N/A,N/A,N/A,N/A,N/A,unavailable,N/A,0.0,N/A,0.0,N/A,N/A,N/A,N/A,unavailable,1102.0,N/A,N/A,10120.0,S24_1578,Hidden,110.45,1.0,N/A,N/A,N/A,N/A,None,unavailable,N/A,N/A,N/A,None,None,N/A,N/A,N/A,N/A,None,Hidden,N/A,N/A
orderdetails,0.0,N/A,N/A,N/A,N/A,N/A,N/A,N/A,N/A,unavailable,N/A,0.0,N/A,0.0,N/A,N/A,N/A,N/A,unavailable,1102.0,N/A,N/A,10120.0,S24_1785,Hidden,93.01,10.0,N/A,N/A,N/A,N/A,None,unavailable,N/A,N/A,N/A,None,None,N/A,N/A,N/A,N/A,None,Hidden,N/A,N/A
orderdetails,0.0,N/A,N/A,N/A,N/A,N/A,N/A,N/A,N/A,unavailable,N/A,0.0,N/A,0.0,N/A,N/A,N/A,N/A,unavailable,1102.0,N/A,N/A,10120.0,S24_2000,Hidden,72.36,5.0,N/A,N/A,N/A,N/A,None,unavailable,N/A,N/A,N/A,None,None,N/A,N/A,N/A,N/A,None,Hidden,N/A,N/A
orderdetails,0.0,N/A,N/A,N/A,N/A,N/A,N/A,N/A,N/A,unavailable,N/A,0.0,N/A,0.0,N/A,N/A,N/A,N/A,unavailable,1102.0,N/A,N/A,10120.0,S24_4278,Hidden,71.73,9.0,N/A,N/A,N/A,N/A,None,unavailable,N/A,N/A,N/A,None,None,N/A,N/A,N/A,N/A,None,Hidden,N/A,N/A
orderdetails,0.0,N/A,N/A,N/A,N/A,N/A,N/A,N/A,N/A,unavailable,N/A,0.0,N/A,0.0,N/A,N/A,N/A,N/A,unavailable,1102.0,N/A,N/A,10120.0,S32_1374,Hidden,94.90,6.0,N/A,N/A,N/A,N/A,None,unavailable,N/A,N/A,N/A,None,None,N/A,N/A,N/A,N/A,None,Hidden,N/A,N/A
orderdetails,0.0,N/A,N/A,N/A,N/A,N/A,N/A,N/A,N/A,unavailable,N/A,0.0,N/A,0.0,N/A,N/A,N/A,N/A,unavailable,1102.0,N/A,N/A,10120.0,S32_4289,Hidden,68.79,11.0,N/A,N/A,N/A,N/A,None,unavailable,N/A,N/A,N/A,None,None,N/A,N/A,N/A,N/A,None,Hidden,N/A,N/A
orderdetails,0.0,N/A,N/A,N/A,N/A,N/A,N/A,N/A,N/A,unavailable,N/A,0.0,N/A,0.0,N/A,N/A,N/A,N/A,unavailable,1102.0,N/A,N/A,10120.0,S50_1341,Hidden,41.46,12.0,N/A,N/A,N/A,N/A,None,unavailable,N/A,N/A,N/A,None,None,N/A,N/A,N/A,N/A,None,Hidden,N/A,N/A
orderdetails,0.0,N/A,N/A,N/A,N/A,N/A,N/A,N/A,N/A,unavailable,N/A,0.0,N/A,0.0,N/A,N/A,N/A,N/A,unavailable,1102.0,N/A,N/A,10120.0,S700_1691,Hidden,91.34,13.0,N/A,N/A,N/A,N/A,None,unavailable,N/A,N/A,N/A,None,None,N/A,N/A,N/A,N/A,None,Hidden,N/A,N/A
orderdetails,0.0,N/A,N/A,N/A,N/A,N/A,N/A,N/A,N/A,unavailable,N/A,0.0,N/A,0.0,N/A,N/A,N/A,N/A,unavailable,1102.0,N/A,N/A,10120.0,S700_2466,Hidden,81.77,15.0,N/A,N/A,N/A,N/A,None,unavailable,N/A,N/A,N/A,None,None,N/A,N/A,N/A,N/A,None,Hidden,N/A,N/A
orderdetails,0.0,N/A,N/A,N/A,N/A,N/A,N/A,N/A,N/A,unavailable,N/A,0.0,N/A,0.0,N/A,N/A,N/A,N/A,unavailable,1102.0,N/A,N/A,10120.0,S700_2834,Hidden,106.79,7.0,N/A,N/A,N/A,N/A,None,unavailable,N/A,N/A,N/A,None,None,N/A,N/A,N/A,N/A,None,Hidden,N/A,N/A
orderdetails,0.0,N/A,N/A,N/A,N/A,N/A,N/A,N/A,N/A,unavailable,N/A,0.0,N/A,0.0,N/A,N/A,N/A,N/A,unavailable,1102.0,N/A,N/A,10120.0,S700_3167,Hidden,72.00,14.0,N/A,N/A,N/A,N/A,None,unavailable,N/A,N/A,N/A,None,None,N/A,N/A,N/A,N/A,None,Hidden,N/A,N/A
orderdetails,0.0,N/A,N/A,N/A,N/A,N/A,N/A,N/A,N/A,unavailable,N/A,0.0,N/A,0.0,N/A,N/A,N/A,N/A,unavailable,1102.0,N/A,N/A,10121.0,S10_1678,Hidden,86.13,5.0,N/A,N/A,N/A,N/A,None,unavailable,N/A,N/A,N/A,None,None,N/A,N/A,N/A,N/A,None,Hidden,N/A,N/A
orderdetails,0.0,N/A,N/A,N/A,N/A,N/A,N/A,N/A,N/A,unavailable,N/A,0.0,N/A,0.0,N/A,N/A,N/A,N/A,unavailable,1102.0,N/A,N/A,10121.0,S12_2823,Hidden,126.52,4.0,N/A,N/A,N/A,N/A,None,unavailable,N/A,N/A,N/A,None,None,N/A,N/A,N/A,N/A,None,Hidden,N/A,N/A
orderdetails,0.0,N/A,N/A,N/A,N/A,N/A,N/A,N/A,N/A,unavailable,N/A,0.0,N/A,0.0,N/A,N/A,N/A,N/A,unavailable,1102.0,N/A,N/A,10121.0,S24_2360,Hidden,58.18,2.0,N/A,N/A,N/A,N/A,None,unavailable,N/A,N/A,N/A,None,None,N/A,N/A,N/A,N/A,None,Hidden,N/A,N/A
orderdetails,0.0,N/A,N/A,N/A,N/A,N/A,N/A,N/A,N/A,unavailable,N/A,0.0,N/A,0.0,N/A,N/A,N/A,N/A,unavailable,1102.0,N/A,N/A,10121.0,S32_4485,Hidden,95.93,3.0,N/A,N/A,N/A,N/A,None,unavailable,N/A,N/A,N/A,None,None,N/A,N/A,N/A,N/A,None,Hidden,N/A,N/A
orderdetails,0.0,N/A,N/A,N/A,N/A,N/A,N/A,N/A,N/A,unavailable,N/A,0.0,N/A,0.0,N/A,N/A,N/A,N/A,unavailable,1102.0,N/A,N/A,10121.0,S50_4713,Hidden,72.41,1.0,N/A,N/A,N/A,N/A,None,unavailable,N/A,N/A,N/A,None,None,N/A,N/A,N/A,N/A,None,Hidden,N/A,N/A
orderdetails,0.0,N/A,N/A,N/A,N/A,N/A,N/A,N/A,N/A,unavailable,N/A,0.0,N/A,0.0,N/A,N/A,N/A,N/A,unavailable,1102.0,N/A,N/A,10122.0,S12_1099,Hidden,155.66,10.0,N/A,N/A,N/A,N/A,None,unavailable,N/A,N/A,N/A,None,None,N/A,N/A,N/A,N/A,None,Hidden,N/A,N/A
orderdetails,0.0,N/A,N/A,N/A,N/A,N/A,N/A,N/A,N/A,unavailable,N/A,0.0,N/A,0.0,N/A,N/A,N/A,N/A,unavailable,1102.0,N/A,N/A,10122.0,S12_3380,Hidden,113.92,8.0,N/A,N/A,N/A,N/A,None,unavailable,N/A,N/A,N/A,None,None,N/A,N/A,N/A,N/A,None,Hidden,N/A,N/A
orderdetails,0.0,N/A,N/A,N/A,N/A,N/A,N/A,N/A,N/A,unavailable,N/A,0.0,N/A,0.0,N/A,N/A,N/A,N/A,unavailable,1102.0,N/A,N/A,10122.0,S12_3990,Hidden,65.44,11.0,N/A,N/A,N/A,N/A,None,unavailable,N/A,N/A,N/A,None,None,N/A,N/A,N/A,N/A,None,Hidden,N/A,N/A
orderdetails,0.0,N/A,N/A,N/A,N/A,N/A,N/A,N/A,N/A,unavailable,N/A,0.0,N/A,0.0,N/A,N/A,N/A,N/A,unavailable,1102.0,N/A,N/A,10122.0,S12_4675,Hidden,104.80,7.0,N/A,N/A,N/A,N/A,None,unavailable,N/A,N/A,N/A,None,None,N/A,N/A,N/A,N/A,None,Hidden,N/A,N/A
orderdetails,0.0,N/A,N/A,N/A,N/A,N/A,N/A,N/A,N/A,unavailable,N/A,0.0,N/A,0.0,N/A,N/A,N/A,N/A,unavailable,1102.0,N/A,N/A,10122.0,S18_1129,Hidden,114.65,2.0,N/A,N/A,N/A,N/A,None,unavailable,N/A,N/A,N/A,None,None,N/A,N/A,N/A,N/A,None,Hidden,N/A,N/A
orderdetails,0.0,N/A,N/A,N/A,N/A,N/A,N/A,N/A,N/A,unavailable,N/A,0.0,N/A,0.0,N/A,N/A,N/A,N/A,unavailable,1102.0,N/A,N/A,10122.0,S18_1889,Hidden,62.37,6.0,N/A,N/A,N/A,N/A,None,unavailable,N/A,N/A,N/A,None,None,N/A,N/A,N/A,N/A,None,Hidden,N/A,N/A
orderdetails,0.0,N/A,N/A,N/A,N/A,N/A,N/A,N/A,N/A,unavailable,N/A,0.0,N/A,0.0,N/A,N/A,N/A,N/A,unavailable,1102.0,N/A,N/A,10122.0,S18_1984,Hidden,113.80,1.0,N/A,N/A,N/A,N/A,None,unavailable,N/A,N/A,N/A,None,None,N/A,N/A,N/A,N/A,None,Hidden,N/A,N/A
orderdetails,0.0,N/A,N/A,N/A,N/A,N/A,N/A,N/A,N/A,unavailable,N/A,0.0,N/A,0.0,N/A,N/A,N/A,N/A,unavailable,1102.0,N/A,N/A,10122.0,S18_3232,Hidden,137.17,3.0,N/A,N/A,N/A,N/A,None,unavailable,N/A,N/A,N/A,None,None,N/A,N/A,N/A,N/A,None,Hidden,N/A,N/A
orderdetails,0.0,N/A,N/A,N/A,N/A,N/A,N/A,N/A,N/A,unavailable,N/A,0.0,N/A,0.0,N/A,N/A,N/A,N/A,unavailable,1102.0,N/A,N/A,10122.0,S18_3278,Hidden,69.15,13.0,N/A,N/A,N/A,N/A,None,unavailable,N/A,N/A,N/A,None,None,N/A,N/A,N/A,N/A,None,Hidden,N/A,N/A
orderdetails,0.0,N/A,N/A,N/A,N/A,N/A,N/A,N/A,N/A,unavailable,N/A,0.0,N/A,0.0,N/A,N/A,N/A,N/A,unavailable,1102.0,N/A,N/A,10122.0,S18_3482,Hidden,133.76,12.0,N/A,N/A,N/A,N/A,None,unavailable,N/A,N/A,N/A,None,None,N/A,N/A,N/A,N/A,None,Hidden,N/A,N/A
orderdetails,0.0,N/A,N/A,N/A,N/A,N/A,N/A,N/A,N/A,unavailable,N/A,0.0,N/A,0.0,N/A,N/A,N/A,N/A,unavailable,1102.0,N/A,N/A,10122.0,S18_3782,Hidden,59.06,16.0,N/A,N/A,N/A,N/A,None,unavailable,N/A,N/A,N/A,None,None,N/A,N/A,N/A,N/A,None,Hidden,N/A,N/A
orderdetails,0.0,N/A,N/A,N/A,N/A,N/A,N/A,N/A,N/A,unavailable,N/A,0.0,N/A,0.0,N/A,N/A,N/A,N/A,unavailable,1102.0,N/A,N/A,10122.0,S18_4721,Hidden,145.82,15.0,N/A,N/A,N/A,N/A,None,unavailable,N/A,N/A,N/A,None,None,N/A,N/A,N/A,N/A,None,Hidden,N/A,N/A
orderdetails,0.0,N/A,N/A,N/A,N/A,N/A,N/A,N/A,N/A,unavailable,N/A,0.0,N/A,0.0,N/A,N/A,N/A,N/A,unavailable,1102.0,N/A,N/A,10122.0,S24_2972,Hidden,34.74,4.0,N/A,N/A,N/A,N/A,None,unavailable,N/A,N/A,N/A,None,None,N/A,N/A,N/A,N/A,None,Hidden,N/A,N/A
orderdetails,0.0,N/A,N/A,N/A,N/A,N/A,N/A,N/A,N/A,unavailable,N/A,0.0,N/A,0.0,N/A,N/A,N/A,N/A,unavailable,1102.0,N/A,N/A,10122.0,S24_3371,Hidden,50.82,9.0,N/A,N/A,N/A,N/A,None,unavailable,N/A,N/A,N/A,None,None,N/A,N/A,N/A,N/A,None,Hidden,N/A,N/A
orderdetails,0.0,N/A,N/A,N/A,N/A,N/A,N/A,N/A,N/A,unavailable,N/A,0.0,N/A,0.0,N/A,N/A,N/A,N/A,unavailable,1102.0,N/A,N/A,10122.0,S24_3856,Hidden,136.22,5.0,N/A,N/A,N/A,N/A,None,unavailable,N/A,N/A,N/A,None,None,N/A,N/A,N/A,N/A,None,Hidden,N/A,N/A
orderdetails,0.0,N/A,N/A,N/A,N/A,N/A,N/A,N/A,N/A,unavailable,N/A,0.0,N/A,0.0,N/A,N/A,N/A,N/A,unavailable,1102.0,N/A,N/A,10122.0,S24_4620,Hidden,67.10,14.0,N/A,N/A,N/A,N/A,None,unavailable,N/A,N/A,N/A,None,None,N/A,N/A,N/A,N/A,None,Hidden,N/A,N/A
orderdetails,0.0,N/A,N/A,N/A,N/A,N/A,N/A,N/A,N/A,unavailable,N/A,0.0,N/A,0.0,N/A,N/A,N/A,N/A,unavailable,1102.0,N/A,N/A,10122.0,S32_2206,Hidden,33.79,17.0,N/A,N/A,N/A,N/A,None,unavailable,N/A,N/A,N/A,None,None,N/A,N/A,N/A,N/A,None,Hidden,N/A,N/A
orderdetails,0.0,N/A,N/A,N/A,N/A,N/A,N/A,N/A,N/A,unavailable,N/A,0.0,N/A,0.0,N/A,N/A,N/A,N/A,unavailable,1102.0,N/A,N/A,10123.0,S18_1589,Hidden,120.71,2.0,N/A,N/A,N/A,N/A,None,unavailable,N/A,N/A,N/A,None,None,N/A,N/A,N/A,N/A,None,Hidden,N/A,N/A
orderdetails,0.0,N/A,N/A,N/A,N/A,N/A,N/A,N/A,N/A,unavailable,N/A,0.0,N/A,0.0,N/A,N/A,N/A,N/A,unavailable,1102.0,N/A,N/A,10123.0,S18_2870,Hidden,114.84,3.0,N/A,N/A,N/A,N/A,None,unavailable,N/A,N/A,N/A,None,None,N/A,N/A,N/A,N/A,None,Hidden,N/A,N/A
orderdetails,0.0,N/A,N/A,N/A,N/A,N/A,N/A,N/A,N/A,unavailable,N/A,0.0,N/A,0.0,N/A,N/A,N/A,N/A,unavailable,1102.0,N/A,N/A,10123.0,S18_3685,Hidden,117.26,4.0,N/A,N/A,N/A,N/A,None,unavailable,N/A,N/A,N/A,None,None,N/A,N/A,N/A,N/A,None,Hidden,N/A,N/A
orderdetails,0.0,N/A,N/A,N/A,N/A,N/A,N/A,N/A,N/A,unavailable,N/A,0.0,N/A,0.0,N/A,N/A,N/A,N/A,unavailable,1102.0,N/A,N/A,10123.0,S24_1628,Hidden,43.27,1.0,N/A,N/A,N/A,N/A,None,unavailable,N/A,N/A,N/A,None,None,N/A,N/A,N/A,N/A,None,Hidden,N/A,N/A
orderdetails,0.0,N/A,N/A,N/A,N/A,N/A,N/A,N/A,N/A,unavailable,N/A,0.0,N/A,0.0,N/A,N/A,N/A,N/A,unavailable,1102.0,N/A,N/A,10124.0,S18_1749,Hidden,153.00,6.0,N/A,N/A,N/A,N/A,None,unavailable,N/A,N/A,N/A,None,None,N/A,N/A,N/A,N/A,None,Hidden,N/A,N/A
orderdetails,0.0,N/A,N/A,N/A,N/A,N/A,N/A,N/A,N/A,unavailable,N/A,0.0,N/A,0.0,N/A,N/A,N/A,N/A,unavailable,1102.0,N/A,N/A,10124.0,S18_2248,Hidden,58.12,5.0,N/A,N/A,N/A,N/A,None,unavailable,N/A,N/A,N/A,None,None,N/A,N/A,N/A,N/A,None,Hidden,N/A,N/A
orderdetails,0.0,N/A,N/A,N/A,N/A,N/A,N/A,N/A,N/A,unavailable,N/A,0.0,N/A,0.0,N/A,N/A,N/A,N/A,unavailable,1102.0,N/A,N/A,10124.0,S18_2325,Hidden,111.87,3.0,N/A,N/A,N/A,N/A,None,unavailable,N/A,N/A,N/A,None,None,N/A,N/A,N/A,N/A,None,Hidden,N/A,N/A
orderdetails,0.0,N/A,N/A,N/A,N/A,N/A,N/A,N/A,N/A,unavailable,N/A,0.0,N/A,0.0,N/A,N/A,N/A,N/A,unavailable,1102.0,N/A,N/A,10124.0,S18_4409,Hidden,75.46,7.0,N/A,N/A,N/A,N/A,None,unavailable,N/A,N/A,N/A,None,None,N/A,N/A,N/A,N/A,None,Hidden,N/A,N/A
orderdetails,0.0,N/A,N/A,N/A,N/A,N/A,N/A,N/A,N/A,unavailable,N/A,0.0,N/A,0.0,N/A,N/A,N/A,N/A,unavailable,1102.0,N/A,N/A,10124.0,S18_4933,Hidden,66.28,8.0,N/A,N/A,N/A,N/A,None,unavailable,N/A,N/A,N/A,None,None,N/A,N/A,N/A,N/A,None,Hidden,N/A,N/A
orderdetails,0.0,N/A,N/A,N/A,N/A,N/A,N/A,N/A,N/A,unavailable,N/A,0.0,N/A,0.0,N/A,N/A,N/A,N/A,unavailable,1102.0,N/A,N/A,10124.0,S24_1046,Hidden,62.47,12.0,N/A,N/A,N/A,N/A,None,unavailable,N/A,N/A,N/A,None,None,N/A,N/A,N/A,N/A,None,Hidden,N/A,N/A
orderdetails,0.0,N/A,N/A,N/A,N/A,N/A,N/A,N/A,N/A,unavailable,N/A,0.0,N/A,0.0,N/A,N/A,N/A,N/A,unavailable,1102.0,N/A,N/A,10124.0,S24_1937,Hidden,30.53,2.0,N/A,N/A,N/A,N/A,None,unavailable,N/A,N/A,N/A,None,None,N/A,N/A,N/A,N/A,None,Hidden,N/A,N/A
orderdetails,0.0,N/A,N/A,N/A,N/A,N/A,N/A,N/A,N/A,unavailable,N/A,0.0,N/A,0.0,N/A,N/A,N/A,N/A,unavailable,1102.0,N/A,N/A,10124.0,S24_2022,Hidden,36.29,1.0,N/A,N/A,N/A,N/A,None,unavailable,N/A,N/A,N/A,None,None,N/A,N/A,N/A,N/A,None,Hidden,N/A,N/A
orderdetails,0.0,N/A,N/A,N/A,N/A,N/A,N/A,N/A,N/A,unavailable,N/A,0.0,N/A,0.0,N/A,N/A,N/A,N/A,unavailable,1102.0,N/A,N/A,10124.0,S24_2766,Hidden,74.51,10.0,N/A,N/A,N/A,N/A,None,unavailable,N/A,N/A,N/A,None,None,N/A,N/A,N/A,N/A,None,Hidden,N/A,N/A
orderdetails,0.0,N/A,N/A,N/A,N/A,N/A,N/A,N/A,N/A,unavailable,N/A,0.0,N/A,0.0,N/A,N/A,N/A,N/A,unavailable,1102.0,N/A,N/A,10124.0,S24_2887,Hidden,93.95,9.0,N/A,N/A,N/A,N/A,None,unavailable,N/A,N/A,N/A,None,None,N/A,N/A,N/A,N/A,None,Hidden,N/A,N/A
orderdetails,0.0,N/A,N/A,N/A,N/A,N/A,N/A,N/A,N/A,unavailable,N/A,0.0,N/A,0.0,N/A,N/A,N/A,N/A,unavailable,1102.0,N/A,N/A,10124.0,S24_3191,Hidden,76.19,11.0,N/A,N/A,N/A,N/A,None,unavailable,N/A,N/A,N/A,None,None,N/A,N/A,N/A,N/A,None,Hidden,N/A,N/A
orderdetails,0.0,N/A,N/A,N/A,N/A,N/A,N/A,N/A,N/A,unavailable,N/A,0.0,N/A,0.0,N/A,N/A,N/A,N/A,unavailable,1102.0,N/A,N/A,10124.0,S24_3432,Hidden,101.73,13.0,N/A,N/A,N/A,N/A,None,unavailable,N/A,N/A,N/A,None,None,N/A,N/A,N/A,N/A,None,Hidden,N/A,N/A
orderdetails,0.0,N/A,N/A,N/A,N/A,N/A,N/A,N/A,N/A,unavailable,N/A,0.0,N/A,0.0,N/A,N/A,N/A,N/A,unavailable,1102.0,N/A,N/A,10124.0,S24_3969,Hidden,36.11,4.0,N/A,N/A,N/A,N/A,None,unavailable,N/A,N/A,N/A,None,None,N/A,N/A,N/A,N/A,None,Hidden,N/A,N/A
orderdetails,0.0,N/A,N/A,N/A,N/A,N/A,N/A,N/A,N/A,unavailable,N/A,0.0,N/A,0.0,N/A,N/A,N/A,N/A,unavailable,1102.0,N/A,N/A,10125.0,S18_1342,Hidden,89.38,1.0,N/A,N/A,N/A,N/A,None,unavailable,N/A,N/A,N/A,None,None,N/A,N/A,N/A,N/A,None,Hidden,N/A,N/A
orderdetails,0.0,N/A,N/A,N/A,N/A,N/A,N/A,N/A,N/A,unavailable,N/A,0.0,N/A,0.0,N/A,N/A,N/A,N/A,unavailable,1102.0,N/A,N/A,10125.0,S18_2795,Hidden,138.38,2.0,N/A,N/A,N/A,N/A,None,unavailable,N/A,N/A,N/A,None,None,N/A,N/A,N/A,N/A,None,Hidden,N/A,N/A
orderdetails,0.0,N/A,N/A,N/A,N/A,N/A,N/A,N/A,N/A,unavailable,N/A,0.0,N/A,0.0,N/A,N/A,N/A,N/A,unavailable,1102.0,N/A,N/A,10126.0,S10_1949,Hidden,205.73,11.0,N/A,N/A,N/A,N/A,None,unavailable,N/A,N/A,N/A,None,None,N/A,N/A,N/A,N/A,None,Hidden,N/A,N/A
orderdetails,0.0,N/A,N/A,N/A,N/A,N/A,N/A,N/A,N/A,unavailable,N/A,0.0,N/A,0.0,N/A,N/A,N/A,N/A,unavailable,1102.0,N/A,N/A,10126.0,S10_4962,Hidden,122.62,4.0,N/A,N/A,N/A,N/A,None,unavailable,N/A,N/A,N/A,None,None,N/A,N/A,N/A,N/A,None,Hidden,N/A,N/A
orderdetails,0.0,N/A,N/A,N/A,N/A,N/A,N/A,N/A,N/A,unavailable,N/A,0.0,N/A,0.0,N/A,N/A,N/A,N/A,unavailable,1102.0,N/A,N/A,10126.0,S12_1666,Hidden,135.30,8.0,N/A,N/A,N/A,N/A,None,unavailable,N/A,N/A,N/A,None,None,N/A,N/A,N/A,N/A,None,Hidden,N/A,N/A
orderdetails,0.0,N/A,N/A,N/A,N/A,N/A,N/A,N/A,N/A,unavailable,N/A,0.0,N/A,0.0,N/A,N/A,N/A,N/A,unavailable,1102.0,N/A,N/A,10126.0,S18_1097,Hidden,116.67,10.0,N/A,N/A,N/A,N/A,None,unavailable,N/A,N/A,N/A,None,None,N/A,N/A,N/A,N/A,None,Hidden,N/A,N/A
orderdetails,0.0,N/A,N/A,N/A,N/A,N/A,N/A,N/A,N/A,unavailable,N/A,0.0,N/A,0.0,N/A,N/A,N/A,N/A,unavailable,1102.0,N/A,N/A,10126.0,S18_1367,Hidden,51.21,17.0,N/A,N/A,N/A,N/A,None,unavailable,N/A,N/A,N/A,None,None,N/A,N/A,N/A,N/A,None,Hidden,N/A,N/A
orderdetails,0.0,N/A,N/A,N/A,N/A,N/A,N/A,N/A,N/A,unavailable,N/A,0.0,N/A,0.0,N/A,N/A,N/A,N/A,unavailable,1102.0,N/A,N/A,10126.0,S18_2432,Hidden,51.05,2.0,N/A,N/A,N/A,N/A,None,unavailable,N/A,N/A,N/A,None,None,N/A,N/A,N/A,N/A,None,Hidden,N/A,N/A
orderdetails,0.0,N/A,N/A,N/A,N/A,N/A,N/A,N/A,N/A,unavailable,N/A,0.0,N/A,0.0,N/A,N/A,N/A,N/A,unavailable,1102.0,N/A,N/A,10126.0,S18_2949,Hidden,93.21,12.0,N/A,N/A,N/A,N/A,None,unavailable,N/A,N/A,N/A,None,None,N/A,N/A,N/A,N/A,None,Hidden,N/A,N/A
orderdetails,0.0,N/A,N/A,N/A,N/A,N/A,N/A,N/A,N/A,unavailable,N/A,0.0,N/A,0.0,N/A,N/A,N/A,N/A,unavailable,1102.0,N/A,N/A,10126.0,S18_2957,Hidden,61.84,14.0,N/A,N/A,N/A,N/A,None,unavailable,N/A,N/A,N/A,None,None,N/A,N/A,N/A,N/A,None,Hidden,N/A,N/A
orderdetails,0.0,N/A,N/A,N/A,N/A,N/A,N/A,N/A,N/A,unavailable,N/A,0.0,N/A,0.0,N/A,N/A,N/A,N/A,unavailable,1102.0,N/A,N/A,10126.0,S18_3136,Hidden,93.20,13.0,N/A,N/A,N/A,N/A,None,unavailable,N/A,N/A,N/A,None,None,N/A,N/A,N/A,N/A,None,Hidden,N/A,N/A
orderdetails,0.0,N/A,N/A,N/A,N/A,N/A,N/A,N/A,N/A,unavailable,N/A,0.0,N/A,0.0,N/A,N/A,N/A,N/A,unavailable,1102.0,N/A,N/A,10126.0,S18_3320,Hidden,94.25,16.0,N/A,N/A,N/A,N/A,None,unavailable,N/A,N/A,N/A,None,None,N/A,N/A,N/A,N/A,None,Hidden,N/A,N/A
orderdetails,0.0,N/A,N/A,N/A,N/A,N/A,N/A,N/A,N/A,unavailable,N/A,0.0,N/A,0.0,N/A,N/A,N/A,N/A,unavailable,1102.0,N/A,N/A,10126.0,S18_4600,Hidden,102.92,5.0,N/A,N/A,N/A,N/A,None,unavailable,N/A,N/A,N/A,None,None,N/A,N/A,N/A,N/A,None,Hidden,N/A,N/A
orderdetails,0.0,N/A,N/A,N/A,N/A,N/A,N/A,N/A,N/A,unavailable,N/A,0.0,N/A,0.0,N/A,N/A,N/A,N/A,unavailable,1102.0,N/A,N/A,10126.0,S18_4668,Hidden,47.29,9.0,N/A,N/A,N/A,N/A,None,unavailable,N/A,N/A,N/A,None,None,N/A,N/A,N/A,N/A,None,Hidden,N/A,N/A
orderdetails,0.0,N/A,N/A,N/A,N/A,N/A,N/A,N/A,N/A,unavailable,N/A,0.0,N/A,0.0,N/A,N/A,N/A,N/A,unavailable,1102.0,N/A,N/A,10126.0,S24_2300,Hidden,122.68,1.0,N/A,N/A,N/A,N/A,None,unavailable,N/A,N/A,N/A,None,None,N/A,N/A,N/A,N/A,None,Hidden,N/A,N/A
orderdetails,0.0,N/A,N/A,N/A,N/A,N/A,N/A,N/A,N/A,unavailable,N/A,0.0,N/A,0.0,N/A,N/A,N/A,N/A,unavailable,1102.0,N/A,N/A,10126.0,S24_4258,Hidden,83.76,15.0,N/A,N/A,N/A,N/A,None,unavailable,N/A,N/A,N/A,None,None,N/A,N/A,N/A,N/A,None,Hidden,N/A,N/A
orderdetails,0.0,N/A,N/A,N/A,N/A,N/A,N/A,N/A,N/A,unavailable,N/A,0.0,N/A,0.0,N/A,N/A,N/A,N/A,unavailable,1102.0,N/A,N/A,10126.0,S32_1268,Hidden,82.83,3.0,N/A,N/A,N/A,N/A,None,unavailable,N/A,N/A,N/A,None,None,N/A,N/A,N/A,N/A,None,Hidden,N/A,N/A
orderdetails,0.0,N/A,N/A,N/A,N/A,N/A,N/A,N/A,N/A,unavailable,N/A,0.0,N/A,0.0,N/A,N/A,N/A,N/A,unavailable,1102.0,N/A,N/A,10126.0,S32_3522,Hidden,62.05,7.0,N/A,N/A,N/A,N/A,None,unavailable,N/A,N/A,N/A,None,None,N/A,N/A,N/A,N/A,None,Hidden,N/A,N/A
orderdetails,0.0,N/A,N/A,N/A,N/A,N/A,N/A,N/A,N/A,unavailable,N/A,0.0,N/A,0.0,N/A,N/A,N/A,N/A,unavailable,1102.0,N/A,N/A,10126.0,S700_2824,Hidden,97.10,6.0,N/A,N/A,N/A,N/A,None,unavailable,N/A,N/A,N/A,None,None,N/A,N/A,N/A,N/A,None,Hidden,N/A,N/A
orderdetails,0.0,N/A,N/A,N/A,N/A,N/A,N/A,N/A,N/A,unavailable,N/A,0.0,N/A,0.0,N/A,N/A,N/A,N/A,unavailable,1102.0,N/A,N/A,10127.0,S12_1108,Hidden,193.25,2.0,N/A,N/A,N/A,N/A,None,unavailable,N/A,N/A,N/A,None,None,N/A,N/A,N/A,N/A,None,Hidden,N/A,N/A
orderdetails,0.0,N/A,N/A,N/A,N/A,N/A,N/A,N/A,N/A,unavailable,N/A,0.0,N/A,0.0,N/A,N/A,N/A,N/A,unavailable,1102.0,N/A,N/A,10127.0,S12_3148,Hidden,140.50,3.0,N/A,N/A,N/A,N/A,None,unavailable,N/A,N/A,N/A,None,None,N/A,N/A,N/A,N/A,None,Hidden,N/A,N/A
orderdetails,0.0,N/A,N/A,N/A,N/A,N/A,N/A,N/A,N/A,unavailable,N/A,0.0,N/A,0.0,N/A,N/A,N/A,N/A,unavailable,1102.0,N/A,N/A,10127.0,S12_3891,Hidden,169.56,1.0,N/A,N/A,N/A,N/A,None,unavailable,N/A,N/A,N/A,None,None,N/A,N/A,N/A,N/A,None,Hidden,N/A,N/A
orderdetails,0.0,N/A,N/A,N/A,N/A,N/A,N/A,N/A,N/A,unavailable,N/A,0.0,N/A,0.0,N/A,N/A,N/A,N/A,unavailable,1102.0,N/A,N/A,10127.0,S12_4473,Hidden,100.73,11.0,N/A,N/A,N/A,N/A,None,unavailable,N/A,N/A,N/A,None,None,N/A,N/A,N/A,N/A,None,Hidden,N/A,N/A
orderdetails,0.0,N/A,N/A,N/A,N/A,N/A,N/A,N/A,N/A,unavailable,N/A,0.0,N/A,0.0,N/A,N/A,N/A,N/A,unavailable,1102.0,N/A,N/A,10127.0,S18_2238,Hidden,140.81,10.0,N/A,N/A,N/A,N/A,None,unavailable,N/A,N/A,N/A,None,None,N/A,N/A,N/A,N/A,None,Hidden,N/A,N/A
orderdetails,0.0,N/A,N/A,N/A,N/A,N/A,N/A,N/A,N/A,unavailable,N/A,0.0,N/A,0.0,N/A,N/A,N/A,N/A,unavailable,1102.0,N/A,N/A,10127.0,S18_2319,Hidden,114.14,14.0,N/A,N/A,N/A,N/A,None,unavailable,N/A,N/A,N/A,None,None,N/A,N/A,N/A,N/A,None,Hidden,N/A,N/A
orderdetails,0.0,N/A,N/A,N/A,N/A,N/A,N/A,N/A,N/A,unavailable,N/A,0.0,N/A,0.0,N/A,N/A,N/A,N/A,unavailable,1102.0,N/A,N/A,10127.0,S18_3232,Hidden,149.02,15.0,N/A,N/A,N/A,N/A,None,unavailable,N/A,N/A,N/A,None,None,N/A,N/A,N/A,N/A,None,Hidden,N/A,N/A
orderdetails,0.0,N/A,N/A,N/A,N/A,N/A,N/A,N/A,N/A,unavailable,N/A,0.0,N/A,0.0,N/A,N/A,N/A,N/A,unavailable,1102.0,N/A,N/A,10127.0,S18_4027,Hidden,126.39,5.0,N/A,N/A,N/A,N/A,None,unavailable,N/A,N/A,N/A,None,None,N/A,N/A,N/A,N/A,None,Hidden,N/A,N/A
orderdetails,0.0,N/A,N/A,N/A,N/A,N/A,N/A,N/A,N/A,unavailable,N/A,0.0,N/A,0.0,N/A,N/A,N/A,N/A,unavailable,1102.0,N/A,N/A,10127.0,S24_1444,Hidden,50.86,8.0,N/A,N/A,N/A,N/A,None,unavailable,N/A,N/A,N/A,None,None,N/A,N/A,N/A,N/A,None,Hidden,N/A,N/A
orderdetails,0.0,N/A,N/A,N/A,N/A,N/A,N/A,N/A,N/A,unavailable,N/A,0.0,N/A,0.0,N/A,N/A,N/A,N/A,unavailable,1102.0,N/A,N/A,10127.0,S24_2840,Hidden,34.30,12.0,N/A,N/A,N/A,N/A,None,unavailable,N/A,N/A,N/A,None,None,N/A,N/A,N/A,N/A,None,Hidden,N/A,N/A
orderdetails,0.0,N/A,N/A,N/A,N/A,N/A,N/A,N/A,N/A,unavailable,N/A,0.0,N/A,0.0,N/A,N/A,N/A,N/A,unavailable,1102.0,N/A,N/A,10127.0,S24_4048,Hidden,107.63,7.0,N/A,N/A,N/A,N/A,None,unavailable,N/A,N/A,N/A,None,None,N/A,N/A,N/A,N/A,None,Hidden,N/A,N/A
orderdetails,0.0,N/A,N/A,N/A,N/A,N/A,N/A,N/A,N/A,unavailable,N/A,0.0,N/A,0.0,N/A,N/A,N/A,N/A,unavailable,1102.0,N/A,N/A,10127.0,S32_2509,Hidden,46.53,13.0,N/A,N/A,N/A,N/A,None,unavailable,N/A,N/A,N/A,None,None,N/A,N/A,N/A,N/A,None,Hidden,N/A,N/A
orderdetails,0.0,N/A,N/A,N/A,N/A,N/A,N/A,N/A,N/A,unavailable,N/A,0.0,N/A,0.0,N/A,N/A,N/A,N/A,unavailable,1102.0,N/A,N/A,10127.0,S32_3207,Hidden,60.90,6.0,N/A,N/A,N/A,N/A,None,unavailable,N/A,N/A,N/A,None,None,N/A,N/A,N/A,N/A,None,Hidden,N/A,N/A
orderdetails,0.0,N/A,N/A,N/A,N/A,N/A,N/A,N/A,N/A,unavailable,N/A,0.0,N/A,0.0,N/A,N/A,N/A,N/A,unavailable,1102.0,N/A,N/A,10127.0,S50_1392,Hidden,111.12,9.0,N/A,N/A,N/A,N/A,None,unavailable,N/A,N/A,N/A,None,None,N/A,N/A,N/A,N/A,None,Hidden,N/A,N/A
orderdetails,0.0,N/A,N/A,N/A,N/A,N/A,N/A,N/A,N/A,unavailable,N/A,0.0,N/A,0.0,N/A,N/A,N/A,N/A,unavailable,1102.0,N/A,N/A,10127.0,S50_1514,Hidden,55.65,4.0,N/A,N/A,N/A,N/A,None,unavailable,N/A,N/A,N/A,None,None,N/A,N/A,N/A,N/A,None,Hidden,N/A,N/A
orderdetails,0.0,N/A,N/A,N/A,N/A,N/A,N/A,N/A,N/A,unavailable,N/A,0.0,N/A,0.0,N/A,N/A,N/A,N/A,unavailable,1102.0,N/A,N/A,10128.0,S18_3140,Hidden,120.20,2.0,N/A,N/A,N/A,N/A,None,unavailable,N/A,N/A,N/A,None,None,N/A,N/A,N/A,N/A,None,Hidden,N/A,N/A
orderdetails,0.0,N/A,N/A,N/A,N/A,N/A,N/A,N/A,N/A,unavailable,N/A,0.0,N/A,0.0,N/A,N/A,N/A,N/A,unavailable,1102.0,N/A,N/A,10128.0,S18_3259,Hidden,80.67,4.0,N/A,N/A,N/A,N/A,None,unavailable,N/A,N/A,N/A,None,None,N/A,N/A,N/A,N/A,None,Hidden,N/A,N/A
orderdetails,0.0,N/A,N/A,N/A,N/A,N/A,N/A,N/A,N/A,unavailable,N/A,0.0,N/A,0.0,N/A,N/A,N/A,N/A,unavailable,1102.0,N/A,N/A,10128.0,S18_4522,Hidden,77.24,1.0,N/A,N/A,N/A,N/A,None,unavailable,N/A,N/A,N/A,None,None,N/A,N/A,N/A,N/A,None,Hidden,N/A,N/A
orderdetails,0.0,N/A,N/A,N/A,N/A,N/A,N/A,N/A,N/A,unavailable,N/A,0.0,N/A,0.0,N/A,N/A,N/A,N/A,unavailable,1102.0,N/A,N/A,10128.0,S700_1938,Hidden,72.75,3.0,N/A,N/A,N/A,N/A,None,unavailable,N/A,N/A,N/A,None,None,N/A,N/A,N/A,N/A,None,Hidden,N/A,N/A
orderdetails,0.0,N/A,N/A,N/A,N/A,N/A,N/A,N/A,N/A,unavailable,N/A,0.0,N/A,0.0,N/A,N/A,N/A,N/A,unavailable,1102.0,N/A,N/A,10129.0,S10_4757,Hidden,123.76,2.0,N/A,N/A,N/A,N/A,None,unavailable,N/A,N/A,N/A,None,None,N/A,N/A,N/A,N/A,None,Hidden,N/A,N/A
orderdetails,0.0,N/A,N/A,N/A,N/A,N/A,N/A,N/A,N/A,unavailable,N/A,0.0,N/A,0.0,N/A,N/A,N/A,N/A,unavailable,1102.0,N/A,N/A,10129.0,S24_2011,Hidden,113.06,9.0,N/A,N/A,N/A,N/A,None,unavailable,N/A,N/A,N/A,None,None,N/A,N/A,N/A,N/A,None,Hidden,N/A,N/A
orderdetails,0.0,N/A,N/A,N/A,N/A,N/A,N/A,N/A,N/A,unavailable,N/A,0.0,N/A,0.0,N/A,N/A,N/A,N/A,unavailable,1102.0,N/A,N/A,10129.0,S24_3151,Hidden,81.43,4.0,N/A,N/A,N/A,N/A,None,unavailable,N/A,N/A,N/A,None,None,N/A,N/A,N/A,N/A,None,Hidden,N/A,N/A
orderdetails,0.0,N/A,N/A,N/A,N/A,N/A,N/A,N/A,N/A,unavailable,N/A,0.0,N/A,0.0,N/A,N/A,N/A,N/A,unavailable,1102.0,N/A,N/A,10129.0,S24_3816,Hidden,76.31,1.0,N/A,N/A,N/A,N/A,None,unavailable,N/A,N/A,N/A,None,None,N/A,N/A,N/A,N/A,None,Hidden,N/A,N/A
orderdetails,0.0,N/A,N/A,N/A,N/A,N/A,N/A,N/A,N/A,unavailable,N/A,0.0,N/A,0.0,N/A,N/A,N/A,N/A,unavailable,1102.0,N/A,N/A,10129.0,S700_1138,Hidden,58.67,5.0,N/A,N/A,N/A,N/A,None,unavailable,N/A,N/A,N/A,None,None,N/A,N/A,N/A,N/A,None,Hidden,N/A,N/A
orderdetails,0.0,N/A,N/A,N/A,N/A,N/A,N/A,N/A,N/A,unavailable,N/A,0.0,N/A,0.0,N/A,N/A,N/A,N/A,unavailable,1102.0,N/A,N/A,10129.0,S700_2610,Hidden,72.28,3.0,N/A,N/A,N/A,N/A,None,unavailable,N/A,N/A,N/A,None,None,N/A,N/A,N/A,N/A,None,Hidden,N/A,N/A
orderdetails,0.0,N/A,N/A,N/A,N/A,N/A,N/A,N/A,N/A,unavailable,N/A,0.0,N/A,0.0,N/A,N/A,N/A,N/A,unavailable,1102.0,N/A,N/A,10129.0,S700_3505,Hidden,90.15,6.0,N/A,N/A,N/A,N/A,None,unavailable,N/A,N/A,N/A,None,None,N/A,N/A,N/A,N/A,None,Hidden,N/A,N/A
orderdetails,0.0,N/A,N/A,N/A,N/A,N/A,N/A,N/A,N/A,unavailable,N/A,0.0,N/A,0.0,N/A,N/A,N/A,N/A,unavailable,1102.0,N/A,N/A,10129.0,S700_3962,Hidden,94.34,7.0,N/A,N/A,N/A,N/A,None,unavailable,N/A,N/A,N/A,None,None,N/A,N/A,N/A,N/A,None,Hidden,N/A,N/A
orderdetails,0.0,N/A,N/A,N/A,N/A,N/A,N/A,N/A,N/A,unavailable,N/A,0.0,N/A,0.0,N/A,N/A,N/A,N/A,unavailable,1102.0,N/A,N/A,10129.0,S72_3212,Hidden,44.23,8.0,N/A,N/A,N/A,N/A,None,unavailable,N/A,N/A,N/A,None,None,N/A,N/A,N/A,N/A,None,Hidden,N/A,N/A
orderdetails,0.0,N/A,N/A,N/A,N/A,N/A,N/A,N/A,N/A,unavailable,N/A,0.0,N/A,0.0,N/A,N/A,N/A,N/A,unavailable,1102.0,N/A,N/A,10130.0,S18_3029,Hidden,68.82,2.0,N/A,N/A,N/A,N/A,None,unavailable,N/A,N/A,N/A,None,None,N/A,N/A,N/A,N/A,None,Hidden,N/A,N/A
orderdetails,0.0,N/A,N/A,N/A,N/A,N/A,N/A,N/A,N/A,unavailable,N/A,0.0,N/A,0.0,N/A,N/A,N/A,N/A,unavailable,1102.0,N/A,N/A,10130.0,S18_3856,Hidden,99.52,1.0,N/A,N/A,N/A,N/A,None,unavailable,N/A,N/A,N/A,None,None,N/A,N/A,N/A,N/A,None,Hidden,N/A,N/A
orderdetails,0.0,N/A,N/A,N/A,N/A,N/A,N/A,N/A,N/A,unavailable,N/A,0.0,N/A,0.0,N/A,N/A,N/A,N/A,unavailable,1102.0,N/A,N/A,10131.0,S18_1662,Hidden,141.92,4.0,N/A,N/A,N/A,N/A,None,unavailable,N/A,N/A,N/A,None,None,N/A,N/A,N/A,N/A,None,Hidden,N/A,N/A
orderdetails,0.0,N/A,N/A,N/A,N/A,N/A,N/A,N/A,N/A,unavailable,N/A,0.0,N/A,0.0,N/A,N/A,N/A,N/A,unavailable,1102.0,N/A,N/A,10131.0,S24_2841,Hidden,60.97,5.0,N/A,N/A,N/A,N/A,None,unavailable,N/A,N/A,N/A,None,None,N/A,N/A,N/A,N/A,None,Hidden,N/A,N/A
orderdetails,0.0,N/A,N/A,N/A,N/A,N/A,N/A,N/A,N/A,unavailable,N/A,0.0,N/A,0.0,N/A,N/A,N/A,N/A,unavailable,1102.0,N/A,N/A,10131.0,S24_3420,Hidden,52.60,6.0,N/A,N/A,N/A,N/A,None,unavailable,N/A,N/A,N/A,None,None,N/A,N/A,N/A,N/A,None,Hidden,N/A,N/A
orderdetails,0.0,N/A,N/A,N/A,N/A,N/A,N/A,N/A,N/A,unavailable,N/A,0.0,N/A,0.0,N/A,N/A,N/A,N/A,unavailable,1102.0,N/A,N/A,10131.0,S24_3949,Hidden,54.59,3.0,N/A,N/A,N/A,N/A,None,unavailable,N/A,N/A,N/A,None,None,N/A,N/A,N/A,N/A,None,Hidden,N/A,N/A
orderdetails,0.0,N/A,N/A,N/A,N/A,N/A,N/A,N/A,N/A,unavailable,N/A,0.0,N/A,0.0,N/A,N/A,N/A,N/A,unavailable,1102.0,N/A,N/A,10131.0,S700_2047,Hidden,76.94,8.0,N/A,N/A,N/A,N/A,None,unavailable,N/A,N/A,N/A,None,None,N/A,N/A,N/A,N/A,None,Hidden,N/A,N/A
orderdetails,0.0,N/A,N/A,N/A,N/A,N/A,N/A,N/A,N/A,unavailable,N/A,0.0,N/A,0.0,N/A,N/A,N/A,N/A,unavailable,1102.0,N/A,N/A,10131.0,S700_2466,Hidden,86.76,1.0,N/A,N/A,N/A,N/A,None,unavailable,N/A,N/A,N/A,None,None,N/A,N/A,N/A,N/A,None,Hidden,N/A,N/A
orderdetails,0.0,N/A,N/A,N/A,N/A,N/A,N/A,N/A,N/A,unavailable,N/A,0.0,N/A,0.0,N/A,N/A,N/A,N/A,unavailable,1102.0,N/A,N/A,10131.0,S700_4002,Hidden,63.67,2.0,N/A,N/A,N/A,N/A,None,unavailable,N/A,N/A,N/A,None,None,N/A,N/A,N/A,N/A,None,Hidden,N/A,N/A
orderdetails,0.0,N/A,N/A,N/A,N/A,N/A,N/A,N/A,N/A,unavailable,N/A,0.0,N/A,0.0,N/A,N/A,N/A,N/A,unavailable,1102.0,N/A,N/A,10131.0,S72_1253,Hidden,40.22,7.0,N/A,N/A,N/A,N/A,None,unavailable,N/A,N/A,N/A,None,None,N/A,N/A,N/A,N/A,None,Hidden,N/A,N/A
orderdetails,0.0,N/A,N/A,N/A,N/A,N/A,N/A,N/A,N/A,unavailable,N/A,0.0,N/A,0.0,N/A,N/A,N/A,N/A,unavailable,1102.0,N/A,N/A,10132.0,S700_3167,Hidden,80.00,1.0,N/A,N/A,N/A,N/A,None,unavailable,N/A,N/A,N/A,None,None,N/A,N/A,N/A,N/A,None,Hidden,N/A,N/A
orderdetails,0.0,N/A,N/A,N/A,N/A,N/A,N/A,N/A,N/A,unavailable,N/A,0.0,N/A,0.0,N/A,N/A,N/A,N/A,unavailable,1102.0,N/A,N/A,10133.0,S18_2581,Hidden,80.26,3.0,N/A,N/A,N/A,N/A,None,unavailable,N/A,N/A,N/A,None,None,N/A,N/A,N/A,N/A,None,Hidden,N/A,N/A
orderdetails,0.0,N/A,N/A,N/A,N/A,N/A,N/A,N/A,N/A,unavailable,N/A,0.0,N/A,0.0,N/A,N/A,N/A,N/A,unavailable,1102.0,N/A,N/A,10133.0,S24_1785,Hidden,109.42,5.0,N/A,N/A,N/A,N/A,None,unavailable,N/A,N/A,N/A,None,None,N/A,N/A,N/A,N/A,None,Hidden,N/A,N/A
orderdetails,0.0,N/A,N/A,N/A,N/A,N/A,N/A,N/A,N/A,unavailable,N/A,0.0,N/A,0.0,N/A,N/A,N/A,N/A,unavailable,1102.0,N/A,N/A,10133.0,S24_4278,Hidden,61.58,4.0,N/A,N/A,N/A,N/A,None,unavailable,N/A,N/A,N/A,None,None,N/A,N/A,N/A,N/A,None,Hidden,N/A,N/A
orderdetails,0.0,N/A,N/A,N/A,N/A,N/A,N/A,N/A,N/A,unavailable,N/A,0.0,N/A,0.0,N/A,N/A,N/A,N/A,unavailable,1102.0,N/A,N/A,10133.0,S32_1374,Hidden,80.91,1.0,N/A,N/A,N/A,N/A,None,unavailable,N/A,N/A,N/A,None,None,N/A,N/A,N/A,N/A,None,Hidden,N/A,N/A
orderdetails,0.0,N/A,N/A,N/A,N/A,N/A,N/A,N/A,N/A,unavailable,N/A,0.0,N/A,0.0,N/A,N/A,N/A,N/A,unavailable,1102.0,N/A,N/A,10133.0,S32_4289,Hidden,67.41,6.0,N/A,N/A,N/A,N/A,None,unavailable,N/A,N/A,N/A,None,None,N/A,N/A,N/A,N/A,None,Hidden,N/A,N/A
orderdetails,0.0,N/A,N/A,N/A,N/A,N/A,N/A,N/A,N/A,unavailable,N/A,0.0,N/A,0.0,N/A,N/A,N/A,N/A,unavailable,1102.0,N/A,N/A,10133.0,S50_1341,Hidden,37.09,7.0,N/A,N/A,N/A,N/A,None,unavailable,N/A,N/A,N/A,None,None,N/A,N/A,N/A,N/A,None,Hidden,N/A,N/A
orderdetails,0.0,N/A,N/A,N/A,N/A,N/A,N/A,N/A,N/A,unavailable,N/A,0.0,N/A,0.0,N/A,N/A,N/A,N/A,unavailable,1102.0,N/A,N/A,10133.0,S700_1691,Hidden,76.73,8.0,N/A,N/A,N/A,N/A,None,unavailable,N/A,N/A,N/A,None,None,N/A,N/A,N/A,N/A,None,Hidden,N/A,N/A
orderdetails,0.0,N/A,N/A,N/A,N/A,N/A,N/A,N/A,N/A,unavailable,N/A,0.0,N/A,0.0,N/A,N/A,N/A,N/A,unavailable,1102.0,N/A,N/A,10133.0,S700_2834,Hidden,115.09,2.0,N/A,N/A,N/A,N/A,None,unavailable,N/A,N/A,N/A,None,None,N/A,N/A,N/A,N/A,None,Hidden,N/A,N/A
orderdetails,0.0,N/A,N/A,N/A,N/A,N/A,N/A,N/A,N/A,unavailable,N/A,0.0,N/A,0.0,N/A,N/A,N/A,N/A,unavailable,1102.0,N/A,N/A,10134.0,S10_1678,Hidden,90.92,2.0,N/A,N/A,N/A,N/A,None,unavailable,N/A,N/A,N/A,None,None,N/A,N/A,N/A,N/A,None,Hidden,N/A,N/A
orderdetails,0.0,N/A,N/A,N/A,N/A,N/A,N/A,N/A,N/A,unavailable,N/A,0.0,N/A,0.0,N/A,N/A,N/A,N/A,unavailable,1102.0,N/A,N/A,10134.0,S10_2016,Hidden,116.56,5.0,N/A,N/A,N/A,N/A,None,unavailable,N/A,N/A,N/A,None,None,N/A,N/A,N/A,N/A,None,Hidden,N/A,N/A
orderdetails,0.0,N/A,N/A,N/A,N/A,N/A,N/A,N/A,N/A,unavailable,N/A,0.0,N/A,0.0,N/A,N/A,N/A,N/A,unavailable,1102.0,N/A,N/A,10134.0,S10_4698,Hidden,187.85,4.0,N/A,N/A,N/A,N/A,None,unavailable,N/A,N/A,N/A,None,None,N/A,N/A,N/A,N/A,None,Hidden,N/A,N/A
orderdetails,0.0,N/A,N/A,N/A,N/A,N/A,N/A,N/A,N/A,unavailable,N/A,0.0,N/A,0.0,N/A,N/A,N/A,N/A,unavailable,1102.0,N/A,N/A,10134.0,S12_2823,Hidden,131.04,1.0,N/A,N/A,N/A,N/A,None,unavailable,N/A,N/A,N/A,None,None,N/A,N/A,N/A,N/A,None,Hidden,N/A,N/A
orderdetails,0.0,N/A,N/A,N/A,N/A,N/A,N/A,N/A,N/A,unavailable,N/A,0.0,N/A,0.0,N/A,N/A,N/A,N/A,unavailable,1102.0,N/A,N/A,10134.0,S18_2625,Hidden,51.48,6.0,N/A,N/A,N/A,N/A,None,unavailable,N/A,N/A,N/A,None,None,N/A,N/A,N/A,N/A,None,Hidden,N/A,N/A
orderdetails,0.0,N/A,N/A,N/A,N/A,N/A,N/A,N/A,N/A,unavailable,N/A,0.0,N/A,0.0,N/A,N/A,N/A,N/A,unavailable,1102.0,N/A,N/A,10134.0,S24_1578,Hidden,94.67,3.0,N/A,N/A,N/A,N/A,None,unavailable,N/A,N/A,N/A,None,None,N/A,N/A,N/A,N/A,None,Hidden,N/A,N/A
orderdetails,0.0,N/A,N/A,N/A,N/A,N/A,N/A,N/A,N/A,unavailable,N/A,0.0,N/A,0.0,N/A,N/A,N/A,N/A,unavailable,1102.0,N/A,N/A,10134.0,S24_2000,Hidden,75.41,7.0,N/A,N/A,N/A,N/A,None,unavailable,N/A,N/A,N/A,None,None,N/A,N/A,N/A,N/A,None,Hidden,N/A,N/A
orderdetails,0.0,N/A,N/A,N/A,N/A,N/A,N/A,N/A,N/A,unavailable,N/A,0.0,N/A,0.0,N/A,N/A,N/A,N/A,unavailable,1102.0,N/A,N/A,10135.0,S12_1099,Hidden,173.17,7.0,N/A,N/A,N/A,N/A,None,unavailable,N/A,N/A,N/A,None,None,N/A,N/A,N/A,N/A,None,Hidden,N/A,N/A
orderdetails,0.0,N/A,N/A,N/A,N/A,N/A,N/A,N/A,N/A,unavailable,N/A,0.0,N/A,0.0,N/A,N/A,N/A,N/A,unavailable,1102.0,N/A,N/A,10135.0,S12_3380,Hidden,110.39,5.0,N/A,N/A,N/A,N/A,None,unavailable,N/A,N/A,N/A,None,None,N/A,N/A,N/A,N/A,None,Hidden,N/A,N/A
orderdetails,0.0,N/A,N/A,N/A,N/A,N/A,N/A,N/A,N/A,unavailable,N/A,0.0,N/A,0.0,N/A,N/A,N/A,N/A,unavailable,1102.0,N/A,N/A,10135.0,S12_3990,Hidden,72.62,8.0,N/A,N/A,N/A,N/A,None,unavailable,N/A,N/A,N/A,None,None,N/A,N/A,N/A,N/A,None,Hidden,N/A,N/A
orderdetails,0.0,N/A,N/A,N/A,N/A,N/A,N/A,N/A,N/A,unavailable,N/A,0.0,N/A,0.0,N/A,N/A,N/A,N/A,unavailable,1102.0,N/A,N/A,10135.0,S12_4675,Hidden,103.64,4.0,N/A,N/A,N/A,N/A,None,unavailable,N/A,N/A,N/A,None,None,N/A,N/A,N/A,N/A,None,Hidden,N/A,N/A
orderdetails,0.0,N/A,N/A,N/A,N/A,N/A,N/A,N/A,N/A,unavailable,N/A,0.0,N/A,0.0,N/A,N/A,N/A,N/A,unavailable,1102.0,N/A,N/A,10135.0,S18_1889,Hidden,66.99,3.0,N/A,N/A,N/A,N/A,None,unavailable,N/A,N/A,N/A,None,None,N/A,N/A,N/A,N/A,None,Hidden,N/A,N/A
orderdetails,0.0,N/A,N/A,N/A,N/A,N/A,N/A,N/A,N/A,unavailable,N/A,0.0,N/A,0.0,N/A,N/A,N/A,N/A,unavailable,1102.0,N/A,N/A,10135.0,S18_3278,Hidden,65.94,10.0,N/A,N/A,N/A,N/A,None,unavailable,N/A,N/A,N/A,None,None,N/A,N/A,N/A,N/A,None,Hidden,N/A,N/A
orderdetails,0.0,N/A,N/A,N/A,N/A,N/A,N/A,N/A,N/A,unavailable,N/A,0.0,N/A,0.0,N/A,N/A,N/A,N/A,unavailable,1102.0,N/A,N/A,10135.0,S18_3482,Hidden,139.64,9.0,N/A,N/A,N/A,N/A,None,unavailable,N/A,N/A,N/A,None,None,N/A,N/A,N/A,N/A,None,Hidden,N/A,N/A
orderdetails,0.0,N/A,N/A,N/A,N/A,N/A,N/A,N/A,N/A,unavailable,N/A,0.0,N/A,0.0,N/A,N/A,N/A,N/A,unavailable,1102.0,N/A,N/A,10135.0,S18_3782,Hidden,49.74,13.0,N/A,N/A,N/A,N/A,None,unavailable,N/A,N/A,N/A,None,None,N/A,N/A,N/A,N/A,None,Hidden,N/A,N/A
orderdetails,0.0,N/A,N/A,N/A,N/A,N/A,N/A,N/A,N/A,unavailable,N/A,0.0,N/A,0.0,N/A,N/A,N/A,N/A,unavailable,1102.0,N/A,N/A,10135.0,S18_4721,Hidden,133.92,12.0,N/A,N/A,N/A,N/A,None,unavailable,N/A,N/A,N/A,None,None,N/A,N/A,N/A,N/A,None,Hidden,N/A,N/A
orderdetails,0.0,N/A,N/A,N/A,N/A,N/A,N/A,N/A,N/A,unavailable,N/A,0.0,N/A,0.0,N/A,N/A,N/A,N/A,unavailable,1102.0,N/A,N/A,10135.0,S24_2360,Hidden,67.18,16.0,N/A,N/A,N/A,N/A,None,unavailable,N/A,N/A,N/A,None,None,N/A,N/A,N/A,N/A,None,Hidden,N/A,N/A
orderdetails,0.0,N/A,N/A,N/A,N/A,N/A,N/A,N/A,N/A,unavailable,N/A,0.0,N/A,0.0,N/A,N/A,N/A,N/A,unavailable,1102.0,N/A,N/A,10135.0,S24_2972,Hidden,34.36,1.0,N/A,N/A,N/A,N/A,None,unavailable,N/A,N/A,N/A,None,None,N/A,N/A,N/A,N/A,None,Hidden,N/A,N/A
orderdetails,0.0,N/A,N/A,N/A,N/A,N/A,N/A,N/A,N/A,unavailable,N/A,0.0,N/A,0.0,N/A,N/A,N/A,N/A,unavailable,1102.0,N/A,N/A,10135.0,S24_3371,Hidden,52.05,6.0,N/A,N/A,N/A,N/A,None,unavailable,N/A,N/A,N/A,None,None,N/A,N/A,N/A,N/A,None,Hidden,N/A,N/A
orderdetails,0.0,N/A,N/A,N/A,N/A,N/A,N/A,N/A,N/A,unavailable,N/A,0.0,N/A,0.0,N/A,N/A,N/A,N/A,unavailable,1102.0,N/A,N/A,10135.0,S24_3856,Hidden,139.03,2.0,N/A,N/A,N/A,N/A,None,unavailable,N/A,N/A,N/A,None,None,N/A,N/A,N/A,N/A,None,Hidden,N/A,N/A
orderdetails,0.0,N/A,N/A,N/A,N/A,N/A,N/A,N/A,N/A,unavailable,N/A,0.0,N/A,0.0,N/A,N/A,N/A,N/A,unavailable,1102.0,N/A,N/A,10135.0,S24_4620,Hidden,76.80,11.0,N/A,N/A,N/A,N/A,None,unavailable,N/A,N/A,N/A,None,None,N/A,N/A,N/A,N/A,None,Hidden,N/A,N/A
orderdetails,0.0,N/A,N/A,N/A,N/A,N/A,N/A,N/A,N/A,unavailable,N/A,0.0,N/A,0.0,N/A,N/A,N/A,N/A,unavailable,1102.0,N/A,N/A,10135.0,S32_2206,Hidden,38.62,14.0,N/A,N/A,N/A,N/A,None,unavailable,N/A,N/A,N/A,None,None,N/A,N/A,N/A,N/A,None,Hidden,N/A,N/A
orderdetails,0.0,N/A,N/A,N/A,N/A,N/A,N/A,N/A,N/A,unavailable,N/A,0.0,N/A,0.0,N/A,N/A,N/A,N/A,unavailable,1102.0,N/A,N/A,10135.0,S32_4485,Hidden,91.85,17.0,N/A,N/A,N/A,N/A,None,unavailable,N/A,N/A,N/A,None,None,N/A,N/A,N/A,N/A,None,Hidden,N/A,N/A
orderdetails,0.0,N/A,N/A,N/A,N/A,N/A,N/A,N/A,N/A,unavailable,N/A,0.0,N/A,0.0,N/A,N/A,N/A,N/A,unavailable,1102.0,N/A,N/A,10135.0,S50_4713,Hidden,78.92,15.0,N/A,N/A,N/A,N/A,None,unavailable,N/A,N/A,N/A,None,None,N/A,N/A,N/A,N/A,None,Hidden,N/A,N/A
orderdetails,0.0,N/A,N/A,N/A,N/A,N/A,N/A,N/A,N/A,unavailable,N/A,0.0,N/A,0.0,N/A,N/A,N/A,N/A,unavailable,1102.0,N/A,N/A,10136.0,S18_1129,Hidden,117.48,2.0,N/A,N/A,N/A,N/A,None,unavailable,N/A,N/A,N/A,None,None,N/A,N/A,N/A,N/A,None,Hidden,N/A,N/A
orderdetails,0.0,N/A,N/A,N/A,N/A,N/A,N/A,N/A,N/A,unavailable,N/A,0.0,N/A,0.0,N/A,N/A,N/A,N/A,unavailable,1102.0,N/A,N/A,10136.0,S18_1984,Hidden,120.91,1.0,N/A,N/A,N/A,N/A,None,unavailable,N/A,N/A,N/A,None,None,N/A,N/A,N/A,N/A,None,Hidden,N/A,N/A
orderdetails,0.0,N/A,N/A,N/A,N/A,N/A,N/A,N/A,N/A,unavailable,N/A,0.0,N/A,0.0,N/A,N/A,N/A,N/A,unavailable,1102.0,N/A,N/A,10136.0,S18_3232,Hidden,169.34,3.0,N/A,N/A,N/A,N/A,None,unavailable,N/A,N/A,N/A,None,None,N/A,N/A,N/A,N/A,None,Hidden,N/A,N/A
orderdetails,0.0,N/A,N/A,N/A,N/A,N/A,N/A,N/A,N/A,unavailable,N/A,0.0,N/A,0.0,N/A,N/A,N/A,N/A,unavailable,1102.0,N/A,N/A,10137.0,S18_1589,Hidden,115.73,2.0,N/A,N/A,N/A,N/A,None,unavailable,N/A,N/A,N/A,None,None,N/A,N/A,N/A,N/A,None,Hidden,N/A,N/A
orderdetails,0.0,N/A,N/A,N/A,N/A,N/A,N/A,N/A,N/A,unavailable,N/A,0.0,N/A,0.0,N/A,N/A,N/A,N/A,unavailable,1102.0,N/A,N/A,10137.0,S18_2870,Hidden,110.88,3.0,N/A,N/A,N/A,N/A,None,unavailable,N/A,N/A,N/A,None,None,N/A,N/A,N/A,N/A,None,Hidden,N/A,N/A
orderdetails,0.0,N/A,N/A,N/A,N/A,N/A,N/A,N/A,N/A,unavailable,N/A,0.0,N/A,0.0,N/A,N/A,N/A,N/A,unavailable,1102.0,N/A,N/A,10137.0,S18_3685,Hidden,118.68,4.0,N/A,N/A,N/A,N/A,None,unavailable,N/A,N/A,N/A,None,None,N/A,N/A,N/A,N/A,None,Hidden,N/A,N/A
orderdetails,0.0,N/A,N/A,N/A,N/A,N/A,N/A,N/A,N/A,unavailable,N/A,0.0,N/A,0.0,N/A,N/A,N/A,N/A,unavailable,1102.0,N/A,N/A,10137.0,S24_1628,Hidden,40.25,1.0,N/A,N/A,N/A,N/A,None,unavailable,N/A,N/A,N/A,None,None,N/A,N/A,N/A,N/A,None,Hidden,N/A,N/A
orderdetails,0.0,N/A,N/A,N/A,N/A,N/A,N/A,N/A,N/A,unavailable,N/A,0.0,N/A,0.0,N/A,N/A,N/A,N/A,unavailable,1102.0,N/A,N/A,10138.0,S18_1749,Hidden,149.60,6.0,N/A,N/A,N/A,N/A,None,unavailable,N/A,N/A,N/A,None,None,N/A,N/A,N/A,N/A,None,Hidden,N/A,N/A
orderdetails,0.0,N/A,N/A,N/A,N/A,N/A,N/A,N/A,N/A,unavailable,N/A,0.0,N/A,0.0,N/A,N/A,N/A,N/A,unavailable,1102.0,N/A,N/A,10138.0,S18_2248,Hidden,51.46,5.0,N/A,N/A,N/A,N/A,None,unavailable,N/A,N/A,N/A,None,None,N/A,N/A,N/A,N/A,None,Hidden,N/A,N/A
orderdetails,0.0,N/A,N/A,N/A,N/A,N/A,N/A,N/A,N/A,unavailable,N/A,0.0,N/A,0.0,N/A,N/A,N/A,N/A,unavailable,1102.0,N/A,N/A,10138.0,S18_2325,Hidden,114.42,3.0,N/A,N/A,N/A,N/A,None,unavailable,N/A,N/A,N/A,None,None,N/A,N/A,N/A,N/A,None,Hidden,N/A,N/A
orderdetails,0.0,N/A,N/A,N/A,N/A,N/A,N/A,N/A,N/A,unavailable,N/A,0.0,N/A,0.0,N/A,N/A,N/A,N/A,unavailable,1102.0,N/A,N/A,10138.0,S18_4409,Hidden,79.15,7.0,N/A,N/A,N/A,N/A,None,unavailable,N/A,N/A,N/A,None,None,N/A,N/A,N/A,N/A,None,Hidden,N/A,N/A
orderdetails,0.0,N/A,N/A,N/A,N/A,N/A,N/A,N/A,N/A,unavailable,N/A,0.0,N/A,0.0,N/A,N/A,N/A,N/A,unavailable,1102.0,N/A,N/A,10138.0,S18_4933,Hidden,64.86,8.0,N/A,N/A,N/A,N/A,None,unavailable,N/A,N/A,N/A,None,None,N/A,N/A,N/A,N/A,None,Hidden,N/A,N/A
orderdetails,0.0,N/A,N/A,N/A,N/A,N/A,N/A,N/A,N/A,unavailable,N/A,0.0,N/A,0.0,N/A,N/A,N/A,N/A,unavailable,1102.0,N/A,N/A,10138.0,S24_1046,Hidden,59.53,12.0,N/A,N/A,N/A,N/A,None,unavailable,N/A,N/A,N/A,None,None,N/A,N/A,N/A,N/A,None,Hidden,N/A,N/A
orderdetails,0.0,N/A,N/A,N/A,N/A,N/A,N/A,N/A,N/A,unavailable,N/A,0.0,N/A,0.0,N/A,N/A,N/A,N/A,unavailable,1102.0,N/A,N/A,10138.0,S24_1937,Hidden,33.19,2.0,N/A,N/A,N/A,N/A,None,unavailable,N/A,N/A,N/A,None,None,N/A,N/A,N/A,N/A,None,Hidden,N/A,N/A
orderdetails,0.0,N/A,N/A,N/A,N/A,N/A,N/A,N/A,N/A,unavailable,N/A,0.0,N/A,0.0,N/A,N/A,N/A,N/A,unavailable,1102.0,N/A,N/A,10138.0,S24_2022,Hidden,38.53,1.0,N/A,N/A,N/A,N/A,None,unavailable,N/A,N/A,N/A,None,None,N/A,N/A,N/A,N/A,None,Hidden,N/A,N/A
orderdetails,0.0,N/A,N/A,N/A,N/A,N/A,N/A,N/A,N/A,unavailable,N/A,0.0,N/A,0.0,N/A,N/A,N/A,N/A,unavailable,1102.0,N/A,N/A,10138.0,S24_2766,Hidden,73.60,10.0,N/A,N/A,N/A,N/A,None,unavailable,N/A,N/A,N/A,None,None,N/A,N/A,N/A,N/A,None,Hidden,N/A,N/A
orderdetails,0.0,N/A,N/A,N/A,N/A,N/A,N/A,N/A,N/A,unavailable,N/A,0.0,N/A,0.0,N/A,N/A,N/A,N/A,unavailable,1102.0,N/A,N/A,10138.0,S24_2887,Hidden,96.30,9.0,N/A,N/A,N/A,N/A,None,unavailable,N/A,N/A,N/A,None,None,N/A,N/A,N/A,N/A,None,Hidden,N/A,N/A
orderdetails,0.0,N/A,N/A,N/A,N/A,N/A,N/A,N/A,N/A,unavailable,N/A,0.0,N/A,0.0,N/A,N/A,N/A,N/A,unavailable,1102.0,N/A,N/A,10138.0,S24_3191,Hidden,77.05,11.0,N/A,N/A,N/A,N/A,None,unavailable,N/A,N/A,N/A,None,None,N/A,N/A,N/A,N/A,None,Hidden,N/A,N/A
orderdetails,0.0,N/A,N/A,N/A,N/A,N/A,N/A,N/A,N/A,unavailable,N/A,0.0,N/A,0.0,N/A,N/A,N/A,N/A,unavailable,1102.0,N/A,N/A,10138.0,S24_3432,Hidden,99.58,13.0,N/A,N/A,N/A,N/A,None,unavailable,N/A,N/A,N/A,None,None,N/A,N/A,N/A,N/A,None,Hidden,N/A,N/A
orderdetails,0.0,N/A,N/A,N/A,N/A,N/A,N/A,N/A,N/A,unavailable,N/A,0.0,N/A,0.0,N/A,N/A,N/A,N/A,unavailable,1102.0,N/A,N/A,10138.0,S24_3969,Hidden,32.82,4.0,N/A,N/A,N/A,N/A,None,unavailable,N/A,N/A,N/A,None,None,N/A,N/A,N/A,N/A,None,Hidden,N/A,N/A
orderdetails,0.0,N/A,N/A,N/A,N/A,N/A,N/A,N/A,N/A,unavailable,N/A,0.0,N/A,0.0,N/A,N/A,N/A,N/A,unavailable,1102.0,N/A,N/A,10139.0,S18_1342,Hidden,89.38,7.0,N/A,N/A,N/A,N/A,None,unavailable,N/A,N/A,N/A,None,None,N/A,N/A,N/A,N/A,None,Hidden,N/A,N/A
orderdetails,0.0,N/A,N/A,N/A,N/A,N/A,N/A,N/A,N/A,unavailable,N/A,0.0,N/A,0.0,N/A,N/A,N/A,N/A,unavailable,1102.0,N/A,N/A,10139.0,S18_1367,Hidden,52.83,6.0,N/A,N/A,N/A,N/A,None,unavailable,N/A,N/A,N/A,None,None,N/A,N/A,N/A,N/A,None,Hidden,N/A,N/A
orderdetails,0.0,N/A,N/A,N/A,N/A,N/A,N/A,N/A,N/A,unavailable,N/A,0.0,N/A,0.0,N/A,N/A,N/A,N/A,unavailable,1102.0,N/A,N/A,10139.0,S18_2795,Hidden,151.88,8.0,N/A,N/A,N/A,N/A,None,unavailable,N/A,N/A,N/A,None,None,N/A,N/A,N/A,N/A,None,Hidden,N/A,N/A
orderdetails,0.0,N/A,N/A,N/A,N/A,N/A,N/A,N/A,N/A,unavailable,N/A,0.0,N/A,0.0,N/A,N/A,N/A,N/A,unavailable,1102.0,N/A,N/A,10139.0,S18_2949,Hidden,91.18,1.0,N/A,N/A,N/A,N/A,None,unavailable,N/A,N/A,N/A,None,None,N/A,N/A,N/A,N/A,None,Hidden,N/A,N/A
orderdetails,0.0,N/A,N/A,N/A,N/A,N/A,N/A,N/A,N/A,unavailable,N/A,0.0,N/A,0.0,N/A,N/A,N/A,N/A,unavailable,1102.0,N/A,N/A,10139.0,S18_2957,Hidden,52.47,3.0,N/A,N/A,N/A,N/A,None,unavailable,N/A,N/A,N/A,None,None,N/A,N/A,N/A,N/A,None,Hidden,N/A,N/A
orderdetails,0.0,N/A,N/A,N/A,N/A,N/A,N/A,N/A,N/A,unavailable,N/A,0.0,N/A,0.0,N/A,N/A,N/A,N/A,unavailable,1102.0,N/A,N/A,10139.0,S18_3136,Hidden,101.58,2.0,N/A,N/A,N/A,N/A,None,unavailable,N/A,N/A,N/A,None,None,N/A,N/A,N/A,N/A,None,Hidden,N/A,N/A
orderdetails,0.0,N/A,N/A,N/A,N/A,N/A,N/A,N/A,N/A,unavailable,N/A,0.0,N/A,0.0,N/A,N/A,N/A,N/A,unavailable,1102.0,N/A,N/A,10139.0,S18_3320,Hidden,81.35,5.0,N/A,N/A,N/A,N/A,None,unavailable,N/A,N/A,N/A,None,None,N/A,N/A,N/A,N/A,None,Hidden,N/A,N/A
orderdetails,0.0,N/A,N/A,N/A,N/A,N/A,N/A,N/A,N/A,unavailable,N/A,0.0,N/A,0.0,N/A,N/A,N/A,N/A,unavailable,1102.0,N/A,N/A,10139.0,S24_4258,Hidden,93.49,4.0,N/A,N/A,N/A,N/A,None,unavailable,N/A,N/A,N/A,None,None,N/A,N/A,N/A,N/A,None,Hidden,N/A,N/A
orderdetails,0.0,N/A,N/A,N/A,N/A,N/A,N/A,N/A,N/A,unavailable,N/A,0.0,N/A,0.0,N/A,N/A,N/A,N/A,unavailable,1102.0,N/A,N/A,10140.0,S10_1949,Hidden,186.44,11.0,N/A,N/A,N/A,N/A,None,unavailable,N/A,N/A,N/A,None,None,N/A,N/A,N/A,N/A,None,Hidden,N/A,N/A
orderdetails,0.0,N/A,N/A,N/A,N/A,N/A,N/A,N/A,N/A,unavailable,N/A,0.0,N/A,0.0,N/A,N/A,N/A,N/A,unavailable,1102.0,N/A,N/A,10140.0,S10_4962,Hidden,131.49,4.0,N/A,N/A,N/A,N/A,None,unavailable,N/A,N/A,N/A,None,None,N/A,N/A,N/A,N/A,None,Hidden,N/A,N/A
orderdetails,0.0,N/A,N/A,N/A,N/A,N/A,N/A,N/A,N/A,unavailable,N/A,0.0,N/A,0.0,N/A,N/A,N/A,N/A,unavailable,1102.0,N/A,N/A,10140.0,S12_1666,Hidden,118.90,8.0,N/A,N/A,N/A,N/A,None,unavailable,N/A,N/A,N/A,None,None,N/A,N/A,N/A,N/A,None,Hidden,N/A,N/A
orderdetails,0.0,N/A,N/A,N/A,N/A,N/A,N/A,N/A,N/A,unavailable,N/A,0.0,N/A,0.0,N/A,N/A,N/A,N/A,unavailable,1102.0,N/A,N/A,10140.0,S18_1097,Hidden,95.67,10.0,N/A,N/A,N/A,N/A,None,unavailable,N/A,N/A,N/A,None,None,N/A,N/A,N/A,N/A,None,Hidden,N/A,N/A
orderdetails,0.0,N/A,N/A,N/A,N/A,N/A,N/A,N/A,N/A,unavailable,N/A,0.0,N/A,0.0,N/A,N/A,N/A,N/A,unavailable,1102.0,N/A,N/A,10140.0,S18_2432,Hidden,51.05,2.0,N/A,N/A,N/A,N/A,None,unavailable,N/A,N/A,N/A,None,None,N/A,N/A,N/A,N/A,None,Hidden,N/A,N/A
orderdetails,0.0,N/A,N/A,N/A,N/A,N/A,N/A,N/A,N/A,unavailable,N/A,0.0,N/A,0.0,N/A,N/A,N/A,N/A,unavailable,1102.0,N/A,N/A,10140.0,S18_4600,Hidden,100.50,5.0,N/A,N/A,N/A,N/A,None,unavailable,N/A,N/A,N/A,None,None,N/A,N/A,N/A,N/A,None,Hidden,N/A,N/A
orderdetails,0.0,N/A,N/A,N/A,N/A,N/A,N/A,N/A,N/A,unavailable,N/A,0.0,N/A,0.0,N/A,N/A,N/A,N/A,unavailable,1102.0,N/A,N/A,10140.0,S18_4668,Hidden,40.25,9.0,N/A,N/A,N/A,N/A,None,unavailable,N/A,N/A,N/A,None,None,N/A,N/A,N/A,N/A,None,Hidden,N/A,N/A
orderdetails,0.0,N/A,N/A,N/A,N/A,N/A,N/A,N/A,N/A,unavailable,N/A,0.0,N/A,0.0,N/A,N/A,N/A,N/A,unavailable,1102.0,N/A,N/A,10140.0,S24_2300,Hidden,118.84,1.0,N/A,N/A,N/A,N/A,None,unavailable,N/A,N/A,N/A,None,None,N/A,N/A,N/A,N/A,None,Hidden,N/A,N/A
orderdetails,0.0,N/A,N/A,N/A,N/A,N/A,N/A,N/A,N/A,unavailable,N/A,0.0,N/A,0.0,N/A,N/A,N/A,N/A,unavailable,1102.0,N/A,N/A,10140.0,S32_1268,Hidden,87.64,3.0,N/A,N/A,N/A,N/A,None,unavailable,N/A,N/A,N/A,None,None,N/A,N/A,N/A,N/A,None,Hidden,N/A,N/A
orderdetails,0.0,N/A,N/A,N/A,N/A,N/A,N/A,N/A,N/A,unavailable,N/A,0.0,N/A,0.0,N/A,N/A,N/A,N/A,unavailable,1102.0,N/A,N/A,10140.0,S32_3522,Hidden,62.05,7.0,N/A,N/A,N/A,N/A,None,unavailable,N/A,N/A,N/A,None,None,N/A,N/A,N/A,N/A,None,Hidden,N/A,N/A
orderdetails,0.0,N/A,N/A,N/A,N/A,N/A,N/A,N/A,N/A,unavailable,N/A,0.0,N/A,0.0,N/A,N/A,N/A,N/A,unavailable,1102.0,N/A,N/A,10140.0,S700_2824,Hidden,101.15,6.0,N/A,N/A,N/A,N/A,None,unavailable,N/A,N/A,N/A,None,None,N/A,N/A,N/A,N/A,None,Hidden,N/A,N/A
orderdetails,0.0,N/A,N/A,N/A,N/A,N/A,N/A,N/A,N/A,unavailable,N/A,0.0,N/A,0.0,N/A,N/A,N/A,N/A,unavailable,1102.0,N/A,N/A,10141.0,S12_4473,Hidden,114.95,5.0,N/A,N/A,N/A,N/A,None,unavailable,N/A,N/A,N/A,None,None,N/A,N/A,N/A,N/A,None,Hidden,N/A,N/A
orderdetails,0.0,N/A,N/A,N/A,N/A,N/A,N/A,N/A,N/A,unavailable,N/A,0.0,N/A,0.0,N/A,N/A,N/A,N/A,unavailable,1102.0,N/A,N/A,10141.0,S18_2238,Hidden,160.46,4.0,N/A,N/A,N/A,N/A,None,unavailable,N/A,N/A,N/A,None,None,N/A,N/A,N/A,N/A,None,Hidden,N/A,N/A
orderdetails,0.0,N/A,N/A,N/A,N/A,N/A,N/A,N/A,N/A,unavailable,N/A,0.0,N/A,0.0,N/A,N/A,N/A,N/A,unavailable,1102.0,N/A,N/A,10141.0,S18_2319,Hidden,103.09,8.0,N/A,N/A,N/A,N/A,None,unavailable,N/A,N/A,N/A,None,None,N/A,N/A,N/A,N/A,None,Hidden,N/A,N/A
orderdetails,0.0,N/A,N/A,N/A,N/A,N/A,N/A,N/A,N/A,unavailable,N/A,0.0,N/A,0.0,N/A,N/A,N/A,N/A,unavailable,1102.0,N/A,N/A,10141.0,S18_3232,Hidden,143.94,9.0,N/A,N/A,N/A,N/A,None,unavailable,N/A,N/A,N/A,None,None,N/A,N/A,N/A,N/A,None,Hidden,N/A,N/A
orderdetails,0.0,N/A,N/A,N/A,N/A,N/A,N/A,N/A,N/A,unavailable,N/A,0.0,N/A,0.0,N/A,N/A,N/A,N/A,unavailable,1102.0,N/A,N/A,10141.0,S24_1444,Hidden,50.86,2.0,N/A,N/A,N/A,N/A,None,unavailable,N/A,N/A,N/A,None,None,N/A,N/A,N/A,N/A,None,Hidden,N/A,N/A
orderdetails,0.0,N/A,N/A,N/A,N/A,N/A,N/A,N/A,N/A,unavailable,N/A,0.0,N/A,0.0,N/A,N/A,N/A,N/A,unavailable,1102.0,N/A,N/A,10141.0,S24_2840,Hidden,32.18,6.0,N/A,N/A,N/A,N/A,None,unavailable,N/A,N/A,N/A,None,None,N/A,N/A,N/A,N/A,None,Hidden,N/A,N/A
orderdetails,0.0,N/A,N/A,N/A,N/A,N/A,N/A,N/A,N/A,unavailable,N/A,0.0,N/A,0.0,N/A,N/A,N/A,N/A,unavailable,1102.0,N/A,N/A,10141.0,S24_4048,Hidden,104.09,1.0,N/A,N/A,N/A,N/A,None,unavailable,N/A,N/A,N/A,None,None,N/A,N/A,N/A,N/A,None,Hidden,N/A,N/A
orderdetails,0.0,N/A,N/A,N/A,N/A,N/A,N/A,N/A,N/A,unavailable,N/A,0.0,N/A,0.0,N/A,N/A,N/A,N/A,unavailable,1102.0,N/A,N/A,10141.0,S32_2509,Hidden,53.03,7.0,N/A,N/A,N/A,N/A,None,unavailable,N/A,N/A,N/A,None,None,N/A,N/A,N/A,N/A,None,Hidden,N/A,N/A
orderdetails,0.0,N/A,N/A,N/A,N/A,N/A,N/A,N/A,N/A,unavailable,N/A,0.0,N/A,0.0,N/A,N/A,N/A,N/A,unavailable,1102.0,N/A,N/A,10141.0,S50_1392,Hidden,94.92,3.0,N/A,N/A,N/A,N/A,None,unavailable,N/A,N/A,N/A,None,None,N/A,N/A,N/A,N/A,None,Hidden,N/A,N/A
orderdetails,0.0,N/A,N/A,N/A,N/A,N/A,N/A,N/A,N/A,unavailable,N/A,0.0,N/A,0.0,N/A,N/A,N/A,N/A,unavailable,1102.0,N/A,N/A,10142.0,S12_1108,Hidden,166.24,12.0,N/A,N/A,N/A,N/A,None,unavailable,N/A,N/A,N/A,None,None,N/A,N/A,N/A,N/A,None,Hidden,N/A,N/A
orderdetails,0.0,N/A,N/A,N/A,N/A,N/A,N/A,N/A,N/A,unavailable,N/A,0.0,N/A,0.0,N/A,N/A,N/A,N/A,unavailable,1102.0,N/A,N/A,10142.0,S12_3148,Hidden,140.50,13.0,N/A,N/A,N/A,N/A,None,unavailable,N/A,N/A,N/A,None,None,N/A,N/A,N/A,N/A,None,Hidden,N/A,N/A
orderdetails,0.0,N/A,N/A,N/A,N/A,N/A,N/A,N/A,N/A,unavailable,N/A,0.0,N/A,0.0,N/A,N/A,N/A,N/A,unavailable,1102.0,N/A,N/A,10142.0,S12_3891,Hidden,167.83,11.0,N/A,N/A,N/A,N/A,None,unavailable,N/A,N/A,N/A,None,None,N/A,N/A,N/A,N/A,None,Hidden,N/A,N/A
orderdetails,0.0,N/A,N/A,N/A,N/A,N/A,N/A,N/A,N/A,unavailable,N/A,0.0,N/A,0.0,N/A,N/A,N/A,N/A,unavailable,1102.0,N/A,N/A,10142.0,S18_3140,Hidden,129.76,8.0,N/A,N/A,N/A,N/A,None,unavailable,N/A,N/A,N/A,None,None,N/A,N/A,N/A,N/A,None,Hidden,N/A,N/A
orderdetails,0.0,N/A,N/A,N/A,N/A,N/A,N/A,N/A,N/A,unavailable,N/A,0.0,N/A,0.0,N/A,N/A,N/A,N/A,unavailable,1102.0,N/A,N/A,10142.0,S18_3259,Hidden,95.80,10.0,N/A,N/A,N/A,N/A,None,unavailable,N/A,N/A,N/A,None,None,N/A,N/A,N/A,N/A,None,Hidden,N/A,N/A
orderdetails,0.0,N/A,N/A,N/A,N/A,N/A,N/A,N/A,N/A,unavailable,N/A,0.0,N/A,0.0,N/A,N/A,N/A,N/A,unavailable,1102.0,N/A,N/A,10142.0,S18_4027,Hidden,122.08,15.0,N/A,N/A,N/A,N/A,None,unavailable,N/A,N/A,N/A,None,None,N/A,N/A,N/A,N/A,None,Hidden,N/A,N/A
orderdetails,0.0,N/A,N/A,N/A,N/A,N/A,N/A,N/A,N/A,unavailable,N/A,0.0,N/A,0.0,N/A,N/A,N/A,N/A,unavailable,1102.0,N/A,N/A,10142.0,S18_4522,Hidden,79.87,7.0,N/A,N/A,N/A,N/A,None,unavailable,N/A,N/A,N/A,None,None,N/A,N/A,N/A,N/A,None,Hidden,N/A,N/A
orderdetails,0.0,N/A,N/A,N/A,N/A,N/A,N/A,N/A,N/A,unavailable,N/A,0.0,N/A,0.0,N/A,N/A,N/A,N/A,unavailable,1102.0,N/A,N/A,10142.0,S24_2011,Hidden,114.29,6.0,N/A,N/A,N/A,N/A,None,unavailable,N/A,N/A,N/A,None,None,N/A,N/A,N/A,N/A,None,Hidden,N/A,N/A
orderdetails,0.0,N/A,N/A,N/A,N/A,N/A,N/A,N/A,N/A,unavailable,N/A,0.0,N/A,0.0,N/A,N/A,N/A,N/A,unavailable,1102.0,N/A,N/A,10142.0,S24_3151,Hidden,74.35,1.0,N/A,N/A,N/A,N/A,None,unavailable,N/A,N/A,N/A,None,None,N/A,N/A,N/A,N/A,None,Hidden,N/A,N/A
orderdetails,0.0,N/A,N/A,N/A,N/A,N/A,N/A,N/A,N/A,unavailable,N/A,0.0,N/A,0.0,N/A,N/A,N/A,N/A,unavailable,1102.0,N/A,N/A,10142.0,S32_3207,Hidden,60.90,16.0,N/A,N/A,N/A,N/A,None,unavailable,N/A,N/A,N/A,None,None,N/A,N/A,N/A,N/A,None,Hidden,N/A,N/A
orderdetails,0.0,N/A,N/A,N/A,N/A,N/A,N/A,N/A,N/A,unavailable,N/A,0.0,N/A,0.0,N/A,N/A,N/A,N/A,unavailable,1102.0,N/A,N/A,10142.0,S50_1514,Hidden,56.24,14.0,N/A,N/A,N/A,N/A,None,unavailable,N/A,N/A,N/A,None,None,N/A,N/A,N/A,N/A,None,Hidden,N/A,N/A
orderdetails,0.0,N/A,N/A,N/A,N/A,N/A,N/A,N/A,N/A,unavailable,N/A,0.0,N/A,0.0,N/A,N/A,N/A,N/A,unavailable,1102.0,N/A,N/A,10142.0,S700_1138,Hidden,55.34,2.0,N/A,N/A,N/A,N/A,None,unavailable,N/A,N/A,N/A,None,None,N/A,N/A,N/A,N/A,None,Hidden,N/A,N/A
orderdetails,0.0,N/A,N/A,N/A,N/A,N/A,N/A,N/A,N/A,unavailable,N/A,0.0,N/A,0.0,N/A,N/A,N/A,N/A,unavailable,1102.0,N/A,N/A,10142.0,S700_1938,Hidden,77.08,9.0,N/A,N/A,N/A,N/A,None,unavailable,N/A,N/A,N/A,None,None,N/A,N/A,N/A,N/A,None,Hidden,N/A,N/A
orderdetails,0.0,N/A,N/A,N/A,N/A,N/A,N/A,N/A,N/A,unavailable,N/A,0.0,N/A,0.0,N/A,N/A,N/A,N/A,unavailable,1102.0,N/A,N/A,10142.0,S700_3505,Hidden,92.16,3.0,N/A,N/A,N/A,N/A,None,unavailable,N/A,N/A,N/A,None,None,N/A,N/A,N/A,N/A,None,Hidden,N/A,N/A
orderdetails,0.0,N/A,N/A,N/A,N/A,N/A,N/A,N/A,N/A,unavailable,N/A,0.0,N/A,0.0,N/A,N/A,N/A,N/A,unavailable,1102.0,N/A,N/A,10142.0,S700_3962,Hidden,91.37,4.0,N/A,N/A,N/A,N/A,None,unavailable,N/A,N/A,N/A,None,None,N/A,N/A,N/A,N/A,None,Hidden,N/A,N/A
orderdetails,0.0,N/A,N/A,N/A,N/A,N/A,N/A,N/A,N/A,unavailable,N/A,0.0,N/A,0.0,N/A,N/A,N/A,N/A,unavailable,1102.0,N/A,N/A,10142.0,S72_3212,Hidden,46.96,5.0,N/A,N/A,N/A,N/A,None,unavailable,N/A,N/A,N/A,None,None,N/A,N/A,N/A,N/A,None,Hidden,N/A,N/A
orderdetails,0.0,N/A,N/A,N/A,N/A,N/A,N/A,N/A,N/A,unavailable,N/A,0.0,N/A,0.0,N/A,N/A,N/A,N/A,unavailable,1102.0,N/A,N/A,10143.0,S10_4757,Hidden,133.28,15.0,N/A,N/A,N/A,N/A,None,unavailable,N/A,N/A,N/A,None,None,N/A,N/A,N/A,N/A,None,Hidden,N/A,N/A
orderdetails,0.0,N/A,N/A,N/A,N/A,N/A,N/A,N/A,N/A,unavailable,N/A,0.0,N/A,0.0,N/A,N/A,N/A,N/A,unavailable,1102.0,N/A,N/A,10143.0,S18_1662,Hidden,126.15,7.0,N/A,N/A,N/A,N/A,None,unavailable,N/A,N/A,N/A,None,None,N/A,N/A,N/A,N/A,None,Hidden,N/A,N/A
orderdetails,0.0,N/A,N/A,N/A,N/A,N/A,N/A,N/A,N/A,unavailable,N/A,0.0,N/A,0.0,N/A,N/A,N/A,N/A,unavailable,1102.0,N/A,N/A,10143.0,S18_3029,Hidden,70.54,13.0,N/A,N/A,N/A,N/A,None,unavailable,N/A,N/A,N/A,None,None,N/A,N/A,N/A,N/A,None,Hidden,N/A,N/A
orderdetails,0.0,N/A,N/A,N/A,N/A,N/A,N/A,N/A,N/A,unavailable,N/A,0.0,N/A,0.0,N/A,N/A,N/A,N/A,unavailable,1102.0,N/A,N/A,10143.0,S18_3856,Hidden,99.52,12.0,N/A,N/A,N/A,N/A,None,unavailable,N/A,N/A,N/A,None,None,N/A,N/A,N/A,N/A,None,Hidden,N/A,N/A
orderdetails,0.0,N/A,N/A,N/A,N/A,N/A,N/A,N/A,N/A,unavailable,N/A,0.0,N/A,0.0,N/A,N/A,N/A,N/A,unavailable,1102.0,N/A,N/A,10143.0,S24_2841,Hidden,63.71,8.0,N/A,N/A,N/A,N/A,None,unavailable,N/A,N/A,N/A,None,None,N/A,N/A,N/A,N/A,None,Hidden,N/A,N/A
orderdetails,0.0,N/A,N/A,N/A,N/A,N/A,N/A,N/A,N/A,unavailable,N/A,0.0,N/A,0.0,N/A,N/A,N/A,N/A,unavailable,1102.0,N/A,N/A,10143.0,S24_3420,Hidden,59.83,9.0,N/A,N/A,N/A,N/A,None,unavailable,N/A,N/A,N/A,None,None,N/A,N/A,N/A,N/A,None,Hidden,N/A,N/A
orderdetails,0.0,N/A,N/A,N/A,N/A,N/A,N/A,N/A,N/A,unavailable,N/A,0.0,N/A,0.0,N/A,N/A,N/A,N/A,unavailable,1102.0,N/A,N/A,10143.0,S24_3816,Hidden,74.64,14.0,N/A,N/A,N/A,N/A,None,unavailable,N/A,N/A,N/A,None,None,N/A,N/A,N/A,N/A,None,Hidden,N/A,N/A
orderdetails,0.0,N/A,N/A,N/A,N/A,N/A,N/A,N/A,N/A,unavailable,N/A,0.0,N/A,0.0,N/A,N/A,N/A,N/A,unavailable,1102.0,N/A,N/A,10143.0,S24_3949,Hidden,55.96,6.0,N/A,N/A,N/A,N/A,None,unavailable,N/A,N/A,N/A,None,None,N/A,N/A,N/A,N/A,None,Hidden,N/A,N/A
orderdetails,0.0,N/A,N/A,N/A,N/A,N/A,N/A,N/A,N/A,unavailable,N/A,0.0,N/A,0.0,N/A,N/A,N/A,N/A,unavailable,1102.0,N/A,N/A,10143.0,S50_1341,Hidden,34.91,1.0,N/A,N/A,N/A,N/A,None,unavailable,N/A,N/A,N/A,None,None,N/A,N/A,N/A,N/A,None,Hidden,N/A,N/A
orderdetails,0.0,N/A,N/A,N/A,N/A,N/A,N/A,N/A,N/A,unavailable,N/A,0.0,N/A,0.0,N/A,N/A,N/A,N/A,unavailable,1102.0,N/A,N/A,10143.0,S700_1691,Hidden,86.77,2.0,N/A,N/A,N/A,N/A,None,unavailable,N/A,N/A,N/A,None,None,N/A,N/A,N/A,N/A,None,Hidden,N/A,N/A
orderdetails,0.0,N/A,N/A,N/A,N/A,N/A,N/A,N/A,N/A,unavailable,N/A,0.0,N/A,0.0,N/A,N/A,N/A,N/A,unavailable,1102.0,N/A,N/A,10143.0,S700_2047,Hidden,87.80,11.0,N/A,N/A,N/A,N/A,None,unavailable,N/A,N/A,N/A,None,None,N/A,N/A,N/A,N/A,None,Hidden,N/A,N/A
orderdetails,0.0,N/A,N/A,N/A,N/A,N/A,N/A,N/A,N/A,unavailable,N/A,0.0,N/A,0.0,N/A,N/A,N/A,N/A,unavailable,1102.0,N/A,N/A,10143.0,S700_2466,Hidden,79.78,4.0,N/A,N/A,N/A,N/A,None,unavailable,N/A,N/A,N/A,None,None,N/A,N/A,N/A,N/A,None,Hidden,N/A,N/A
orderdetails,0.0,N/A,N/A,N/A,N/A,N/A,N/A,N/A,N/A,unavailable,N/A,0.0,N/A,0.0,N/A,N/A,N/A,N/A,unavailable,1102.0,N/A,N/A,10143.0,S700_2610,Hidden,69.39,16.0,N/A,N/A,N/A,N/A,None,unavailable,N/A,N/A,N/A,None,None,N/A,N/A,N/A,N/A,None,Hidden,N/A,N/A
orderdetails,0.0,N/A,N/A,N/A,N/A,N/A,N/A,N/A,N/A,unavailable,N/A,0.0,N/A,0.0,N/A,N/A,N/A,N/A,unavailable,1102.0,N/A,N/A,10143.0,S700_3167,Hidden,70.40,3.0,N/A,N/A,N/A,N/A,None,unavailable,N/A,N/A,N/A,None,None,N/A,N/A,N/A,N/A,None,Hidden,N/A,N/A
orderdetails,0.0,N/A,N/A,N/A,N/A,N/A,N/A,N/A,N/A,unavailable,N/A,0.0,N/A,0.0,N/A,N/A,N/A,N/A,unavailable,1102.0,N/A,N/A,10143.0,S700_4002,Hidden,65.15,5.0,N/A,N/A,N/A,N/A,None,unavailable,N/A,N/A,N/A,None,None,N/A,N/A,N/A,N/A,None,Hidden,N/A,N/A
orderdetails,0.0,N/A,N/A,N/A,N/A,N/A,N/A,N/A,N/A,unavailable,N/A,0.0,N/A,0.0,N/A,N/A,N/A,N/A,unavailable,1102.0,N/A,N/A,10143.0,S72_1253,Hidden,49.66,10.0,N/A,N/A,N/A,N/A,None,unavailable,N/A,N/A,N/A,None,None,N/A,N/A,N/A,N/A,None,Hidden,N/A,N/A
orderdetails,0.0,N/A,N/A,N/A,N/A,N/A,N/A,N/A,N/A,unavailable,N/A,0.0,N/A,0.0,N/A,N/A,N/A,N/A,unavailable,1102.0,N/A,N/A,10144.0,S32_4289,Hidden,56.41,1.0,N/A,N/A,N/A,N/A,None,unavailable,N/A,N/A,N/A,None,None,N/A,N/A,N/A,N/A,None,Hidden,N/A,N/A
orderdetails,0.0,N/A,N/A,N/A,N/A,N/A,N/A,N/A,N/A,unavailable,N/A,0.0,N/A,0.0,N/A,N/A,N/A,N/A,unavailable,1102.0,N/A,N/A,10145.0,S10_1678,Hidden,76.56,6.0,N/A,N/A,N/A,N/A,None,unavailable,N/A,N/A,N/A,None,None,N/A,N/A,N/A,N/A,None,Hidden,N/A,N/A
orderdetails,0.0,N/A,N/A,N/A,N/A,N/A,N/A,N/A,N/A,unavailable,N/A,0.0,N/A,0.0,N/A,N/A,N/A,N/A,unavailable,1102.0,N/A,N/A,10145.0,S10_2016,Hidden,104.67,9.0,N/A,N/A,N/A,N/A,None,unavailable,N/A,N/A,N/A,None,None,N/A,N/A,N/A,N/A,None,Hidden,N/A,N/A
orderdetails,0.0,N/A,N/A,N/A,N/A,N/A,N/A,N/A,N/A,unavailable,N/A,0.0,N/A,0.0,N/A,N/A,N/A,N/A,unavailable,1102.0,N/A,N/A,10145.0,S10_4698,Hidden,154.93,8.0,N/A,N/A,N/A,N/A,None,unavailable,N/A,N/A,N/A,None,None,N/A,N/A,N/A,N/A,None,Hidden,N/A,N/A
orderdetails,0.0,N/A,N/A,N/A,N/A,N/A,N/A,N/A,N/A,unavailable,N/A,0.0,N/A,0.0,N/A,N/A,N/A,N/A,unavailable,1102.0,N/A,N/A,10145.0,S12_2823,Hidden,146.10,5.0,N/A,N/A,N/A,N/A,None,unavailable,N/A,N/A,N/A,None,None,N/A,N/A,N/A,N/A,None,Hidden,N/A,N/A
orderdetails,0.0,N/A,N/A,N/A,N/A,N/A,N/A,N/A,N/A,unavailable,N/A,0.0,N/A,0.0,N/A,N/A,N/A,N/A,unavailable,1102.0,N/A,N/A,10145.0,S18_2581,Hidden,71.81,14.0,N/A,N/A,N/A,N/A,None,unavailable,N/A,N/A,N/A,None,None,N/A,N/A,N/A,N/A,None,Hidden,N/A,N/A
orderdetails,0.0,N/A,N/A,N/A,N/A,N/A,N/A,N/A,N/A,unavailable,N/A,0.0,N/A,0.0,N/A,N/A,N/A,N/A,unavailable,1102.0,N/A,N/A,10145.0,S18_2625,Hidden,52.70,10.0,N/A,N/A,N/A,N/A,None,unavailable,N/A,N/A,N/A,None,None,N/A,N/A,N/A,N/A,None,Hidden,N/A,N/A
orderdetails,0.0,N/A,N/A,N/A,N/A,N/A,N/A,N/A,N/A,unavailable,N/A,0.0,N/A,0.0,N/A,N/A,N/A,N/A,unavailable,1102.0,N/A,N/A,10145.0,S24_1578,Hidden,103.68,7.0,N/A,N/A,N/A,N/A,None,unavailable,N/A,N/A,N/A,None,None,N/A,N/A,N/A,N/A,None,Hidden,N/A,N/A
orderdetails,0.0,N/A,N/A,N/A,N/A,N/A,N/A,N/A,N/A,unavailable,N/A,0.0,N/A,0.0,N/A,N/A,N/A,N/A,unavailable,1102.0,N/A,N/A,10145.0,S24_1785,Hidden,87.54,16.0,N/A,N/A,N/A,N/A,None,unavailable,N/A,N/A,N/A,None,None,N/A,N/A,N/A,N/A,None,Hidden,N/A,N/A
orderdetails,0.0,N/A,N/A,N/A,N/A,N/A,N/A,N/A,N/A,unavailable,N/A,0.0,N/A,0.0,N/A,N/A,N/A,N/A,unavailable,1102.0,N/A,N/A,10145.0,S24_2000,Hidden,63.98,11.0,N/A,N/A,N/A,N/A,None,unavailable,N/A,N/A,N/A,None,None,N/A,N/A,N/A,N/A,None,Hidden,N/A,N/A
orderdetails,0.0,N/A,N/A,N/A,N/A,N/A,N/A,N/A,N/A,unavailable,N/A,0.0,N/A,0.0,N/A,N/A,N/A,N/A,unavailable,1102.0,N/A,N/A,10145.0,S24_2360,Hidden,56.10,3.0,N/A,N/A,N/A,N/A,None,unavailable,N/A,N/A,N/A,None,None,N/A,N/A,N/A,N/A,None,Hidden,N/A,N/A
orderdetails,0.0,N/A,N/A,N/A,N/A,N/A,N/A,N/A,N/A,unavailable,N/A,0.0,N/A,0.0,N/A,N/A,N/A,N/A,unavailable,1102.0,N/A,N/A,10145.0,S24_4278,Hidden,71.73,15.0,N/A,N/A,N/A,N/A,None,unavailable,N/A,N/A,N/A,None,None,N/A,N/A,N/A,N/A,None,Hidden,N/A,N/A
orderdetails,0.0,N/A,N/A,N/A,N/A,N/A,N/A,N/A,N/A,unavailable,N/A,0.0,N/A,0.0,N/A,N/A,N/A,N/A,unavailable,1102.0,N/A,N/A,10145.0,S32_1374,Hidden,99.89,12.0,N/A,N/A,N/A,N/A,None,unavailable,N/A,N/A,N/A,None,None,N/A,N/A,N/A,N/A,None,Hidden,N/A,N/A
orderdetails,0.0,N/A,N/A,N/A,N/A,N/A,N/A,N/A,N/A,unavailable,N/A,0.0,N/A,0.0,N/A,N/A,N/A,N/A,unavailable,1102.0,N/A,N/A,10145.0,S32_2206,Hidden,39.43,1.0,N/A,N/A,N/A,N/A,None,unavailable,N/A,N/A,N/A,None,None,N/A,N/A,N/A,N/A,None,Hidden,N/A,N/A
orderdetails,0.0,N/A,N/A,N/A,N/A,N/A,N/A,N/A,N/A,unavailable,N/A,0.0,N/A,0.0,N/A,N/A,N/A,N/A,unavailable,1102.0,N/A,N/A,10145.0,S32_4485,Hidden,95.93,4.0,N/A,N/A,N/A,N/A,None,unavailable,N/A,N/A,N/A,None,None,N/A,N/A,N/A,N/A,None,Hidden,N/A,N/A
orderdetails,0.0,N/A,N/A,N/A,N/A,N/A,N/A,N/A,N/A,unavailable,N/A,0.0,N/A,0.0,N/A,N/A,N/A,N/A,unavailable,1102.0,N/A,N/A,10145.0,S50_4713,Hidden,73.22,2.0,N/A,N/A,N/A,N/A,None,unavailable,N/A,N/A,N/A,None,None,N/A,N/A,N/A,N/A,None,Hidden,N/A,N/A
orderdetails,0.0,N/A,N/A,N/A,N/A,N/A,N/A,N/A,N/A,unavailable,N/A,0.0,N/A,0.0,N/A,N/A,N/A,N/A,unavailable,1102.0,N/A,N/A,10145.0,S700_2834,Hidden,113.90,13.0,N/A,N/A,N/A,N/A,None,unavailable,N/A,N/A,N/A,None,None,N/A,N/A,N/A,N/A,None,Hidden,N/A,N/A
orderdetails,0.0,N/A,N/A,N/A,N/A,N/A,N/A,N/A,N/A,unavailable,N/A,0.0,N/A,0.0,N/A,N/A,N/A,N/A,unavailable,1102.0,N/A,N/A,10146.0,S18_3782,Hidden,60.30,2.0,N/A,N/A,N/A,N/A,None,unavailable,N/A,N/A,N/A,None,None,N/A,N/A,N/A,N/A,None,Hidden,N/A,N/A
orderdetails,0.0,N/A,N/A,N/A,N/A,N/A,N/A,N/A,N/A,unavailable,N/A,0.0,N/A,0.0,N/A,N/A,N/A,N/A,unavailable,1102.0,N/A,N/A,10146.0,S18_4721,Hidden,130.94,1.0,N/A,N/A,N/A,N/A,None,unavailable,N/A,N/A,N/A,None,None,N/A,N/A,N/A,N/A,None,Hidden,N/A,N/A
orderdetails,0.0,N/A,N/A,N/A,N/A,N/A,N/A,N/A,N/A,unavailable,N/A,0.0,N/A,0.0,N/A,N/A,N/A,N/A,unavailable,1102.0,N/A,N/A,10147.0,S12_1099,Hidden,161.49,7.0,N/A,N/A,N/A,N/A,None,unavailable,N/A,N/A,N/A,None,None,N/A,N/A,N/A,N/A,None,Hidden,N/A,N/A
orderdetails,0.0,N/A,N/A,N/A,N/A,N/A,N/A,N/A,N/A,unavailable,N/A,0.0,N/A,0.0,N/A,N/A,N/A,N/A,unavailable,1102.0,N/A,N/A,10147.0,S12_3380,Hidden,110.39,5.0,N/A,N/A,N/A,N/A,None,unavailable,N/A,N/A,N/A,None,None,N/A,N/A,N/A,N/A,None,Hidden,N/A,N/A
orderdetails,0.0,N/A,N/A,N/A,N/A,N/A,N/A,N/A,N/A,unavailable,N/A,0.0,N/A,0.0,N/A,N/A,N/A,N/A,unavailable,1102.0,N/A,N/A,10147.0,S12_3990,Hidden,74.21,8.0,N/A,N/A,N/A,N/A,None,unavailable,N/A,N/A,N/A,None,None,N/A,N/A,N/A,N/A,None,Hidden,N/A,N/A
orderdetails,0.0,N/A,N/A,N/A,N/A,N/A,N/A,N/A,N/A,unavailable,N/A,0.0,N/A,0.0,N/A,N/A,N/A,N/A,unavailable,1102.0,N/A,N/A,10147.0,S12_4675,Hidden,97.89,4.0,N/A,N/A,N/A,N/A,None,unavailable,N/A,N/A,N/A,None,None,N/A,N/A,N/A,N/A,None,Hidden,N/A,N/A
orderdetails,0.0,N/A,N/A,N/A,N/A,N/A,N/A,N/A,N/A,unavailable,N/A,0.0,N/A,0.0,N/A,N/A,N/A,N/A,unavailable,1102.0,N/A,N/A,10147.0,S18_1889,Hidden,70.84,3.0,N/A,N/A,N/A,N/A,None,unavailable,N/A,N/A,N/A,None,None,N/A,N/A,N/A,N/A,None,Hidden,N/A,N/A
orderdetails,0.0,N/A,N/A,N/A,N/A,N/A,N/A,N/A,N/A,unavailable,N/A,0.0,N/A,0.0,N/A,N/A,N/A,N/A,unavailable,1102.0,N/A,N/A,10147.0,S18_3278,Hidden,74.78,10.0,N/A,N/A,N/A,N/A,None,unavailable,N/A,N/A,N/A,None,None,N/A,N/A,N/A,N/A,None,Hidden,N/A,N/A
orderdetails,0.0,N/A,N/A,N/A,N/A,N/A,N/A,N/A,N/A,unavailable,N/A,0.0,N/A,0.0,N/A,N/A,N/A,N/A,unavailable,1102.0,N/A,N/A,10147.0,S18_3482,Hidden,129.35,9.0,N/A,N/A,N/A,N/A,None,unavailable,N/A,N/A,N/A,None,None,N/A,N/A,N/A,N/A,None,Hidden,N/A,N/A
orderdetails,0.0,N/A,N/A,N/A,N/A,N/A,N/A,N/A,N/A,unavailable,N/A,0.0,N/A,0.0,N/A,N/A,N/A,N/A,unavailable,1102.0,N/A,N/A,10147.0,S24_2972,Hidden,33.23,1.0,N/A,N/A,N/A,N/A,None,unavailable,N/A,N/A,N/A,None,None,N/A,N/A,N/A,N/A,None,Hidden,N/A,N/A
orderdetails,0.0,N/A,N/A,N/A,N/A,N/A,N/A,N/A,N/A,unavailable,N/A,0.0,N/A,0.0,N/A,N/A,N/A,N/A,unavailable,1102.0,N/A,N/A,10147.0,S24_3371,Hidden,48.98,6.0,N/A,N/A,N/A,N/A,None,unavailable,N/A,N/A,N/A,None,None,N/A,N/A,N/A,N/A,None,Hidden,N/A,N/A
orderdetails,0.0,N/A,N/A,N/A,N/A,N/A,N/A,N/A,N/A,unavailable,N/A,0.0,N/A,0.0,N/A,N/A,N/A,N/A,unavailable,1102.0,N/A,N/A,10147.0,S24_3856,Hidden,123.58,2.0,N/A,N/A,N/A,N/A,None,unavailable,N/A,N/A,N/A,None,None,N/A,N/A,N/A,N/A,None,Hidden,N/A,N/A
orderdetails,0.0,N/A,N/A,N/A,N/A,N/A,N/A,N/A,N/A,unavailable,N/A,0.0,N/A,0.0,N/A,N/A,N/A,N/A,unavailable,1102.0,N/A,N/A,10147.0,S24_4620,Hidden,72.76,11.0,N/A,N/A,N/A,N/A,None,unavailable,N/A,N/A,N/A,None,None,N/A,N/A,N/A,N/A,None,Hidden,N/A,N/A
orderdetails,0.0,N/A,N/A,N/A,N/A,N/A,N/A,N/A,N/A,unavailable,N/A,0.0,N/A,0.0,N/A,N/A,N/A,N/A,unavailable,1102.0,N/A,N/A,10148.0,S18_1129,Hidden,114.65,13.0,N/A,N/A,N/A,N/A,None,unavailable,N/A,N/A,N/A,None,None,N/A,N/A,N/A,N/A,None,Hidden,N/A,N/A
orderdetails,0.0,N/A,N/A,N/A,N/A,N/A,N/A,N/A,N/A,unavailable,N/A,0.0,N/A,0.0,N/A,N/A,N/A,N/A,unavailable,1102.0,N/A,N/A,10148.0,S18_1589,Hidden,108.26,9.0,N/A,N/A,N/A,N/A,None,unavailable,N/A,N/A,N/A,None,None,N/A,N/A,N/A,N/A,None,Hidden,N/A,N/A
orderdetails,0.0,N/A,N/A,N/A,N/A,N/A,N/A,N/A,N/A,unavailable,N/A,0.0,N/A,0.0,N/A,N/A,N/A,N/A,unavailable,1102.0,N/A,N/A,10148.0,S18_1984,Hidden,136.56,12.0,N/A,N/A,N/A,N/A,None,unavailable,N/A,N/A,N/A,None,None,N/A,N/A,N/A,N/A,None,Hidden,N/A,N/A
orderdetails,0.0,N/A,N/A,N/A,N/A,N/A,N/A,N/A,N/A,unavailable,N/A,0.0,N/A,0.0,N/A,N/A,N/A,N/A,unavailable,1102.0,N/A,N/A,10148.0,S18_2870,Hidden,113.52,10.0,N/A,N/A,N/A,N/A,None,unavailable,N/A,N/A,N/A,None,None,N/A,N/A,N/A,N/A,None,Hidden,N/A,N/A
orderdetails,0.0,N/A,N/A,N/A,N/A,N/A,N/A,N/A,N/A,unavailable,N/A,0.0,N/A,0.0,N/A,N/A,N/A,N/A,unavailable,1102.0,N/A,N/A,10148.0,S18_3232,Hidden,143.94,14.0,N/A,N/A,N/A,N/A,None,unavailable,N/A,N/A,N/A,None,None,N/A,N/A,N/A,N/A,None,Hidden,N/A,N/A
orderdetails,0.0,N/A,N/A,N/A,N/A,N/A,N/A,N/A,N/A,unavailable,N/A,0.0,N/A,0.0,N/A,N/A,N/A,N/A,unavailable,1102.0,N/A,N/A,10148.0,S18_3685,Hidden,135.63,11.0,N/A,N/A,N/A,N/A,None,unavailable,N/A,N/A,N/A,None,None,N/A,N/A,N/A,N/A,None,Hidden,N/A,N/A
orderdetails,0.0,N/A,N/A,N/A,N/A,N/A,N/A,N/A,N/A,unavailable,N/A,0.0,N/A,0.0,N/A,N/A,N/A,N/A,unavailable,1102.0,N/A,N/A,10148.0,S18_4409,Hidden,83.75,1.0,N/A,N/A,N/A,N/A,None,unavailable,N/A,N/A,N/A,None,None,N/A,N/A,N/A,N/A,None,Hidden,N/A,N/A
orderdetails,0.0,N/A,N/A,N/A,N/A,N/A,N/A,N/A,N/A,unavailable,N/A,0.0,N/A,0.0,N/A,N/A,N/A,N/A,unavailable,1102.0,N/A,N/A,10148.0,S18_4933,Hidden,66.28,2.0,N/A,N/A,N/A,N/A,None,unavailable,N/A,N/A,N/A,None,None,N/A,N/A,N/A,N/A,None,Hidden,N/A,N/A
orderdetails,0.0,N/A,N/A,N/A,N/A,N/A,N/A,N/A,N/A,unavailable,N/A,0.0,N/A,0.0,N/A,N/A,N/A,N/A,unavailable,1102.0,N/A,N/A,10148.0,S24_1046,Hidden,65.41,6.0,N/A,N/A,N/A,N/A,None,unavailable,N/A,N/A,N/A,None,None,N/A,N/A,N/A,N/A,None,Hidden,N/A,N/A
orderdetails,0.0,N/A,N/A,N/A,N/A,N/A,N/A,N/A,N/A,unavailable,N/A,0.0,N/A,0.0,N/A,N/A,N/A,N/A,unavailable,1102.0,N/A,N/A,10148.0,S24_1628,Hidden,46.29,8.0,N/A,N/A,N/A,N/A,None,unavailable,N/A,N/A,N/A,None,None,N/A,N/A,N/A,N/A,None,Hidden,N/A,N/A
orderdetails,0.0,N/A,N/A,N/A,N/A,N/A,N/A,N/A,N/A,unavailable,N/A,0.0,N/A,0.0,N/A,N/A,N/A,N/A,unavailable,1102.0,N/A,N/A,10148.0,S24_2766,Hidden,77.24,4.0,N/A,N/A,N/A,N/A,None,unavailable,N/A,N/A,N/A,None,None,N/A,N/A,N/A,N/A,None,Hidden,N/A,N/A
orderdetails,0.0,N/A,N/A,N/A,N/A,N/A,N/A,N/A,N/A,unavailable,N/A,0.0,N/A,0.0,N/A,N/A,N/A,N/A,unavailable,1102.0,N/A,N/A,10148.0,S24_2887,Hidden,115.09,3.0,N/A,N/A,N/A,N/A,None,unavailable,N/A,N/A,N/A,None,None,N/A,N/A,N/A,N/A,None,Hidden,N/A,N/A
orderdetails,0.0,N/A,N/A,N/A,N/A,N/A,N/A,N/A,N/A,unavailable,N/A,0.0,N/A,0.0,N/A,N/A,N/A,N/A,unavailable,1102.0,N/A,N/A,10148.0,S24_3191,Hidden,71.91,5.0,N/A,N/A,N/A,N/A,None,unavailable,N/A,N/A,N/A,None,None,N/A,N/A,N/A,N/A,None,Hidden,N/A,N/A
orderdetails,0.0,N/A,N/A,N/A,N/A,N/A,N/A,N/A,N/A,unavailable,N/A,0.0,N/A,0.0,N/A,N/A,N/A,N/A,unavailable,1102.0,N/A,N/A,10148.0,S24_3432,Hidden,96.37,7.0,N/A,N/A,N/A,N/A,None,unavailable,N/A,N/A,N/A,None,None,N/A,N/A,N/A,N/A,None,Hidden,N/A,N/A
orderdetails,0.0,N/A,N/A,N/A,N/A,N/A,N/A,N/A,N/A,unavailable,N/A,0.0,N/A,0.0,N/A,N/A,N/A,N/A,unavailable,1102.0,N/A,N/A,10149.0,S18_1342,Hidden,87.33,4.0,N/A,N/A,N/A,N/A,None,unavailable,N/A,N/A,N/A,None,None,N/A,N/A,N/A,N/A,None,Hidden,N/A,N/A
orderdetails,0.0,N/A,N/A,N/A,N/A,N/A,N/A,N/A,N/A,unavailable,N/A,0.0,N/A,0.0,N/A,N/A,N/A,N/A,unavailable,1102.0,N/A,N/A,10149.0,S18_1367,Hidden,48.52,3.0,N/A,N/A,N/A,N/A,None,unavailable,N/A,N/A,N/A,None,None,N/A,N/A,N/A,N/A,None,Hidden,N/A,N/A
orderdetails,0.0,N/A,N/A,N/A,N/A,N/A,N/A,N/A,N/A,unavailable,N/A,0.0,N/A,0.0,N/A,N/A,N/A,N/A,unavailable,1102.0,N/A,N/A,10149.0,S18_1749,Hidden,156.40,11.0,N/A,N/A,N/A,N/A,None,unavailable,N/A,N/A,N/A,None,None,N/A,N/A,N/A,N/A,None,Hidden,N/A,N/A
orderdetails,0.0,N/A,N/A,N/A,N/A,N/A,N/A,N/A,N/A,unavailable,N/A,0.0,N/A,0.0,N/A,N/A,N/A,N/A,unavailable,1102.0,N/A,N/A,10149.0,S18_2248,Hidden,50.85,10.0,N/A,N/A,N/A,N/A,None,unavailable,N/A,N/A,N/A,None,None,N/A,N/A,N/A,N/A,None,Hidden,N/A,N/A
orderdetails,0.0,N/A,N/A,N/A,N/A,N/A,N/A,N/A,N/A,unavailable,N/A,0.0,N/A,0.0,N/A,N/A,N/A,N/A,unavailable,1102.0,N/A,N/A,10149.0,S18_2325,Hidden,125.86,8.0,N/A,N/A,N/A,N/A,None,unavailable,N/A,N/A,N/A,None,None,N/A,N/A,N/A,N/A,None,Hidden,N/A,N/A
orderdetails,0.0,N/A,N/A,N/A,N/A,N/A,N/A,N/A,N/A,unavailable,N/A,0.0,N/A,0.0,N/A,N/A,N/A,N/A,unavailable,1102.0,N/A,N/A,10149.0,S18_2795,Hidden,167.06,5.0,N/A,N/A,N/A,N/A,None,unavailable,N/A,N/A,N/A,None,None,N/A,N/A,N/A,N/A,None,Hidden,N/A,N/A
orderdetails,0.0,N/A,N/A,N/A,N/A,N/A,N/A,N/A,N/A,unavailable,N/A,0.0,N/A,0.0,N/A,N/A,N/A,N/A,unavailable,1102.0,N/A,N/A,10149.0,S18_3320,Hidden,89.29,2.0,N/A,N/A,N/A,N/A,None,unavailable,N/A,N/A,N/A,None,None,N/A,N/A,N/A,N/A,None,Hidden,N/A,N/A
orderdetails,0.0,N/A,N/A,N/A,N/A,N/A,N/A,N/A,N/A,unavailable,N/A,0.0,N/A,0.0,N/A,N/A,N/A,N/A,unavailable,1102.0,N/A,N/A,10149.0,S24_1937,Hidden,31.20,7.0,N/A,N/A,N/A,N/A,None,unavailable,N/A,N/A,N/A,None,None,N/A,N/A,N/A,N/A,None,Hidden,N/A,N/A
orderdetails,0.0,N/A,N/A,N/A,N/A,N/A,N/A,N/A,N/A,unavailable,N/A,0.0,N/A,0.0,N/A,N/A,N/A,N/A,unavailable,1102.0,N/A,N/A,10149.0,S24_2022,Hidden,39.87,6.0,N/A,N/A,N/A,N/A,None,unavailable,N/A,N/A,N/A,None,None,N/A,N/A,N/A,N/A,None,Hidden,N/A,N/A
orderdetails,0.0,N/A,N/A,N/A,N/A,N/A,N/A,N/A,N/A,unavailable,N/A,0.0,N/A,0.0,N/A,N/A,N/A,N/A,unavailable,1102.0,N/A,N/A,10149.0,S24_3969,Hidden,38.57,9.0,N/A,N/A,N/A,N/A,None,unavailable,N/A,N/A,N/A,None,None,N/A,N/A,N/A,N/A,None,Hidden,N/A,N/A
orderdetails,0.0,N/A,N/A,N/A,N/A,N/A,N/A,N/A,N/A,unavailable,N/A,0.0,N/A,0.0,N/A,N/A,N/A,N/A,unavailable,1102.0,N/A,N/A,10149.0,S24_4258,Hidden,90.57,1.0,N/A,N/A,N/A,N/A,None,unavailable,N/A,N/A,N/A,None,None,N/A,N/A,N/A,N/A,None,Hidden,N/A,N/A
orderdetails,0.0,N/A,N/A,N/A,N/A,N/A,N/A,N/A,N/A,unavailable,N/A,0.0,N/A,0.0,N/A,N/A,N/A,N/A,unavailable,1102.0,N/A,N/A,10150.0,S10_1949,Hidden,182.16,8.0,N/A,N/A,N/A,N/A,None,unavailable,N/A,N/A,N/A,None,None,N/A,N/A,N/A,N/A,None,Hidden,N/A,N/A
orderdetails,0.0,N/A,N/A,N/A,N/A,N/A,N/A,N/A,N/A,unavailable,N/A,0.0,N/A,0.0,N/A,N/A,N/A,N/A,unavailable,1102.0,N/A,N/A,10150.0,S10_4962,Hidden,121.15,1.0,N/A,N/A,N/A,N/A,None,unavailable,N/A,N/A,N/A,None,None,N/A,N/A,N/A,N/A,None,Hidden,N/A,N/A
orderdetails,0.0,N/A,N/A,N/A,N/A,N/A,N/A,N/A,N/A,unavailable,N/A,0.0,N/A,0.0,N/A,N/A,N/A,N/A,unavailable,1102.0,N/A,N/A,10150.0,S12_1666,Hidden,135.30,5.0,N/A,N/A,N/A,N/A,None,unavailable,N/A,N/A,N/A,None,None,N/A,N/A,N/A,N/A,None,Hidden,N/A,N/A
orderdetails,0.0,N/A,N/A,N/A,N/A,N/A,N/A,N/A,N/A,unavailable,N/A,0.0,N/A,0.0,N/A,N/A,N/A,N/A,unavailable,1102.0,N/A,N/A,10150.0,S18_1097,Hidden,95.67,7.0,N/A,N/A,N/A,N/A,None,unavailable,N/A,N/A,N/A,None,None,N/A,N/A,N/A,N/A,None,Hidden,N/A,N/A
orderdetails,0.0,N/A,N/A,N/A,N/A,N/A,N/A,N/A,N/A,unavailable,N/A,0.0,N/A,0.0,N/A,N/A,N/A,N/A,unavailable,1102.0,N/A,N/A,10150.0,S18_2949,Hidden,93.21,9.0,N/A,N/A,N/A,N/A,None,unavailable,N/A,N/A,N/A,None,None,N/A,N/A,N/A,N/A,None,Hidden,N/A,N/A
orderdetails,0.0,N/A,N/A,N/A,N/A,N/A,N/A,N/A,N/A,unavailable,N/A,0.0,N/A,0.0,N/A,N/A,N/A,N/A,unavailable,1102.0,N/A,N/A,10150.0,S18_2957,Hidden,56.21,11.0,N/A,N/A,N/A,N/A,None,unavailable,N/A,N/A,N/A,None,None,N/A,N/A,N/A,N/A,None,Hidden,N/A,N/A
orderdetails,0.0,N/A,N/A,N/A,N/A,N/A,N/A,N/A,N/A,unavailable,N/A,0.0,N/A,0.0,N/A,N/A,N/A,N/A,unavailable,1102.0,N/A,N/A,10150.0,S18_3136,Hidden,97.39,10.0,N/A,N/A,N/A,N/A,None,unavailable,N/A,N/A,N/A,None,None,N/A,N/A,N/A,N/A,None,Hidden,N/A,N/A
orderdetails,0.0,N/A,N/A,N/A,N/A,N/A,N/A,N/A,N/A,unavailable,N/A,0.0,N/A,0.0,N/A,N/A,N/A,N/A,unavailable,1102.0,N/A,N/A,10150.0,S18_4600,Hidden,111.39,2.0,N/A,N/A,N/A,N/A,None,unavailable,N/A,N/A,N/A,None,None,N/A,N/A,N/A,N/A,None,Hidden,N/A,N/A
orderdetails,0.0,N/A,N/A,N/A,N/A,N/A,N/A,N/A,N/A,unavailable,N/A,0.0,N/A,0.0,N/A,N/A,N/A,N/A,unavailable,1102.0,N/A,N/A,10150.0,S18_4668,Hidden,47.29,6.0,N/A,N/A,N/A,N/A,None,unavailable,N/A,N/A,N/A,None,None,N/A,N/A,N/A,N/A,None,Hidden,N/A,N/A
orderdetails,0.0,N/A,N/A,N/A,N/A,N/A,N/A,N/A,N/A,unavailable,N/A,0.0,N/A,0.0,N/A,N/A,N/A,N/A,unavailable,1102.0,N/A,N/A,10150.0,S32_3522,Hidden,62.05,4.0,N/A,N/A,N/A,N/A,None,unavailable,N/A,N/A,N/A,None,None,N/A,N/A,N/A,N/A,None,Hidden,N/A,N/A
orderdetails,0.0,N/A,N/A,N/A,N/A,N/A,N/A,N/A,N/A,unavailable,N/A,0.0,N/A,0.0,N/A,N/A,N/A,N/A,unavailable,1102.0,N/A,N/A,10150.0,S700_2824,Hidden,95.08,3.0,N/A,N/A,N/A,N/A,None,unavailable,N/A,N/A,N/A,None,None,N/A,N/A,N/A,N/A,None,Hidden,N/A,N/A
orderdetails,0.0,N/A,N/A,N/A,N/A,N/A,N/A,N/A,N/A,unavailable,N/A,0.0,N/A,0.0,N/A,N/A,N/A,N/A,unavailable,1102.0,N/A,N/A,10151.0,S12_4473,Hidden,114.95,3.0,N/A,N/A,N/A,N/A,None,unavailable,N/A,N/A,N/A,None,None,N/A,N/A,N/A,N/A,None,Hidden,N/A,N/A
orderdetails,0.0,N/A,N/A,N/A,N/A,N/A,N/A,N/A,N/A,unavailable,N/A,0.0,N/A,0.0,N/A,N/A,N/A,N/A,unavailable,1102.0,N/A,N/A,10151.0,S18_2238,Hidden,152.27,2.0,N/A,N/A,N/A,N/A,None,unavailable,N/A,N/A,N/A,None,None,N/A,N/A,N/A,N/A,None,Hidden,N/A,N/A
orderdetails,0.0,N/A,N/A,N/A,N/A,N/A,N/A,N/A,N/A,unavailable,N/A,0.0,N/A,0.0,N/A,N/A,N/A,N/A,unavailable,1102.0,N/A,N/A,10151.0,S18_2319,Hidden,106.78,6.0,N/A,N/A,N/A,N/A,None,unavailable,N/A,N/A,N/A,None,None,N/A,N/A,N/A,N/A,None,Hidden,N/A,N/A
orderdetails,0.0,N/A,N/A,N/A,N/A,N/A,N/A,N/A,N/A,unavailable,N/A,0.0,N/A,0.0,N/A,N/A,N/A,N/A,unavailable,1102.0,N/A,N/A,10151.0,S18_2432,Hidden,58.34,9.0,N/A,N/A,N/A,N/A,None,unavailable,N/A,N/A,N/A,None,None,N/A,N/A,N/A,N/A,None,Hidden,N/A,N/A
orderdetails,0.0,N/A,N/A,N/A,N/A,N/A,N/A,N/A,N/A,unavailable,N/A,0.0,N/A,0.0,N/A,N/A,N/A,N/A,unavailable,1102.0,N/A,N/A,10151.0,S18_3232,Hidden,167.65,7.0,N/A,N/A,N/A,N/A,None,unavailable,N/A,N/A,N/A,None,None,N/A,N/A,N/A,N/A,None,Hidden,N/A,N/A
orderdetails,0.0,N/A,N/A,N/A,N/A,N/A,N/A,N/A,N/A,unavailable,N/A,0.0,N/A,0.0,N/A,N/A,N/A,N/A,unavailable,1102.0,N/A,N/A,10151.0,S24_2300,Hidden,109.90,8.0,N/A,N/A,N/A,N/A,None,unavailable,N/A,N/A,N/A,None,None,N/A,N/A,N/A,N/A,None,Hidden,N/A,N/A
orderdetails,0.0,N/A,N/A,N/A,N/A,N/A,N/A,N/A,N/A,unavailable,N/A,0.0,N/A,0.0,N/A,N/A,N/A,N/A,unavailable,1102.0,N/A,N/A,10151.0,S24_2840,Hidden,29.35,4.0,N/A,N/A,N/A,N/A,None,unavailable,N/A,N/A,N/A,None,None,N/A,N/A,N/A,N/A,None,Hidden,N/A,N/A
orderdetails,0.0,N/A,N/A,N/A,N/A,N/A,N/A,N/A,N/A,unavailable,N/A,0.0,N/A,0.0,N/A,N/A,N/A,N/A,unavailable,1102.0,N/A,N/A,10151.0,S32_1268,Hidden,84.75,10.0,N/A,N/A,N/A,N/A,None,unavailable,N/A,N/A,N/A,None,None,N/A,N/A,N/A,N/A,None,Hidden,N/A,N/A
orderdetails,0.0,N/A,N/A,N/A,N/A,N/A,N/A,N/A,N/A,unavailable,N/A,0.0,N/A,0.0,N/A,N/A,N/A,N/A,unavailable,1102.0,N/A,N/A,10151.0,S32_2509,Hidden,43.29,5.0,N/A,N/A,N/A,N/A,None,unavailable,N/A,N/A,N/A,None,None,N/A,N/A,N/A,N/A,None,Hidden,N/A,N/A
orderdetails,0.0,N/A,N/A,N/A,N/A,N/A,N/A,N/A,N/A,unavailable,N/A,0.0,N/A,0.0,N/A,N/A,N/A,N/A,unavailable,1102.0,N/A,N/A,10151.0,S50_1392,Hidden,108.81,1.0,N/A,N/A,N/A,N/A,None,unavailable,N/A,N/A,N/A,None,None,N/A,N/A,N/A,N/A,None,Hidden,N/A,N/A
orderdetails,0.0,N/A,N/A,N/A,N/A,N/A,N/A,N/A,N/A,unavailable,N/A,0.0,N/A,0.0,N/A,N/A,N/A,N/A,unavailable,1102.0,N/A,N/A,10152.0,S18_4027,Hidden,117.77,1.0,N/A,N/A,N/A,N/A,None,unavailable,N/A,N/A,N/A,None,None,N/A,N/A,N/A,N/A,None,Hidden,N/A,N/A
orderdetails,0.0,N/A,N/A,N/A,N/A,N/A,N/A,N/A,N/A,unavailable,N/A,0.0,N/A,0.0,N/A,N/A,N/A,N/A,unavailable,1102.0,N/A,N/A,10152.0,S24_1444,Hidden,49.13,4.0,N/A,N/A,N/A,N/A,None,unavailable,N/A,N/A,N/A,None,None,N/A,N/A,N/A,N/A,None,Hidden,N/A,N/A
orderdetails,0.0,N/A,N/A,N/A,N/A,N/A,N/A,N/A,N/A,unavailable,N/A,0.0,N/A,0.0,N/A,N/A,N/A,N/A,unavailable,1102.0,N/A,N/A,10152.0,S24_4048,Hidden,112.37,3.0,N/A,N/A,N/A,N/A,None,unavailable,N/A,N/A,N/A,None,None,N/A,N/A,N/A,N/A,None,Hidden,N/A,N/A
orderdetails,0.0,N/A,N/A,N/A,N/A,N/A,N/A,N/A,N/A,unavailable,N/A,0.0,N/A,0.0,N/A,N/A,N/A,N/A,unavailable,1102.0,N/A,N/A,10152.0,S32_3207,Hidden,57.17,2.0,N/A,N/A,N/A,N/A,None,unavailable,N/A,N/A,N/A,None,None,N/A,N/A,N/A,N/A,None,Hidden,N/A,N/A
orderdetails,0.0,N/A,N/A,N/A,N/A,N/A,N/A,N/A,N/A,unavailable,N/A,0.0,N/A,0.0,N/A,N/A,N/A,N/A,unavailable,1102.0,N/A,N/A,10153.0,S12_1108,Hidden,201.57,11.0,N/A,N/A,N/A,N/A,None,unavailable,N/A,N/A,N/A,None,None,N/A,N/A,N/A,N/A,None,Hidden,N/A,N/A
orderdetails,0.0,N/A,N/A,N/A,N/A,N/A,N/A,N/A,N/A,unavailable,N/A,0.0,N/A,0.0,N/A,N/A,N/A,N/A,unavailable,1102.0,N/A,N/A,10153.0,S12_3148,Hidden,128.42,12.0,N/A,N/A,N/A,N/A,None,unavailable,N/A,N/A,N/A,None,None,N/A,N/A,N/A,N/A,None,Hidden,N/A,N/A
orderdetails,0.0,N/A,N/A,N/A,N/A,N/A,N/A,N/A,N/A,unavailable,N/A,0.0,N/A,0.0,N/A,N/A,N/A,N/A,unavailable,1102.0,N/A,N/A,10153.0,S12_3891,Hidden,155.72,10.0,N/A,N/A,N/A,N/A,None,unavailable,N/A,N/A,N/A,None,None,N/A,N/A,N/A,N/A,None,Hidden,N/A,N/A
orderdetails,0.0,N/A,N/A,N/A,N/A,N/A,N/A,N/A,N/A,unavailable,N/A,0.0,N/A,0.0,N/A,N/A,N/A,N/A,unavailable,1102.0,N/A,N/A,10153.0,S18_3140,Hidden,125.66,7.0,N/A,N/A,N/A,N/A,None,unavailable,N/A,N/A,N/A,None,None,N/A,N/A,N/A,N/A,None,Hidden,N/A,N/A
orderdetails,0.0,N/A,N/A,N/A,N/A,N/A,N/A,N/A,N/A,unavailable,N/A,0.0,N/A,0.0,N/A,N/A,N/A,N/A,unavailable,1102.0,N/A,N/A,10153.0,S18_3259,Hidden,82.69,9.0,N/A,N/A,N/A,N/A,None,unavailable,N/A,N/A,N/A,None,None,N/A,N/A,N/A,N/A,None,Hidden,N/A,N/A
orderdetails,0.0,N/A,N/A,N/A,N/A,N/A,N/A,N/A,N/A,unavailable,N/A,0.0,N/A,0.0,N/A,N/A,N/A,N/A,unavailable,1102.0,N/A,N/A,10153.0,S18_4522,Hidden,82.50,6.0,N/A,N/A,N/A,N/A,None,unavailable,N/A,N/A,N/A,None,None,N/A,N/A,N/A,N/A,None,Hidden,N/A,N/A
orderdetails,0.0,N/A,N/A,N/A,N/A,N/A,N/A,N/A,N/A,unavailable,N/A,0.0,N/A,0.0,N/A,N/A,N/A,N/A,unavailable,1102.0,N/A,N/A,10153.0,S24_2011,Hidden,111.83,5.0,N/A,N/A,N/A,N/A,None,unavailable,N/A,N/A,N/A,None,None,N/A,N/A,N/A,N/A,None,Hidden,N/A,N/A
orderdetails,0.0,N/A,N/A,N/A,N/A,N/A,N/A,N/A,N/A,unavailable,N/A,0.0,N/A,0.0,N/A,N/A,N/A,N/A,unavailable,1102.0,N/A,N/A,10153.0,S50_1514,Hidden,53.31,13.0,N/A,N/A,N/A,N/A,None,unavailable,N/A,N/A,N/A,None,None,N/A,N/A,N/A,N/A,None,Hidden,N/A,N/A
orderdetails,0.0,N/A,N/A,N/A,N/A,N/A,N/A,N/A,N/A,unavailable,N/A,0.0,N/A,0.0,N/A,N/A,N/A,N/A,unavailable,1102.0,N/A,N/A,10153.0,S700_1138,Hidden,58.00,1.0,N/A,N/A,N/A,N/A,None,unavailable,N/A,N/A,N/A,None,None,N/A,N/A,N/A,N/A,None,Hidden,N/A,N/A
orderdetails,0.0,N/A,N/A,N/A,N/A,N/A,N/A,N/A,N/A,unavailable,N/A,0.0,N/A,0.0,N/A,N/A,N/A,N/A,unavailable,1102.0,N/A,N/A,10153.0,S700_1938,Hidden,80.55,8.0,N/A,N/A,N/A,N/A,None,unavailable,N/A,N/A,N/A,None,None,N/A,N/A,N/A,N/A,None,Hidden,N/A,N/A
orderdetails,0.0,N/A,N/A,N/A,N/A,N/A,N/A,N/A,N/A,unavailable,N/A,0.0,N/A,0.0,N/A,N/A,N/A,N/A,unavailable,1102.0,N/A,N/A,10153.0,S700_3505,Hidden,87.15,2.0,N/A,N/A,N/A,N/A,None,unavailable,N/A,N/A,N/A,None,None,N/A,N/A,N/A,N/A,None,Hidden,N/A,N/A
orderdetails,0.0,N/A,N/A,N/A,N/A,N/A,N/A,N/A,N/A,unavailable,N/A,0.0,N/A,0.0,N/A,N/A,N/A,N/A,unavailable,1102.0,N/A,N/A,10153.0,S700_3962,Hidden,85.41,3.0,N/A,N/A,N/A,N/A,None,unavailable,N/A,N/A,N/A,None,None,N/A,N/A,N/A,N/A,None,Hidden,N/A,N/A
orderdetails,0.0,N/A,N/A,N/A,N/A,N/A,N/A,N/A,N/A,unavailable,N/A,0.0,N/A,0.0,N/A,N/A,N/A,N/A,unavailable,1102.0,N/A,N/A,10153.0,S72_3212,Hidden,51.87,4.0,N/A,N/A,N/A,N/A,None,unavailable,N/A,N/A,N/A,None,None,N/A,N/A,N/A,N/A,None,Hidden,N/A,N/A
orderdetails,0.0,N/A,N/A,N/A,N/A,N/A,N/A,N/A,N/A,unavailable,N/A,0.0,N/A,0.0,N/A,N/A,N/A,N/A,unavailable,1102.0,N/A,N/A,10154.0,S24_3151,Hidden,75.23,2.0,N/A,N/A,N/A,N/A,None,unavailable,N/A,N/A,N/A,None,None,N/A,N/A,N/A,N/A,None,Hidden,N/A,N/A
orderdetails,0.0,N/A,N/A,N/A,N/A,N/A,N/A,N/A,N/A,unavailable,N/A,0.0,N/A,0.0,N/A,N/A,N/A,N/A,unavailable,1102.0,N/A,N/A,10154.0,S700_2610,Hidden,59.27,1.0,N/A,N/A,N/A,N/A,None,unavailable,N/A,N/A,N/A,None,None,N/A,N/A,N/A,N/A,None,Hidden,N/A,N/A
orderdetails,0.0,N/A,N/A,N/A,N/A,N/A,N/A,N/A,N/A,unavailable,N/A,0.0,N/A,0.0,N/A,N/A,N/A,N/A,unavailable,1102.0,N/A,N/A,10155.0,S10_4757,Hidden,129.20,13.0,N/A,N/A,N/A,N/A,None,unavailable,N/A,N/A,N/A,None,None,N/A,N/A,N/A,N/A,None,Hidden,N/A,N/A
orderdetails,0.0,N/A,N/A,N/A,N/A,N/A,N/A,N/A,N/A,unavailable,N/A,0.0,N/A,0.0,N/A,N/A,N/A,N/A,unavailable,1102.0,N/A,N/A,10155.0,S18_1662,Hidden,138.77,5.0,N/A,N/A,N/A,N/A,None,unavailable,N/A,N/A,N/A,None,None,N/A,N/A,N/A,N/A,None,Hidden,N/A,N/A
orderdetails,0.0,N/A,N/A,N/A,N/A,N/A,N/A,N/A,N/A,unavailable,N/A,0.0,N/A,0.0,N/A,N/A,N/A,N/A,unavailable,1102.0,N/A,N/A,10155.0,S18_3029,Hidden,83.44,11.0,N/A,N/A,N/A,N/A,None,unavailable,N/A,N/A,N/A,None,None,N/A,N/A,N/A,N/A,None,Hidden,N/A,N/A
orderdetails,0.0,N/A,N/A,N/A,N/A,N/A,N/A,N/A,N/A,unavailable,N/A,0.0,N/A,0.0,N/A,N/A,N/A,N/A,unavailable,1102.0,N/A,N/A,10155.0,S18_3856,Hidden,105.87,10.0,N/A,N/A,N/A,N/A,None,unavailable,N/A,N/A,N/A,None,None,N/A,N/A,N/A,N/A,None,Hidden,N/A,N/A
orderdetails,0.0,N/A,N/A,N/A,N/A,N/A,N/A,N/A,N/A,unavailable,N/A,0.0,N/A,0.0,N/A,N/A,N/A,N/A,unavailable,1102.0,N/A,N/A,10155.0,S24_2841,Hidden,62.34,6.0,N/A,N/A,N/A,N/A,None,unavailable,N/A,N/A,N/A,None,None,N/A,N/A,N/A,N/A,None,Hidden,N/A,N/A
orderdetails,0.0,N/A,N/A,N/A,N/A,N/A,N/A,N/A,N/A,unavailable,N/A,0.0,N/A,0.0,N/A,N/A,N/A,N/A,unavailable,1102.0,N/A,N/A,10155.0,S24_3420,Hidden,56.55,7.0,N/A,N/A,N/A,N/A,None,unavailable,N/A,N/A,N/A,None,None,N/A,N/A,N/A,N/A,None,Hidden,N/A,N/A
orderdetails,0.0,N/A,N/A,N/A,N/A,N/A,N/A,N/A,N/A,unavailable,N/A,0.0,N/A,0.0,N/A,N/A,N/A,N/A,unavailable,1102.0,N/A,N/A,10155.0,S24_3816,Hidden,76.31,12.0,N/A,N/A,N/A,N/A,None,unavailable,N/A,N/A,N/A,None,None,N/A,N/A,N/A,N/A,None,Hidden,N/A,N/A
orderdetails,0.0,N/A,N/A,N/A,N/A,N/A,N/A,N/A,N/A,unavailable,N/A,0.0,N/A,0.0,N/A,N/A,N/A,N/A,unavailable,1102.0,N/A,N/A,10155.0,S24_3949,Hidden,58.69,4.0,N/A,N/A,N/A,N/A,None,unavailable,N/A,N/A,N/A,None,None,N/A,N/A,N/A,N/A,None,Hidden,N/A,N/A
orderdetails,0.0,N/A,N/A,N/A,N/A,N/A,N/A,N/A,N/A,unavailable,N/A,0.0,N/A,0.0,N/A,N/A,N/A,N/A,unavailable,1102.0,N/A,N/A,10155.0,S700_2047,Hidden,89.61,9.0,N/A,N/A,N/A,N/A,None,unavailable,N/A,N/A,N/A,None,None,N/A,N/A,N/A,N/A,None,Hidden,N/A,N/A
orderdetails,0.0,N/A,N/A,N/A,N/A,N/A,N/A,N/A,N/A,unavailable,N/A,0.0,N/A,0.0,N/A,N/A,N/A,N/A,unavailable,1102.0,N/A,N/A,10155.0,S700_2466,Hidden,87.75,2.0,N/A,N/A,N/A,N/A,None,unavailable,N/A,N/A,N/A,None,None,N/A,N/A,N/A,N/A,None,Hidden,N/A,N/A
orderdetails,0.0,N/A,N/A,N/A,N/A,N/A,N/A,N/A,N/A,unavailable,N/A,0.0,N/A,0.0,N/A,N/A,N/A,N/A,unavailable,1102.0,N/A,N/A,10155.0,S700_3167,Hidden,76.80,1.0,N/A,N/A,N/A,N/A,None,unavailable,N/A,N/A,N/A,None,None,N/A,N/A,N/A,N/A,None,Hidden,N/A,N/A
orderdetails,0.0,N/A,N/A,N/A,N/A,N/A,N/A,N/A,N/A,unavailable,N/A,0.0,N/A,0.0,N/A,N/A,N/A,N/A,unavailable,1102.0,N/A,N/A,10155.0,S700_4002,Hidden,70.33,3.0,N/A,N/A,N/A,N/A,None,unavailable,N/A,N/A,N/A,None,None,N/A,N/A,N/A,N/A,None,Hidden,N/A,N/A
orderdetails,0.0,N/A,N/A,N/A,N/A,N/A,N/A,N/A,N/A,unavailable,N/A,0.0,N/A,0.0,N/A,N/A,N/A,N/A,unavailable,1102.0,N/A,N/A,10155.0,S72_1253,Hidden,49.16,8.0,N/A,N/A,N/A,N/A,None,unavailable,N/A,N/A,N/A,None,None,N/A,N/A,N/A,N/A,None,Hidden,N/A,N/A
orderdetails,0.0,N/A,N/A,N/A,N/A,N/A,N/A,N/A,N/A,unavailable,N/A,0.0,N/A,0.0,N/A,N/A,N/A,N/A,unavailable,1102.0,N/A,N/A,10156.0,S50_1341,Hidden,43.64,1.0,N/A,N/A,N/A,N/A,None,unavailable,N/A,N/A,N/A,None,None,N/A,N/A,N/A,N/A,None,Hidden,N/A,N/A
orderdetails,0.0,N/A,N/A,N/A,N/A,N/A,N/A,N/A,N/A,unavailable,N/A,0.0,N/A,0.0,N/A,N/A,N/A,N/A,unavailable,1102.0,N/A,N/A,10156.0,S700_1691,Hidden,77.64,2.0,N/A,N/A,N/A,N/A,None,unavailable,N/A,N/A,N/A,None,None,N/A,N/A,N/A,N/A,None,Hidden,N/A,N/A
orderdetails,0.0,N/A,N/A,N/A,N/A,N/A,N/A,N/A,N/A,unavailable,N/A,0.0,N/A,0.0,N/A,N/A,N/A,N/A,unavailable,1102.0,N/A,N/A,10157.0,S18_2581,Hidden,69.27,3.0,N/A,N/A,N/A,N/A,None,unavailable,N/A,N/A,N/A,None,None,N/A,N/A,N/A,N/A,None,Hidden,N/A,N/A
orderdetails,0.0,N/A,N/A,N/A,N/A,N/A,N/A,N/A,N/A,unavailable,N/A,0.0,N/A,0.0,N/A,N/A,N/A,N/A,unavailable,1102.0,N/A,N/A,10157.0,S24_1785,Hidden,89.72,5.0,N/A,N/A,N/A,N/A,None,unavailable,N/A,N/A,N/A,None,None,N/A,N/A,N/A,N/A,None,Hidden,N/A,N/A
orderdetails,0.0,N/A,N/A,N/A,N/A,N/A,N/A,N/A,N/A,unavailable,N/A,0.0,N/A,0.0,N/A,N/A,N/A,N/A,unavailable,1102.0,N/A,N/A,10157.0,S24_4278,Hidden,66.65,4.0,N/A,N/A,N/A,N/A,None,unavailable,N/A,N/A,N/A,None,None,N/A,N/A,N/A,N/A,None,Hidden,N/A,N/A
orderdetails,0.0,N/A,N/A,N/A,N/A,N/A,N/A,N/A,N/A,unavailable,N/A,0.0,N/A,0.0,N/A,N/A,N/A,N/A,unavailable,1102.0,N/A,N/A,10157.0,S32_1374,Hidden,83.91,1.0,N/A,N/A,N/A,N/A,None,unavailable,N/A,N/A,N/A,None,None,N/A,N/A,N/A,N/A,None,Hidden,N/A,N/A
orderdetails,0.0,N/A,N/A,N/A,N/A,N/A,N/A,N/A,N/A,unavailable,N/A,0.0,N/A,0.0,N/A,N/A,N/A,N/A,unavailable,1102.0,N/A,N/A,10157.0,S32_4289,Hidden,56.41,6.0,N/A,N/A,N/A,N/A,None,unavailable,N/A,N/A,N/A,None,None,N/A,N/A,N/A,N/A,None,Hidden,N/A,N/A
orderdetails,0.0,N/A,N/A,N/A,N/A,N/A,N/A,N/A,N/A,unavailable,N/A,0.0,N/A,0.0,N/A,N/A,N/A,N/A,unavailable,1102.0,N/A,N/A,10157.0,S700_2834,Hidden,109.16,2.0,N/A,N/A,N/A,N/A,None,unavailable,N/A,N/A,N/A,None,None,N/A,N/A,N/A,N/A,None,Hidden,N/A,N/A
orderdetails,0.0,N/A,N/A,N/A,N/A,N/A,N/A,N/A,N/A,unavailable,N/A,0.0,N/A,0.0,N/A,N/A,N/A,N/A,unavailable,1102.0,N/A,N/A,10158.0,S24_2000,Hidden,67.79,1.0,N/A,N/A,N/A,N/A,None,unavailable,N/A,N/A,N/A,None,None,N/A,N/A,N/A,N/A,None,Hidden,N/A,N/A
orderdetails,0.0,N/A,N/A,N/A,N/A,N/A,N/A,N/A,N/A,unavailable,N/A,0.0,N/A,0.0,N/A,N/A,N/A,N/A,unavailable,1102.0,N/A,N/A,10159.0,S10_1678,Hidden,81.35,14.0,N/A,N/A,N/A,N/A,None,unavailable,N/A,N/A,N/A,None,None,N/A,N/A,N/A,N/A,None,Hidden,N/A,N/A
orderdetails,0.0,N/A,N/A,N/A,N/A,N/A,N/A,N/A,N/A,unavailable,N/A,0.0,N/A,0.0,N/A,N/A,N/A,N/A,unavailable,1102.0,N/A,N/A,10159.0,S10_2016,Hidden,101.10,17.0,N/A,N/A,N/A,N/A,None,unavailable,N/A,N/A,N/A,None,None,N/A,N/A,N/A,N/A,None,Hidden,N/A,N/A
orderdetails,0.0,N/A,N/A,N/A,N/A,N/A,N/A,N/A,N/A,unavailable,N/A,0.0,N/A,0.0,N/A,N/A,N/A,N/A,unavailable,1102.0,N/A,N/A,10159.0,S10_4698,Hidden,170.42,16.0,N/A,N/A,N/A,N/A,None,unavailable,N/A,N/A,N/A,None,None,N/A,N/A,N/A,N/A,None,Hidden,N/A,N/A
orderdetails,0.0,N/A,N/A,N/A,N/A,N/A,N/A,N/A,N/A,unavailable,N/A,0.0,N/A,0.0,N/A,N/A,N/A,N/A,unavailable,1102.0,N/A,N/A,10159.0,S12_1099,Hidden,188.73,2.0,N/A,N/A,N/A,N/A,None,unavailable,N/A,N/A,N/A,None,None,N/A,N/A,N/A,N/A,None,Hidden,N/A,N/A
orderdetails,0.0,N/A,N/A,N/A,N/A,N/A,N/A,N/A,N/A,unavailable,N/A,0.0,N/A,0.0,N/A,N/A,N/A,N/A,unavailable,1102.0,N/A,N/A,10159.0,S12_2823,Hidden,131.04,13.0,N/A,N/A,N/A,N/A,None,unavailable,N/A,N/A,N/A,None,None,N/A,N/A,N/A,N/A,None,Hidden,N/A,N/A
orderdetails,0.0,N/A,N/A,N/A,N/A,N/A,N/A,N/A,N/A,unavailable,N/A,0.0,N/A,0.0,N/A,N/A,N/A,N/A,unavailable,1102.0,N/A,N/A,10159.0,S12_3990,Hidden,67.03,3.0,N/A,N/A,N/A,N/A,None,unavailable,N/A,N/A,N/A,None,None,N/A,N/A,N/A,N/A,None,Hidden,N/A,N/A
orderdetails,0.0,N/A,N/A,N/A,N/A,N/A,N/A,N/A,N/A,unavailable,N/A,0.0,N/A,0.0,N/A,N/A,N/A,N/A,unavailable,1102.0,N/A,N/A,10159.0,S18_2625,Hidden,51.48,18.0,N/A,N/A,N/A,N/A,None,unavailable,N/A,N/A,N/A,None,None,N/A,N/A,N/A,N/A,None,Hidden,N/A,N/A
orderdetails,0.0,N/A,N/A,N/A,N/A,N/A,N/A,N/A,N/A,unavailable,N/A,0.0,N/A,0.0,N/A,N/A,N/A,N/A,unavailable,1102.0,N/A,N/A,10159.0,S18_3278,Hidden,66.74,5.0,N/A,N/A,N/A,N/A,None,unavailable,N/A,N/A,N/A,None,None,N/A,N/A,N/A,N/A,None,Hidden,N/A,N/A
orderdetails,0.0,N/A,N/A,N/A,N/A,N/A,N/A,N/A,N/A,unavailable,N/A,0.0,N/A,0.0,N/A,N/A,N/A,N/A,unavailable,1102.0,N/A,N/A,10159.0,S18_3482,Hidden,129.35,4.0,N/A,N/A,N/A,N/A,None,unavailable,N/A,N/A,N/A,None,None,N/A,N/A,N/A,N/A,None,Hidden,N/A,N/A
orderdetails,0.0,N/A,N/A,N/A,N/A,N/A,N/A,N/A,N/A,unavailable,N/A,0.0,N/A,0.0,N/A,N/A,N/A,N/A,unavailable,1102.0,N/A,N/A,10159.0,S18_3782,Hidden,54.71,8.0,N/A,N/A,N/A,N/A,None,unavailable,N/A,N/A,N/A,None,None,N/A,N/A,N/A,N/A,None,Hidden,N/A,N/A
orderdetails,0.0,N/A,N/A,N/A,N/A,N/A,N/A,N/A,N/A,unavailable,N/A,0.0,N/A,0.0,N/A,N/A,N/A,N/A,unavailable,1102.0,N/A,N/A,10159.0,S18_4721,Hidden,142.85,7.0,N/A,N/A,N/A,N/A,None,unavailable,N/A,N/A,N/A,None,None,N/A,N/A,N/A,N/A,None,Hidden,N/A,N/A
orderdetails,0.0,N/A,N/A,N/A,N/A,N/A,N/A,N/A,N/A,unavailable,N/A,0.0,N/A,0.0,N/A,N/A,N/A,N/A,unavailable,1102.0,N/A,N/A,10159.0,S24_1578,Hidden,100.30,15.0,N/A,N/A,N/A,N/A,None,unavailable,N/A,N/A,N/A,None,None,N/A,N/A,N/A,N/A,None,Hidden,N/A,N/A
orderdetails,0.0,N/A,N/A,N/A,N/A,N/A,N/A,N/A,N/A,unavailable,N/A,0.0,N/A,0.0,N/A,N/A,N/A,N/A,unavailable,1102.0,N/A,N/A,10159.0,S24_2360,Hidden,67.18,11.0,N/A,N/A,N/A,N/A,None,unavailable,N/A,N/A,N/A,None,None,N/A,N/A,N/A,N/A,None,Hidden,N/A,N/A
orderdetails,0.0,N/A,N/A,N/A,N/A,N/A,N/A,N/A,N/A,unavailable,N/A,0.0,N/A,0.0,N/A,N/A,N/A,N/A,unavailable,1102.0,N/A,N/A,10159.0,S24_3371,Hidden,49.60,1.0,N/A,N/A,N/A,N/A,None,unavailable,N/A,N/A,N/A,None,None,N/A,N/A,N/A,N/A,None,Hidden,N/A,N/A
orderdetails,0.0,N/A,N/A,N/A,N/A,N/A,N/A,N/A,N/A,unavailable,N/A,0.0,N/A,0.0,N/A,N/A,N/A,N/A,unavailable,1102.0,N/A,N/A,10159.0,S24_4620,Hidden,80.84,6.0,N/A,N/A,N/A,N/A,None,unavailable,N/A,N/A,N/A,None,None,N/A,N/A,N/A,N/A,None,Hidden,N/A,N/A
orderdetails,0.0,N/A,N/A,N/A,N/A,N/A,N/A,N/A,N/A,unavailable,N/A,0.0,N/A,0.0,N/A,N/A,N/A,N/A,unavailable,1102.0,N/A,N/A,10159.0,S32_2206,Hidden,39.43,9.0,N/A,N/A,N/A,N/A,None,unavailable,N/A,N/A,N/A,None,None,N/A,N/A,N/A,N/A,None,Hidden,N/A,N/A
orderdetails,0.0,N/A,N/A,N/A,N/A,N/A,N/A,N/A,N/A,unavailable,N/A,0.0,N/A,0.0,N/A,N/A,N/A,N/A,unavailable,1102.0,N/A,N/A,10159.0,S32_4485,Hidden,86.74,12.0,N/A,N/A,N/A,N/A,None,unavailable,N/A,N/A,N/A,None,None,N/A,N/A,N/A,N/A,None,Hidden,N/A,N/A
orderdetails,0.0,N/A,N/A,N/A,N/A,N/A,N/A,N/A,N/A,unavailable,N/A,0.0,N/A,0.0,N/A,N/A,N/A,N/A,unavailable,1102.0,N/A,N/A,10159.0,S50_4713,Hidden,78.11,10.0,N/A,N/A,N/A,N/A,None,unavailable,N/A,N/A,N/A,None,None,N/A,N/A,N/A,N/A,None,Hidden,N/A,N/A
orderdetails,0.0,N/A,N/A,N/A,N/A,N/A,N/A,N/A,N/A,unavailable,N/A,0.0,N/A,0.0,N/A,N/A,N/A,N/A,unavailable,1102.0,N/A,N/A,10160.0,S12_3380,Hidden,96.30,6.0,N/A,N/A,N/A,N/A,None,unavailable,N/A,N/A,N/A,None,None,N/A,N/A,N/A,N/A,None,Hidden,N/A,N/A
orderdetails,0.0,N/A,N/A,N/A,N/A,N/A,N/A,N/A,N/A,unavailable,N/A,0.0,N/A,0.0,N/A,N/A,N/A,N/A,unavailable,1102.0,N/A,N/A,10160.0,S12_4675,Hidden,93.28,5.0,N/A,N/A,N/A,N/A,None,unavailable,N/A,N/A,N/A,None,None,N/A,N/A,N/A,N/A,None,Hidden,N/A,N/A
orderdetails,0.0,N/A,N/A,N/A,N/A,N/A,N/A,N/A,N/A,unavailable,N/A,0.0,N/A,0.0,N/A,N/A,N/A,N/A,unavailable,1102.0,N/A,N/A,10160.0,S18_1889,Hidden,70.84,4.0,N/A,N/A,N/A,N/A,None,unavailable,N/A,N/A,N/A,None,None,N/A,N/A,N/A,N/A,None,Hidden,N/A,N/A
orderdetails,0.0,N/A,N/A,N/A,N/A,N/A,N/A,N/A,N/A,unavailable,N/A,0.0,N/A,0.0,N/A,N/A,N/A,N/A,unavailable,1102.0,N/A,N/A,10160.0,S18_3232,Hidden,140.55,1.0,N/A,N/A,N/A,N/A,None,unavailable,N/A,N/A,N/A,None,None,N/A,N/A,N/A,N/A,None,Hidden,N/A,N/A
orderdetails,0.0,N/A,N/A,N/A,N/A,N/A,N/A,N/A,N/A,unavailable,N/A,0.0,N/A,0.0,N/A,N/A,N/A,N/A,unavailable,1102.0,N/A,N/A,10160.0,S24_2972,Hidden,30.59,2.0,N/A,N/A,N/A,N/A,None,unavailable,N/A,N/A,N/A,None,None,N/A,N/A,N/A,N/A,None,Hidden,N/A,N/A
orderdetails,0.0,N/A,N/A,N/A,N/A,N/A,N/A,N/A,N/A,unavailable,N/A,0.0,N/A,0.0,N/A,N/A,N/A,N/A,unavailable,1102.0,N/A,N/A,10160.0,S24_3856,Hidden,130.60,3.0,N/A,N/A,N/A,N/A,None,unavailable,N/A,N/A,N/A,None,None,N/A,N/A,N/A,N/A,None,Hidden,N/A,N/A
orderdetails,0.0,N/A,N/A,N/A,N/A,N/A,N/A,N/A,N/A,unavailable,N/A,0.0,N/A,0.0,N/A,N/A,N/A,N/A,unavailable,1102.0,N/A,N/A,10161.0,S18_1129,Hidden,121.72,12.0,N/A,N/A,N/A,N/A,None,unavailable,N/A,N/A,N/A,None,None,N/A,N/A,N/A,N/A,None,Hidden,N/A,N/A
orderdetails,0.0,N/A,N/A,N/A,N/A,N/A,N/A,N/A,N/A,unavailable,N/A,0.0,N/A,0.0,N/A,N/A,N/A,N/A,unavailable,1102.0,N/A,N/A,10161.0,S18_1589,Hidden,102.04,8.0,N/A,N/A,N/A,N/A,None,unavailable,N/A,N/A,N/A,None,None,N/A,N/A,N/A,N/A,None,Hidden,N/A,N/A
orderdetails,0.0,N/A,N/A,N/A,N/A,N/A,N/A,N/A,N/A,unavailable,N/A,0.0,N/A,0.0,N/A,N/A,N/A,N/A,unavailable,1102.0,N/A,N/A,10161.0,S18_1984,Hidden,139.41,11.0,N/A,N/A,N/A,N/A,None,unavailable,N/A,N/A,N/A,None,None,N/A,N/A,N/A,N/A,None,Hidden,N/A,N/A
orderdetails,0.0,N/A,N/A,N/A,N/A,N/A,N/A,N/A,N/A,unavailable,N/A,0.0,N/A,0.0,N/A,N/A,N/A,N/A,unavailable,1102.0,N/A,N/A,10161.0,S18_2870,Hidden,125.40,9.0,N/A,N/A,N/A,N/A,None,unavailable,N/A,N/A,N/A,None,None,N/A,N/A,N/A,N/A,None,Hidden,N/A,N/A
orderdetails,0.0,N/A,N/A,N/A,N/A,N/A,N/A,N/A,N/A,unavailable,N/A,0.0,N/A,0.0,N/A,N/A,N/A,N/A,unavailable,1102.0,N/A,N/A,10161.0,S18_3685,Hidden,132.80,10.0,N/A,N/A,N/A,N/A,None,unavailable,N/A,N/A,N/A,None,None,N/A,N/A,N/A,N/A,None,Hidden,N/A,N/A
orderdetails,0.0,N/A,N/A,N/A,N/A,N/A,N/A,N/A,N/A,unavailable,N/A,0.0,N/A,0.0,N/A,N/A,N/A,N/A,unavailable,1102.0,N/A,N/A,10161.0,S18_4933,Hidden,62.72,1.0,N/A,N/A,N/A,N/A,None,unavailable,N/A,N/A,N/A,None,None,N/A,N/A,N/A,N/A,None,Hidden,N/A,N/A
orderdetails,0.0,N/A,N/A,N/A,N/A,N/A,N/A,N/A,N/A,unavailable,N/A,0.0,N/A,0.0,N/A,N/A,N/A,N/A,unavailable,1102.0,N/A,N/A,10161.0,S24_1046,Hidden,73.49,5.0,N/A,N/A,N/A,N/A,None,unavailable,N/A,N/A,N/A,None,None,N/A,N/A,N/A,N/A,None,Hidden,N/A,N/A
orderdetails,0.0,N/A,N/A,N/A,N/A,N/A,N/A,N/A,N/A,unavailable,N/A,0.0,N/A,0.0,N/A,N/A,N/A,N/A,unavailable,1102.0,N/A,N/A,10161.0,S24_1628,Hidden,47.29,7.0,N/A,N/A,N/A,N/A,None,unavailable,N/A,N/A,N/A,None,None,N/A,N/A,N/A,N/A,None,Hidden,N/A,N/A
orderdetails,0.0,N/A,N/A,N/A,N/A,N/A,N/A,N/A,N/A,unavailable,N/A,0.0,N/A,0.0,N/A,N/A,N/A,N/A,unavailable,1102.0,N/A,N/A,10161.0,S24_2766,Hidden,82.69,3.0,N/A,N/A,N/A,N/A,None,unavailable,N/A,N/A,N/A,None,None,N/A,N/A,N/A,N/A,None,Hidden,N/A,N/A
orderdetails,0.0,N/A,N/A,N/A,N/A,N/A,N/A,N/A,N/A,unavailable,N/A,0.0,N/A,0.0,N/A,N/A,N/A,N/A,unavailable,1102.0,N/A,N/A,10161.0,S24_2887,Hidden,108.04,2.0,N/A,N/A,N/A,N/A,None,unavailable,N/A,N/A,N/A,None,None,N/A,N/A,N/A,N/A,None,Hidden,N/A,N/A
orderdetails,0.0,N/A,N/A,N/A,N/A,N/A,N/A,N/A,N/A,unavailable,N/A,0.0,N/A,0.0,N/A,N/A,N/A,N/A,unavailable,1102.0,N/A,N/A,10161.0,S24_3191,Hidden,72.77,4.0,N/A,N/A,N/A,N/A,None,unavailable,N/A,N/A,N/A,None,None,N/A,N/A,N/A,N/A,None,Hidden,N/A,N/A
orderdetails,0.0,N/A,N/A,N/A,N/A,N/A,N/A,N/A,N/A,unavailable,N/A,0.0,N/A,0.0,N/A,N/A,N/A,N/A,unavailable,1102.0,N/A,N/A,10161.0,S24_3432,Hidden,94.23,6.0,N/A,N/A,N/A,N/A,None,unavailable,N/A,N/A,N/A,None,None,N/A,N/A,N/A,N/A,None,Hidden,N/A,N/A
orderdetails,0.0,N/A,N/A,N/A,N/A,N/A,N/A,N/A,N/A,unavailable,N/A,0.0,N/A,0.0,N/A,N/A,N/A,N/A,unavailable,1102.0,N/A,N/A,10162.0,S18_1342,Hidden,87.33,2.0,N/A,N/A,N/A,N/A,None,unavailable,N/A,N/A,N/A,None,None,N/A,N/A,N/A,N/A,None,Hidden,N/A,N/A
orderdetails,0.0,N/A,N/A,N/A,N/A,N/A,N/A,N/A,N/A,unavailable,N/A,0.0,N/A,0.0,N/A,N/A,N/A,N/A,unavailable,1102.0,N/A,N/A,10162.0,S18_1367,Hidden,45.28,1.0,N/A,N/A,N/A,N/A,None,unavailable,N/A,N/A,N/A,None,None,N/A,N/A,N/A,N/A,None,Hidden,N/A,N/A
orderdetails,0.0,N/A,N/A,N/A,N/A,N/A,N/A,N/A,N/A,unavailable,N/A,0.0,N/A,0.0,N/A,N/A,N/A,N/A,unavailable,1102.0,N/A,N/A,10162.0,S18_1749,Hidden,141.10,9.0,N/A,N/A,N/A,N/A,None,unavailable,N/A,N/A,N/A,None,None,N/A,N/A,N/A,N/A,None,Hidden,N/A,N/A
orderdetails,0.0,N/A,N/A,N/A,N/A,N/A,N/A,N/A,N/A,unavailable,N/A,0.0,N/A,0.0,N/A,N/A,N/A,N/A,unavailable,1102.0,N/A,N/A,10162.0,S18_2248,Hidden,53.28,8.0,N/A,N/A,N/A,N/A,None,unavailable,N/A,N/A,N/A,None,None,N/A,N/A,N/A,N/A,None,Hidden,N/A,N/A
orderdetails,0.0,N/A,N/A,N/A,N/A,N/A,N/A,N/A,N/A,unavailable,N/A,0.0,N/A,0.0,N/A,N/A,N/A,N/A,unavailable,1102.0,N/A,N/A,10162.0,S18_2325,Hidden,113.15,6.0,N/A,N/A,N/A,N/A,None,unavailable,N/A,N/A,N/A,None,None,N/A,N/A,N/A,N/A,None,Hidden,N/A,N/A
orderdetails,0.0,N/A,N/A,N/A,N/A,N/A,N/A,N/A,N/A,unavailable,N/A,0.0,N/A,0.0,N/A,N/A,N/A,N/A,unavailable,1102.0,N/A,N/A,10162.0,S18_2795,Hidden,156.94,3.0,N/A,N/A,N/A,N/A,None,unavailable,N/A,N/A,N/A,None,None,N/A,N/A,N/A,N/A,None,Hidden,N/A,N/A
orderdetails,0.0,N/A,N/A,N/A,N/A,N/A,N/A,N/A,N/A,unavailable,N/A,0.0,N/A,0.0,N/A,N/A,N/A,N/A,unavailable,1102.0,N/A,N/A,10162.0,S18_4409,Hidden,86.51,10.0,N/A,N/A,N/A,N/A,None,unavailable,N/A,N/A,N/A,None,None,N/A,N/A,N/A,N/A,None,Hidden,N/A,N/A
orderdetails,0.0,N/A,N/A,N/A,N/A,N/A,N/A,N/A,N/A,unavailable,N/A,0.0,N/A,0.0,N/A,N/A,N/A,N/A,unavailable,1102.0,N/A,N/A,10162.0,S24_1937,Hidden,27.55,5.0,N/A,N/A,N/A,N/A,None,unavailable,N/A,N/A,N/A,None,None,N/A,N/A,N/A,N/A,None,Hidden,N/A,N/A
orderdetails,0.0,N/A,N/A,N/A,N/A,N/A,N/A,N/A,N/A,unavailable,N/A,0.0,N/A,0.0,N/A,N/A,N/A,N/A,unavailable,1102.0,N/A,N/A,10162.0,S24_2022,Hidden,38.98,4.0,N/A,N/A,N/A,N/A,None,unavailable,N/A,N/A,N/A,None,None,N/A,N/A,N/A,N/A,None,Hidden,N/A,N/A
orderdetails,0.0,N/A,N/A,N/A,N/A,N/A,N/A,N/A,N/A,unavailable,N/A,0.0,N/A,0.0,N/A,N/A,N/A,N/A,unavailable,1102.0,N/A,N/A,10162.0,S24_3969,Hidden,32.82,7.0,N/A,N/A,N/A,N/A,None,unavailable,N/A,N/A,N/A,None,None,N/A,N/A,N/A,N/A,None,Hidden,N/A,N/A
orderdetails,0.0,N/A,N/A,N/A,N/A,N/A,N/A,N/A,N/A,unavailable,N/A,0.0,N/A,0.0,N/A,N/A,N/A,N/A,unavailable,1102.0,N/A,N/A,10163.0,S10_1949,Hidden,212.16,1.0,N/A,N/A,N/A,N/A,None,unavailable,N/A,N/A,N/A,None,None,N/A,N/A,N/A,N/A,None,Hidden,N/A,N/A
orderdetails,0.0,N/A,N/A,N/A,N/A,N/A,N/A,N/A,N/A,unavailable,N/A,0.0,N/A,0.0,N/A,N/A,N/A,N/A,unavailable,1102.0,N/A,N/A,10163.0,S18_2949,Hidden,101.31,2.0,N/A,N/A,N/A,N/A,None,unavailable,N/A,N/A,N/A,None,None,N/A,N/A,N/A,N/A,None,Hidden,N/A,N/A
orderdetails,0.0,N/A,N/A,N/A,N/A,N/A,N/A,N/A,N/A,unavailable,N/A,0.0,N/A,0.0,N/A,N/A,N/A,N/A,unavailable,1102.0,N/A,N/A,10163.0,S18_2957,Hidden,59.96,4.0,N/A,N/A,N/A,N/A,None,unavailable,N/A,N/A,N/A,None,None,N/A,N/A,N/A,N/A,None,Hidden,N/A,N/A
orderdetails,0.0,N/A,N/A,N/A,N/A,N/A,N/A,N/A,N/A,unavailable,N/A,0.0,N/A,0.0,N/A,N/A,N/A,N/A,unavailable,1102.0,N/A,N/A,10163.0,S18_3136,Hidden,101.58,3.0,N/A,N/A,N/A,N/A,None,unavailable,N/A,N/A,N/A,None,None,N/A,N/A,N/A,N/A,None,Hidden,N/A,N/A
orderdetails,0.0,N/A,N/A,N/A,N/A,N/A,N/A,N/A,N/A,unavailable,N/A,0.0,N/A,0.0,N/A,N/A,N/A,N/A,unavailable,1102.0,N/A,N/A,10163.0,S18_3320,Hidden,80.36,6.0,N/A,N/A,N/A,N/A,None,unavailable,N/A,N/A,N/A,None,None,N/A,N/A,N/A,N/A,None,Hidden,N/A,N/A
orderdetails,0.0,N/A,N/A,N/A,N/A,N/A,N/A,N/A,N/A,unavailable,N/A,0.0,N/A,0.0,N/A,N/A,N/A,N/A,unavailable,1102.0,N/A,N/A,10163.0,S24_4258,Hidden,96.42,5.0,N/A,N/A,N/A,N/A,None,unavailable,N/A,N/A,N/A,None,None,N/A,N/A,N/A,N/A,None,Hidden,N/A,N/A
orderdetails,0.0,N/A,N/A,N/A,N/A,N/A,N/A,N/A,N/A,unavailable,N/A,0.0,N/A,0.0,N/A,N/A,N/A,N/A,unavailable,1102.0,N/A,N/A,10164.0,S10_4962,Hidden,143.31,2.0,N/A,N/A,N/A,N/A,None,unavailable,N/A,N/A,N/A,None,None,N/A,N/A,N/A,N/A,None,Hidden,N/A,N/A
orderdetails,0.0,N/A,N/A,N/A,N/A,N/A,N/A,N/A,N/A,unavailable,N/A,0.0,N/A,0.0,N/A,N/A,N/A,N/A,unavailable,1102.0,N/A,N/A,10164.0,S12_1666,Hidden,121.64,6.0,N/A,N/A,N/A,N/A,None,unavailable,N/A,N/A,N/A,None,None,N/A,N/A,N/A,N/A,None,Hidden,N/A,N/A
orderdetails,0.0,N/A,N/A,N/A,N/A,N/A,N/A,N/A,N/A,unavailable,N/A,0.0,N/A,0.0,N/A,N/A,N/A,N/A,unavailable,1102.0,N/A,N/A,10164.0,S18_1097,Hidden,103.84,8.0,N/A,N/A,N/A,N/A,None,unavailable,N/A,N/A,N/A,None,None,N/A,N/A,N/A,N/A,None,Hidden,N/A,N/A
orderdetails,0.0,N/A,N/A,N/A,N/A,N/A,N/A,N/A,N/A,unavailable,N/A,0.0,N/A,0.0,N/A,N/A,N/A,N/A,unavailable,1102.0,N/A,N/A,10164.0,S18_4600,Hidden,107.76,3.0,N/A,N/A,N/A,N/A,None,unavailable,N/A,N/A,N/A,None,None,N/A,N/A,N/A,N/A,None,Hidden,N/A,N/A
orderdetails,0.0,N/A,N/A,N/A,N/A,N/A,N/A,N/A,N/A,unavailable,N/A,0.0,N/A,0.0,N/A,N/A,N/A,N/A,unavailable,1102.0,N/A,N/A,10164.0,S18_4668,Hidden,46.29,7.0,N/A,N/A,N/A,N/A,None,unavailable,N/A,N/A,N/A,None,None,N/A,N/A,N/A,N/A,None,Hidden,N/A,N/A
orderdetails,0.0,N/A,N/A,N/A,N/A,N/A,N/A,N/A,N/A,unavailable,N/A,0.0,N/A,0.0,N/A,N/A,N/A,N/A,unavailable,1102.0,N/A,N/A,10164.0,S32_1268,Hidden,91.49,1.0,N/A,N/A,N/A,N/A,None,unavailable,N/A,N/A,N/A,None,None,N/A,N/A,N/A,N/A,None,Hidden,N/A,N/A
orderdetails,0.0,N/A,N/A,N/A,N/A,N/A,N/A,N/A,N/A,unavailable,N/A,0.0,N/A,0.0,N/A,N/A,N/A,N/A,unavailable,1102.0,N/A,N/A,10164.0,S32_3522,Hidden,57.53,5.0,N/A,N/A,N/A,N/A,None,unavailable,N/A,N/A,N/A,None,None,N/A,N/A,N/A,N/A,None,Hidden,N/A,N/A
orderdetails,0.0,N/A,N/A,N/A,N/A,N/A,N/A,N/A,N/A,unavailable,N/A,0.0,N/A,0.0,N/A,N/A,N/A,N/A,unavailable,1102.0,N/A,N/A,10164.0,S700_2824,Hidden,86.99,4.0,N/A,N/A,N/A,N/A,None,unavailable,N/A,N/A,N/A,None,None,N/A,N/A,N/A,N/A,None,Hidden,N/A,N/A
orderdetails,0.0,N/A,N/A,N/A,N/A,N/A,N/A,N/A,N/A,unavailable,N/A,0.0,N/A,0.0,N/A,N/A,N/A,N/A,unavailable,1102.0,N/A,N/A,10165.0,S12_1108,Hidden,168.32,3.0,N/A,N/A,N/A,N/A,None,unavailable,N/A,N/A,N/A,None,None,N/A,N/A,N/A,N/A,None,Hidden,N/A,N/A
orderdetails,0.0,N/A,N/A,N/A,N/A,N/A,N/A,N/A,N/A,unavailable,N/A,0.0,N/A,0.0,N/A,N/A,N/A,N/A,unavailable,1102.0,N/A,N/A,10165.0,S12_3148,Hidden,123.89,4.0,N/A,N/A,N/A,N/A,None,unavailable,N/A,N/A,N/A,None,None,N/A,N/A,N/A,N/A,None,Hidden,N/A,N/A
orderdetails,0.0,N/A,N/A,N/A,N/A,N/A,N/A,N/A,N/A,unavailable,N/A,0.0,N/A,0.0,N/A,N/A,N/A,N/A,unavailable,1102.0,N/A,N/A,10165.0,S12_3891,Hidden,152.26,2.0,N/A,N/A,N/A,N/A,None,unavailable,N/A,N/A,N/A,None,None,N/A,N/A,N/A,N/A,None,Hidden,N/A,N/A
orderdetails,0.0,N/A,N/A,N/A,N/A,N/A,N/A,N/A,N/A,unavailable,N/A,0.0,N/A,0.0,N/A,N/A,N/A,N/A,unavailable,1102.0,N/A,N/A,10165.0,S12_4473,Hidden,109.02,12.0,N/A,N/A,N/A,N/A,None,unavailable,N/A,N/A,N/A,None,None,N/A,N/A,N/A,N/A,None,Hidden,N/A,N/A
orderdetails,0.0,N/A,N/A,N/A,N/A,N/A,N/A,N/A,N/A,unavailable,N/A,0.0,N/A,0.0,N/A,N/A,N/A,N/A,unavailable,1102.0,N/A,N/A,10165.0,S18_2238,Hidden,134.26,11.0,N/A,N/A,N/A,N/A,None,unavailable,N/A,N/A,N/A,None,None,N/A,N/A,N/A,N/A,None,Hidden,N/A,N/A
orderdetails,0.0,N/A,N/A,N/A,N/A,N/A,N/A,N/A,N/A,unavailable,N/A,0.0,N/A,0.0,N/A,N/A,N/A,N/A,unavailable,1102.0,N/A,N/A,10165.0,S18_2319,Hidden,120.28,15.0,N/A,N/A,N/A,N/A,None,unavailable,N/A,N/A,N/A,None,None,N/A,N/A,N/A,N/A,None,Hidden,N/A,N/A
orderdetails,0.0,N/A,N/A,N/A,N/A,N/A,N/A,N/A,N/A,unavailable,N/A,0.0,N/A,0.0,N/A,N/A,N/A,N/A,unavailable,1102.0,N/A,N/A,10165.0,S18_2432,Hidden,60.77,18.0,N/A,N/A,N/A,N/A,None,unavailable,N/A,N/A,N/A,None,None,N/A,N/A,N/A,N/A,None,Hidden,N/A,N/A
orderdetails,0.0,N/A,N/A,N/A,N/A,N/A,N/A,N/A,N/A,unavailable,N/A,0.0,N/A,0.0,N/A,N/A,N/A,N/A,unavailable,1102.0,N/A,N/A,10165.0,S18_3232,Hidden,154.10,16.0,N/A,N/A,N/A,N/A,None,unavailable,N/A,N/A,N/A,None,None,N/A,N/A,N/A,N/A,None,Hidden,N/A,N/A
orderdetails,0.0,N/A,N/A,N/A,N/A,N/A,N/A,N/A,N/A,unavailable,N/A,0.0,N/A,0.0,N/A,N/A,N/A,N/A,unavailable,1102.0,N/A,N/A,10165.0,S18_3259,Hidden,84.71,1.0,N/A,N/A,N/A,N/A,None,unavailable,N/A,N/A,N/A,None,None,N/A,N/A,N/A,N/A,None,Hidden,N/A,N/A
orderdetails,0.0,N/A,N/A,N/A,N/A,N/A,N/A,N/A,N/A,unavailable,N/A,0.0,N/A,0.0,N/A,N/A,N/A,N/A,unavailable,1102.0,N/A,N/A,10165.0,S18_4027,Hidden,123.51,6.0,N/A,N/A,N/A,N/A,None,unavailable,N/A,N/A,N/A,None,None,N/A,N/A,N/A,N/A,None,Hidden,N/A,N/A
orderdetails,0.0,N/A,N/A,N/A,N/A,N/A,N/A,N/A,N/A,unavailable,N/A,0.0,N/A,0.0,N/A,N/A,N/A,N/A,unavailable,1102.0,N/A,N/A,10165.0,S24_1444,Hidden,46.82,9.0,N/A,N/A,N/A,N/A,None,unavailable,N/A,N/A,N/A,None,None,N/A,N/A,N/A,N/A,None,Hidden,N/A,N/A
orderdetails,0.0,N/A,N/A,N/A,N/A,N/A,N/A,N/A,N/A,unavailable,N/A,0.0,N/A,0.0,N/A,N/A,N/A,N/A,unavailable,1102.0,N/A,N/A,10165.0,S24_2300,Hidden,117.57,17.0,N/A,N/A,N/A,N/A,None,unavailable,N/A,N/A,N/A,None,None,N/A,N/A,N/A,N/A,None,Hidden,N/A,N/A
orderdetails,0.0,N/A,N/A,N/A,N/A,N/A,N/A,N/A,N/A,unavailable,N/A,0.0,N/A,0.0,N/A,N/A,N/A,N/A,unavailable,1102.0,N/A,N/A,10165.0,S24_2840,Hidden,31.12,13.0,N/A,N/A,N/A,N/A,None,unavailable,N/A,N/A,N/A,None,None,N/A,N/A,N/A,N/A,None,Hidden,N/A,N/A
orderdetails,0.0,N/A,N/A,N/A,N/A,N/A,N/A,N/A,N/A,unavailable,N/A,0.0,N/A,0.0,N/A,N/A,N/A,N/A,unavailable,1102.0,N/A,N/A,10165.0,S24_4048,Hidden,106.45,8.0,N/A,N/A,N/A,N/A,None,unavailable,N/A,N/A,N/A,None,None,N/A,N/A,N/A,N/A,None,Hidden,N/A,N/A
orderdetails,0.0,N/A,N/A,N/A,N/A,N/A,N/A,N/A,N/A,unavailable,N/A,0.0,N/A,0.0,N/A,N/A,N/A,N/A,unavailable,1102.0,N/A,N/A,10165.0,S32_2509,Hidden,50.86,14.0,N/A,N/A,N/A,N/A,None,unavailable,N/A,N/A,N/A,None,None,N/A,N/A,N/A,N/A,None,Hidden,N/A,N/A
orderdetails,0.0,N/A,N/A,N/A,N/A,N/A,N/A,N/A,N/A,unavailable,N/A,0.0,N/A,0.0,N/A,N/A,N/A,N/A,unavailable,1102.0,N/A,N/A,10165.0,S32_3207,Hidden,55.30,7.0,N/A,N/A,N/A,N/A,None,unavailable,N/A,N/A,N/A,None,None,N/A,N/A,N/A,N/A,None,Hidden,N/A,N/A
orderdetails,0.0,N/A,N/A,N/A,N/A,N/A,N/A,N/A,N/A,unavailable,N/A,0.0,N/A,0.0,N/A,N/A,N/A,N/A,unavailable,1102.0,N/A,N/A,10165.0,S50_1392,Hidden,106.49,10.0,N/A,N/A,N/A,N/A,None,unavailable,N/A,N/A,N/A,None,None,N/A,N/A,N/A,N/A,None,Hidden,N/A,N/A
orderdetails,0.0,N/A,N/A,N/A,N/A,N/A,N/A,N/A,N/A,unavailable,N/A,0.0,N/A,0.0,N/A,N/A,N/A,N/A,unavailable,1102.0,N/A,N/A,10165.0,S50_1514,Hidden,49.21,5.0,N/A,N/A,N/A,N/A,None,unavailable,N/A,N/A,N/A,None,None,N/A,N/A,N/A,N/A,None,Hidden,N/A,N/A
orderdetails,0.0,N/A,N/A,N/A,N/A,N/A,N/A,N/A,N/A,unavailable,N/A,0.0,N/A,0.0,N/A,N/A,N/A,N/A,unavailable,1102.0,N/A,N/A,10166.0,S18_3140,Hidden,136.59,2.0,N/A,N/A,N/A,N/A,None,unavailable,N/A,N/A,N/A,None,None,N/A,N/A,N/A,N/A,None,Hidden,N/A,N/A
orderdetails,0.0,N/A,N/A,N/A,N/A,N/A,N/A,N/A,N/A,unavailable,N/A,0.0,N/A,0.0,N/A,N/A,N/A,N/A,unavailable,1102.0,N/A,N/A,10166.0,S18_4522,Hidden,72.85,1.0,N/A,N/A,N/A,N/A,None,unavailable,N/A,N/A,N/A,None,None,N/A,N/A,N/A,N/A,None,Hidden,N/A,N/A
orderdetails,0.0,N/A,N/A,N/A,N/A,N/A,N/A,N/A,N/A,unavailable,N/A,0.0,N/A,0.0,N/A,N/A,N/A,N/A,unavailable,1102.0,N/A,N/A,10166.0,S700_1938,Hidden,76.22,3.0,N/A,N/A,N/A,N/A,None,unavailable,N/A,N/A,N/A,None,None,N/A,N/A,N/A,N/A,None,Hidden,N/A,N/A
orderdetails,0.0,N/A,N/A,N/A,N/A,N/A,N/A,N/A,N/A,unavailable,N/A,0.0,N/A,0.0,N/A,N/A,N/A,N/A,unavailable,1102.0,N/A,N/A,10167.0,S10_4757,Hidden,123.76,9.0,N/A,N/A,N/A,N/A,None,unavailable,N/A,N/A,N/A,None,None,N/A,N/A,N/A,N/A,None,Hidden,N/A,N/A
orderdetails,0.0,N/A,N/A,N/A,N/A,N/A,N/A,N/A,N/A,unavailable,N/A,0.0,N/A,0.0,N/A,N/A,N/A,N/A,unavailable,1102.0,N/A,N/A,10167.0,S18_1662,Hidden,141.92,1.0,N/A,N/A,N/A,N/A,None,unavailable,N/A,N/A,N/A,None,None,N/A,N/A,N/A,N/A,None,Hidden,N/A,N/A
orderdetails,0.0,N/A,N/A,N/A,N/A,N/A,N/A,N/A,N/A,unavailable,N/A,0.0,N/A,0.0,N/A,N/A,N/A,N/A,unavailable,1102.0,N/A,N/A,10167.0,S18_3029,Hidden,69.68,7.0,N/A,N/A,N/A,N/A,None,unavailable,N/A,N/A,N/A,None,None,N/A,N/A,N/A,N/A,None,Hidden,N/A,N/A
orderdetails,0.0,N/A,N/A,N/A,N/A,N/A,N/A,N/A,N/A,unavailable,N/A,0.0,N/A,0.0,N/A,N/A,N/A,N/A,unavailable,1102.0,N/A,N/A,10167.0,S18_3856,Hidden,84.70,6.0,N/A,N/A,N/A,N/A,None,unavailable,N/A,N/A,N/A,None,None,N/A,N/A,N/A,N/A,None,Hidden,N/A,N/A
orderdetails,0.0,N/A,N/A,N/A,N/A,N/A,N/A,N/A,N/A,unavailable,N/A,0.0,N/A,0.0,N/A,N/A,N/A,N/A,unavailable,1102.0,N/A,N/A,10167.0,S24_2011,Hidden,110.60,16.0,N/A,N/A,N/A,N/A,None,unavailable,N/A,N/A,N/A,None,None,N/A,N/A,N/A,N/A,None,Hidden,N/A,N/A
orderdetails,0.0,N/A,N/A,N/A,N/A,N/A,N/A,N/A,N/A,unavailable,N/A,0.0,N/A,0.0,N/A,N/A,N/A,N/A,unavailable,1102.0,N/A,N/A,10167.0,S24_2841,Hidden,54.81,2.0,N/A,N/A,N/A,N/A,None,unavailable,N/A,N/A,N/A,None,None,N/A,N/A,N/A,N/A,None,Hidden,N/A,N/A
orderdetails,0.0,N/A,N/A,N/A,N/A,N/A,N/A,N/A,N/A,unavailable,N/A,0.0,N/A,0.0,N/A,N/A,N/A,N/A,unavailable,1102.0,N/A,N/A,10167.0,S24_3151,Hidden,77.00,11.0,N/A,N/A,N/A,N/A,None,unavailable,N/A,N/A,N/A,None,None,N/A,N/A,N/A,N/A,None,Hidden,N/A,N/A
orderdetails,0.0,N/A,N/A,N/A,N/A,N/A,N/A,N/A,N/A,unavailable,N/A,0.0,N/A,0.0,N/A,N/A,N/A,N/A,unavailable,1102.0,N/A,N/A,10167.0,S24_3420,Hidden,64.44,3.0,N/A,N/A,N/A,N/A,None,unavailable,N/A,N/A,N/A,None,None,N/A,N/A,N/A,N/A,None,Hidden,N/A,N/A
orderdetails,0.0,N/A,N/A,N/A,N/A,N/A,N/A,N/A,N/A,unavailable,N/A,0.0,N/A,0.0,N/A,N/A,N/A,N/A,unavailable,1102.0,N/A,N/A,10167.0,S24_3816,Hidden,73.80,8.0,N/A,N/A,N/A,N/A,None,unavailable,N/A,N/A,N/A,None,None,N/A,N/A,N/A,N/A,None,Hidden,N/A,N/A
orderdetails,0.0,N/A,N/A,N/A,N/A,N/A,N/A,N/A,N/A,unavailable,N/A,0.0,N/A,0.0,N/A,N/A,N/A,N/A,unavailable,1102.0,N/A,N/A,10167.0,S700_1138,Hidden,66.00,12.0,N/A,N/A,N/A,N/A,None,unavailable,N/A,N/A,N/A,None,None,N/A,N/A,N/A,N/A,None,Hidden,N/A,N/A
orderdetails,0.0,N/A,N/A,N/A,N/A,N/A,N/A,N/A,N/A,unavailable,N/A,0.0,N/A,0.0,N/A,N/A,N/A,N/A,unavailable,1102.0,N/A,N/A,10167.0,S700_2047,Hidden,87.80,5.0,N/A,N/A,N/A,N/A,None,unavailable,N/A,N/A,N/A,None,None,N/A,N/A,N/A,N/A,None,Hidden,N/A,N/A
orderdetails,0.0,N/A,N/A,N/A,N/A,N/A,N/A,N/A,N/A,unavailable,N/A,0.0,N/A,0.0,N/A,N/A,N/A,N/A,unavailable,1102.0,N/A,N/A,10167.0,S700_2610,Hidden,62.16,10.0,N/A,N/A,N/A,N/A,None,unavailable,N/A,N/A,N/A,None,None,N/A,N/A,N/A,N/A,None,Hidden,N/A,N/A
orderdetails,0.0,N/A,N/A,N/A,N/A,N/A,N/A,N/A,N/A,unavailable,N/A,0.0,N/A,0.0,N/A,N/A,N/A,N/A,unavailable,1102.0,N/A,N/A,10167.0,S700_3505,Hidden,85.14,13.0,N/A,N/A,N/A,N/A,None,unavailable,N/A,N/A,N/A,None,None,N/A,N/A,N/A,N/A,None,Hidden,N/A,N/A
orderdetails,0.0,N/A,N/A,N/A,N/A,N/A,N/A,N/A,N/A,unavailable,N/A,0.0,N/A,0.0,N/A,N/A,N/A,N/A,unavailable,1102.0,N/A,N/A,10167.0,S700_3962,Hidden,83.42,14.0,N/A,N/A,N/A,N/A,None,unavailable,N/A,N/A,N/A,None,None,N/A,N/A,N/A,N/A,None,Hidden,N/A,N/A
orderdetails,0.0,N/A,N/A,N/A,N/A,N/A,N/A,N/A,N/A,unavailable,N/A,0.0,N/A,0.0,N/A,N/A,N/A,N/A,unavailable,1102.0,N/A,N/A,10167.0,S72_1253,Hidden,42.71,4.0,N/A,N/A,N/A,N/A,None,unavailable,N/A,N/A,N/A,None,None,N/A,N/A,N/A,N/A,None,Hidden,N/A,N/A
orderdetails,0.0,N/A,N/A,N/A,N/A,N/A,N/A,N/A,N/A,unavailable,N/A,0.0,N/A,0.0,N/A,N/A,N/A,N/A,unavailable,1102.0,N/A,N/A,10167.0,S72_3212,Hidden,43.68,15.0,N/A,N/A,N/A,N/A,None,unavailable,N/A,N/A,N/A,None,None,N/A,N/A,N/A,N/A,None,Hidden,N/A,N/A
orderdetails,0.0,N/A,N/A,N/A,N/A,N/A,N/A,N/A,N/A,unavailable,N/A,0.0,N/A,0.0,N/A,N/A,N/A,N/A,unavailable,1102.0,N/A,N/A,10168.0,S10_1678,Hidden,94.74,1.0,N/A,N/A,N/A,N/A,None,unavailable,N/A,N/A,N/A,None,None,N/A,N/A,N/A,N/A,None,Hidden,N/A,N/A
orderdetails,0.0,N/A,N/A,N/A,N/A,N/A,N/A,N/A,N/A,unavailable,N/A,0.0,N/A,0.0,N/A,N/A,N/A,N/A,unavailable,1102.0,N/A,N/A,10168.0,S10_2016,Hidden,97.53,4.0,N/A,N/A,N/A,N/A,None,unavailable,N/A,N/A,N/A,None,None,N/A,N/A,N/A,N/A,None,Hidden,N/A,N/A
orderdetails,0.0,N/A,N/A,N/A,N/A,N/A,N/A,N/A,N/A,unavailable,N/A,0.0,N/A,0.0,N/A,N/A,N/A,N/A,unavailable,1102.0,N/A,N/A,10168.0,S10_4698,Hidden,160.74,3.0,N/A,N/A,N/A,N/A,None,unavailable,N/A,N/A,N/A,None,None,N/A,N/A,N/A,N/A,None,Hidden,N/A,N/A
orderdetails,0.0,N/A,N/A,N/A,N/A,N/A,N/A,N/A,N/A,unavailable,N/A,0.0,N/A,0.0,N/A,N/A,N/A,N/A,unavailable,1102.0,N/A,N/A,10168.0,S18_2581,Hidden,75.19,9.0,N/A,N/A,N/A,N/A,None,unavailable,N/A,N/A,N/A,None,None,N/A,N/A,N/A,N/A,None,Hidden,N/A,N/A
orderdetails,0.0,N/A,N/A,N/A,N/A,N/A,N/A,N/A,N/A,unavailable,N/A,0.0,N/A,0.0,N/A,N/A,N/A,N/A,unavailable,1102.0,N/A,N/A,10168.0,S18_2625,Hidden,49.06,5.0,N/A,N/A,N/A,N/A,None,unavailable,N/A,N/A,N/A,None,None,N/A,N/A,N/A,N/A,None,Hidden,N/A,N/A
orderdetails,0.0,N/A,N/A,N/A,N/A,N/A,N/A,N/A,N/A,unavailable,N/A,0.0,N/A,0.0,N/A,N/A,N/A,N/A,unavailable,1102.0,N/A,N/A,10168.0,S24_1578,Hidden,103.68,2.0,N/A,N/A,N/A,N/A,None,unavailable,N/A,N/A,N/A,None,None,N/A,N/A,N/A,N/A,None,Hidden,N/A,N/A
orderdetails,0.0,N/A,N/A,N/A,N/A,N/A,N/A,N/A,N/A,unavailable,N/A,0.0,N/A,0.0,N/A,N/A,N/A,N/A,unavailable,1102.0,N/A,N/A,10168.0,S24_1785,Hidden,93.01,11.0,N/A,N/A,N/A,N/A,None,unavailable,N/A,N/A,N/A,None,None,N/A,N/A,N/A,N/A,None,Hidden,N/A,N/A
orderdetails,0.0,N/A,N/A,N/A,N/A,N/A,N/A,N/A,N/A,unavailable,N/A,0.0,N/A,0.0,N/A,N/A,N/A,N/A,unavailable,1102.0,N/A,N/A,10168.0,S24_2000,Hidden,72.36,6.0,N/A,N/A,N/A,N/A,None,unavailable,N/A,N/A,N/A,None,None,N/A,N/A,N/A,N/A,None,Hidden,N/A,N/A
orderdetails,0.0,N/A,N/A,N/A,N/A,N/A,N/A,N/A,N/A,unavailable,N/A,0.0,N/A,0.0,N/A,N/A,N/A,N/A,unavailable,1102.0,N/A,N/A,10168.0,S24_3949,Hidden,57.32,18.0,N/A,N/A,N/A,N/A,None,unavailable,N/A,N/A,N/A,None,None,N/A,N/A,N/A,N/A,None,Hidden,N/A,N/A
orderdetails,0.0,N/A,N/A,N/A,N/A,N/A,N/A,N/A,N/A,unavailable,N/A,0.0,N/A,0.0,N/A,N/A,N/A,N/A,unavailable,1102.0,N/A,N/A,10168.0,S24_4278,Hidden,68.10,10.0,N/A,N/A,N/A,N/A,None,unavailable,N/A,N/A,N/A,None,None,N/A,N/A,N/A,N/A,None,Hidden,N/A,N/A
orderdetails,0.0,N/A,N/A,N/A,N/A,N/A,N/A,N/A,N/A,unavailable,N/A,0.0,N/A,0.0,N/A,N/A,N/A,N/A,unavailable,1102.0,N/A,N/A,10168.0,S32_1374,Hidden,89.90,7.0,N/A,N/A,N/A,N/A,None,unavailable,N/A,N/A,N/A,None,None,N/A,N/A,N/A,N/A,None,Hidden,N/A,N/A
orderdetails,0.0,N/A,N/A,N/A,N/A,N/A,N/A,N/A,N/A,unavailable,N/A,0.0,N/A,0.0,N/A,N/A,N/A,N/A,unavailable,1102.0,N/A,N/A,10168.0,S32_4289,Hidden,57.78,12.0,N/A,N/A,N/A,N/A,None,unavailable,N/A,N/A,N/A,None,None,N/A,N/A,N/A,N/A,None,Hidden,N/A,N/A
orderdetails,0.0,N/A,N/A,N/A,N/A,N/A,N/A,N/A,N/A,unavailable,N/A,0.0,N/A,0.0,N/A,N/A,N/A,N/A,unavailable,1102.0,N/A,N/A,10168.0,S50_1341,Hidden,39.71,13.0,N/A,N/A,N/A,N/A,None,unavailable,N/A,N/A,N/A,None,None,N/A,N/A,N/A,N/A,None,Hidden,N/A,N/A
orderdetails,0.0,N/A,N/A,N/A,N/A,N/A,N/A,N/A,N/A,unavailable,N/A,0.0,N/A,0.0,N/A,N/A,N/A,N/A,unavailable,1102.0,N/A,N/A,10168.0,S700_1691,Hidden,91.34,14.0,N/A,N/A,N/A,N/A,None,unavailable,N/A,N/A,N/A,None,None,N/A,N/A,N/A,N/A,None,Hidden,N/A,N/A
orderdetails,0.0,N/A,N/A,N/A,N/A,N/A,N/A,N/A,N/A,unavailable,N/A,0.0,N/A,0.0,N/A,N/A,N/A,N/A,unavailable,1102.0,N/A,N/A,10168.0,S700_2466,Hidden,87.75,16.0,N/A,N/A,N/A,N/A,None,unavailable,N/A,N/A,N/A,None,None,N/A,N/A,N/A,N/A,None,Hidden,N/A,N/A
orderdetails,0.0,N/A,N/A,N/A,N/A,N/A,N/A,N/A,N/A,unavailable,N/A,0.0,N/A,0.0,N/A,N/A,N/A,N/A,unavailable,1102.0,N/A,N/A,10168.0,S700_2834,Hidden,94.92,8.0,N/A,N/A,N/A,N/A,None,unavailable,N/A,N/A,N/A,None,None,N/A,N/A,N/A,N/A,None,Hidden,N/A,N/A
orderdetails,0.0,N/A,N/A,N/A,N/A,N/A,N/A,N/A,N/A,unavailable,N/A,0.0,N/A,0.0,N/A,N/A,N/A,N/A,unavailable,1102.0,N/A,N/A,10168.0,S700_3167,Hidden,72.00,15.0,N/A,N/A,N/A,N/A,None,unavailable,N/A,N/A,N/A,None,None,N/A,N/A,N/A,N/A,None,Hidden,N/A,N/A
orderdetails,0.0,N/A,N/A,N/A,N/A,N/A,N/A,N/A,N/A,unavailable,N/A,0.0,N/A,0.0,N/A,N/A,N/A,N/A,unavailable,1102.0,N/A,N/A,10168.0,S700_4002,Hidden,67.37,17.0,N/A,N/A,N/A,N/A,None,unavailable,N/A,N/A,N/A,None,None,N/A,N/A,N/A,N/A,None,Hidden,N/A,N/A
orderdetails,0.0,N/A,N/A,N/A,N/A,N/A,N/A,N/A,N/A,unavailable,N/A,0.0,N/A,0.0,N/A,N/A,N/A,N/A,unavailable,1102.0,N/A,N/A,10169.0,S12_1099,Hidden,163.44,2.0,N/A,N/A,N/A,N/A,None,unavailable,N/A,N/A,N/A,None,None,N/A,N/A,N/A,N/A,None,Hidden,N/A,N/A
orderdetails,0.0,N/A,N/A,N/A,N/A,N/A,N/A,N/A,N/A,unavailable,N/A,0.0,N/A,0.0,N/A,N/A,N/A,N/A,unavailable,1102.0,N/A,N/A,10169.0,S12_2823,Hidden,126.52,13.0,N/A,N/A,N/A,N/A,None,unavailable,N/A,N/A,N/A,None,None,N/A,N/A,N/A,N/A,None,Hidden,N/A,N/A
orderdetails,0.0,N/A,N/A,N/A,N/A,N/A,N/A,N/A,N/A,unavailable,N/A,0.0,N/A,0.0,N/A,N/A,N/A,N/A,unavailable,1102.0,N/A,N/A,10169.0,S12_3990,Hidden,71.82,3.0,N/A,N/A,N/A,N/A,None,unavailable,N/A,N/A,N/A,None,None,N/A,N/A,N/A,N/A,None,Hidden,N/A,N/A
orderdetails,0.0,N/A,N/A,N/A,N/A,N/A,N/A,N/A,N/A,unavailable,N/A,0.0,N/A,0.0,N/A,N/A,N/A,N/A,unavailable,1102.0,N/A,N/A,10169.0,S18_3278,Hidden,65.13,5.0,N/A,N/A,N/A,N/A,None,unavailable,N/A,N/A,N/A,None,None,N/A,N/A,N/A,N/A,None,Hidden,N/A,N/A
orderdetails,0.0,N/A,N/A,N/A,N/A,N/A,N/A,N/A,N/A,unavailable,N/A,0.0,N/A,0.0,N/A,N/A,N/A,N/A,unavailable,1102.0,N/A,N/A,10169.0,S18_3482,Hidden,136.70,4.0,N/A,N/A,N/A,N/A,None,unavailable,N/A,N/A,N/A,None,None,N/A,N/A,N/A,N/A,None,Hidden,N/A,N/A
orderdetails,0.0,N/A,N/A,N/A,N/A,N/A,N/A,N/A,N/A,unavailable,N/A,0.0,N/A,0.0,N/A,N/A,N/A,N/A,unavailable,1102.0,N/A,N/A,10169.0,S18_3782,Hidden,52.84,8.0,N/A,N/A,N/A,N/A,None,unavailable,N/A,N/A,N/A,None,None,N/A,N/A,N/A,N/A,None,Hidden,N/A,N/A
orderdetails,0.0,N/A,N/A,N/A,N/A,N/A,N/A,N/A,N/A,unavailable,N/A,0.0,N/A,0.0,N/A,N/A,N/A,N/A,unavailable,1102.0,N/A,N/A,10169.0,S18_4721,Hidden,120.53,7.0,N/A,N/A,N/A,N/A,None,unavailable,N/A,N/A,N/A,None,None,N/A,N/A,N/A,N/A,None,Hidden,N/A,N/A
orderdetails,0.0,N/A,N/A,N/A,N/A,N/A,N/A,N/A,N/A,unavailable,N/A,0.0,N/A,0.0,N/A,N/A,N/A,N/A,unavailable,1102.0,N/A,N/A,10169.0,S24_2360,Hidden,66.49,11.0,N/A,N/A,N/A,N/A,None,unavailable,N/A,N/A,N/A,None,None,N/A,N/A,N/A,N/A,None,Hidden,N/A,N/A
orderdetails,0.0,N/A,N/A,N/A,N/A,N/A,N/A,N/A,N/A,unavailable,N/A,0.0,N/A,0.0,N/A,N/A,N/A,N/A,unavailable,1102.0,N/A,N/A,10169.0,S24_3371,Hidden,53.27,1.0,N/A,N/A,N/A,N/A,None,unavailable,N/A,N/A,N/A,None,None,N/A,N/A,N/A,N/A,None,Hidden,N/A,N/A
orderdetails,0.0,N/A,N/A,N/A,N/A,N/A,N/A,N/A,N/A,unavailable,N/A,0.0,N/A,0.0,N/A,N/A,N/A,N/A,unavailable,1102.0,N/A,N/A,10169.0,S24_4620,Hidden,77.61,6.0,N/A,N/A,N/A,N/A,None,unavailable,N/A,N/A,N/A,None,None,N/A,N/A,N/A,N/A,None,Hidden,N/A,N/A
orderdetails,0.0,N/A,N/A,N/A,N/A,N/A,N/A,N/A,N/A,unavailable,N/A,0.0,N/A,0.0,N/A,N/A,N/A,N/A,unavailable,1102.0,N/A,N/A,10169.0,S32_2206,Hidden,37.01,9.0,N/A,N/A,N/A,N/A,None,unavailable,N/A,N/A,N/A,None,None,N/A,N/A,N/A,N/A,None,Hidden,N/A,N/A
orderdetails,0.0,N/A,N/A,N/A,N/A,N/A,N/A,N/A,N/A,unavailable,N/A,0.0,N/A,0.0,N/A,N/A,N/A,N/A,unavailable,1102.0,N/A,N/A,10169.0,S32_4485,Hidden,83.68,12.0,N/A,N/A,N/A,N/A,None,unavailable,N/A,N/A,N/A,None,None,N/A,N/A,N/A,N/A,None,Hidden,N/A,N/A
orderdetails,0.0,N/A,N/A,N/A,N/A,N/A,N/A,N/A,N/A,unavailable,N/A,0.0,N/A,0.0,N/A,N/A,N/A,N/A,unavailable,1102.0,N/A,N/A,10169.0,S50_4713,Hidden,75.66,10.0,N/A,N/A,N/A,N/A,None,unavailable,N/A,N/A,N/A,None,None,N/A,N/A,N/A,N/A,None,Hidden,N/A,N/A
orderdetails,0.0,N/A,N/A,N/A,N/A,N/A,N/A,N/A,N/A,unavailable,N/A,0.0,N/A,0.0,N/A,N/A,N/A,N/A,unavailable,1102.0,N/A,N/A,10170.0,S12_3380,Hidden,116.27,4.0,N/A,N/A,N/A,N/A,None,unavailable,N/A,N/A,N/A,None,None,N/A,N/A,N/A,N/A,None,Hidden,N/A,N/A
orderdetails,0.0,N/A,N/A,N/A,N/A,N/A,N/A,N/A,N/A,unavailable,N/A,0.0,N/A,0.0,N/A,N/A,N/A,N/A,unavailable,1102.0,N/A,N/A,10170.0,S12_4675,Hidden,93.28,3.0,N/A,N/A,N/A,N/A,None,unavailable,N/A,N/A,N/A,None,None,N/A,N/A,N/A,N/A,None,Hidden,N/A,N/A
orderdetails,0.0,N/A,N/A,N/A,N/A,N/A,N/A,N/A,N/A,unavailable,N/A,0.0,N/A,0.0,N/A,N/A,N/A,N/A,unavailable,1102.0,N/A,N/A,10170.0,S18_1889,Hidden,70.07,2.0,N/A,N/A,N/A,N/A,None,unavailable,N/A,N/A,N/A,None,None,N/A,N/A,N/A,N/A,None,Hidden,N/A,N/A
orderdetails,0.0,N/A,N/A,N/A,N/A,N/A,N/A,N/A,N/A,unavailable,N/A,0.0,N/A,0.0,N/A,N/A,N/A,N/A,unavailable,1102.0,N/A,N/A,10170.0,S24_3856,Hidden,130.60,1.0,N/A,N/A,N/A,N/A,None,unavailable,N/A,N/A,N/A,None,None,N/A,N/A,N/A,N/A,None,Hidden,N/A,N/A
orderdetails,0.0,N/A,N/A,N/A,N/A,N/A,N/A,N/A,N/A,unavailable,N/A,0.0,N/A,0.0,N/A,N/A,N/A,N/A,unavailable,1102.0,N/A,N/A,10171.0,S18_1129,Hidden,134.46,2.0,N/A,N/A,N/A,N/A,None,unavailable,N/A,N/A,N/A,None,None,N/A,N/A,N/A,N/A,None,Hidden,N/A,N/A
orderdetails,0.0,N/A,N/A,N/A,N/A,N/A,N/A,N/A,N/A,unavailable,N/A,0.0,N/A,0.0,N/A,N/A,N/A,N/A,unavailable,1102.0,N/A,N/A,10171.0,S18_1984,Hidden,128.03,1.0,N/A,N/A,N/A,N/A,None,unavailable,N/A,N/A,N/A,None,None,N/A,N/A,N/A,N/A,None,Hidden,N/A,N/A
orderdetails,0.0,N/A,N/A,N/A,N/A,N/A,N/A,N/A,N/A,unavailable,N/A,0.0,N/A,0.0,N/A,N/A,N/A,N/A,unavailable,1102.0,N/A,N/A,10171.0,S18_3232,Hidden,165.95,3.0,N/A,N/A,N/A,N/A,None,unavailable,N/A,N/A,N/A,None,None,N/A,N/A,N/A,N/A,None,Hidden,N/A,N/A
orderdetails,0.0,N/A,N/A,N/A,N/A,N/A,N/A,N/A,N/A,unavailable,N/A,0.0,N/A,0.0,N/A,N/A,N/A,N/A,unavailable,1102.0,N/A,N/A,10171.0,S24_2972,Hidden,34.74,4.0,N/A,N/A,N/A,N/A,None,unavailable,N/A,N/A,N/A,None,None,N/A,N/A,N/A,N/A,None,Hidden,N/A,N/A
orderdetails,0.0,N/A,N/A,N/A,N/A,N/A,N/A,N/A,N/A,unavailable,N/A,0.0,N/A,0.0,N/A,N/A,N/A,N/A,unavailable,1102.0,N/A,N/A,10172.0,S18_1589,Hidden,109.51,6.0,N/A,N/A,N/A,N/A,None,unavailable,N/A,N/A,N/A,None,None,N/A,N/A,N/A,N/A,None,Hidden,N/A,N/A
orderdetails,0.0,N/A,N/A,N/A,N/A,N/A,N/A,N/A,N/A,unavailable,N/A,0.0,N/A,0.0,N/A,N/A,N/A,N/A,unavailable,1102.0,N/A,N/A,10172.0,S18_2870,Hidden,117.48,7.0,N/A,N/A,N/A,N/A,None,unavailable,N/A,N/A,N/A,None,None,N/A,N/A,N/A,N/A,None,Hidden,N/A,N/A
orderdetails,0.0,N/A,N/A,N/A,N/A,N/A,N/A,N/A,N/A,unavailable,N/A,0.0,N/A,0.0,N/A,N/A,N/A,N/A,unavailable,1102.0,N/A,N/A,10172.0,S18_3685,Hidden,139.87,8.0,N/A,N/A,N/A,N/A,None,unavailable,N/A,N/A,N/A,None,None,N/A,N/A,N/A,N/A,None,Hidden,N/A,N/A
orderdetails,0.0,N/A,N/A,N/A,N/A,N/A,N/A,N/A,N/A,unavailable,N/A,0.0,N/A,0.0,N/A,N/A,N/A,N/A,unavailable,1102.0,N/A,N/A,10172.0,S24_1046,Hidden,61.00,3.0,N/A,N/A,N/A,N/A,None,unavailable,N/A,N/A,N/A,None,None,N/A,N/A,N/A,N/A,None,Hidden,N/A,N/A
orderdetails,0.0,N/A,N/A,N/A,N/A,N/A,N/A,N/A,N/A,unavailable,N/A,0.0,N/A,0.0,N/A,N/A,N/A,N/A,unavailable,1102.0,N/A,N/A,10172.0,S24_1628,Hidden,43.27,5.0,N/A,N/A,N/A,N/A,None,unavailable,N/A,N/A,N/A,None,None,N/A,N/A,N/A,N/A,None,Hidden,N/A,N/A
orderdetails,0.0,N/A,N/A,N/A,N/A,N/A,N/A,N/A,N/A,unavailable,N/A,0.0,N/A,0.0,N/A,N/A,N/A,N/A,unavailable,1102.0,N/A,N/A,10172.0,S24_2766,Hidden,79.97,1.0,N/A,N/A,N/A,N/A,None,unavailable,N/A,N/A,N/A,None,None,N/A,N/A,N/A,N/A,None,Hidden,N/A,N/A
orderdetails,0.0,N/A,N/A,N/A,N/A,N/A,N/A,N/A,N/A,unavailable,N/A,0.0,N/A,0.0,N/A,N/A,N/A,N/A,unavailable,1102.0,N/A,N/A,10172.0,S24_3191,Hidden,77.91,2.0,N/A,N/A,N/A,N/A,None,unavailable,N/A,N/A,N/A,None,None,N/A,N/A,N/A,N/A,None,Hidden,N/A,N/A
orderdetails,0.0,N/A,N/A,N/A,N/A,N/A,N/A,N/A,N/A,unavailable,N/A,0.0,N/A,0.0,N/A,N/A,N/A,N/A,unavailable,1102.0,N/A,N/A,10172.0,S24_3432,Hidden,87.81,4.0,N/A,N/A,N/A,N/A,None,unavailable,N/A,N/A,N/A,None,None,N/A,N/A,N/A,N/A,None,Hidden,N/A,N/A
orderdetails,0.0,N/A,N/A,N/A,N/A,N/A,N/A,N/A,N/A,unavailable,N/A,0.0,N/A,0.0,N/A,N/A,N/A,N/A,unavailable,1102.0,N/A,N/A,10173.0,S18_1342,Hidden,101.71,6.0,N/A,N/A,N/A,N/A,None,unavailable,N/A,N/A,N/A,None,None,N/A,N/A,N/A,N/A,None,Hidden,N/A,N/A
orderdetails,0.0,N/A,N/A,N/A,N/A,N/A,N/A,N/A,N/A,unavailable,N/A,0.0,N/A,0.0,N/A,N/A,N/A,N/A,unavailable,1102.0,N/A,N/A,10173.0,S18_1367,Hidden,51.75,5.0,N/A,N/A,N/A,N/A,None,unavailable,N/A,N/A,N/A,None,None,N/A,N/A,N/A,N/A,None,Hidden,N/A,N/A
orderdetails,0.0,N/A,N/A,N/A,N/A,N/A,N/A,N/A,N/A,unavailable,N/A,0.0,N/A,0.0,N/A,N/A,N/A,N/A,unavailable,1102.0,N/A,N/A,10173.0,S18_1749,Hidden,168.30,13.0,N/A,N/A,N/A,N/A,None,unavailable,N/A,N/A,N/A,None,None,N/A,N/A,N/A,N/A,None,Hidden,N/A,N/A
orderdetails,0.0,N/A,N/A,N/A,N/A,N/A,N/A,N/A,N/A,unavailable,N/A,0.0,N/A,0.0,N/A,N/A,N/A,N/A,unavailable,1102.0,N/A,N/A,10173.0,S18_2248,Hidden,55.09,12.0,N/A,N/A,N/A,N/A,None,unavailable,N/A,N/A,N/A,None,None,N/A,N/A,N/A,N/A,None,Hidden,N/A,N/A
orderdetails,0.0,N/A,N/A,N/A,N/A,N/A,N/A,N/A,N/A,unavailable,N/A,0.0,N/A,0.0,N/A,N/A,N/A,N/A,unavailable,1102.0,N/A,N/A,10173.0,S18_2325,Hidden,127.13,10.0,N/A,N/A,N/A,N/A,None,unavailable,N/A,N/A,N/A,None,None,N/A,N/A,N/A,N/A,None,Hidden,N/A,N/A
orderdetails,0.0,N/A,N/A,N/A,N/A,N/A,N/A,N/A,N/A,unavailable,N/A,0.0,N/A,0.0,N/A,N/A,N/A,N/A,unavailable,1102.0,N/A,N/A,10173.0,S18_2795,Hidden,140.06,7.0,N/A,N/A,N/A,N/A,None,unavailable,N/A,N/A,N/A,None,None,N/A,N/A,N/A,N/A,None,Hidden,N/A,N/A
orderdetails,0.0,N/A,N/A,N/A,N/A,N/A,N/A,N/A,N/A,unavailable,N/A,0.0,N/A,0.0,N/A,N/A,N/A,N/A,unavailable,1102.0,N/A,N/A,10173.0,S18_2957,Hidden,56.84,2.0,N/A,N/A,N/A,N/A,None,unavailable,N/A,N/A,N/A,None,None,N/A,N/A,N/A,N/A,None,Hidden,N/A,N/A
orderdetails,0.0,N/A,N/A,N/A,N/A,N/A,N/A,N/A,N/A,unavailable,N/A,0.0,N/A,0.0,N/A,N/A,N/A,N/A,unavailable,1102.0,N/A,N/A,10173.0,S18_3136,Hidden,86.92,1.0,N/A,N/A,N/A,N/A,None,unavailable,N/A,N/A,N/A,None,None,N/A,N/A,N/A,N/A,None,Hidden,N/A,N/A
orderdetails,0.0,N/A,N/A,N/A,N/A,N/A,N/A,N/A,N/A,unavailable,N/A,0.0,N/A,0.0,N/A,N/A,N/A,N/A,unavailable,1102.0,N/A,N/A,10173.0,S18_3320,Hidden,90.28,4.0,N/A,N/A,N/A,N/A,None,unavailable,N/A,N/A,N/A,None,None,N/A,N/A,N/A,N/A,None,Hidden,N/A,N/A
orderdetails,0.0,N/A,N/A,N/A,N/A,N/A,N/A,N/A,N/A,unavailable,N/A,0.0,N/A,0.0,N/A,N/A,N/A,N/A,unavailable,1102.0,N/A,N/A,10173.0,S18_4409,Hidden,77.31,14.0,N/A,N/A,N/A,N/A,None,unavailable,N/A,N/A,N/A,None,None,N/A,N/A,N/A,N/A,None,Hidden,N/A,N/A
orderdetails,0.0,N/A,N/A,N/A,N/A,N/A,N/A,N/A,N/A,unavailable,N/A,0.0,N/A,0.0,N/A,N/A,N/A,N/A,unavailable,1102.0,N/A,N/A,10173.0,S18_4933,Hidden,58.44,15.0,N/A,N/A,N/A,N/A,None,unavailable,N/A,N/A,N/A,None,None,N/A,N/A,N/A,N/A,None,Hidden,N/A,N/A
orderdetails,0.0,N/A,N/A,N/A,N/A,N/A,N/A,N/A,N/A,unavailable,N/A,0.0,N/A,0.0,N/A,N/A,N/A,N/A,unavailable,1102.0,N/A,N/A,10173.0,S24_1937,Hidden,29.87,9.0,N/A,N/A,N/A,N/A,None,unavailable,N/A,N/A,N/A,None,None,N/A,N/A,N/A,N/A,None,Hidden,N/A,N/A
orderdetails,0.0,N/A,N/A,N/A,N/A,N/A,N/A,N/A,N/A,unavailable,N/A,0.0,N/A,0.0,N/A,N/A,N/A,N/A,unavailable,1102.0,N/A,N/A,10173.0,S24_2022,Hidden,39.42,8.0,N/A,N/A,N/A,N/A,None,unavailable,N/A,N/A,N/A,None,None,N/A,N/A,N/A,N/A,None,Hidden,N/A,N/A
orderdetails,0.0,N/A,N/A,N/A,N/A,N/A,N/A,N/A,N/A,unavailable,N/A,0.0,N/A,0.0,N/A,N/A,N/A,N/A,unavailable,1102.0,N/A,N/A,10173.0,S24_2887,Hidden,98.65,16.0,N/A,N/A,N/A,N/A,None,unavailable,N/A,N/A,N/A,None,None,N/A,N/A,N/A,N/A,None,Hidden,N/A,N/A
orderdetails,0.0,N/A,N/A,N/A,N/A,N/A,N/A,N/A,N/A,unavailable,N/A,0.0,N/A,0.0,N/A,N/A,N/A,N/A,unavailable,1102.0,N/A,N/A,10173.0,S24_3969,Hidden,35.70,11.0,N/A,N/A,N/A,N/A,None,unavailable,N/A,N/A,N/A,None,None,N/A,N/A,N/A,N/A,None,Hidden,N/A,N/A
orderdetails,0.0,N/A,N/A,N/A,N/A,N/A,N/A,N/A,N/A,unavailable,N/A,0.0,N/A,0.0,N/A,N/A,N/A,N/A,unavailable,1102.0,N/A,N/A,10173.0,S24_4258,Hidden,93.49,3.0,N/A,N/A,N/A,N/A,None,unavailable,N/A,N/A,N/A,None,None,N/A,N/A,N/A,N/A,None,Hidden,N/A,N/A
orderdetails,0.0,N/A,N/A,N/A,N/A,N/A,N/A,N/A,N/A,unavailable,N/A,0.0,N/A,0.0,N/A,N/A,N/A,N/A,unavailable,1102.0,N/A,N/A,10174.0,S10_1949,Hidden,207.87,4.0,N/A,N/A,N/A,N/A,None,unavailable,N/A,N/A,N/A,None,None,N/A,N/A,N/A,N/A,None,Hidden,N/A,N/A
orderdetails,0.0,N/A,N/A,N/A,N/A,N/A,N/A,N/A,N/A,unavailable,N/A,0.0,N/A,0.0,N/A,N/A,N/A,N/A,unavailable,1102.0,N/A,N/A,10174.0,S12_1666,Hidden,113.44,1.0,N/A,N/A,N/A,N/A,None,unavailable,N/A,N/A,N/A,None,None,N/A,N/A,N/A,N/A,None,Hidden,N/A,N/A
orderdetails,0.0,N/A,N/A,N/A,N/A,N/A,N/A,N/A,N/A,unavailable,N/A,0.0,N/A,0.0,N/A,N/A,N/A,N/A,unavailable,1102.0,N/A,N/A,10174.0,S18_1097,Hidden,108.50,3.0,N/A,N/A,N/A,N/A,None,unavailable,N/A,N/A,N/A,None,None,N/A,N/A,N/A,N/A,None,Hidden,N/A,N/A
orderdetails,0.0,N/A,N/A,N/A,N/A,N/A,N/A,N/A,N/A,unavailable,N/A,0.0,N/A,0.0,N/A,N/A,N/A,N/A,unavailable,1102.0,N/A,N/A,10174.0,S18_2949,Hidden,100.30,5.0,N/A,N/A,N/A,N/A,None,unavailable,N/A,N/A,N/A,None,None,N/A,N/A,N/A,N/A,None,Hidden,N/A,N/A
orderdetails,0.0,N/A,N/A,N/A,N/A,N/A,N/A,N/A,N/A,unavailable,N/A,0.0,N/A,0.0,N/A,N/A,N/A,N/A,unavailable,1102.0,N/A,N/A,10174.0,S18_4668,Hidden,44.27,2.0,N/A,N/A,N/A,N/A,None,unavailable,N/A,N/A,N/A,None,None,N/A,N/A,N/A,N/A,None,Hidden,N/A,N/A
orderdetails,0.0,N/A,N/A,N/A,N/A,N/A,N/A,N/A,N/A,unavailable,N/A,0.0,N/A,0.0,N/A,N/A,N/A,N/A,unavailable,1102.0,N/A,N/A,10175.0,S10_4962,Hidden,119.67,9.0,N/A,N/A,N/A,N/A,None,unavailable,N/A,N/A,N/A,None,None,N/A,N/A,N/A,N/A,None,Hidden,N/A,N/A
orderdetails,0.0,N/A,N/A,N/A,N/A,N/A,N/A,N/A,N/A,unavailable,N/A,0.0,N/A,0.0,N/A,N/A,N/A,N/A,unavailable,1102.0,N/A,N/A,10175.0,S12_4473,Hidden,109.02,1.0,N/A,N/A,N/A,N/A,None,unavailable,N/A,N/A,N/A,None,None,N/A,N/A,N/A,N/A,None,Hidden,N/A,N/A
orderdetails,0.0,N/A,N/A,N/A,N/A,N/A,N/A,N/A,N/A,unavailable,N/A,0.0,N/A,0.0,N/A,N/A,N/A,N/A,unavailable,1102.0,N/A,N/A,10175.0,S18_2319,Hidden,101.87,4.0,N/A,N/A,N/A,N/A,None,unavailable,N/A,N/A,N/A,None,None,N/A,N/A,N/A,N/A,None,Hidden,N/A,N/A
orderdetails,0.0,N/A,N/A,N/A,N/A,N/A,N/A,N/A,N/A,unavailable,N/A,0.0,N/A,0.0,N/A,N/A,N/A,N/A,unavailable,1102.0,N/A,N/A,10175.0,S18_2432,Hidden,59.55,7.0,N/A,N/A,N/A,N/A,None,unavailable,N/A,N/A,N/A,None,None,N/A,N/A,N/A,N/A,None,Hidden,N/A,N/A
orderdetails,0.0,N/A,N/A,N/A,N/A,N/A,N/A,N/A,N/A,unavailable,N/A,0.0,N/A,0.0,N/A,N/A,N/A,N/A,unavailable,1102.0,N/A,N/A,10175.0,S18_3232,Hidden,150.71,5.0,N/A,N/A,N/A,N/A,None,unavailable,N/A,N/A,N/A,None,None,N/A,N/A,N/A,N/A,None,Hidden,N/A,N/A
orderdetails,0.0,N/A,N/A,N/A,N/A,N/A,N/A,N/A,N/A,unavailable,N/A,0.0,N/A,0.0,N/A,N/A,N/A,N/A,unavailable,1102.0,N/A,N/A,10175.0,S18_4600,Hidden,102.92,10.0,N/A,N/A,N/A,N/A,None,unavailable,N/A,N/A,N/A,None,None,N/A,N/A,N/A,N/A,None,Hidden,N/A,N/A
orderdetails,0.0,N/A,N/A,N/A,N/A,N/A,N/A,N/A,N/A,unavailable,N/A,0.0,N/A,0.0,N/A,N/A,N/A,N/A,unavailable,1102.0,N/A,N/A,10175.0,S24_2300,Hidden,121.40,6.0,N/A,N/A,N/A,N/A,None,unavailable,N/A,N/A,N/A,None,None,N/A,N/A,N/A,N/A,None,Hidden,N/A,N/A
orderdetails,0.0,N/A,N/A,N/A,N/A,N/A,N/A,N/A,N/A,unavailable,N/A,0.0,N/A,0.0,N/A,N/A,N/A,N/A,unavailable,1102.0,N/A,N/A,10175.0,S24_2840,Hidden,32.18,2.0,N/A,N/A,N/A,N/A,None,unavailable,N/A,N/A,N/A,None,None,N/A,N/A,N/A,N/A,None,Hidden,N/A,N/A
orderdetails,0.0,N/A,N/A,N/A,N/A,N/A,N/A,N/A,N/A,unavailable,N/A,0.0,N/A,0.0,N/A,N/A,N/A,N/A,unavailable,1102.0,N/A,N/A,10175.0,S32_1268,Hidden,89.57,8.0,N/A,N/A,N/A,N/A,None,unavailable,N/A,N/A,N/A,None,None,N/A,N/A,N/A,N/A,None,Hidden,N/A,N/A
orderdetails,0.0,N/A,N/A,N/A,N/A,N/A,N/A,N/A,N/A,unavailable,N/A,0.0,N/A,0.0,N/A,N/A,N/A,N/A,unavailable,1102.0,N/A,N/A,10175.0,S32_2509,Hidden,50.86,3.0,N/A,N/A,N/A,N/A,None,unavailable,N/A,N/A,N/A,None,None,N/A,N/A,N/A,N/A,None,Hidden,N/A,N/A
orderdetails,0.0,N/A,N/A,N/A,N/A,N/A,N/A,N/A,N/A,unavailable,N/A,0.0,N/A,0.0,N/A,N/A,N/A,N/A,unavailable,1102.0,N/A,N/A,10175.0,S32_3522,Hidden,56.24,12.0,N/A,N/A,N/A,N/A,None,unavailable,N/A,N/A,N/A,None,None,N/A,N/A,N/A,N/A,None,Hidden,N/A,N/A
orderdetails,0.0,N/A,N/A,N/A,N/A,N/A,N/A,N/A,N/A,unavailable,N/A,0.0,N/A,0.0,N/A,N/A,N/A,N/A,unavailable,1102.0,N/A,N/A,10175.0,S700_2824,Hidden,80.92,11.0,N/A,N/A,N/A,N/A,None,unavailable,N/A,N/A,N/A,None,None,N/A,N/A,N/A,N/A,None,Hidden,N/A,N/A
orderdetails,0.0,N/A,N/A,N/A,N/A,N/A,N/A,N/A,N/A,unavailable,N/A,0.0,N/A,0.0,N/A,N/A,N/A,N/A,unavailable,1102.0,N/A,N/A,10176.0,S12_1108,Hidden,166.24,2.0,N/A,N/A,N/A,N/A,None,unavailable,N/A,N/A,N/A,None,None,N/A,N/A,N/A,N/A,None,Hidden,N/A,N/A
orderdetails,0.0,N/A,N/A,N/A,N/A,N/A,N/A,N/A,N/A,unavailable,N/A,0.0,N/A,0.0,N/A,N/A,N/A,N/A,unavailable,1102.0,N/A,N/A,10176.0,S12_3148,Hidden,145.04,3.0,N/A,N/A,N/A,N/A,None,unavailable,N/A,N/A,N/A,None,None,N/A,N/A,N/A,N/A,None,Hidden,N/A,N/A
orderdetails,0.0,N/A,N/A,N/A,N/A,N/A,N/A,N/A,N/A,unavailable,N/A,0.0,N/A,0.0,N/A,N/A,N/A,N/A,unavailable,1102.0,N/A,N/A,10176.0,S12_3891,Hidden,160.91,1.0,N/A,N/A,N/A,N/A,None,unavailable,N/A,N/A,N/A,None,None,N/A,N/A,N/A,N/A,None,Hidden,N/A,N/A
orderdetails,0.0,N/A,N/A,N/A,N/A,N/A,N/A,N/A,N/A,unavailable,N/A,0.0,N/A,0.0,N/A,N/A,N/A,N/A,unavailable,1102.0,N/A,N/A,10176.0,S18_2238,Hidden,139.17,10.0,N/A,N/A,N/A,N/A,None,unavailable,N/A,N/A,N/A,None,None,N/A,N/A,N/A,N/A,None,Hidden,N/A,N/A
orderdetails,0.0,N/A,N/A,N/A,N/A,N/A,N/A,N/A,N/A,unavailable,N/A,0.0,N/A,0.0,N/A,N/A,N/A,N/A,unavailable,1102.0,N/A,N/A,10176.0,S18_4027,Hidden,140.75,5.0,N/A,N/A,N/A,N/A,None,unavailable,N/A,N/A,N/A,None,None,N/A,N/A,N/A,N/A,None,Hidden,N/A,N/A
orderdetails,0.0,N/A,N/A,N/A,N/A,N/A,N/A,N/A,N/A,unavailable,N/A,0.0,N/A,0.0,N/A,N/A,N/A,N/A,unavailable,1102.0,N/A,N/A,10176.0,S24_1444,Hidden,55.49,8.0,N/A,N/A,N/A,N/A,None,unavailable,N/A,N/A,N/A,None,None,N/A,N/A,N/A,N/A,None,Hidden,N/A,N/A
orderdetails,0.0,N/A,N/A,N/A,N/A,N/A,N/A,N/A,N/A,unavailable,N/A,0.0,N/A,0.0,N/A,N/A,N/A,N/A,unavailable,1102.0,N/A,N/A,10176.0,S24_4048,Hidden,101.72,7.0,N/A,N/A,N/A,N/A,None,unavailable,N/A,N/A,N/A,None,None,N/A,N/A,N/A,N/A,None,Hidden,N/A,N/A
orderdetails,0.0,N/A,N/A,N/A,N/A,N/A,N/A,N/A,N/A,unavailable,N/A,0.0,N/A,0.0,N/A,N/A,N/A,N/A,unavailable,1102.0,N/A,N/A,10176.0,S32_3207,Hidden,62.14,6.0,N/A,N/A,N/A,N/A,None,unavailable,N/A,N/A,N/A,None,None,N/A,N/A,N/A,N/A,None,Hidden,N/A,N/A
orderdetails,0.0,N/A,N/A,N/A,N/A,N/A,N/A,N/A,N/A,unavailable,N/A,0.0,N/A,0.0,N/A,N/A,N/A,N/A,unavailable,1102.0,N/A,N/A,10176.0,S50_1392,Hidden,109.96,9.0,N/A,N/A,N/A,N/A,None,unavailable,N/A,N/A,N/A,None,None,N/A,N/A,N/A,N/A,None,Hidden,N/A,N/A
orderdetails,0.0,N/A,N/A,N/A,N/A,N/A,N/A,N/A,N/A,unavailable,N/A,0.0,N/A,0.0,N/A,N/A,N/A,N/A,unavailable,1102.0,N/A,N/A,10176.0,S50_1514,Hidden,52.14,4.0,N/A,N/A,N/A,N/A,None,unavailable,N/A,N/A,N/A,None,None,N/A,N/A,N/A,N/A,None,Hidden,N/A,N/A
orderdetails,0.0,N/A,N/A,N/A,N/A,N/A,N/A,N/A,N/A,unavailable,N/A,0.0,N/A,0.0,N/A,N/A,N/A,N/A,unavailable,1102.0,N/A,N/A,10177.0,S18_3140,Hidden,113.37,9.0,N/A,N/A,N/A,N/A,None,unavailable,N/A,N/A,N/A,None,None,N/A,N/A,N/A,N/A,None,Hidden,N/A,N/A
orderdetails,0.0,N/A,N/A,N/A,N/A,N/A,N/A,N/A,N/A,unavailable,N/A,0.0,N/A,0.0,N/A,N/A,N/A,N/A,unavailable,1102.0,N/A,N/A,10177.0,S18_3259,Hidden,92.77,11.0,N/A,N/A,N/A,N/A,None,unavailable,N/A,N/A,N/A,None,None,N/A,N/A,N/A,N/A,None,Hidden,N/A,N/A
orderdetails,0.0,N/A,N/A,N/A,N/A,N/A,N/A,N/A,N/A,unavailable,N/A,0.0,N/A,0.0,N/A,N/A,N/A,N/A,unavailable,1102.0,N/A,N/A,10177.0,S18_4522,Hidden,82.50,8.0,N/A,N/A,N/A,N/A,None,unavailable,N/A,N/A,N/A,None,None,N/A,N/A,N/A,N/A,None,Hidden,N/A,N/A
orderdetails,0.0,N/A,N/A,N/A,N/A,N/A,N/A,N/A,N/A,unavailable,N/A,0.0,N/A,0.0,N/A,N/A,N/A,N/A,unavailable,1102.0,N/A,N/A,10177.0,S24_2011,Hidden,115.52,7.0,N/A,N/A,N/A,N/A,None,unavailable,N/A,N/A,N/A,None,None,N/A,N/A,N/A,N/A,None,Hidden,N/A,N/A
orderdetails,0.0,N/A,N/A,N/A,N/A,N/A,N/A,N/A,N/A,unavailable,N/A,0.0,N/A,0.0,N/A,N/A,N/A,N/A,unavailable,1102.0,N/A,N/A,10177.0,S24_3151,Hidden,79.66,2.0,N/A,N/A,N/A,N/A,None,unavailable,N/A,N/A,N/A,None,None,N/A,N/A,N/A,N/A,None,Hidden,N/A,N/A
orderdetails,0.0,N/A,N/A,N/A,N/A,N/A,N/A,N/A,N/A,unavailable,N/A,0.0,N/A,0.0,N/A,N/A,N/A,N/A,unavailable,1102.0,N/A,N/A,10177.0,S700_1138,Hidden,58.67,3.0,N/A,N/A,N/A,N/A,None,unavailable,N/A,N/A,N/A,None,None,N/A,N/A,N/A,N/A,None,Hidden,N/A,N/A
orderdetails,0.0,N/A,N/A,N/A,N/A,N/A,N/A,N/A,N/A,unavailable,N/A,0.0,N/A,0.0,N/A,N/A,N/A,N/A,unavailable,1102.0,N/A,N/A,10177.0,S700_1938,Hidden,77.95,10.0,N/A,N/A,N/A,N/A,None,unavailable,N/A,N/A,N/A,None,None,N/A,N/A,N/A,N/A,None,Hidden,N/A,N/A
orderdetails,0.0,N/A,N/A,N/A,N/A,N/A,N/A,N/A,N/A,unavailable,N/A,0.0,N/A,0.0,N/A,N/A,N/A,N/A,unavailable,1102.0,N/A,N/A,10177.0,S700_2610,Hidden,64.33,1.0,N/A,N/A,N/A,N/A,None,unavailable,N/A,N/A,N/A,None,None,N/A,N/A,N/A,N/A,None,Hidden,N/A,N/A
orderdetails,0.0,N/A,N/A,N/A,N/A,N/A,N/A,N/A,N/A,unavailable,N/A,0.0,N/A,0.0,N/A,N/A,N/A,N/A,unavailable,1102.0,N/A,N/A,10177.0,S700_3505,Hidden,88.15,4.0,N/A,N/A,N/A,N/A,None,unavailable,N/A,N/A,N/A,None,None,N/A,N/A,N/A,N/A,None,Hidden,N/A,N/A
orderdetails,0.0,N/A,N/A,N/A,N/A,N/A,N/A,N/A,N/A,unavailable,N/A,0.0,N/A,0.0,N/A,N/A,N/A,N/A,unavailable,1102.0,N/A,N/A,10177.0,S700_3962,Hidden,83.42,5.0,N/A,N/A,N/A,N/A,None,unavailable,N/A,N/A,N/A,None,None,N/A,N/A,N/A,N/A,None,Hidden,N/A,N/A
orderdetails,0.0,N/A,N/A,N/A,N/A,N/A,N/A,N/A,N/A,unavailable,N/A,0.0,N/A,0.0,N/A,N/A,N/A,N/A,unavailable,1102.0,N/A,N/A,10177.0,S72_3212,Hidden,52.96,6.0,N/A,N/A,N/A,N/A,None,unavailable,N/A,N/A,N/A,None,None,N/A,N/A,N/A,N/A,None,Hidden,N/A,N/A
orderdetails,0.0,N/A,N/A,N/A,N/A,N/A,N/A,N/A,N/A,unavailable,N/A,0.0,N/A,0.0,N/A,N/A,N/A,N/A,unavailable,1102.0,N/A,N/A,10178.0,S10_4757,Hidden,131.92,12.0,N/A,N/A,N/A,N/A,None,unavailable,N/A,N/A,N/A,None,None,N/A,N/A,N/A,N/A,None,Hidden,N/A,N/A
orderdetails,0.0,N/A,N/A,N/A,N/A,N/A,N/A,N/A,N/A,unavailable,N/A,0.0,N/A,0.0,N/A,N/A,N/A,N/A,unavailable,1102.0,N/A,N/A,10178.0,S18_1662,Hidden,127.73,4.0,N/A,N/A,N/A,N/A,None,unavailable,N/A,N/A,N/A,None,None,N/A,N/A,N/A,N/A,None,Hidden,N/A,N/A
orderdetails,0.0,N/A,N/A,N/A,N/A,N/A,N/A,N/A,N/A,unavailable,N/A,0.0,N/A,0.0,N/A,N/A,N/A,N/A,unavailable,1102.0,N/A,N/A,10178.0,S18_3029,Hidden,70.54,10.0,N/A,N/A,N/A,N/A,None,unavailable,N/A,N/A,N/A,None,None,N/A,N/A,N/A,N/A,None,Hidden,N/A,N/A
orderdetails,0.0,N/A,N/A,N/A,N/A,N/A,N/A,N/A,N/A,unavailable,N/A,0.0,N/A,0.0,N/A,N/A,N/A,N/A,unavailable,1102.0,N/A,N/A,10178.0,S18_3856,Hidden,104.81,9.0,N/A,N/A,N/A,N/A,None,unavailable,N/A,N/A,N/A,None,None,N/A,N/A,N/A,N/A,None,Hidden,N/A,N/A
orderdetails,0.0,N/A,N/A,N/A,N/A,N/A,N/A,N/A,N/A,unavailable,N/A,0.0,N/A,0.0,N/A,N/A,N/A,N/A,unavailable,1102.0,N/A,N/A,10178.0,S24_2841,Hidden,67.82,5.0,N/A,N/A,N/A,N/A,None,unavailable,N/A,N/A,N/A,None,None,N/A,N/A,N/A,N/A,None,Hidden,N/A,N/A
orderdetails,0.0,N/A,N/A,N/A,N/A,N/A,N/A,N/A,N/A,unavailable,N/A,0.0,N/A,0.0,N/A,N/A,N/A,N/A,unavailable,1102.0,N/A,N/A,10178.0,S24_3420,Hidden,65.75,6.0,N/A,N/A,N/A,N/A,None,unavailable,N/A,N/A,N/A,None,None,N/A,N/A,N/A,N/A,None,Hidden,N/A,N/A
orderdetails,0.0,N/A,N/A,N/A,N/A,N/A,N/A,N/A,N/A,unavailable,N/A,0.0,N/A,0.0,N/A,N/A,N/A,N/A,unavailable,1102.0,N/A,N/A,10178.0,S24_3816,Hidden,68.77,11.0,N/A,N/A,N/A,N/A,None,unavailable,N/A,N/A,N/A,None,None,N/A,N/A,N/A,N/A,None,Hidden,N/A,N/A
orderdetails,0.0,N/A,N/A,N/A,N/A,N/A,N/A,N/A,N/A,unavailable,N/A,0.0,N/A,0.0,N/A,N/A,N/A,N/A,unavailable,1102.0,N/A,N/A,10178.0,S24_3949,Hidden,64.15,3.0,N/A,N/A,N/A,N/A,None,unavailable,N/A,N/A,N/A,None,None,N/A,N/A,N/A,N/A,None,Hidden,N/A,N/A
orderdetails,0.0,N/A,N/A,N/A,N/A,N/A,N/A,N/A,N/A,unavailable,N/A,0.0,N/A,0.0,N/A,N/A,N/A,N/A,unavailable,1102.0,N/A,N/A,10178.0,S700_2047,Hidden,86.90,8.0,N/A,N/A,N/A,N/A,None,unavailable,N/A,N/A,N/A,None,None,N/A,N/A,N/A,N/A,None,Hidden,N/A,N/A
orderdetails,0.0,N/A,N/A,N/A,N/A,N/A,N/A,N/A,N/A,unavailable,N/A,0.0,N/A,0.0,N/A,N/A,N/A,N/A,unavailable,1102.0,N/A,N/A,10178.0,S700_2466,Hidden,91.74,1.0,N/A,N/A,N/A,N/A,None,unavailable,N/A,N/A,N/A,None,None,N/A,N/A,N/A,N/A,None,Hidden,N/A,N/A
orderdetails,0.0,N/A,N/A,N/A,N/A,N/A,N/A,N/A,N/A,unavailable,N/A,0.0,N/A,0.0,N/A,N/A,N/A,N/A,unavailable,1102.0,N/A,N/A,10178.0,S700_4002,Hidden,68.11,2.0,N/A,N/A,N/A,N/A,None,unavailable,N/A,N/A,N/A,None,None,N/A,N/A,N/A,N/A,None,Hidden,N/A,N/A
orderdetails,0.0,N/A,N/A,N/A,N/A,N/A,N/A,N/A,N/A,unavailable,N/A,0.0,N/A,0.0,N/A,N/A,N/A,N/A,unavailable,1102.0,N/A,N/A,10178.0,S72_1253,Hidden,41.71,7.0,N/A,N/A,N/A,N/A,None,unavailable,N/A,N/A,N/A,None,None,N/A,N/A,N/A,N/A,None,Hidden,N/A,N/A
orderdetails,0.0,N/A,N/A,N/A,N/A,N/A,N/A,N/A,N/A,unavailable,N/A,0.0,N/A,0.0,N/A,N/A,N/A,N/A,unavailable,1102.0,N/A,N/A,10179.0,S18_2581,Hidden,82.79,3.0,N/A,N/A,N/A,N/A,None,unavailable,N/A,N/A,N/A,None,None,N/A,N/A,N/A,N/A,None,Hidden,N/A,N/A
orderdetails,0.0,N/A,N/A,N/A,N/A,N/A,N/A,N/A,N/A,unavailable,N/A,0.0,N/A,0.0,N/A,N/A,N/A,N/A,unavailable,1102.0,N/A,N/A,10179.0,S24_1785,Hidden,105.04,5.0,N/A,N/A,N/A,N/A,None,unavailable,N/A,N/A,N/A,None,None,N/A,N/A,N/A,N/A,None,Hidden,N/A,N/A
orderdetails,0.0,N/A,N/A,N/A,N/A,N/A,N/A,N/A,N/A,unavailable,N/A,0.0,N/A,0.0,N/A,N/A,N/A,N/A,unavailable,1102.0,N/A,N/A,10179.0,S24_4278,Hidden,66.65,4.0,N/A,N/A,N/A,N/A,None,unavailable,N/A,N/A,N/A,None,None,N/A,N/A,N/A,N/A,None,Hidden,N/A,N/A
orderdetails,0.0,N/A,N/A,N/A,N/A,N/A,N/A,N/A,N/A,unavailable,N/A,0.0,N/A,0.0,N/A,N/A,N/A,N/A,unavailable,1102.0,N/A,N/A,10179.0,S32_1374,Hidden,86.90,1.0,N/A,N/A,N/A,N/A,None,unavailable,N/A,N/A,N/A,None,None,N/A,N/A,N/A,N/A,None,Hidden,N/A,N/A
orderdetails,0.0,N/A,N/A,N/A,N/A,N/A,N/A,N/A,N/A,unavailable,N/A,0.0,N/A,0.0,N/A,N/A,N/A,N/A,unavailable,1102.0,N/A,N/A,10179.0,S32_4289,Hidden,63.97,6.0,N/A,N/A,N/A,N/A,None,unavailable,N/A,N/A,N/A,None,None,N/A,N/A,N/A,N/A,None,Hidden,N/A,N/A
orderdetails,0.0,N/A,N/A,N/A,N/A,N/A,N/A,N/A,N/A,unavailable,N/A,0.0,N/A,0.0,N/A,N/A,N/A,N/A,unavailable,1102.0,N/A,N/A,10179.0,S50_1341,Hidden,43.20,7.0,N/A,N/A,N/A,N/A,None,unavailable,N/A,N/A,N/A,None,None,N/A,N/A,N/A,N/A,None,Hidden,N/A,N/A
orderdetails,0.0,N/A,N/A,N/A,N/A,N/A,N/A,N/A,N/A,unavailable,N/A,0.0,N/A,0.0,N/A,N/A,N/A,N/A,unavailable,1102.0,N/A,N/A,10179.0,S700_1691,Hidden,75.81,8.0,N/A,N/A,N/A,N/A,None,unavailable,N/A,N/A,N/A,None,None,N/A,N/A,N/A,N/A,None,Hidden,N/A,N/A
orderdetails,0.0,N/A,N/A,N/A,N/A,N/A,N/A,N/A,N/A,unavailable,N/A,0.0,N/A,0.0,N/A,N/A,N/A,N/A,unavailable,1102.0,N/A,N/A,10179.0,S700_2834,Hidden,98.48,2.0,N/A,N/A,N/A,N/A,None,unavailable,N/A,N/A,N/A,None,None,N/A,N/A,N/A,N/A,None,Hidden,N/A,N/A
orderdetails,0.0,N/A,N/A,N/A,N/A,N/A,N/A,N/A,N/A,unavailable,N/A,0.0,N/A,0.0,N/A,N/A,N/A,N/A,unavailable,1102.0,N/A,N/A,10179.0,S700_3167,Hidden,80.00,9.0,N/A,N/A,N/A,N/A,None,unavailable,N/A,N/A,N/A,None,None,N/A,N/A,N/A,N/A,None,Hidden,N/A,N/A
orderdetails,0.0,N/A,N/A,N/A,N/A,N/A,N/A,N/A,N/A,unavailable,N/A,0.0,N/A,0.0,N/A,N/A,N/A,N/A,unavailable,1102.0,N/A,N/A,10180.0,S10_1678,Hidden,76.56,9.0,N/A,N/A,N/A,N/A,None,unavailable,N/A,N/A,N/A,None,None,N/A,N/A,N/A,N/A,None,Hidden,N/A,N/A
orderdetails,0.0,N/A,N/A,N/A,N/A,N/A,N/A,N/A,N/A,unavailable,N/A,0.0,N/A,0.0,N/A,N/A,N/A,N/A,unavailable,1102.0,N/A,N/A,10180.0,S10_2016,Hidden,99.91,12.0,N/A,N/A,N/A,N/A,None,unavailable,N/A,N/A,N/A,None,None,N/A,N/A,N/A,N/A,None,Hidden,N/A,N/A
orderdetails,0.0,N/A,N/A,N/A,N/A,N/A,N/A,N/A,N/A,unavailable,N/A,0.0,N/A,0.0,N/A,N/A,N/A,N/A,unavailable,1102.0,N/A,N/A,10180.0,S10_4698,Hidden,164.61,11.0,N/A,N/A,N/A,N/A,None,unavailable,N/A,N/A,N/A,None,None,N/A,N/A,N/A,N/A,None,Hidden,N/A,N/A
orderdetails,0.0,N/A,N/A,N/A,N/A,N/A,N/A,N/A,N/A,unavailable,N/A,0.0,N/A,0.0,N/A,N/A,N/A,N/A,unavailable,1102.0,N/A,N/A,10180.0,S12_2823,Hidden,131.04,8.0,N/A,N/A,N/A,N/A,None,unavailable,N/A,N/A,N/A,None,None,N/A,N/A,N/A,N/A,None,Hidden,N/A,N/A
orderdetails,0.0,N/A,N/A,N/A,N/A,N/A,N/A,N/A,N/A,unavailable,N/A,0.0,N/A,0.0,N/A,N/A,N/A,N/A,unavailable,1102.0,N/A,N/A,10180.0,S18_2625,Hidden,48.46,13.0,N/A,N/A,N/A,N/A,None,unavailable,N/A,N/A,N/A,None,None,N/A,N/A,N/A,N/A,None,Hidden,N/A,N/A
orderdetails,0.0,N/A,N/A,N/A,N/A,N/A,N/A,N/A,N/A,unavailable,N/A,0.0,N/A,0.0,N/A,N/A,N/A,N/A,unavailable,1102.0,N/A,N/A,10180.0,S18_3782,Hidden,59.06,3.0,N/A,N/A,N/A,N/A,None,unavailable,N/A,N/A,N/A,None,None,N/A,N/A,N/A,N/A,None,Hidden,N/A,N/A
orderdetails,0.0,N/A,N/A,N/A,N/A,N/A,N/A,N/A,N/A,unavailable,N/A,0.0,N/A,0.0,N/A,N/A,N/A,N/A,unavailable,1102.0,N/A,N/A,10180.0,S18_4721,Hidden,147.31,2.0,N/A,N/A,N/A,N/A,None,unavailable,N/A,N/A,N/A,None,None,N/A,N/A,N/A,N/A,None,Hidden,N/A,N/A
orderdetails,0.0,N/A,N/A,N/A,N/A,N/A,N/A,N/A,N/A,unavailable,N/A,0.0,N/A,0.0,N/A,N/A,N/A,N/A,unavailable,1102.0,N/A,N/A,10180.0,S24_1578,Hidden,98.05,10.0,N/A,N/A,N/A,N/A,None,unavailable,N/A,N/A,N/A,None,None,N/A,N/A,N/A,N/A,None,Hidden,N/A,N/A
orderdetails,0.0,N/A,N/A,N/A,N/A,N/A,N/A,N/A,N/A,unavailable,N/A,0.0,N/A,0.0,N/A,N/A,N/A,N/A,unavailable,1102.0,N/A,N/A,10180.0,S24_2000,Hidden,61.70,14.0,N/A,N/A,N/A,N/A,None,unavailable,N/A,N/A,N/A,None,None,N/A,N/A,N/A,N/A,None,Hidden,N/A,N/A
orderdetails,0.0,N/A,N/A,N/A,N/A,N/A,N/A,N/A,N/A,unavailable,N/A,0.0,N/A,0.0,N/A,N/A,N/A,N/A,unavailable,1102.0,N/A,N/A,10180.0,S24_2360,Hidden,60.95,6.0,N/A,N/A,N/A,N/A,None,unavailable,N/A,N/A,N/A,None,None,N/A,N/A,N/A,N/A,None,Hidden,N/A,N/A
orderdetails,0.0,N/A,N/A,N/A,N/A,N/A,N/A,N/A,N/A,unavailable,N/A,0.0,N/A,0.0,N/A,N/A,N/A,N/A,unavailable,1102.0,N/A,N/A,10180.0,S24_4620,Hidden,68.71,1.0,N/A,N/A,N/A,N/A,None,unavailable,N/A,N/A,N/A,None,None,N/A,N/A,N/A,N/A,None,Hidden,N/A,N/A
orderdetails,0.0,N/A,N/A,N/A,N/A,N/A,N/A,N/A,N/A,unavailable,N/A,0.0,N/A,0.0,N/A,N/A,N/A,N/A,unavailable,1102.0,N/A,N/A,10180.0,S32_2206,Hidden,33.39,4.0,N/A,N/A,N/A,N/A,None,unavailable,N/A,N/A,N/A,None,None,N/A,N/A,N/A,N/A,None,Hidden,N/A,N/A
orderdetails,0.0,N/A,N/A,N/A,N/A,N/A,N/A,N/A,N/A,unavailable,N/A,0.0,N/A,0.0,N/A,N/A,N/A,N/A,unavailable,1102.0,N/A,N/A,10180.0,S32_4485,Hidden,102.05,7.0,N/A,N/A,N/A,N/A,None,unavailable,N/A,N/A,N/A,None,None,N/A,N/A,N/A,N/A,None,Hidden,N/A,N/A
orderdetails,0.0,N/A,N/A,N/A,N/A,N/A,N/A,N/A,N/A,unavailable,N/A,0.0,N/A,0.0,N/A,N/A,N/A,N/A,unavailable,1102.0,N/A,N/A,10180.0,S50_4713,Hidden,74.85,5.0,N/A,N/A,N/A,N/A,None,unavailable,N/A,N/A,N/A,None,None,N/A,N/A,N/A,N/A,None,Hidden,N/A,N/A
orderdetails,0.0,N/A,N/A,N/A,N/A,N/A,N/A,N/A,N/A,unavailable,N/A,0.0,N/A,0.0,N/A,N/A,N/A,N/A,unavailable,1102.0,N/A,N/A,10181.0,S12_1099,Hidden,155.66,14.0,N/A,N/A,N/A,N/A,None,unavailable,N/A,N/A,N/A,None,None,N/A,N/A,N/A,N/A,None,Hidden,N/A,N/A
orderdetails,0.0,N/A,N/A,N/A,N/A,N/A,N/A,N/A,N/A,unavailable,N/A,0.0,N/A,0.0,N/A,N/A,N/A,N/A,unavailable,1102.0,N/A,N/A,10181.0,S12_3380,Hidden,113.92,12.0,N/A,N/A,N/A,N/A,None,unavailable,N/A,N/A,N/A,None,None,N/A,N/A,N/A,N/A,None,Hidden,N/A,N/A
orderdetails,0.0,N/A,N/A,N/A,N/A,N/A,N/A,N/A,N/A,unavailable,N/A,0.0,N/A,0.0,N/A,N/A,N/A,N/A,unavailable,1102.0,N/A,N/A,10181.0,S12_3990,Hidden,67.03,15.0,N/A,N/A,N/A,N/A,None,unavailable,N/A,N/A,N/A,None,None,N/A,N/A,N/A,N/A,None,Hidden,N/A,N/A
orderdetails,0.0,N/A,N/A,N/A,N/A,N/A,N/A,N/A,N/A,unavailable,N/A,0.0,N/A,0.0,N/A,N/A,N/A,N/A,unavailable,1102.0,N/A,N/A,10181.0,S12_4675,Hidden,107.10,11.0,N/A,N/A,N/A,N/A,None,unavailable,N/A,N/A,N/A,None,None,N/A,N/A,N/A,N/A,None,Hidden,N/A,N/A
orderdetails,0.0,N/A,N/A,N/A,N/A,N/A,N/A,N/A,N/A,unavailable,N/A,0.0,N/A,0.0,N/A,N/A,N/A,N/A,unavailable,1102.0,N/A,N/A,10181.0,S18_1129,Hidden,124.56,6.0,N/A,N/A,N/A,N/A,None,unavailable,N/A,N/A,N/A,None,None,N/A,N/A,N/A,N/A,None,Hidden,N/A,N/A
orderdetails,0.0,N/A,N/A,N/A,N/A,N/A,N/A,N/A,N/A,unavailable,N/A,0.0,N/A,0.0,N/A,N/A,N/A,N/A,unavailable,1102.0,N/A,N/A,10181.0,S18_1589,Hidden,124.44,2.0,N/A,N/A,N/A,N/A,None,unavailable,N/A,N/A,N/A,None,None,N/A,N/A,N/A,N/A,None,Hidden,N/A,N/A
orderdetails,0.0,N/A,N/A,N/A,N/A,N/A,N/A,N/A,N/A,unavailable,N/A,0.0,N/A,0.0,N/A,N/A,N/A,N/A,unavailable,1102.0,N/A,N/A,10181.0,S18_1889,Hidden,74.69,10.0,N/A,N/A,N/A,N/A,None,unavailable,N/A,N/A,N/A,None,None,N/A,N/A,N/A,N/A,None,Hidden,N/A,N/A
orderdetails,0.0,N/A,N/A,N/A,N/A,N/A,N/A,N/A,N/A,unavailable,N/A,0.0,N/A,0.0,N/A,N/A,N/A,N/A,unavailable,1102.0,N/A,N/A,10181.0,S18_1984,Hidden,129.45,5.0,N/A,N/A,N/A,N/A,None,unavailable,N/A,N/A,N/A,None,None,N/A,N/A,N/A,N/A,None,Hidden,N/A,N/A
orderdetails,0.0,N/A,N/A,N/A,N/A,N/A,N/A,N/A,N/A,unavailable,N/A,0.0,N/A,0.0,N/A,N/A,N/A,N/A,unavailable,1102.0,N/A,N/A,10181.0,S18_2870,Hidden,130.68,3.0,N/A,N/A,N/A,N/A,None,unavailable,N/A,N/A,N/A,None,None,N/A,N/A,N/A,N/A,None,Hidden,N/A,N/A
orderdetails,0.0,N/A,N/A,N/A,N/A,N/A,N/A,N/A,N/A,unavailable,N/A,0.0,N/A,0.0,N/A,N/A,N/A,N/A,unavailable,1102.0,N/A,N/A,10181.0,S18_3232,Hidden,147.33,7.0,N/A,N/A,N/A,N/A,None,unavailable,N/A,N/A,N/A,None,None,N/A,N/A,N/A,N/A,None,Hidden,N/A,N/A
orderdetails,0.0,N/A,N/A,N/A,N/A,N/A,N/A,N/A,N/A,unavailable,N/A,0.0,N/A,0.0,N/A,N/A,N/A,N/A,unavailable,1102.0,N/A,N/A,10181.0,S18_3278,Hidden,73.17,17.0,N/A,N/A,N/A,N/A,None,unavailable,N/A,N/A,N/A,None,None,N/A,N/A,N/A,N/A,None,Hidden,N/A,N/A
orderdetails,0.0,N/A,N/A,N/A,N/A,N/A,N/A,N/A,N/A,unavailable,N/A,0.0,N/A,0.0,N/A,N/A,N/A,N/A,unavailable,1102.0,N/A,N/A,10181.0,S18_3482,Hidden,120.53,16.0,N/A,N/A,N/A,N/A,None,unavailable,N/A,N/A,N/A,None,None,N/A,N/A,N/A,N/A,None,Hidden,N/A,N/A
orderdetails,0.0,N/A,N/A,N/A,N/A,N/A,N/A,N/A,N/A,unavailable,N/A,0.0,N/A,0.0,N/A,N/A,N/A,N/A,unavailable,1102.0,N/A,N/A,10181.0,S18_3685,Hidden,137.04,4.0,N/A,N/A,N/A,N/A,None,unavailable,N/A,N/A,N/A,None,None,N/A,N/A,N/A,N/A,None,Hidden,N/A,N/A
orderdetails,0.0,N/A,N/A,N/A,N/A,N/A,N/A,N/A,N/A,unavailable,N/A,0.0,N/A,0.0,N/A,N/A,N/A,N/A,unavailable,1102.0,N/A,N/A,10181.0,S24_1628,Hidden,45.28,1.0,N/A,N/A,N/A,N/A,None,unavailable,N/A,N/A,N/A,None,None,N/A,N/A,N/A,N/A,None,Hidden,N/A,N/A
orderdetails,0.0,N/A,N/A,N/A,N/A,N/A,N/A,N/A,N/A,unavailable,N/A,0.0,N/A,0.0,N/A,N/A,N/A,N/A,unavailable,1102.0,N/A,N/A,10181.0,S24_2972,Hidden,32.85,8.0,N/A,N/A,N/A,N/A,None,unavailable,N/A,N/A,N/A,None,None,N/A,N/A,N/A,N/A,None,Hidden,N/A,N/A
orderdetails,0.0,N/A,N/A,N/A,N/A,N/A,N/A,N/A,N/A,unavailable,N/A,0.0,N/A,0.0,N/A,N/A,N/A,N/A,unavailable,1102.0,N/A,N/A,10181.0,S24_3371,Hidden,54.49,13.0,N/A,N/A,N/A,N/A,None,unavailable,N/A,N/A,N/A,None,None,N/A,N/A,N/A,N/A,None,Hidden,N/A,N/A
orderdetails,0.0,N/A,N/A,N/A,N/A,N/A,N/A,N/A,N/A,unavailable,N/A,0.0,N/A,0.0,N/A,N/A,N/A,N/A,unavailable,1102.0,N/A,N/A,10181.0,S24_3856,Hidden,122.17,9.0,N/A,N/A,N/A,N/A,None,unavailable,N/A,N/A,N/A,None,None,N/A,N/A,N/A,N/A,None,Hidden,N/A,N/A
orderdetails,0.0,N/A,N/A,N/A,N/A,N/A,N/A,N/A,N/A,unavailable,N/A,0.0,N/A,0.0,N/A,N/A,N/A,N/A,unavailable,1102.0,N/A,N/A,10182.0,S18_1342,Hidden,83.22,3.0,N/A,N/A,N/A,N/A,None,unavailable,N/A,N/A,N/A,None,None,N/A,N/A,N/A,N/A,None,Hidden,N/A,N/A
orderdetails,0.0,N/A,N/A,N/A,N/A,N/A,N/A,N/A,N/A,unavailable,N/A,0.0,N/A,0.0,N/A,N/A,N/A,N/A,unavailable,1102.0,N/A,N/A,10182.0,S18_1367,Hidden,44.21,2.0,N/A,N/A,N/A,N/A,None,unavailable,N/A,N/A,N/A,None,None,N/A,N/A,N/A,N/A,None,Hidden,N/A,N/A
orderdetails,0.0,N/A,N/A,N/A,N/A,N/A,N/A,N/A,N/A,unavailable,N/A,0.0,N/A,0.0,N/A,N/A,N/A,N/A,unavailable,1102.0,N/A,N/A,10182.0,S18_1749,Hidden,159.80,10.0,N/A,N/A,N/A,N/A,None,unavailable,N/A,N/A,N/A,None,None,N/A,N/A,N/A,N/A,None,Hidden,N/A,N/A
orderdetails,0.0,N/A,N/A,N/A,N/A,N/A,N/A,N/A,N/A,unavailable,N/A,0.0,N/A,0.0,N/A,N/A,N/A,N/A,unavailable,1102.0,N/A,N/A,10182.0,S18_2248,Hidden,54.49,9.0,N/A,N/A,N/A,N/A,None,unavailable,N/A,N/A,N/A,None,None,N/A,N/A,N/A,N/A,None,Hidden,N/A,N/A
orderdetails,0.0,N/A,N/A,N/A,N/A,N/A,N/A,N/A,N/A,unavailable,N/A,0.0,N/A,0.0,N/A,N/A,N/A,N/A,unavailable,1102.0,N/A,N/A,10182.0,S18_2325,Hidden,105.52,7.0,N/A,N/A,N/A,N/A,None,unavailable,N/A,N/A,N/A,None,None,N/A,N/A,N/A,N/A,None,Hidden,N/A,N/A
orderdetails,0.0,N/A,N/A,N/A,N/A,N/A,N/A,N/A,N/A,unavailable,N/A,0.0,N/A,0.0,N/A,N/A,N/A,N/A,unavailable,1102.0,N/A,N/A,10182.0,S18_2795,Hidden,135.00,4.0,N/A,N/A,N/A,N/A,None,unavailable,N/A,N/A,N/A,None,None,N/A,N/A,N/A,N/A,None,Hidden,N/A,N/A
orderdetails,0.0,N/A,N/A,N/A,N/A,N/A,N/A,N/A,N/A,unavailable,N/A,0.0,N/A,0.0,N/A,N/A,N/A,N/A,unavailable,1102.0,N/A,N/A,10182.0,S18_3320,Hidden,86.31,1.0,N/A,N/A,N/A,N/A,None,unavailable,N/A,N/A,N/A,None,None,N/A,N/A,N/A,N/A,None,Hidden,N/A,N/A
orderdetails,0.0,N/A,N/A,N/A,N/A,N/A,N/A,N/A,N/A,unavailable,N/A,0.0,N/A,0.0,N/A,N/A,N/A,N/A,unavailable,1102.0,N/A,N/A,10182.0,S18_4409,Hidden,88.35,11.0,N/A,N/A,N/A,N/A,None,unavailable,N/A,N/A,N/A,None,None,N/A,N/A,N/A,N/A,None,Hidden,N/A,N/A
orderdetails,0.0,N/A,N/A,N/A,N/A,N/A,N/A,N/A,N/A,unavailable,N/A,0.0,N/A,0.0,N/A,N/A,N/A,N/A,unavailable,1102.0,N/A,N/A,10182.0,S18_4933,Hidden,61.29,12.0,N/A,N/A,N/A,N/A,None,unavailable,N/A,N/A,N/A,None,None,N/A,N/A,N/A,N/A,None,Hidden,N/A,N/A
orderdetails,0.0,N/A,N/A,N/A,N/A,N/A,N/A,N/A,N/A,unavailable,N/A,0.0,N/A,0.0,N/A,N/A,N/A,N/A,unavailable,1102.0,N/A,N/A,10182.0,S24_1046,Hidden,63.20,16.0,N/A,N/A,N/A,N/A,None,unavailable,N/A,N/A,N/A,None,None,N/A,N/A,N/A,N/A,None,Hidden,N/A,N/A
orderdetails,0.0,N/A,N/A,N/A,N/A,N/A,N/A,N/A,N/A,unavailable,N/A,0.0,N/A,0.0,N/A,N/A,N/A,N/A,unavailable,1102.0,N/A,N/A,10182.0,S24_1937,Hidden,31.86,6.0,N/A,N/A,N/A,N/A,None,unavailable,N/A,N/A,N/A,None,None,N/A,N/A,N/A,N/A,None,Hidden,N/A,N/A
orderdetails,0.0,N/A,N/A,N/A,N/A,N/A,N/A,N/A,N/A,unavailable,N/A,0.0,N/A,0.0,N/A,N/A,N/A,N/A,unavailable,1102.0,N/A,N/A,10182.0,S24_2022,Hidden,39.87,5.0,N/A,N/A,N/A,N/A,None,unavailable,N/A,N/A,N/A,None,None,N/A,N/A,N/A,N/A,None,Hidden,N/A,N/A
orderdetails,0.0,N/A,N/A,N/A,N/A,N/A,N/A,N/A,N/A,unavailable,N/A,0.0,N/A,0.0,N/A,N/A,N/A,N/A,unavailable,1102.0,N/A,N/A,10182.0,S24_2766,Hidden,87.24,14.0,N/A,N/A,N/A,N/A,None,unavailable,N/A,N/A,N/A,None,None,N/A,N/A,N/A,N/A,None,Hidden,N/A,N/A
orderdetails,0.0,N/A,N/A,N/A,N/A,N/A,N/A,N/A,N/A,unavailable,N/A,0.0,N/A,0.0,N/A,N/A,N/A,N/A,unavailable,1102.0,N/A,N/A,10182.0,S24_2887,Hidden,116.27,13.0,N/A,N/A,N/A,N/A,None,unavailable,N/A,N/A,N/A,None,None,N/A,N/A,N/A,N/A,None,Hidden,N/A,N/A
orderdetails,0.0,N/A,N/A,N/A,N/A,N/A,N/A,N/A,N/A,unavailable,N/A,0.0,N/A,0.0,N/A,N/A,N/A,N/A,unavailable,1102.0,N/A,N/A,10182.0,S24_3191,Hidden,73.62,15.0,N/A,N/A,N/A,N/A,None,unavailable,N/A,N/A,N/A,None,None,N/A,N/A,N/A,N/A,None,Hidden,N/A,N/A
orderdetails,0.0,N/A,N/A,N/A,N/A,N/A,N/A,N/A,N/A,unavailable,N/A,0.0,N/A,0.0,N/A,N/A,N/A,N/A,unavailable,1102.0,N/A,N/A,10182.0,S24_3432,Hidden,95.30,17.0,N/A,N/A,N/A,N/A,None,unavailable,N/A,N/A,N/A,None,None,N/A,N/A,N/A,N/A,None,Hidden,N/A,N/A
orderdetails,0.0,N/A,N/A,N/A,N/A,N/A,N/A,N/A,N/A,unavailable,N/A,0.0,N/A,0.0,N/A,N/A,N/A,N/A,unavailable,1102.0,N/A,N/A,10182.0,S24_3969,Hidden,34.88,8.0,N/A,N/A,N/A,N/A,None,unavailable,N/A,N/A,N/A,None,None,N/A,N/A,N/A,N/A,None,Hidden,N/A,N/A
orderdetails,0.0,N/A,N/A,N/A,N/A,N/A,N/A,N/A,N/A,unavailable,N/A,0.0,N/A,0.0,N/A,N/A,N/A,N/A,unavailable,1102.0,N/A,N/A,10183.0,S10_1949,Hidden,180.01,8.0,N/A,N/A,N/A,N/A,None,unavailable,N/A,N/A,N/A,None,None,N/A,N/A,N/A,N/A,None,Hidden,N/A,N/A
orderdetails,0.0,N/A,N/A,N/A,N/A,N/A,N/A,N/A,N/A,unavailable,N/A,0.0,N/A,0.0,N/A,N/A,N/A,N/A,unavailable,1102.0,N/A,N/A,10183.0,S10_4962,Hidden,127.06,1.0,N/A,N/A,N/A,N/A,None,unavailable,N/A,N/A,N/A,None,None,N/A,N/A,N/A,N/A,None,Hidden,N/A,N/A
orderdetails,0.0,N/A,N/A,N/A,N/A,N/A,N/A,N/A,N/A,unavailable,N/A,0.0,N/A,0.0,N/A,N/A,N/A,N/A,unavailable,1102.0,N/A,N/A,10183.0,S12_1666,Hidden,114.80,5.0,N/A,N/A,N/A,N/A,None,unavailable,N/A,N/A,N/A,None,None,N/A,N/A,N/A,N/A,None,Hidden,N/A,N/A
orderdetails,0.0,N/A,N/A,N/A,N/A,N/A,N/A,N/A,N/A,unavailable,N/A,0.0,N/A,0.0,N/A,N/A,N/A,N/A,unavailable,1102.0,N/A,N/A,10183.0,S18_1097,Hidden,108.50,7.0,N/A,N/A,N/A,N/A,None,unavailable,N/A,N/A,N/A,None,None,N/A,N/A,N/A,N/A,None,Hidden,N/A,N/A
orderdetails,0.0,N/A,N/A,N/A,N/A,N/A,N/A,N/A,N/A,unavailable,N/A,0.0,N/A,0.0,N/A,N/A,N/A,N/A,unavailable,1102.0,N/A,N/A,10183.0,S18_2949,Hidden,91.18,9.0,N/A,N/A,N/A,N/A,None,unavailable,N/A,N/A,N/A,None,None,N/A,N/A,N/A,N/A,None,Hidden,N/A,N/A
orderdetails,0.0,N/A,N/A,N/A,N/A,N/A,N/A,N/A,N/A,unavailable,N/A,0.0,N/A,0.0,N/A,N/A,N/A,N/A,unavailable,1102.0,N/A,N/A,10183.0,S18_2957,Hidden,51.22,11.0,N/A,N/A,N/A,N/A,None,unavailable,N/A,N/A,N/A,None,None,N/A,N/A,N/A,N/A,None,Hidden,N/A,N/A
orderdetails,0.0,N/A,N/A,N/A,N/A,N/A,N/A,N/A,N/A,unavailable,N/A,0.0,N/A,0.0,N/A,N/A,N/A,N/A,unavailable,1102.0,N/A,N/A,10183.0,S18_3136,Hidden,90.06,10.0,N/A,N/A,N/A,N/A,None,unavailable,N/A,N/A,N/A,None,None,N/A,N/A,N/A,N/A,None,Hidden,N/A,N/A
orderdetails,0.0,N/A,N/A,N/A,N/A,N/A,N/A,N/A,N/A,unavailable,N/A,0.0,N/A,0.0,N/A,N/A,N/A,N/A,unavailable,1102.0,N/A,N/A,10183.0,S18_4600,Hidden,118.66,2.0,N/A,N/A,N/A,N/A,None,unavailable,N/A,N/A,N/A,None,None,N/A,N/A,N/A,N/A,None,Hidden,N/A,N/A
orderdetails,0.0,N/A,N/A,N/A,N/A,N/A,N/A,N/A,N/A,unavailable,N/A,0.0,N/A,0.0,N/A,N/A,N/A,N/A,unavailable,1102.0,N/A,N/A,10183.0,S18_4668,Hidden,42.26,6.0,N/A,N/A,N/A,N/A,None,unavailable,N/A,N/A,N/A,None,None,N/A,N/A,N/A,N/A,None,Hidden,N/A,N/A
orderdetails,0.0,N/A,N/A,N/A,N/A,N/A,N/A,N/A,N/A,unavailable,N/A,0.0,N/A,0.0,N/A,N/A,N/A,N/A,unavailable,1102.0,N/A,N/A,10183.0,S24_4258,Hidden,81.81,12.0,N/A,N/A,N/A,N/A,None,unavailable,N/A,N/A,N/A,None,None,N/A,N/A,N/A,N/A,None,Hidden,N/A,N/A
orderdetails,0.0,N/A,N/A,N/A,N/A,N/A,N/A,N/A,N/A,unavailable,N/A,0.0,N/A,0.0,N/A,N/A,N/A,N/A,unavailable,1102.0,N/A,N/A,10183.0,S32_3522,Hidden,52.36,4.0,N/A,N/A,N/A,N/A,None,unavailable,N/A,N/A,N/A,None,None,N/A,N/A,N/A,N/A,None,Hidden,N/A,N/A
orderdetails,0.0,N/A,N/A,N/A,N/A,N/A,N/A,N/A,N/A,unavailable,N/A,0.0,N/A,0.0,N/A,N/A,N/A,N/A,unavailable,1102.0,N/A,N/A,10183.0,S700_2824,Hidden,85.98,3.0,N/A,N/A,N/A,N/A,None,unavailable,N/A,N/A,N/A,None,None,N/A,N/A,N/A,N/A,None,Hidden,N/A,N/A
orderdetails,0.0,N/A,N/A,N/A,N/A,N/A,N/A,N/A,N/A,unavailable,N/A,0.0,N/A,0.0,N/A,N/A,N/A,N/A,unavailable,1102.0,N/A,N/A,10184.0,S12_4473,Hidden,105.47,6.0,N/A,N/A,N/A,N/A,None,unavailable,N/A,N/A,N/A,None,None,N/A,N/A,N/A,N/A,None,Hidden,N/A,N/A
orderdetails,0.0,N/A,N/A,N/A,N/A,N/A,N/A,N/A,N/A,unavailable,N/A,0.0,N/A,0.0,N/A,N/A,N/A,N/A,unavailable,1102.0,N/A,N/A,10184.0,S18_2238,Hidden,145.72,5.0,N/A,N/A,N/A,N/A,None,unavailable,N/A,N/A,N/A,None,None,N/A,N/A,N/A,N/A,None,Hidden,N/A,N/A
orderdetails,0.0,N/A,N/A,N/A,N/A,N/A,N/A,N/A,N/A,unavailable,N/A,0.0,N/A,0.0,N/A,N/A,N/A,N/A,unavailable,1102.0,N/A,N/A,10184.0,S18_2319,Hidden,119.05,9.0,N/A,N/A,N/A,N/A,None,unavailable,N/A,N/A,N/A,None,None,N/A,N/A,N/A,N/A,None,Hidden,N/A,N/A
orderdetails,0.0,N/A,N/A,N/A,N/A,N/A,N/A,N/A,N/A,unavailable,N/A,0.0,N/A,0.0,N/A,N/A,N/A,N/A,unavailable,1102.0,N/A,N/A,10184.0,S18_2432,Hidden,60.77,12.0,N/A,N/A,N/A,N/A,None,unavailable,N/A,N/A,N/A,None,None,N/A,N/A,N/A,N/A,None,Hidden,N/A,N/A
orderdetails,0.0,N/A,N/A,N/A,N/A,N/A,N/A,N/A,N/A,unavailable,N/A,0.0,N/A,0.0,N/A,N/A,N/A,N/A,unavailable,1102.0,N/A,N/A,10184.0,S18_3232,Hidden,165.95,10.0,N/A,N/A,N/A,N/A,None,unavailable,N/A,N/A,N/A,None,None,N/A,N/A,N/A,N/A,None,Hidden,N/A,N/A
orderdetails,0.0,N/A,N/A,N/A,N/A,N/A,N/A,N/A,N/A,unavailable,N/A,0.0,N/A,0.0,N/A,N/A,N/A,N/A,unavailable,1102.0,N/A,N/A,10184.0,S24_1444,Hidden,57.22,3.0,N/A,N/A,N/A,N/A,None,unavailable,N/A,N/A,N/A,None,None,N/A,N/A,N/A,N/A,None,Hidden,N/A,N/A
orderdetails,0.0,N/A,N/A,N/A,N/A,N/A,N/A,N/A,N/A,unavailable,N/A,0.0,N/A,0.0,N/A,N/A,N/A,N/A,unavailable,1102.0,N/A,N/A,10184.0,S24_2300,Hidden,117.57,11.0,N/A,N/A,N/A,N/A,None,unavailable,N/A,N/A,N/A,None,None,N/A,N/A,N/A,N/A,None,Hidden,N/A,N/A
orderdetails,0.0,N/A,N/A,N/A,N/A,N/A,N/A,N/A,N/A,unavailable,N/A,0.0,N/A,0.0,N/A,N/A,N/A,N/A,unavailable,1102.0,N/A,N/A,10184.0,S24_2840,Hidden,30.06,7.0,N/A,N/A,N/A,N/A,None,unavailable,N/A,N/A,N/A,None,None,N/A,N/A,N/A,N/A,None,Hidden,N/A,N/A
orderdetails,0.0,N/A,N/A,N/A,N/A,N/A,N/A,N/A,N/A,unavailable,N/A,0.0,N/A,0.0,N/A,N/A,N/A,N/A,unavailable,1102.0,N/A,N/A,10184.0,S24_4048,Hidden,114.73,2.0,N/A,N/A,N/A,N/A,None,unavailable,N/A,N/A,N/A,None,None,N/A,N/A,N/A,N/A,None,Hidden,N/A,N/A
orderdetails,0.0,N/A,N/A,N/A,N/A,N/A,N/A,N/A,N/A,unavailable,N/A,0.0,N/A,0.0,N/A,N/A,N/A,N/A,unavailable,1102.0,N/A,N/A,10184.0,S32_1268,Hidden,84.75,13.0,N/A,N/A,N/A,N/A,None,unavailable,N/A,N/A,N/A,None,None,N/A,N/A,N/A,N/A,None,Hidden,N/A,N/A
orderdetails,0.0,N/A,N/A,N/A,N/A,N/A,N/A,N/A,N/A,unavailable,N/A,0.0,N/A,0.0,N/A,N/A,N/A,N/A,unavailable,1102.0,N/A,N/A,10184.0,S32_2509,Hidden,52.49,8.0,N/A,N/A,N/A,N/A,None,unavailable,N/A,N/A,N/A,None,None,N/A,N/A,N/A,N/A,None,Hidden,N/A,N/A
orderdetails,0.0,N/A,N/A,N/A,N/A,N/A,N/A,N/A,N/A,unavailable,N/A,0.0,N/A,0.0,N/A,N/A,N/A,N/A,unavailable,1102.0,N/A,N/A,10184.0,S32_3207,Hidden,59.03,1.0,N/A,N/A,N/A,N/A,None,unavailable,N/A,N/A,N/A,None,None,N/A,N/A,N/A,N/A,None,Hidden,N/A,N/A
orderdetails,0.0,N/A,N/A,N/A,N/A,N/A,N/A,N/A,N/A,unavailable,N/A,0.0,N/A,0.0,N/A,N/A,N/A,N/A,unavailable,1102.0,N/A,N/A,10184.0,S50_1392,Hidden,92.60,4.0,N/A,N/A,N/A,N/A,None,unavailable,N/A,N/A,N/A,None,None,N/A,N/A,N/A,N/A,None,Hidden,N/A,N/A
orderdetails,0.0,N/A,N/A,N/A,N/A,N/A,N/A,N/A,N/A,unavailable,N/A,0.0,N/A,0.0,N/A,N/A,N/A,N/A,unavailable,1102.0,N/A,N/A,10185.0,S12_1108,Hidden,195.33,13.0,N/A,N/A,N/A,N/A,None,unavailable,N/A,N/A,N/A,None,None,N/A,N/A,N/A,N/A,None,Hidden,N/A,N/A
orderdetails,0.0,N/A,N/A,N/A,N/A,N/A,N/A,N/A,N/A,unavailable,N/A,0.0,N/A,0.0,N/A,N/A,N/A,N/A,unavailable,1102.0,N/A,N/A,10185.0,S12_3148,Hidden,146.55,14.0,N/A,N/A,N/A,N/A,None,unavailable,N/A,N/A,N/A,None,None,N/A,N/A,N/A,N/A,None,Hidden,N/A,N/A
orderdetails,0.0,N/A,N/A,N/A,N/A,N/A,N/A,N/A,N/A,unavailable,N/A,0.0,N/A,0.0,N/A,N/A,N/A,N/A,unavailable,1102.0,N/A,N/A,10185.0,S12_3891,Hidden,147.07,12.0,N/A,N/A,N/A,N/A,None,unavailable,N/A,N/A,N/A,None,None,N/A,N/A,N/A,N/A,None,Hidden,N/A,N/A
orderdetails,0.0,N/A,N/A,N/A,N/A,N/A,N/A,N/A,N/A,unavailable,N/A,0.0,N/A,0.0,N/A,N/A,N/A,N/A,unavailable,1102.0,N/A,N/A,10185.0,S18_3140,Hidden,124.30,9.0,N/A,N/A,N/A,N/A,None,unavailable,N/A,N/A,N/A,None,None,N/A,N/A,N/A,N/A,None,Hidden,N/A,N/A
orderdetails,0.0,N/A,N/A,N/A,N/A,N/A,N/A,N/A,N/A,unavailable,N/A,0.0,N/A,0.0,N/A,N/A,N/A,N/A,unavailable,1102.0,N/A,N/A,10185.0,S18_3259,Hidden,94.79,11.0,N/A,N/A,N/A,N/A,None,unavailable,N/A,N/A,N/A,None,None,N/A,N/A,N/A,N/A,None,Hidden,N/A,N/A
orderdetails,0.0,N/A,N/A,N/A,N/A,N/A,N/A,N/A,N/A,unavailable,N/A,0.0,N/A,0.0,N/A,N/A,N/A,N/A,unavailable,1102.0,N/A,N/A,10185.0,S18_4027,Hidden,127.82,16.0,N/A,N/A,N/A,N/A,None,unavailable,N/A,N/A,N/A,None,None,N/A,N/A,N/A,N/A,None,Hidden,N/A,N/A
orderdetails,0.0,N/A,N/A,N/A,N/A,N/A,N/A,N/A,N/A,unavailable,N/A,0.0,N/A,0.0,N/A,N/A,N/A,N/A,unavailable,1102.0,N/A,N/A,10185.0,S18_4522,Hidden,87.77,8.0,N/A,N/A,N/A,N/A,None,unavailable,N/A,N/A,N/A,None,None,N/A,N/A,N/A,N/A,None,Hidden,N/A,N/A
orderdetails,0.0,N/A,N/A,N/A,N/A,N/A,N/A,N/A,N/A,unavailable,N/A,0.0,N/A,0.0,N/A,N/A,N/A,N/A,unavailable,1102.0,N/A,N/A,10185.0,S24_2011,Hidden,105.69,7.0,N/A,N/A,N/A,N/A,None,unavailable,N/A,N/A,N/A,None,None,N/A,N/A,N/A,N/A,None,Hidden,N/A,N/A
orderdetails,0.0,N/A,N/A,N/A,N/A,N/A,N/A,N/A,N/A,unavailable,N/A,0.0,N/A,0.0,N/A,N/A,N/A,N/A,unavailable,1102.0,N/A,N/A,10185.0,S24_3151,Hidden,83.20,2.0,N/A,N/A,N/A,N/A,None,unavailable,N/A,N/A,N/A,None,None,N/A,N/A,N/A,N/A,None,Hidden,N/A,N/A
orderdetails,0.0,N/A,N/A,N/A,N/A,N/A,N/A,N/A,N/A,unavailable,N/A,0.0,N/A,0.0,N/A,N/A,N/A,N/A,unavailable,1102.0,N/A,N/A,10185.0,S50_1514,Hidden,46.86,15.0,N/A,N/A,N/A,N/A,None,unavailable,N/A,N/A,N/A,None,None,N/A,N/A,N/A,N/A,None,Hidden,N/A,N/A
orderdetails,0.0,N/A,N/A,N/A,N/A,N/A,N/A,N/A,N/A,unavailable,N/A,0.0,N/A,0.0,N/A,N/A,N/A,N/A,unavailable,1102.0,N/A,N/A,10185.0,S700_1138,Hidden,64.67,3.0,N/A,N/A,N/A,N/A,None,unavailable,N/A,N/A,N/A,None,None,N/A,N/A,N/A,N/A,None,Hidden,N/A,N/A
orderdetails,0.0,N/A,N/A,N/A,N/A,N/A,N/A,N/A,N/A,unavailable,N/A,0.0,N/A,0.0,N/A,N/A,N/A,N/A,unavailable,1102.0,N/A,N/A,10185.0,S700_1938,Hidden,79.68,10.0,N/A,N/A,N/A,N/A,None,unavailable,N/A,N/A,N/A,None,None,N/A,N/A,N/A,N/A,None,Hidden,N/A,N/A
orderdetails,0.0,N/A,N/A,N/A,N/A,N/A,N/A,N/A,N/A,unavailable,N/A,0.0,N/A,0.0,N/A,N/A,N/A,N/A,unavailable,1102.0,N/A,N/A,10185.0,S700_2610,Hidden,61.44,1.0,N/A,N/A,N/A,N/A,None,unavailable,N/A,N/A,N/A,None,None,N/A,N/A,N/A,N/A,None,Hidden,N/A,N/A
orderdetails,0.0,N/A,N/A,N/A,N/A,N/A,N/A,N/A,N/A,unavailable,N/A,0.0,N/A,0.0,N/A,N/A,N/A,N/A,unavailable,1102.0,N/A,N/A,10185.0,S700_3505,Hidden,99.17,4.0,N/A,N/A,N/A,N/A,None,unavailable,N/A,N/A,N/A,None,None,N/A,N/A,N/A,N/A,None,Hidden,N/A,N/A
orderdetails,0.0,N/A,N/A,N/A,N/A,N/A,N/A,N/A,N/A,unavailable,N/A,0.0,N/A,0.0,N/A,N/A,N/A,N/A,unavailable,1102.0,N/A,N/A,10185.0,S700_3962,Hidden,93.35,5.0,N/A,N/A,N/A,N/A,None,unavailable,N/A,N/A,N/A,None,None,N/A,N/A,N/A,N/A,None,Hidden,N/A,N/A
orderdetails,0.0,N/A,N/A,N/A,N/A,N/A,N/A,N/A,N/A,unavailable,N/A,0.0,N/A,0.0,N/A,N/A,N/A,N/A,unavailable,1102.0,N/A,N/A,10185.0,S72_3212,Hidden,47.50,6.0,N/A,N/A,N/A,N/A,None,unavailable,N/A,N/A,N/A,None,None,N/A,N/A,N/A,N/A,None,Hidden,N/A,N/A
orderdetails,0.0,N/A,N/A,N/A,N/A,N/A,N/A,N/A,N/A,unavailable,N/A,0.0,N/A,0.0,N/A,N/A,N/A,N/A,unavailable,1102.0,N/A,N/A,10186.0,S10_4757,Hidden,108.80,9.0,N/A,N/A,N/A,N/A,None,unavailable,N/A,N/A,N/A,None,None,N/A,N/A,N/A,N/A,None,Hidden,N/A,N/A
orderdetails,0.0,N/A,N/A,N/A,N/A,N/A,N/A,N/A,N/A,unavailable,N/A,0.0,N/A,0.0,N/A,N/A,N/A,N/A,unavailable,1102.0,N/A,N/A,10186.0,S18_1662,Hidden,137.19,1.0,N/A,N/A,N/A,N/A,None,unavailable,N/A,N/A,N/A,None,None,N/A,N/A,N/A,N/A,None,Hidden,N/A,N/A
orderdetails,0.0,N/A,N/A,N/A,N/A,N/A,N/A,N/A,N/A,unavailable,N/A,0.0,N/A,0.0,N/A,N/A,N/A,N/A,unavailable,1102.0,N/A,N/A,10186.0,S18_3029,Hidden,73.12,7.0,N/A,N/A,N/A,N/A,None,unavailable,N/A,N/A,N/A,None,None,N/A,N/A,N/A,N/A,None,Hidden,N/A,N/A
orderdetails,0.0,N/A,N/A,N/A,N/A,N/A,N/A,N/A,N/A,unavailable,N/A,0.0,N/A,0.0,N/A,N/A,N/A,N/A,unavailable,1102.0,N/A,N/A,10186.0,S18_3856,Hidden,98.46,6.0,N/A,N/A,N/A,N/A,None,unavailable,N/A,N/A,N/A,None,None,N/A,N/A,N/A,N/A,None,Hidden,N/A,N/A
orderdetails,0.0,N/A,N/A,N/A,N/A,N/A,N/A,N/A,N/A,unavailable,N/A,0.0,N/A,0.0,N/A,N/A,N/A,N/A,unavailable,1102.0,N/A,N/A,10186.0,S24_2841,Hidden,60.29,2.0,N/A,N/A,N/A,N/A,None,unavailable,N/A,N/A,N/A,None,None,N/A,N/A,N/A,N/A,None,Hidden,N/A,N/A
orderdetails,0.0,N/A,N/A,N/A,N/A,N/A,N/A,N/A,N/A,unavailable,N/A,0.0,N/A,0.0,N/A,N/A,N/A,N/A,unavailable,1102.0,N/A,N/A,10186.0,S24_3420,Hidden,59.83,3.0,N/A,N/A,N/A,N/A,None,unavailable,N/A,N/A,N/A,None,None,N/A,N/A,N/A,N/A,None,Hidden,N/A,N/A
orderdetails,0.0,N/A,N/A,N/A,N/A,N/A,N/A,N/A,N/A,unavailable,N/A,0.0,N/A,0.0,N/A,N/A,N/A,N/A,unavailable,1102.0,N/A,N/A,10186.0,S24_3816,Hidden,68.77,8.0,N/A,N/A,N/A,N/A,None,unavailable,N/A,N/A,N/A,None,None,N/A,N/A,N/A,N/A,None,Hidden,N/A,N/A
orderdetails,0.0,N/A,N/A,N/A,N/A,N/A,N/A,N/A,N/A,unavailable,N/A,0.0,N/A,0.0,N/A,N/A,N/A,N/A,unavailable,1102.0,N/A,N/A,10186.0,S700_2047,Hidden,80.56,5.0,N/A,N/A,N/A,N/A,None,unavailable,N/A,N/A,N/A,None,None,N/A,N/A,N/A,N/A,None,Hidden,N/A,N/A
orderdetails,0.0,N/A,N/A,N/A,N/A,N/A,N/A,N/A,N/A,unavailable,N/A,0.0,N/A,0.0,N/A,N/A,N/A,N/A,unavailable,1102.0,N/A,N/A,10186.0,S72_1253,Hidden,42.71,4.0,N/A,N/A,N/A,N/A,None,unavailable,N/A,N/A,N/A,None,None,N/A,N/A,N/A,N/A,None,Hidden,N/A,N/A
orderdetails,0.0,N/A,N/A,N/A,N/A,N/A,N/A,N/A,N/A,unavailable,N/A,0.0,N/A,0.0,N/A,N/A,N/A,N/A,unavailable,1102.0,N/A,N/A,10187.0,S18_2581,Hidden,70.12,1.0,N/A,N/A,N/A,N/A,None,unavailable,N/A,N/A,N/A,None,None,N/A,N/A,N/A,N/A,None,Hidden,N/A,N/A
orderdetails,0.0,N/A,N/A,N/A,N/A,N/A,N/A,N/A,N/A,unavailable,N/A,0.0,N/A,0.0,N/A,N/A,N/A,N/A,unavailable,1102.0,N/A,N/A,10187.0,S24_1785,Hidden,96.29,3.0,N/A,N/A,N/A,N/A,None,unavailable,N/A,N/A,N/A,None,None,N/A,N/A,N/A,N/A,None,Hidden,N/A,N/A
orderdetails,0.0,N/A,N/A,N/A,N/A,N/A,N/A,N/A,N/A,unavailable,N/A,0.0,N/A,0.0,N/A,N/A,N/A,N/A,unavailable,1102.0,N/A,N/A,10187.0,S24_3949,Hidden,55.96,10.0,N/A,N/A,N/A,N/A,None,unavailable,N/A,N/A,N/A,None,None,N/A,N/A,N/A,N/A,None,Hidden,N/A,N/A
orderdetails,0.0,N/A,N/A,N/A,N/A,N/A,N/A,N/A,N/A,unavailable,N/A,0.0,N/A,0.0,N/A,N/A,N/A,N/A,unavailable,1102.0,N/A,N/A,10187.0,S24_4278,Hidden,64.48,2.0,N/A,N/A,N/A,N/A,None,unavailable,N/A,N/A,N/A,None,None,N/A,N/A,N/A,N/A,None,Hidden,N/A,N/A
orderdetails,0.0,N/A,N/A,N/A,N/A,N/A,N/A,N/A,N/A,unavailable,N/A,0.0,N/A,0.0,N/A,N/A,N/A,N/A,unavailable,1102.0,N/A,N/A,10187.0,S32_4289,Hidden,61.22,4.0,N/A,N/A,N/A,N/A,None,unavailable,N/A,N/A,N/A,None,None,N/A,N/A,N/A,N/A,None,Hidden,N/A,N/A
orderdetails,0.0,N/A,N/A,N/A,N/A,N/A,N/A,N/A,N/A,unavailable,N/A,0.0,N/A,0.0,N/A,N/A,N/A,N/A,unavailable,1102.0,N/A,N/A,10187.0,S50_1341,Hidden,39.71,5.0,N/A,N/A,N/A,N/A,None,unavailable,N/A,N/A,N/A,None,None,N/A,N/A,N/A,N/A,None,Hidden,N/A,N/A
orderdetails,0.0,N/A,N/A,N/A,N/A,N/A,N/A,N/A,N/A,unavailable,N/A,0.0,N/A,0.0,N/A,N/A,N/A,N/A,unavailable,1102.0,N/A,N/A,10187.0,S700_1691,Hidden,84.95,6.0,N/A,N/A,N/A,N/A,None,unavailable,N/A,N/A,N/A,None,None,N/A,N/A,N/A,N/A,None,Hidden,N/A,N/A
orderdetails,0.0,N/A,N/A,N/A,N/A,N/A,N/A,N/A,N/A,unavailable,N/A,0.0,N/A,0.0,N/A,N/A,N/A,N/A,unavailable,1102.0,N/A,N/A,10187.0,S700_2466,Hidden,95.73,8.0,N/A,N/A,N/A,N/A,None,unavailable,N/A,N/A,N/A,None,None,N/A,N/A,N/A,N/A,None,Hidden,N/A,N/A
orderdetails,0.0,N/A,N/A,N/A,N/A,N/A,N/A,N/A,N/A,unavailable,N/A,0.0,N/A,0.0,N/A,N/A,N/A,N/A,unavailable,1102.0,N/A,N/A,10187.0,S700_3167,Hidden,72.00,7.0,N/A,N/A,N/A,N/A,None,unavailable,N/A,N/A,N/A,None,None,N/A,N/A,N/A,N/A,None,Hidden,N/A,N/A
orderdetails,0.0,N/A,N/A,N/A,N/A,N/A,N/A,N/A,N/A,unavailable,N/A,0.0,N/A,0.0,N/A,N/A,N/A,N/A,unavailable,1102.0,N/A,N/A,10187.0,S700_4002,Hidden,70.33,9.0,N/A,N/A,N/A,N/A,None,unavailable,N/A,N/A,N/A,None,None,N/A,N/A,N/A,N/A,None,Hidden,N/A,N/A
orderdetails,0.0,N/A,N/A,N/A,N/A,N/A,N/A,N/A,N/A,unavailable,N/A,0.0,N/A,0.0,N/A,N/A,N/A,N/A,unavailable,1102.0,N/A,N/A,10188.0,S10_1678,Hidden,95.70,1.0,N/A,N/A,N/A,N/A,None,unavailable,N/A,N/A,N/A,None,None,N/A,N/A,N/A,N/A,None,Hidden,N/A,N/A
orderdetails,0.0,N/A,N/A,N/A,N/A,N/A,N/A,N/A,N/A,unavailable,N/A,0.0,N/A,0.0,N/A,N/A,N/A,N/A,unavailable,1102.0,N/A,N/A,10188.0,S10_2016,Hidden,111.80,4.0,N/A,N/A,N/A,N/A,None,unavailable,N/A,N/A,N/A,None,None,N/A,N/A,N/A,N/A,None,Hidden,N/A,N/A
orderdetails,0.0,N/A,N/A,N/A,N/A,N/A,N/A,N/A,N/A,unavailable,N/A,0.0,N/A,0.0,N/A,N/A,N/A,N/A,unavailable,1102.0,N/A,N/A,10188.0,S10_4698,Hidden,182.04,3.0,N/A,N/A,N/A,N/A,None,unavailable,N/A,N/A,N/A,None,None,N/A,N/A,N/A,N/A,None,Hidden,N/A,N/A
orderdetails,0.0,N/A,N/A,N/A,N/A,N/A,N/A,N/A,N/A,unavailable,N/A,0.0,N/A,0.0,N/A,N/A,N/A,N/A,unavailable,1102.0,N/A,N/A,10188.0,S18_2625,Hidden,52.09,5.0,N/A,N/A,N/A,N/A,None,unavailable,N/A,N/A,N/A,None,None,N/A,N/A,N/A,N/A,None,Hidden,N/A,N/A
orderdetails,0.0,N/A,N/A,N/A,N/A,N/A,N/A,N/A,N/A,unavailable,N/A,0.0,N/A,0.0,N/A,N/A,N/A,N/A,unavailable,1102.0,N/A,N/A,10188.0,S24_1578,Hidden,95.80,2.0,N/A,N/A,N/A,N/A,None,unavailable,N/A,N/A,N/A,None,None,N/A,N/A,N/A,N/A,None,Hidden,N/A,N/A
orderdetails,0.0,N/A,N/A,N/A,N/A,N/A,N/A,N/A,N/A,unavailable,N/A,0.0,N/A,0.0,N/A,N/A,N/A,N/A,unavailable,1102.0,N/A,N/A,10188.0,S24_2000,Hidden,61.70,6.0,N/A,N/A,N/A,N/A,None,unavailable,N/A,N/A,N/A,None,None,N/A,N/A,N/A,N/A,None,Hidden,N/A,N/A
orderdetails,0.0,N/A,N/A,N/A,N/A,N/A,N/A,N/A,N/A,unavailable,N/A,0.0,N/A,0.0,N/A,N/A,N/A,N/A,unavailable,1102.0,N/A,N/A,10188.0,S32_1374,Hidden,81.91,7.0,N/A,N/A,N/A,N/A,None,unavailable,N/A,N/A,N/A,None,None,N/A,N/A,N/A,N/A,None,Hidden,N/A,N/A
orderdetails,0.0,N/A,N/A,N/A,N/A,N/A,N/A,N/A,N/A,unavailable,N/A,0.0,N/A,0.0,N/A,N/A,N/A,N/A,unavailable,1102.0,N/A,N/A,10188.0,S700_2834,Hidden,96.11,8.0,N/A,N/A,N/A,N/A,None,unavailable,N/A,N/A,N/A,None,None,N/A,N/A,N/A,N/A,None,Hidden,N/A,N/A
orderdetails,0.0,N/A,N/A,N/A,N/A,N/A,N/A,N/A,N/A,unavailable,N/A,0.0,N/A,0.0,N/A,N/A,N/A,N/A,unavailable,1102.0,N/A,N/A,10189.0,S12_2823,Hidden,138.57,1.0,N/A,N/A,N/A,N/A,None,unavailable,N/A,N/A,N/A,None,None,N/A,N/A,N/A,N/A,None,Hidden,N/A,N/A
orderdetails,0.0,N/A,N/A,N/A,N/A,N/A,N/A,N/A,N/A,unavailable,N/A,0.0,N/A,0.0,N/A,N/A,N/A,N/A,unavailable,1102.0,N/A,N/A,10190.0,S24_2360,Hidden,58.87,3.0,N/A,N/A,N/A,N/A,None,unavailable,N/A,N/A,N/A,None,None,N/A,N/A,N/A,N/A,None,Hidden,N/A,N/A
orderdetails,0.0,N/A,N/A,N/A,N/A,N/A,N/A,N/A,N/A,unavailable,N/A,0.0,N/A,0.0,N/A,N/A,N/A,N/A,unavailable,1102.0,N/A,N/A,10190.0,S32_2206,Hidden,38.62,1.0,N/A,N/A,N/A,N/A,None,unavailable,N/A,N/A,N/A,None,None,N/A,N/A,N/A,N/A,None,Hidden,N/A,N/A
orderdetails,0.0,N/A,N/A,N/A,N/A,N/A,N/A,N/A,N/A,unavailable,N/A,0.0,N/A,0.0,N/A,N/A,N/A,N/A,unavailable,1102.0,N/A,N/A,10190.0,S32_4485,Hidden,89.80,4.0,N/A,N/A,N/A,N/A,None,unavailable,N/A,N/A,N/A,None,None,N/A,N/A,N/A,N/A,None,Hidden,N/A,N/A
orderdetails,0.0,N/A,N/A,N/A,N/A,N/A,N/A,N/A,N/A,unavailable,N/A,0.0,N/A,0.0,N/A,N/A,N/A,N/A,unavailable,1102.0,N/A,N/A,10190.0,S50_4713,Hidden,67.53,2.0,N/A,N/A,N/A,N/A,None,unavailable,N/A,N/A,N/A,None,None,N/A,N/A,N/A,N/A,None,Hidden,N/A,N/A
orderdetails,0.0,N/A,N/A,N/A,N/A,N/A,N/A,N/A,N/A,unavailable,N/A,0.0,N/A,0.0,N/A,N/A,N/A,N/A,unavailable,1102.0,N/A,N/A,10191.0,S12_1099,Hidden,155.66,3.0,N/A,N/A,N/A,N/A,None,unavailable,N/A,N/A,N/A,None,None,N/A,N/A,N/A,N/A,None,Hidden,N/A,N/A
orderdetails,0.0,N/A,N/A,N/A,N/A,N/A,N/A,N/A,N/A,unavailable,N/A,0.0,N/A,0.0,N/A,N/A,N/A,N/A,unavailable,1102.0,N/A,N/A,10191.0,S12_3380,Hidden,104.52,1.0,N/A,N/A,N/A,N/A,None,unavailable,N/A,N/A,N/A,None,None,N/A,N/A,N/A,N/A,None,Hidden,N/A,N/A
orderdetails,0.0,N/A,N/A,N/A,N/A,N/A,N/A,N/A,N/A,unavailable,N/A,0.0,N/A,0.0,N/A,N/A,N/A,N/A,unavailable,1102.0,N/A,N/A,10191.0,S12_3990,Hidden,70.22,4.0,N/A,N/A,N/A,N/A,None,unavailable,N/A,N/A,N/A,None,None,N/A,N/A,N/A,N/A,None,Hidden,N/A,N/A
orderdetails,0.0,N/A,N/A,N/A,N/A,N/A,N/A,N/A,N/A,unavailable,N/A,0.0,N/A,0.0,N/A,N/A,N/A,N/A,unavailable,1102.0,N/A,N/A,10191.0,S18_3278,Hidden,75.59,6.0,N/A,N/A,N/A,N/A,None,unavailable,N/A,N/A,N/A,None,None,N/A,N/A,N/A,N/A,None,Hidden,N/A,N/A
orderdetails,0.0,N/A,N/A,N/A,N/A,N/A,N/A,N/A,N/A,unavailable,N/A,0.0,N/A,0.0,N/A,N/A,N/A,N/A,unavailable,1102.0,N/A,N/A,10191.0,S18_3482,Hidden,119.06,5.0,N/A,N/A,N/A,N/A,None,unavailable,N/A,N/A,N/A,None,None,N/A,N/A,N/A,N/A,None,Hidden,N/A,N/A
orderdetails,0.0,N/A,N/A,N/A,N/A,N/A,N/A,N/A,N/A,unavailable,N/A,0.0,N/A,0.0,N/A,N/A,N/A,N/A,unavailable,1102.0,N/A,N/A,10191.0,S18_3782,Hidden,60.93,9.0,N/A,N/A,N/A,N/A,None,unavailable,N/A,N/A,N/A,None,None,N/A,N/A,N/A,N/A,None,Hidden,N/A,N/A
orderdetails,0.0,N/A,N/A,N/A,N/A,N/A,N/A,N/A,N/A,unavailable,N/A,0.0,N/A,0.0,N/A,N/A,N/A,N/A,unavailable,1102.0,N/A,N/A,10191.0,S18_4721,Hidden,136.90,8.0,N/A,N/A,N/A,N/A,None,unavailable,N/A,N/A,N/A,None,None,N/A,N/A,N/A,N/A,None,Hidden,N/A,N/A
orderdetails,0.0,N/A,N/A,N/A,N/A,N/A,N/A,N/A,N/A,unavailable,N/A,0.0,N/A,0.0,N/A,N/A,N/A,N/A,unavailable,1102.0,N/A,N/A,10191.0,S24_3371,Hidden,53.27,2.0,N/A,N/A,N/A,N/A,None,unavailable,N/A,N/A,N/A,None,None,N/A,N/A,N/A,N/A,None,Hidden,N/A,N/A
orderdetails,0.0,N/A,N/A,N/A,N/A,N/A,N/A,N/A,N/A,unavailable,N/A,0.0,N/A,0.0,N/A,N/A,N/A,N/A,unavailable,1102.0,N/A,N/A,10191.0,S24_4620,Hidden,77.61,7.0,N/A,N/A,N/A,N/A,None,unavailable,N/A,N/A,N/A,None,None,N/A,N/A,N/A,N/A,None,Hidden,N/A,N/A
orderdetails,0.0,N/A,N/A,N/A,N/A,N/A,N/A,N/A,N/A,unavailable,N/A,0.0,N/A,0.0,N/A,N/A,N/A,N/A,unavailable,1102.0,N/A,N/A,10192.0,S12_4675,Hidden,99.04,16.0,N/A,N/A,N/A,N/A,None,unavailable,N/A,N/A,N/A,None,None,N/A,N/A,N/A,N/A,None,Hidden,N/A,N/A
orderdetails,0.0,N/A,N/A,N/A,N/A,N/A,N/A,N/A,N/A,unavailable,N/A,0.0,N/A,0.0,N/A,N/A,N/A,N/A,unavailable,1102.0,N/A,N/A,10192.0,S18_1129,Hidden,140.12,11.0,N/A,N/A,N/A,N/A,None,unavailable,N/A,N/A,N/A,None,None,N/A,N/A,N/A,N/A,None,Hidden,N/A,N/A
orderdetails,0.0,N/A,N/A,N/A,N/A,N/A,N/A,N/A,N/A,unavailable,N/A,0.0,N/A,0.0,N/A,N/A,N/A,N/A,unavailable,1102.0,N/A,N/A,10192.0,S18_1589,Hidden,100.80,7.0,N/A,N/A,N/A,N/A,None,unavailable,N/A,N/A,N/A,None,None,N/A,N/A,N/A,N/A,None,Hidden,N/A,N/A
orderdetails,0.0,N/A,N/A,N/A,N/A,N/A,N/A,N/A,N/A,unavailable,N/A,0.0,N/A,0.0,N/A,N/A,N/A,N/A,unavailable,1102.0,N/A,N/A,10192.0,S18_1889,Hidden,70.84,15.0,N/A,N/A,N/A,N/A,None,unavailable,N/A,N/A,N/A,None,None,N/A,N/A,N/A,N/A,None,Hidden,N/A,N/A
orderdetails,0.0,N/A,N/A,N/A,N/A,N/A,N/A,N/A,N/A,unavailable,N/A,0.0,N/A,0.0,N/A,N/A,N/A,N/A,unavailable,1102.0,N/A,N/A,10192.0,S18_1984,Hidden,128.03,10.0,N/A,N/A,N/A,N/A,None,unavailable,N/A,N/A,N/A,None,None,N/A,N/A,N/A,N/A,None,Hidden,N/A,N/A
orderdetails,0.0,N/A,N/A,N/A,N/A,N/A,N/A,N/A,N/A,unavailable,N/A,0.0,N/A,0.0,N/A,N/A,N/A,N/A,unavailable,1102.0,N/A,N/A,10192.0,S18_2870,Hidden,110.88,8.0,N/A,N/A,N/A,N/A,None,unavailable,N/A,N/A,N/A,None,None,N/A,N/A,N/A,N/A,None,Hidden,N/A,N/A
orderdetails,0.0,N/A,N/A,N/A,N/A,N/A,N/A,N/A,N/A,unavailable,N/A,0.0,N/A,0.0,N/A,N/A,N/A,N/A,unavailable,1102.0,N/A,N/A,10192.0,S18_3232,Hidden,137.17,12.0,N/A,N/A,N/A,N/A,None,unavailable,N/A,N/A,N/A,None,None,N/A,N/A,N/A,N/A,None,Hidden,N/A,N/A
orderdetails,0.0,N/A,N/A,N/A,N/A,N/A,N/A,N/A,N/A,unavailable,N/A,0.0,N/A,0.0,N/A,N/A,N/A,N/A,unavailable,1102.0,N/A,N/A,10192.0,S18_3685,Hidden,125.74,9.0,N/A,N/A,N/A,N/A,None,unavailable,N/A,N/A,N/A,None,None,N/A,N/A,N/A,N/A,None,Hidden,N/A,N/A
orderdetails,0.0,N/A,N/A,N/A,N/A,N/A,N/A,N/A,N/A,unavailable,N/A,0.0,N/A,0.0,N/A,N/A,N/A,N/A,unavailable,1102.0,N/A,N/A,10192.0,S24_1046,Hidden,72.02,4.0,N/A,N/A,N/A,N/A,None,unavailable,N/A,N/A,N/A,None,None,N/A,N/A,N/A,N/A,None,Hidden,N/A,N/A
orderdetails,0.0,N/A,N/A,N/A,N/A,N/A,N/A,N/A,N/A,unavailable,N/A,0.0,N/A,0.0,N/A,N/A,N/A,N/A,unavailable,1102.0,N/A,N/A,10192.0,S24_1628,Hidden,49.30,6.0,N/A,N/A,N/A,N/A,None,unavailable,N/A,N/A,N/A,None,None,N/A,N/A,N/A,N/A,None,Hidden,N/A,N/A
orderdetails,0.0,N/A,N/A,N/A,N/A,N/A,N/A,N/A,N/A,unavailable,N/A,0.0,N/A,0.0,N/A,N/A,N/A,N/A,unavailable,1102.0,N/A,N/A,10192.0,S24_2766,Hidden,86.33,2.0,N/A,N/A,N/A,N/A,None,unavailable,N/A,N/A,N/A,None,None,N/A,N/A,N/A,N/A,None,Hidden,N/A,N/A
orderdetails,0.0,N/A,N/A,N/A,N/A,N/A,N/A,N/A,N/A,unavailable,N/A,0.0,N/A,0.0,N/A,N/A,N/A,N/A,unavailable,1102.0,N/A,N/A,10192.0,S24_2887,Hidden,112.74,1.0,N/A,N/A,N/A,N/A,None,unavailable,N/A,N/A,N/A,None,None,N/A,N/A,N/A,N/A,None,Hidden,N/A,N/A
orderdetails,0.0,N/A,N/A,N/A,N/A,N/A,N/A,N/A,N/A,unavailable,N/A,0.0,N/A,0.0,N/A,N/A,N/A,N/A,unavailable,1102.0,N/A,N/A,10192.0,S24_2972,Hidden,33.23,13.0,N/A,N/A,N/A,N/A,None,unavailable,N/A,N/A,N/A,None,None,N/A,N/A,N/A,N/A,None,Hidden,N/A,N/A
orderdetails,0.0,N/A,N/A,N/A,N/A,N/A,N/A,N/A,N/A,unavailable,N/A,0.0,N/A,0.0,N/A,N/A,N/A,N/A,unavailable,1102.0,N/A,N/A,10192.0,S24_3191,Hidden,69.34,3.0,N/A,N/A,N/A,N/A,None,unavailable,N/A,N/A,N/A,None,None,N/A,N/A,N/A,N/A,None,Hidden,N/A,N/A
orderdetails,0.0,N/A,N/A,N/A,N/A,N/A,N/A,N/A,N/A,unavailable,N/A,0.0,N/A,0.0,N/A,N/A,N/A,N/A,unavailable,1102.0,N/A,N/A,10192.0,S24_3432,Hidden,93.16,5.0,N/A,N/A,N/A,N/A,None,unavailable,N/A,N/A,N/A,None,None,N/A,N/A,N/A,N/A,None,Hidden,N/A,N/A
orderdetails,0.0,N/A,N/A,N/A,N/A,N/A,N/A,N/A,N/A,unavailable,N/A,0.0,N/A,0.0,N/A,N/A,N/A,N/A,unavailable,1102.0,N/A,N/A,10192.0,S24_3856,Hidden,112.34,14.0,N/A,N/A,N/A,N/A,None,unavailable,N/A,N/A,N/A,None,None,N/A,N/A,N/A,N/A,None,Hidden,N/A,N/A
orderdetails,0.0,N/A,N/A,N/A,N/A,N/A,N/A,N/A,N/A,unavailable,N/A,0.0,N/A,0.0,N/A,N/A,N/A,N/A,unavailable,1102.0,N/A,N/A,10193.0,S18_1342,Hidden,92.47,7.0,N/A,N/A,N/A,N/A,None,unavailable,N/A,N/A,N/A,None,None,N/A,N/A,N/A,N/A,None,Hidden,N/A,N/A
orderdetails,0.0,N/A,N/A,N/A,N/A,N/A,N/A,N/A,N/A,unavailable,N/A,0.0,N/A,0.0,N/A,N/A,N/A,N/A,unavailable,1102.0,N/A,N/A,10193.0,S18_1367,Hidden,46.36,6.0,N/A,N/A,N/A,N/A,None,unavailable,N/A,N/A,N/A,None,None,N/A,N/A,N/A,N/A,None,Hidden,N/A,N/A
orderdetails,0.0,N/A,N/A,N/A,N/A,N/A,N/A,N/A,N/A,unavailable,N/A,0.0,N/A,0.0,N/A,N/A,N/A,N/A,unavailable,1102.0,N/A,N/A,10193.0,S18_1749,Hidden,153.00,14.0,N/A,N/A,N/A,N/A,None,unavailable,N/A,N/A,N/A,None,None,N/A,N/A,N/A,N/A,None,Hidden,N/A,N/A
orderdetails,0.0,N/A,N/A,N/A,N/A,N/A,N/A,N/A,N/A,unavailable,N/A,0.0,N/A,0.0,N/A,N/A,N/A,N/A,unavailable,1102.0,N/A,N/A,10193.0,S18_2248,Hidden,60.54,13.0,N/A,N/A,N/A,N/A,None,unavailable,N/A,N/A,N/A,None,None,N/A,N/A,N/A,N/A,None,Hidden,N/A,N/A
orderdetails,0.0,N/A,N/A,N/A,N/A,N/A,N/A,N/A,N/A,unavailable,N/A,0.0,N/A,0.0,N/A,N/A,N/A,N/A,unavailable,1102.0,N/A,N/A,10193.0,S18_2325,Hidden,115.69,11.0,N/A,N/A,N/A,N/A,None,unavailable,N/A,N/A,N/A,None,None,N/A,N/A,N/A,N/A,None,Hidden,N/A,N/A
orderdetails,0.0,N/A,N/A,N/A,N/A,N/A,N/A,N/A,N/A,unavailable,N/A,0.0,N/A,0.0,N/A,N/A,N/A,N/A,unavailable,1102.0,N/A,N/A,10193.0,S18_2795,Hidden,143.44,8.0,N/A,N/A,N/A,N/A,None,unavailable,N/A,N/A,N/A,None,None,N/A,N/A,N/A,N/A,None,Hidden,N/A,N/A
orderdetails,0.0,N/A,N/A,N/A,N/A,N/A,N/A,N/A,N/A,unavailable,N/A,0.0,N/A,0.0,N/A,N/A,N/A,N/A,unavailable,1102.0,N/A,N/A,10193.0,S18_2949,Hidden,87.13,1.0,N/A,N/A,N/A,N/A,None,unavailable,N/A,N/A,N/A,None,None,N/A,N/A,N/A,N/A,None,Hidden,N/A,N/A
orderdetails,0.0,N/A,N/A,N/A,N/A,N/A,N/A,N/A,N/A,unavailable,N/A,0.0,N/A,0.0,N/A,N/A,N/A,N/A,unavailable,1102.0,N/A,N/A,10193.0,S18_2957,Hidden,53.09,3.0,N/A,N/A,N/A,N/A,None,unavailable,N/A,N/A,N/A,None,None,N/A,N/A,N/A,N/A,None,Hidden,N/A,N/A
orderdetails,0.0,N/A,N/A,N/A,N/A,N/A,N/A,N/A,N/A,unavailable,N/A,0.0,N/A,0.0,N/A,N/A,N/A,N/A,unavailable,1102.0,N/A,N/A,10193.0,S18_3136,Hidden,97.39,2.0,N/A,N/A,N/A,N/A,None,unavailable,N/A,N/A,N/A,None,None,N/A,N/A,N/A,N/A,None,Hidden,N/A,N/A
orderdetails,0.0,N/A,N/A,N/A,N/A,N/A,N/A,N/A,N/A,unavailable,N/A,0.0,N/A,0.0,N/A,N/A,N/A,N/A,unavailable,1102.0,N/A,N/A,10193.0,S18_3320,Hidden,79.37,5.0,N/A,N/A,N/A,N/A,None,unavailable,N/A,N/A,N/A,None,None,N/A,N/A,N/A,N/A,None,Hidden,N/A,N/A
orderdetails,0.0,N/A,N/A,N/A,N/A,N/A,N/A,N/A,N/A,unavailable,N/A,0.0,N/A,0.0,N/A,N/A,N/A,N/A,unavailable,1102.0,N/A,N/A,10193.0,S18_4409,Hidden,92.03,15.0,N/A,N/A,N/A,N/A,None,unavailable,N/A,N/A,N/A,None,None,N/A,N/A,N/A,N/A,None,Hidden,N/A,N/A
orderdetails,0.0,N/A,N/A,N/A,N/A,N/A,N/A,N/A,N/A,unavailable,N/A,0.0,N/A,0.0,N/A,N/A,N/A,N/A,unavailable,1102.0,N/A,N/A,10193.0,S18_4933,Hidden,66.28,16.0,N/A,N/A,N/A,N/A,None,unavailable,N/A,N/A,N/A,None,None,N/A,N/A,N/A,N/A,None,Hidden,N/A,N/A
orderdetails,0.0,N/A,N/A,N/A,N/A,N/A,N/A,N/A,N/A,unavailable,N/A,0.0,N/A,0.0,N/A,N/A,N/A,N/A,unavailable,1102.0,N/A,N/A,10193.0,S24_1937,Hidden,32.19,10.0,N/A,N/A,N/A,N/A,None,unavailable,N/A,N/A,N/A,None,None,N/A,N/A,N/A,N/A,None,Hidden,N/A,N/A
orderdetails,0.0,N/A,N/A,N/A,N/A,N/A,N/A,N/A,N/A,unavailable,N/A,0.0,N/A,0.0,N/A,N/A,N/A,N/A,unavailable,1102.0,N/A,N/A,10193.0,S24_2022,Hidden,44.80,9.0,N/A,N/A,N/A,N/A,None,unavailable,N/A,N/A,N/A,None,None,N/A,N/A,N/A,N/A,None,Hidden,N/A,N/A
orderdetails,0.0,N/A,N/A,N/A,N/A,N/A,N/A,N/A,N/A,unavailable,N/A,0.0,N/A,0.0,N/A,N/A,N/A,N/A,unavailable,1102.0,N/A,N/A,10193.0,S24_3969,Hidden,38.16,12.0,N/A,N/A,N/A,N/A,None,unavailable,N/A,N/A,N/A,None,None,N/A,N/A,N/A,N/A,None,Hidden,N/A,N/A
orderdetails,0.0,N/A,N/A,N/A,N/A,N/A,N/A,N/A,N/A,unavailable,N/A,0.0,N/A,0.0,N/A,N/A,N/A,N/A,unavailable,1102.0,N/A,N/A,10193.0,S24_4258,Hidden,92.52,4.0,N/A,N/A,N/A,N/A,None,unavailable,N/A,N/A,N/A,None,None,N/A,N/A,N/A,N/A,None,Hidden,N/A,N/A
orderdetails,0.0,N/A,N/A,N/A,N/A,N/A,N/A,N/A,N/A,unavailable,N/A,0.0,N/A,0.0,N/A,N/A,N/A,N/A,unavailable,1102.0,N/A,N/A,10194.0,S10_1949,Hidden,203.59,11.0,N/A,N/A,N/A,N/A,None,unavailable,N/A,N/A,N/A,None,None,N/A,N/A,N/A,N/A,None,Hidden,N/A,N/A
orderdetails,0.0,N/A,N/A,N/A,N/A,N/A,N/A,N/A,N/A,unavailable,N/A,0.0,N/A,0.0,N/A,N/A,N/A,N/A,unavailable,1102.0,N/A,N/A,10194.0,S10_4962,Hidden,134.44,4.0,N/A,N/A,N/A,N/A,None,unavailable,N/A,N/A,N/A,None,None,N/A,N/A,N/A,N/A,None,Hidden,N/A,N/A
orderdetails,0.0,N/A,N/A,N/A,N/A,N/A,N/A,N/A,N/A,unavailable,N/A,0.0,N/A,0.0,N/A,N/A,N/A,N/A,unavailable,1102.0,N/A,N/A,10194.0,S12_1666,Hidden,124.37,8.0,N/A,N/A,N/A,N/A,None,unavailable,N/A,N/A,N/A,None,None,N/A,N/A,N/A,N/A,None,Hidden,N/A,N/A
orderdetails,0.0,N/A,N/A,N/A,N/A,N/A,N/A,N/A,N/A,unavailable,N/A,0.0,N/A,0.0,N/A,N/A,N/A,N/A,unavailable,1102.0,N/A,N/A,10194.0,S18_1097,Hidden,103.84,10.0,N/A,N/A,N/A,N/A,None,unavailable,N/A,N/A,N/A,None,None,N/A,N/A,N/A,N/A,None,Hidden,N/A,N/A
orderdetails,0.0,N/A,N/A,N/A,N/A,N/A,N/A,N/A,N/A,unavailable,N/A,0.0,N/A,0.0,N/A,N/A,N/A,N/A,unavailable,1102.0,N/A,N/A,10194.0,S18_2432,Hidden,51.05,2.0,N/A,N/A,N/A,N/A,None,unavailable,N/A,N/A,N/A,None,None,N/A,N/A,N/A,N/A,None,Hidden,N/A,N/A
orderdetails,0.0,N/A,N/A,N/A,N/A,N/A,N/A,N/A,N/A,unavailable,N/A,0.0,N/A,0.0,N/A,N/A,N/A,N/A,unavailable,1102.0,N/A,N/A,10194.0,S18_4600,Hidden,113.82,5.0,N/A,N/A,N/A,N/A,None,unavailable,N/A,N/A,N/A,None,None,N/A,N/A,N/A,N/A,None,Hidden,N/A,N/A
orderdetails,0.0,N/A,N/A,N/A,N/A,N/A,N/A,N/A,N/A,unavailable,N/A,0.0,N/A,0.0,N/A,N/A,N/A,N/A,unavailable,1102.0,N/A,N/A,10194.0,S18_4668,Hidden,47.79,9.0,N/A,N/A,N/A,N/A,None,unavailable,N/A,N/A,N/A,None,None,N/A,N/A,N/A,N/A,None,Hidden,N/A,N/A
orderdetails,0.0,N/A,N/A,N/A,N/A,N/A,N/A,N/A,N/A,unavailable,N/A,0.0,N/A,0.0,N/A,N/A,N/A,N/A,unavailable,1102.0,N/A,N/A,10194.0,S24_2300,Hidden,112.46,1.0,N/A,N/A,N/A,N/A,None,unavailable,N/A,N/A,N/A,None,None,N/A,N/A,N/A,N/A,None,Hidden,N/A,N/A
orderdetails,0.0,N/A,N/A,N/A,N/A,N/A,N/A,N/A,N/A,unavailable,N/A,0.0,N/A,0.0,N/A,N/A,N/A,N/A,unavailable,1102.0,N/A,N/A,10194.0,S32_1268,Hidden,77.05,3.0,N/A,N/A,N/A,N/A,None,unavailable,N/A,N/A,N/A,None,None,N/A,N/A,N/A,N/A,None,Hidden,N/A,N/A
orderdetails,0.0,N/A,N/A,N/A,N/A,N/A,N/A,N/A,N/A,unavailable,N/A,0.0,N/A,0.0,N/A,N/A,N/A,N/A,unavailable,1102.0,N/A,N/A,10194.0,S32_3522,Hidden,61.41,7.0,N/A,N/A,N/A,N/A,None,unavailable,N/A,N/A,N/A,None,None,N/A,N/A,N/A,N/A,None,Hidden,N/A,N/A
orderdetails,0.0,N/A,N/A,N/A,N/A,N/A,N/A,N/A,N/A,unavailable,N/A,0.0,N/A,0.0,N/A,N/A,N/A,N/A,unavailable,1102.0,N/A,N/A,10194.0,S700_2824,Hidden,80.92,6.0,N/A,N/A,N/A,N/A,None,unavailable,N/A,N/A,N/A,None,None,N/A,N/A,N/A,N/A,None,Hidden,N/A,N/A
orderdetails,0.0,N/A,N/A,N/A,N/A,N/A,N/A,N/A,N/A,unavailable,N/A,0.0,N/A,0.0,N/A,N/A,N/A,N/A,unavailable,1102.0,N/A,N/A,10195.0,S12_4473,Hidden,118.50,6.0,N/A,N/A,N/A,N/A,None,unavailable,N/A,N/A,N/A,None,None,N/A,N/A,N/A,N/A,None,Hidden,N/A,N/A
orderdetails,0.0,N/A,N/A,N/A,N/A,N/A,N/A,N/A,N/A,unavailable,N/A,0.0,N/A,0.0,N/A,N/A,N/A,N/A,unavailable,1102.0,N/A,N/A,10195.0,S18_2238,Hidden,139.17,5.0,N/A,N/A,N/A,N/A,None,unavailable,N/A,N/A,N/A,None,None,N/A,N/A,N/A,N/A,None,Hidden,N/A,N/A
orderdetails,0.0,N/A,N/A,N/A,N/A,N/A,N/A,N/A,N/A,unavailable,N/A,0.0,N/A,0.0,N/A,N/A,N/A,N/A,unavailable,1102.0,N/A,N/A,10195.0,S18_2319,Hidden,112.91,9.0,N/A,N/A,N/A,N/A,None,unavailable,N/A,N/A,N/A,None,None,N/A,N/A,N/A,N/A,None,Hidden,N/A,N/A
orderdetails,0.0,N/A,N/A,N/A,N/A,N/A,N/A,N/A,N/A,unavailable,N/A,0.0,N/A,0.0,N/A,N/A,N/A,N/A,unavailable,1102.0,N/A,N/A,10195.0,S18_3232,Hidden,150.71,10.0,N/A,N/A,N/A,N/A,None,unavailable,N/A,N/A,N/A,None,None,N/A,N/A,N/A,N/A,None,Hidden,N/A,N/A
orderdetails,0.0,N/A,N/A,N/A,N/A,N/A,N/A,N/A,N/A,unavailable,N/A,0.0,N/A,0.0,N/A,N/A,N/A,N/A,unavailable,1102.0,N/A,N/A,10195.0,S24_1444,Hidden,54.33,3.0,N/A,N/A,N/A,N/A,None,unavailable,N/A,N/A,N/A,None,None,N/A,N/A,N/A,N/A,None,Hidden,N/A,N/A
orderdetails,0.0,N/A,N/A,N/A,N/A,N/A,N/A,N/A,N/A,unavailable,N/A,0.0,N/A,0.0,N/A,N/A,N/A,N/A,unavailable,1102.0,N/A,N/A,10195.0,S24_2840,Hidden,31.82,7.0,N/A,N/A,N/A,N/A,None,unavailable,N/A,N/A,N/A,None,None,N/A,N/A,N/A,N/A,None,Hidden,N/A,N/A
orderdetails,0.0,N/A,N/A,N/A,N/A,N/A,N/A,N/A,N/A,unavailable,N/A,0.0,N/A,0.0,N/A,N/A,N/A,N/A,unavailable,1102.0,N/A,N/A,10195.0,S24_4048,Hidden,95.81,2.0,N/A,N/A,N/A,N/A,None,unavailable,N/A,N/A,N/A,None,None,N/A,N/A,N/A,N/A,None,Hidden,N/A,N/A
orderdetails,0.0,N/A,N/A,N/A,N/A,N/A,N/A,N/A,N/A,unavailable,N/A,0.0,N/A,0.0,N/A,N/A,N/A,N/A,unavailable,1102.0,N/A,N/A,10195.0,S32_2509,Hidden,51.95,8.0,N/A,N/A,N/A,N/A,None,unavailable,N/A,N/A,N/A,None,None,N/A,N/A,N/A,N/A,None,Hidden,N/A,N/A
orderdetails,0.0,N/A,N/A,N/A,N/A,N/A,N/A,N/A,N/A,unavailable,N/A,0.0,N/A,0.0,N/A,N/A,N/A,N/A,unavailable,1102.0,N/A,N/A,10195.0,S32_3207,Hidden,59.03,1.0,N/A,N/A,N/A,N/A,None,unavailable,N/A,N/A,N/A,None,None,N/A,N/A,N/A,N/A,None,Hidden,N/A,N/A
orderdetails,0.0,N/A,N/A,N/A,N/A,N/A,N/A,N/A,N/A,unavailable,N/A,0.0,N/A,0.0,N/A,N/A,N/A,N/A,unavailable,1102.0,N/A,N/A,10195.0,S50_1392,Hidden,97.23,4.0,N/A,N/A,N/A,N/A,None,unavailable,N/A,N/A,N/A,None,None,N/A,N/A,N/A,N/A,None,Hidden,N/A,N/A
orderdetails,0.0,N/A,N/A,N/A,N/A,N/A,N/A,N/A,N/A,unavailable,N/A,0.0,N/A,0.0,N/A,N/A,N/A,N/A,unavailable,1102.0,N/A,N/A,10196.0,S12_1108,Hidden,203.64,5.0,N/A,N/A,N/A,N/A,None,unavailable,N/A,N/A,N/A,None,None,N/A,N/A,N/A,N/A,None,Hidden,N/A,N/A
orderdetails,0.0,N/A,N/A,N/A,N/A,N/A,N/A,N/A,N/A,unavailable,N/A,0.0,N/A,0.0,N/A,N/A,N/A,N/A,unavailable,1102.0,N/A,N/A,10196.0,S12_3148,Hidden,151.08,6.0,N/A,N/A,N/A,N/A,None,unavailable,N/A,N/A,N/A,None,None,N/A,N/A,N/A,N/A,None,Hidden,N/A,N/A
orderdetails,0.0,N/A,N/A,N/A,N/A,N/A,N/A,N/A,N/A,unavailable,N/A,0.0,N/A,0.0,N/A,N/A,N/A,N/A,unavailable,1102.0,N/A,N/A,10196.0,S12_3891,Hidden,147.07,4.0,N/A,N/A,N/A,N/A,None,unavailable,N/A,N/A,N/A,None,None,N/A,N/A,N/A,N/A,None,Hidden,N/A,N/A
orderdetails,0.0,N/A,N/A,N/A,N/A,N/A,N/A,N/A,N/A,unavailable,N/A,0.0,N/A,0.0,N/A,N/A,N/A,N/A,unavailable,1102.0,N/A,N/A,10196.0,S18_3140,Hidden,127.03,1.0,N/A,N/A,N/A,N/A,None,unavailable,N/A,N/A,N/A,None,None,N/A,N/A,N/A,N/A,None,Hidden,N/A,N/A
orderdetails,0.0,N/A,N/A,N/A,N/A,N/A,N/A,N/A,N/A,unavailable,N/A,0.0,N/A,0.0,N/A,N/A,N/A,N/A,unavailable,1102.0,N/A,N/A,10196.0,S18_3259,Hidden,81.68,3.0,N/A,N/A,N/A,N/A,None,unavailable,N/A,N/A,N/A,None,None,N/A,N/A,N/A,N/A,None,Hidden,N/A,N/A
orderdetails,0.0,N/A,N/A,N/A,N/A,N/A,N/A,N/A,N/A,unavailable,N/A,0.0,N/A,0.0,N/A,N/A,N/A,N/A,unavailable,1102.0,N/A,N/A,10196.0,S18_4027,Hidden,126.39,8.0,N/A,N/A,N/A,N/A,None,unavailable,N/A,N/A,N/A,None,None,N/A,N/A,N/A,N/A,None,Hidden,N/A,N/A
orderdetails,0.0,N/A,N/A,N/A,N/A,N/A,N/A,N/A,N/A,unavailable,N/A,0.0,N/A,0.0,N/A,N/A,N/A,N/A,unavailable,1102.0,N/A,N/A,10196.0,S50_1514,Hidden,56.82,7.0,N/A,N/A,N/A,N/A,None,unavailable,N/A,N/A,N/A,None,None,N/A,N/A,N/A,N/A,None,Hidden,N/A,N/A
orderdetails,0.0,N/A,N/A,N/A,N/A,N/A,N/A,N/A,N/A,unavailable,N/A,0.0,N/A,0.0,N/A,N/A,N/A,N/A,unavailable,1102.0,N/A,N/A,10196.0,S700_1938,Hidden,84.88,2.0,N/A,N/A,N/A,N/A,None,unavailable,N/A,N/A,N/A,None,None,N/A,N/A,N/A,N/A,None,Hidden,N/A,N/A
orderdetails,0.0,N/A,N/A,N/A,N/A,N/A,N/A,N/A,N/A,unavailable,N/A,0.0,N/A,0.0,N/A,N/A,N/A,N/A,unavailable,1102.0,N/A,N/A,10197.0,S10_4757,Hidden,118.32,6.0,N/A,N/A,N/A,N/A,None,unavailable,N/A,N/A,N/A,None,None,N/A,N/A,N/A,N/A,None,Hidden,N/A,N/A
orderdetails,0.0,N/A,N/A,N/A,N/A,N/A,N/A,N/A,N/A,unavailable,N/A,0.0,N/A,0.0,N/A,N/A,N/A,N/A,unavailable,1102.0,N/A,N/A,10197.0,S18_3029,Hidden,83.44,4.0,N/A,N/A,N/A,N/A,None,unavailable,N/A,N/A,N/A,None,None,N/A,N/A,N/A,N/A,None,Hidden,N/A,N/A
orderdetails,0.0,N/A,N/A,N/A,N/A,N/A,N/A,N/A,N/A,unavailable,N/A,0.0,N/A,0.0,N/A,N/A,N/A,N/A,unavailable,1102.0,N/A,N/A,10197.0,S18_3856,Hidden,85.75,3.0,N/A,N/A,N/A,N/A,None,unavailable,N/A,N/A,N/A,None,None,N/A,N/A,N/A,N/A,None,Hidden,N/A,N/A
orderdetails,0.0,N/A,N/A,N/A,N/A,N/A,N/A,N/A,N/A,unavailable,N/A,0.0,N/A,0.0,N/A,N/A,N/A,N/A,unavailable,1102.0,N/A,N/A,10197.0,S18_4522,Hidden,78.99,14.0,N/A,N/A,N/A,N/A,None,unavailable,N/A,N/A,N/A,None,None,N/A,N/A,N/A,N/A,None,Hidden,N/A,N/A
orderdetails,0.0,N/A,N/A,N/A,N/A,N/A,N/A,N/A,N/A,unavailable,N/A,0.0,N/A,0.0,N/A,N/A,N/A,N/A,unavailable,1102.0,N/A,N/A,10197.0,S24_2011,Hidden,109.37,13.0,N/A,N/A,N/A,N/A,None,unavailable,N/A,N/A,N/A,None,None,N/A,N/A,N/A,N/A,None,Hidden,N/A,N/A
orderdetails,0.0,N/A,N/A,N/A,N/A,N/A,N/A,N/A,N/A,unavailable,N/A,0.0,N/A,0.0,N/A,N/A,N/A,N/A,unavailable,1102.0,N/A,N/A,10197.0,S24_3151,Hidden,83.20,8.0,N/A,N/A,N/A,N/A,None,unavailable,N/A,N/A,N/A,None,None,N/A,N/A,N/A,N/A,None,Hidden,N/A,N/A
orderdetails,0.0,N/A,N/A,N/A,N/A,N/A,N/A,N/A,N/A,unavailable,N/A,0.0,N/A,0.0,N/A,N/A,N/A,N/A,unavailable,1102.0,N/A,N/A,10197.0,S24_3816,Hidden,67.93,5.0,N/A,N/A,N/A,N/A,None,unavailable,N/A,N/A,N/A,None,None,N/A,N/A,N/A,N/A,None,Hidden,N/A,N/A
orderdetails,0.0,N/A,N/A,N/A,N/A,N/A,N/A,N/A,N/A,unavailable,N/A,0.0,N/A,0.0,N/A,N/A,N/A,N/A,unavailable,1102.0,N/A,N/A,10197.0,S700_1138,Hidden,60.00,9.0,N/A,N/A,N/A,N/A,None,unavailable,N/A,N/A,N/A,None,None,N/A,N/A,N/A,N/A,None,Hidden,N/A,N/A
orderdetails,0.0,N/A,N/A,N/A,N/A,N/A,N/A,N/A,N/A,unavailable,N/A,0.0,N/A,0.0,N/A,N/A,N/A,N/A,unavailable,1102.0,N/A,N/A,10197.0,S700_2047,Hidden,78.75,2.0,N/A,N/A,N/A,N/A,None,unavailable,N/A,N/A,N/A,None,None,N/A,N/A,N/A,N/A,None,Hidden,N/A,N/A
orderdetails,0.0,N/A,N/A,N/A,N/A,N/A,N/A,N/A,N/A,unavailable,N/A,0.0,N/A,0.0,N/A,N/A,N/A,N/A,unavailable,1102.0,N/A,N/A,10197.0,S700_2610,Hidden,66.50,7.0,N/A,N/A,N/A,N/A,None,unavailable,N/A,N/A,N/A,None,None,N/A,N/A,N/A,N/A,None,Hidden,N/A,N/A
orderdetails,0.0,N/A,N/A,N/A,N/A,N/A,N/A,N/A,N/A,unavailable,N/A,0.0,N/A,0.0,N/A,N/A,N/A,N/A,unavailable,1102.0,N/A,N/A,10197.0,S700_3505,Hidden,100.17,10.0,N/A,N/A,N/A,N/A,None,unavailable,N/A,N/A,N/A,None,None,N/A,N/A,N/A,N/A,None,Hidden,N/A,N/A
orderdetails,0.0,N/A,N/A,N/A,N/A,N/A,N/A,N/A,N/A,unavailable,N/A,0.0,N/A,0.0,N/A,N/A,N/A,N/A,unavailable,1102.0,N/A,N/A,10197.0,S700_3962,Hidden,88.39,11.0,N/A,N/A,N/A,N/A,None,unavailable,N/A,N/A,N/A,None,None,N/A,N/A,N/A,N/A,None,Hidden,N/A,N/A
orderdetails,0.0,N/A,N/A,N/A,N/A,N/A,N/A,N/A,N/A,unavailable,N/A,0.0,N/A,0.0,N/A,N/A,N/A,N/A,unavailable,1102.0,N/A,N/A,10197.0,S72_1253,Hidden,39.73,1.0,N/A,N/A,N/A,N/A,None,unavailable,N/A,N/A,N/A,None,None,N/A,N/A,N/A,N/A,None,Hidden,N/A,N/A
orderdetails,0.0,N/A,N/A,N/A,N/A,N/A,N/A,N/A,N/A,unavailable,N/A,0.0,N/A,0.0,N/A,N/A,N/A,N/A,unavailable,1102.0,N/A,N/A,10197.0,S72_3212,Hidden,48.59,12.0,N/A,N/A,N/A,N/A,None,unavailable,N/A,N/A,N/A,None,None,N/A,N/A,N/A,N/A,None,Hidden,N/A,N/A
orderdetails,0.0,N/A,N/A,N/A,N/A,N/A,N/A,N/A,N/A,unavailable,N/A,0.0,N/A,0.0,N/A,N/A,N/A,N/A,unavailable,1102.0,N/A,N/A,10198.0,S18_1662,Hidden,149.81,4.0,N/A,N/A,N/A,N/A,None,unavailable,N/A,N/A,N/A,None,None,N/A,N/A,N/A,N/A,None,Hidden,N/A,N/A
orderdetails,0.0,N/A,N/A,N/A,N/A,N/A,N/A,N/A,N/A,unavailable,N/A,0.0,N/A,0.0,N/A,N/A,N/A,N/A,unavailable,1102.0,N/A,N/A,10198.0,S24_2841,Hidden,60.97,5.0,N/A,N/A,N/A,N/A,None,unavailable,N/A,N/A,N/A,None,None,N/A,N/A,N/A,N/A,None,Hidden,N/A,N/A
orderdetails,0.0,N/A,N/A,N/A,N/A,N/A,N/A,N/A,N/A,unavailable,N/A,0.0,N/A,0.0,N/A,N/A,N/A,N/A,unavailable,1102.0,N/A,N/A,10198.0,S24_3420,Hidden,61.81,6.0,N/A,N/A,N/A,N/A,None,unavailable,N/A,N/A,N/A,None,None,N/A,N/A,N/A,N/A,None,Hidden,N/A,N/A
orderdetails,0.0,N/A,N/A,N/A,N/A,N/A,N/A,N/A,N/A,unavailable,N/A,0.0,N/A,0.0,N/A,N/A,N/A,N/A,unavailable,1102.0,N/A,N/A,10198.0,S24_3949,Hidden,65.51,3.0,N/A,N/A,N/A,N/A,None,unavailable,N/A,N/A,N/A,None,None,N/A,N/A,N/A,N/A,None,Hidden,N/A,N/A
orderdetails,0.0,N/A,N/A,N/A,N/A,N/A,N/A,N/A,N/A,unavailable,N/A,0.0,N/A,0.0,N/A,N/A,N/A,N/A,unavailable,1102.0,N/A,N/A,10198.0,S700_2466,Hidden,94.73,1.0,N/A,N/A,N/A,N/A,None,unavailable,N/A,N/A,N/A,None,None,N/A,N/A,N/A,N/A,None,Hidden,N/A,N/A
orderdetails,0.0,N/A,N/A,N/A,N/A,N/A,N/A,N/A,N/A,unavailable,N/A,0.0,N/A,0.0,N/A,N/A,N/A,N/A,unavailable,1102.0,N/A,N/A,10198.0,S700_4002,Hidden,74.03,2.0,N/A,N/A,N/A,N/A,None,unavailable,N/A,N/A,N/A,None,None,N/A,N/A,N/A,N/A,None,Hidden,N/A,N/A
orderdetails,0.0,N/A,N/A,N/A,N/A,N/A,N/A,N/A,N/A,unavailable,N/A,0.0,N/A,0.0,N/A,N/A,N/A,N/A,unavailable,1102.0,N/A,N/A,10199.0,S50_1341,Hidden,37.97,1.0,N/A,N/A,N/A,N/A,None,unavailable,N/A,N/A,N/A,None,None,N/A,N/A,N/A,N/A,None,Hidden,N/A,N/A
orderdetails,0.0,N/A,N/A,N/A,N/A,N/A,N/A,N/A,N/A,unavailable,N/A,0.0,N/A,0.0,N/A,N/A,N/A,N/A,unavailable,1102.0,N/A,N/A,10199.0,S700_1691,Hidden,81.29,2.0,N/A,N/A,N/A,N/A,None,unavailable,N/A,N/A,N/A,None,None,N/A,N/A,N/A,N/A,None,Hidden,N/A,N/A
orderdetails,0.0,N/A,N/A,N/A,N/A,N/A,N/A,N/A,N/A,unavailable,N/A,0.0,N/A,0.0,N/A,N/A,N/A,N/A,unavailable,1102.0,N/A,N/A,10199.0,S700_3167,Hidden,70.40,3.0,N/A,N/A,N/A,N/A,None,unavailable,N/A,N/A,N/A,None,None,N/A,N/A,N/A,N/A,None,Hidden,N/A,N/A
orderdetails,0.0,N/A,N/A,N/A,N/A,N/A,N/A,N/A,N/A,unavailable,N/A,0.0,N/A,0.0,N/A,N/A,N/A,N/A,unavailable,1102.0,N/A,N/A,10200.0,S18_2581,Hidden,74.34,3.0,N/A,N/A,N/A,N/A,None,unavailable,N/A,N/A,N/A,None,None,N/A,N/A,N/A,N/A,None,Hidden,N/A,N/A
orderdetails,0.0,N/A,N/A,N/A,N/A,N/A,N/A,N/A,N/A,unavailable,N/A,0.0,N/A,0.0,N/A,N/A,N/A,N/A,unavailable,1102.0,N/A,N/A,10200.0,S24_1785,Hidden,99.57,5.0,N/A,N/A,N/A,N/A,None,unavailable,N/A,N/A,N/A,None,None,N/A,N/A,N/A,N/A,None,Hidden,N/A,N/A
orderdetails,0.0,N/A,N/A,N/A,N/A,N/A,N/A,N/A,N/A,unavailable,N/A,0.0,N/A,0.0,N/A,N/A,N/A,N/A,unavailable,1102.0,N/A,N/A,10200.0,S24_4278,Hidden,70.28,4.0,N/A,N/A,N/A,N/A,None,unavailable,N/A,N/A,N/A,None,None,N/A,N/A,N/A,N/A,None,Hidden,N/A,N/A
orderdetails,0.0,N/A,N/A,N/A,N/A,N/A,N/A,N/A,N/A,unavailable,N/A,0.0,N/A,0.0,N/A,N/A,N/A,N/A,unavailable,1102.0,N/A,N/A,10200.0,S32_1374,Hidden,80.91,1.0,N/A,N/A,N/A,N/A,None,unavailable,N/A,N/A,N/A,None,None,N/A,N/A,N/A,N/A,None,Hidden,N/A,N/A
orderdetails,0.0,N/A,N/A,N/A,N/A,N/A,N/A,N/A,N/A,unavailable,N/A,0.0,N/A,0.0,N/A,N/A,N/A,N/A,unavailable,1102.0,N/A,N/A,10200.0,S32_4289,Hidden,65.35,6.0,N/A,N/A,N/A,N/A,None,unavailable,N/A,N/A,N/A,None,None,N/A,N/A,N/A,N/A,None,Hidden,N/A,N/A
orderdetails,0.0,N/A,N/A,N/A,N/A,N/A,N/A,N/A,N/A,unavailable,N/A,0.0,N/A,0.0,N/A,N/A,N/A,N/A,unavailable,1102.0,N/A,N/A,10200.0,S700_2834,Hidden,115.09,2.0,N/A,N/A,N/A,N/A,None,unavailable,N/A,N/A,N/A,None,None,N/A,N/A,N/A,N/A,None,Hidden,N/A,N/A
orderdetails,0.0,N/A,N/A,N/A,N/A,N/A,N/A,N/A,N/A,unavailable,N/A,0.0,N/A,0.0,N/A,N/A,N/A,N/A,unavailable,1102.0,N/A,N/A,10201.0,S10_1678,Hidden,82.30,2.0,N/A,N/A,N/A,N/A,None,unavailable,N/A,N/A,N/A,None,None,N/A,N/A,N/A,N/A,None,Hidden,N/A,N/A
orderdetails,0.0,N/A,N/A,N/A,N/A,N/A,N/A,N/A,N/A,unavailable,N/A,0.0,N/A,0.0,N/A,N/A,N/A,N/A,unavailable,1102.0,N/A,N/A,10201.0,S10_2016,Hidden,116.56,5.0,N/A,N/A,N/A,N/A,None,unavailable,N/A,N/A,N/A,None,None,N/A,N/A,N/A,N/A,None,Hidden,N/A,N/A
orderdetails,0.0,N/A,N/A,N/A,N/A,N/A,N/A,N/A,N/A,unavailable,N/A,0.0,N/A,0.0,N/A,N/A,N/A,N/A,unavailable,1102.0,N/A,N/A,10201.0,S10_4698,Hidden,191.72,4.0,N/A,N/A,N/A,N/A,None,unavailable,N/A,N/A,N/A,None,None,N/A,N/A,N/A,N/A,None,Hidden,N/A,N/A
orderdetails,0.0,N/A,N/A,N/A,N/A,N/A,N/A,N/A,N/A,unavailable,N/A,0.0,N/A,0.0,N/A,N/A,N/A,N/A,unavailable,1102.0,N/A,N/A,10201.0,S12_2823,Hidden,126.52,1.0,N/A,N/A,N/A,N/A,None,unavailable,N/A,N/A,N/A,None,None,N/A,N/A,N/A,N/A,None,Hidden,N/A,N/A
orderdetails,0.0,N/A,N/A,N/A,N/A,N/A,N/A,N/A,N/A,unavailable,N/A,0.0,N/A,0.0,N/A,N/A,N/A,N/A,unavailable,1102.0,N/A,N/A,10201.0,S18_2625,Hidden,48.46,6.0,N/A,N/A,N/A,N/A,None,unavailable,N/A,N/A,N/A,None,None,N/A,N/A,N/A,N/A,None,Hidden,N/A,N/A
orderdetails,0.0,N/A,N/A,N/A,N/A,N/A,N/A,N/A,N/A,unavailable,N/A,0.0,N/A,0.0,N/A,N/A,N/A,N/A,unavailable,1102.0,N/A,N/A,10201.0,S24_1578,Hidden,93.54,3.0,N/A,N/A,N/A,N/A,None,unavailable,N/A,N/A,N/A,None,None,N/A,N/A,N/A,N/A,None,Hidden,N/A,N/A
orderdetails,0.0,N/A,N/A,N/A,N/A,N/A,N/A,N/A,N/A,unavailable,N/A,0.0,N/A,0.0,N/A,N/A,N/A,N/A,unavailable,1102.0,N/A,N/A,10201.0,S24_2000,Hidden,66.27,7.0,N/A,N/A,N/A,N/A,None,unavailable,N/A,N/A,N/A,None,None,N/A,N/A,N/A,N/A,None,Hidden,N/A,N/A
orderdetails,0.0,N/A,N/A,N/A,N/A,N/A,N/A,N/A,N/A,unavailable,N/A,0.0,N/A,0.0,N/A,N/A,N/A,N/A,unavailable,1102.0,N/A,N/A,10202.0,S18_3782,Hidden,55.33,3.0,N/A,N/A,N/A,N/A,None,unavailable,N/A,N/A,N/A,None,None,N/A,N/A,N/A,N/A,None,Hidden,N/A,N/A
orderdetails,0.0,N/A,N/A,N/A,N/A,N/A,N/A,N/A,N/A,unavailable,N/A,0.0,N/A,0.0,N/A,N/A,N/A,N/A,unavailable,1102.0,N/A,N/A,10202.0,S18_4721,Hidden,124.99,2.0,N/A,N/A,N/A,N/A,None,unavailable,N/A,N/A,N/A,None,None,N/A,N/A,N/A,N/A,None,Hidden,N/A,N/A
orderdetails,0.0,N/A,N/A,N/A,N/A,N/A,N/A,N/A,N/A,unavailable,N/A,0.0,N/A,0.0,N/A,N/A,N/A,N/A,unavailable,1102.0,N/A,N/A,10202.0,S24_2360,Hidden,56.10,6.0,N/A,N/A,N/A,N/A,None,unavailable,N/A,N/A,N/A,None,None,N/A,N/A,N/A,N/A,None,Hidden,N/A,N/A
orderdetails,0.0,N/A,N/A,N/A,N/A,N/A,N/A,N/A,N/A,unavailable,N/A,0.0,N/A,0.0,N/A,N/A,N/A,N/A,unavailable,1102.0,N/A,N/A,10202.0,S24_4620,Hidden,75.18,1.0,N/A,N/A,N/A,N/A,None,unavailable,N/A,N/A,N/A,None,None,N/A,N/A,N/A,N/A,None,Hidden,N/A,N/A
orderdetails,0.0,N/A,N/A,N/A,N/A,N/A,N/A,N/A,N/A,unavailable,N/A,0.0,N/A,0.0,N/A,N/A,N/A,N/A,unavailable,1102.0,N/A,N/A,10202.0,S32_2206,Hidden,33.39,4.0,N/A,N/A,N/A,N/A,None,unavailable,N/A,N/A,N/A,None,None,N/A,N/A,N/A,N/A,None,Hidden,N/A,N/A
orderdetails,0.0,N/A,N/A,N/A,N/A,N/A,N/A,N/A,N/A,unavailable,N/A,0.0,N/A,0.0,N/A,N/A,N/A,N/A,unavailable,1102.0,N/A,N/A,10202.0,S32_4485,Hidden,81.64,7.0,N/A,N/A,N/A,N/A,None,unavailable,N/A,N/A,N/A,None,None,N/A,N/A,N/A,N/A,None,Hidden,N/A,N/A
orderdetails,0.0,N/A,N/A,N/A,N/A,N/A,N/A,N/A,N/A,unavailable,N/A,0.0,N/A,0.0,N/A,N/A,N/A,N/A,unavailable,1102.0,N/A,N/A,10202.0,S50_4713,Hidden,79.73,5.0,N/A,N/A,N/A,N/A,None,unavailable,N/A,N/A,N/A,None,None,N/A,N/A,N/A,N/A,None,Hidden,N/A,N/A
orderdetails,0.0,N/A,N/A,N/A,N/A,N/A,N/A,N/A,N/A,unavailable,N/A,0.0,N/A,0.0,N/A,N/A,N/A,N/A,unavailable,1102.0,N/A,N/A,10203.0,S12_1099,Hidden,161.49,8.0,N/A,N/A,N/A,N/A,None,unavailable,N/A,N/A,N/A,None,None,N/A,N/A,N/A,N/A,None,Hidden,N/A,N/A
orderdetails,0.0,N/A,N/A,N/A,N/A,N/A,N/A,N/A,N/A,unavailable,N/A,0.0,N/A,0.0,N/A,N/A,N/A,N/A,unavailable,1102.0,N/A,N/A,10203.0,S12_3380,Hidden,111.57,6.0,N/A,N/A,N/A,N/A,None,unavailable,N/A,N/A,N/A,None,None,N/A,N/A,N/A,N/A,None,Hidden,N/A,N/A
orderdetails,0.0,N/A,N/A,N/A,N/A,N/A,N/A,N/A,N/A,unavailable,N/A,0.0,N/A,0.0,N/A,N/A,N/A,N/A,unavailable,1102.0,N/A,N/A,10203.0,S12_3990,Hidden,63.84,9.0,N/A,N/A,N/A,N/A,None,unavailable,N/A,N/A,N/A,None,None,N/A,N/A,N/A,N/A,None,Hidden,N/A,N/A
orderdetails,0.0,N/A,N/A,N/A,N/A,N/A,N/A,N/A,N/A,unavailable,N/A,0.0,N/A,0.0,N/A,N/A,N/A,N/A,unavailable,1102.0,N/A,N/A,10203.0,S12_4675,Hidden,115.16,5.0,N/A,N/A,N/A,N/A,None,unavailable,N/A,N/A,N/A,None,None,N/A,N/A,N/A,N/A,None,Hidden,N/A,N/A
orderdetails,0.0,N/A,N/A,N/A,N/A,N/A,N/A,N/A,N/A,unavailable,N/A,0.0,N/A,0.0,N/A,N/A,N/A,N/A,unavailable,1102.0,N/A,N/A,10203.0,S18_1889,Hidden,73.15,4.0,N/A,N/A,N/A,N/A,None,unavailable,N/A,N/A,N/A,None,None,N/A,N/A,N/A,N/A,None,Hidden,N/A,N/A
orderdetails,0.0,N/A,N/A,N/A,N/A,N/A,N/A,N/A,N/A,unavailable,N/A,0.0,N/A,0.0,N/A,N/A,N/A,N/A,unavailable,1102.0,N/A,N/A,10203.0,S18_3232,Hidden,157.49,1.0,N/A,N/A,N/A,N/A,None,unavailable,N/A,N/A,N/A,None,None,N/A,N/A,N/A,N/A,None,Hidden,N/A,N/A
orderdetails,0.0,N/A,N/A,N/A,N/A,N/A,N/A,N/A,N/A,unavailable,N/A,0.0,N/A,0.0,N/A,N/A,N/A,N/A,unavailable,1102.0,N/A,N/A,10203.0,S18_3278,Hidden,66.74,11.0,N/A,N/A,N/A,N/A,None,unavailable,N/A,N/A,N/A,None,None,N/A,N/A,N/A,N/A,None,Hidden,N/A,N/A
orderdetails,0.0,N/A,N/A,N/A,N/A,N/A,N/A,N/A,N/A,unavailable,N/A,0.0,N/A,0.0,N/A,N/A,N/A,N/A,unavailable,1102.0,N/A,N/A,10203.0,S18_3482,Hidden,127.88,10.0,N/A,N/A,N/A,N/A,None,unavailable,N/A,N/A,N/A,None,None,N/A,N/A,N/A,N/A,None,Hidden,N/A,N/A
orderdetails,0.0,N/A,N/A,N/A,N/A,N/A,N/A,N/A,N/A,unavailable,N/A,0.0,N/A,0.0,N/A,N/A,N/A,N/A,unavailable,1102.0,N/A,N/A,10203.0,S24_2972,Hidden,33.23,2.0,N/A,N/A,N/A,N/A,None,unavailable,N/A,N/A,N/A,None,None,N/A,N/A,N/A,N/A,None,Hidden,N/A,N/A
orderdetails,0.0,N/A,N/A,N/A,N/A,N/A,N/A,N/A,N/A,unavailable,N/A,0.0,N/A,0.0,N/A,N/A,N/A,N/A,unavailable,1102.0,N/A,N/A,10203.0,S24_3371,Hidden,56.94,7.0,N/A,N/A,N/A,N/A,None,unavailable,N/A,N/A,N/A,None,None,N/A,N/A,N/A,N/A,None,Hidden,N/A,N/A
orderdetails,0.0,N/A,N/A,N/A,N/A,N/A,N/A,N/A,N/A,unavailable,N/A,0.0,N/A,0.0,N/A,N/A,N/A,N/A,unavailable,1102.0,N/A,N/A,10203.0,S24_3856,Hidden,140.43,3.0,N/A,N/A,N/A,N/A,None,unavailable,N/A,N/A,N/A,None,None,N/A,N/A,N/A,N/A,None,Hidden,N/A,N/A
orderdetails,0.0,N/A,N/A,N/A,N/A,N/A,N/A,N/A,N/A,unavailable,N/A,0.0,N/A,0.0,N/A,N/A,N/A,N/A,unavailable,1102.0,N/A,N/A,10204.0,S18_1129,Hidden,114.65,17.0,N/A,N/A,N/A,N/A,None,unavailable,N/A,N/A,N/A,None,None,N/A,N/A,N/A,N/A,None,Hidden,N/A,N/A
orderdetails,0.0,N/A,N/A,N/A,N/A,N/A,N/A,N/A,N/A,unavailable,N/A,0.0,N/A,0.0,N/A,N/A,N/A,N/A,unavailable,1102.0,N/A,N/A,10204.0,S18_1589,Hidden,113.24,13.0,N/A,N/A,N/A,N/A,None,unavailable,N/A,N/A,N/A,None,None,N/A,N/A,N/A,N/A,None,Hidden,N/A,N/A
orderdetails,0.0,N/A,N/A,N/A,N/A,N/A,N/A,N/A,N/A,unavailable,N/A,0.0,N/A,0.0,N/A,N/A,N/A,N/A,unavailable,1102.0,N/A,N/A,10204.0,S18_1749,Hidden,153.00,4.0,N/A,N/A,N/A,N/A,None,unavailable,N/A,N/A,N/A,None,None,N/A,N/A,N/A,N/A,None,Hidden,N/A,N/A
orderdetails,0.0,N/A,N/A,N/A,N/A,N/A,N/A,N/A,N/A,unavailable,N/A,0.0,N/A,0.0,N/A,N/A,N/A,N/A,unavailable,1102.0,N/A,N/A,10204.0,S18_1984,Hidden,133.72,16.0,N/A,N/A,N/A,N/A,None,unavailable,N/A,N/A,N/A,None,None,N/A,N/A,N/A,N/A,None,Hidden,N/A,N/A
orderdetails,0.0,N/A,N/A,N/A,N/A,N/A,N/A,N/A,N/A,unavailable,N/A,0.0,N/A,0.0,N/A,N/A,N/A,N/A,unavailable,1102.0,N/A,N/A,10204.0,S18_2248,Hidden,59.33,3.0,N/A,N/A,N/A,N/A,None,unavailable,N/A,N/A,N/A,None,None,N/A,N/A,N/A,N/A,None,Hidden,N/A,N/A
orderdetails,0.0,N/A,N/A,N/A,N/A,N/A,N/A,N/A,N/A,unavailable,N/A,0.0,N/A,0.0,N/A,N/A,N/A,N/A,unavailable,1102.0,N/A,N/A,10204.0,S18_2325,Hidden,119.50,1.0,N/A,N/A,N/A,N/A,None,unavailable,N/A,N/A,N/A,None,None,N/A,N/A,N/A,N/A,None,Hidden,N/A,N/A
orderdetails,0.0,N/A,N/A,N/A,N/A,N/A,N/A,N/A,N/A,unavailable,N/A,0.0,N/A,0.0,N/A,N/A,N/A,N/A,unavailable,1102.0,N/A,N/A,10204.0,S18_2870,Hidden,106.92,14.0,N/A,N/A,N/A,N/A,None,unavailable,N/A,N/A,N/A,None,None,N/A,N/A,N/A,N/A,None,Hidden,N/A,N/A
orderdetails,0.0,N/A,N/A,N/A,N/A,N/A,N/A,N/A,N/A,unavailable,N/A,0.0,N/A,0.0,N/A,N/A,N/A,N/A,unavailable,1102.0,N/A,N/A,10204.0,S18_3685,Hidden,132.80,15.0,N/A,N/A,N/A,N/A,None,unavailable,N/A,N/A,N/A,None,None,N/A,N/A,N/A,N/A,None,Hidden,N/A,N/A
orderdetails,0.0,N/A,N/A,N/A,N/A,N/A,N/A,N/A,N/A,unavailable,N/A,0.0,N/A,0.0,N/A,N/A,N/A,N/A,unavailable,1102.0,N/A,N/A,10204.0,S18_4409,Hidden,83.75,5.0,N/A,N/A,N/A,N/A,None,unavailable,N/A,N/A,N/A,None,None,N/A,N/A,N/A,N/A,None,Hidden,N/A,N/A
orderdetails,0.0,N/A,N/A,N/A,N/A,N/A,N/A,N/A,N/A,unavailable,N/A,0.0,N/A,0.0,N/A,N/A,N/A,N/A,unavailable,1102.0,N/A,N/A,10204.0,S18_4933,Hidden,69.84,6.0,N/A,N/A,N/A,N/A,None,unavailable,N/A,N/A,N/A,None,None,N/A,N/A,N/A,N/A,None,Hidden,N/A,N/A
orderdetails,0.0,N/A,N/A,N/A,N/A,N/A,N/A,N/A,N/A,unavailable,N/A,0.0,N/A,0.0,N/A,N/A,N/A,N/A,unavailable,1102.0,N/A,N/A,10204.0,S24_1046,Hidden,69.82,10.0,N/A,N/A,N/A,N/A,None,unavailable,N/A,N/A,N/A,None,None,N/A,N/A,N/A,N/A,None,Hidden,N/A,N/A
orderdetails,0.0,N/A,N/A,N/A,N/A,N/A,N/A,N/A,N/A,unavailable,N/A,0.0,N/A,0.0,N/A,N/A,N/A,N/A,unavailable,1102.0,N/A,N/A,10204.0,S24_1628,Hidden,46.79,12.0,N/A,N/A,N/A,N/A,None,unavailable,N/A,N/A,N/A,None,None,N/A,N/A,N/A,N/A,None,Hidden,N/A,N/A
orderdetails,0.0,N/A,N/A,N/A,N/A,N/A,N/A,N/A,N/A,unavailable,N/A,0.0,N/A,0.0,N/A,N/A,N/A,N/A,unavailable,1102.0,N/A,N/A,10204.0,S24_2766,Hidden,79.06,8.0,N/A,N/A,N/A,N/A,None,unavailable,N/A,N/A,N/A,None,None,N/A,N/A,N/A,N/A,None,Hidden,N/A,N/A
orderdetails,0.0,N/A,N/A,N/A,N/A,N/A,N/A,N/A,N/A,unavailable,N/A,0.0,N/A,0.0,N/A,N/A,N/A,N/A,unavailable,1102.0,N/A,N/A,10204.0,S24_2887,Hidden,112.74,7.0,N/A,N/A,N/A,N/A,None,unavailable,N/A,N/A,N/A,None,None,N/A,N/A,N/A,N/A,None,Hidden,N/A,N/A
orderdetails,0.0,N/A,N/A,N/A,N/A,N/A,N/A,N/A,N/A,unavailable,N/A,0.0,N/A,0.0,N/A,N/A,N/A,N/A,unavailable,1102.0,N/A,N/A,10204.0,S24_3191,Hidden,84.75,9.0,N/A,N/A,N/A,N/A,None,unavailable,N/A,N/A,N/A,None,None,N/A,N/A,N/A,N/A,None,Hidden,N/A,N/A
orderdetails,0.0,N/A,N/A,N/A,N/A,N/A,N/A,N/A,N/A,unavailable,N/A,0.0,N/A,0.0,N/A,N/A,N/A,N/A,unavailable,1102.0,N/A,N/A,10204.0,S24_3432,Hidden,104.94,11.0,N/A,N/A,N/A,N/A,None,unavailable,N/A,N/A,N/A,None,None,N/A,N/A,N/A,N/A,None,Hidden,N/A,N/A
orderdetails,0.0,N/A,N/A,N/A,N/A,N/A,N/A,N/A,N/A,unavailable,N/A,0.0,N/A,0.0,N/A,N/A,N/A,N/A,unavailable,1102.0,N/A,N/A,10204.0,S24_3969,Hidden,34.88,2.0,N/A,N/A,N/A,N/A,None,unavailable,N/A,N/A,N/A,None,None,N/A,N/A,N/A,N/A,None,Hidden,N/A,N/A
orderdetails,0.0,N/A,N/A,N/A,N/A,N/A,N/A,N/A,N/A,unavailable,N/A,0.0,N/A,0.0,N/A,N/A,N/A,N/A,unavailable,1102.0,N/A,N/A,10205.0,S18_1342,Hidden,98.63,2.0,N/A,N/A,N/A,N/A,None,unavailable,N/A,N/A,N/A,None,None,N/A,N/A,N/A,N/A,None,Hidden,N/A,N/A
orderdetails,0.0,N/A,N/A,N/A,N/A,N/A,N/A,N/A,N/A,unavailable,N/A,0.0,N/A,0.0,N/A,N/A,N/A,N/A,unavailable,1102.0,N/A,N/A,10205.0,S18_1367,Hidden,45.82,1.0,N/A,N/A,N/A,N/A,None,unavailable,N/A,N/A,N/A,None,None,N/A,N/A,N/A,N/A,None,Hidden,N/A,N/A
orderdetails,0.0,N/A,N/A,N/A,N/A,N/A,N/A,N/A,N/A,unavailable,N/A,0.0,N/A,0.0,N/A,N/A,N/A,N/A,unavailable,1102.0,N/A,N/A,10205.0,S18_2795,Hidden,138.38,3.0,N/A,N/A,N/A,N/A,None,unavailable,N/A,N/A,N/A,None,None,N/A,N/A,N/A,N/A,None,Hidden,N/A,N/A
orderdetails,0.0,N/A,N/A,N/A,N/A,N/A,N/A,N/A,N/A,unavailable,N/A,0.0,N/A,0.0,N/A,N/A,N/A,N/A,unavailable,1102.0,N/A,N/A,10205.0,S24_1937,Hidden,27.88,5.0,N/A,N/A,N/A,N/A,None,unavailable,N/A,N/A,N/A,None,None,N/A,N/A,N/A,N/A,None,Hidden,N/A,N/A
orderdetails,0.0,N/A,N/A,N/A,N/A,N/A,N/A,N/A,N/A,unavailable,N/A,0.0,N/A,0.0,N/A,N/A,N/A,N/A,unavailable,1102.0,N/A,N/A,10205.0,S24_2022,Hidden,36.74,4.0,N/A,N/A,N/A,N/A,None,unavailable,N/A,N/A,N/A,None,None,N/A,N/A,N/A,N/A,None,Hidden,N/A,N/A
orderdetails,0.0,N/A,N/A,N/A,N/A,N/A,N/A,N/A,N/A,unavailable,N/A,0.0,N/A,0.0,N/A,N/A,N/A,N/A,unavailable,1102.0,N/A,N/A,10206.0,S10_1949,Hidden,203.59,6.0,N/A,N/A,N/A,N/A,None,unavailable,N/A,N/A,N/A,None,None,N/A,N/A,N/A,N/A,None,Hidden,N/A,N/A
orderdetails,0.0,N/A,N/A,N/A,N/A,N/A,N/A,N/A,N/A,unavailable,N/A,0.0,N/A,0.0,N/A,N/A,N/A,N/A,unavailable,1102.0,N/A,N/A,10206.0,S12_1666,Hidden,109.34,3.0,N/A,N/A,N/A,N/A,None,unavailable,N/A,N/A,N/A,None,None,N/A,N/A,N/A,N/A,None,Hidden,N/A,N/A
orderdetails,0.0,N/A,N/A,N/A,N/A,N/A,N/A,N/A,N/A,unavailable,N/A,0.0,N/A,0.0,N/A,N/A,N/A,N/A,unavailable,1102.0,N/A,N/A,10206.0,S18_1097,Hidden,115.50,5.0,N/A,N/A,N/A,N/A,None,unavailable,N/A,N/A,N/A,None,None,N/A,N/A,N/A,N/A,None,Hidden,N/A,N/A
orderdetails,0.0,N/A,N/A,N/A,N/A,N/A,N/A,N/A,N/A,unavailable,N/A,0.0,N/A,0.0,N/A,N/A,N/A,N/A,unavailable,1102.0,N/A,N/A,10206.0,S18_2949,Hidden,98.27,7.0,N/A,N/A,N/A,N/A,None,unavailable,N/A,N/A,N/A,None,None,N/A,N/A,N/A,N/A,None,Hidden,N/A,N/A
orderdetails,0.0,N/A,N/A,N/A,N/A,N/A,N/A,N/A,N/A,unavailable,N/A,0.0,N/A,0.0,N/A,N/A,N/A,N/A,unavailable,1102.0,N/A,N/A,10206.0,S18_2957,Hidden,51.84,9.0,N/A,N/A,N/A,N/A,None,unavailable,N/A,N/A,N/A,None,None,N/A,N/A,N/A,N/A,None,Hidden,N/A,N/A
orderdetails,0.0,N/A,N/A,N/A,N/A,N/A,N/A,N/A,N/A,unavailable,N/A,0.0,N/A,0.0,N/A,N/A,N/A,N/A,unavailable,1102.0,N/A,N/A,10206.0,S18_3136,Hidden,102.63,8.0,N/A,N/A,N/A,N/A,None,unavailable,N/A,N/A,N/A,None,None,N/A,N/A,N/A,N/A,None,Hidden,N/A,N/A
orderdetails,0.0,N/A,N/A,N/A,N/A,N/A,N/A,N/A,N/A,unavailable,N/A,0.0,N/A,0.0,N/A,N/A,N/A,N/A,unavailable,1102.0,N/A,N/A,10206.0,S18_3320,Hidden,99.21,11.0,N/A,N/A,N/A,N/A,None,unavailable,N/A,N/A,N/A,None,None,N/A,N/A,N/A,N/A,None,Hidden,N/A,N/A
orderdetails,0.0,N/A,N/A,N/A,N/A,N/A,N/A,N/A,N/A,unavailable,N/A,0.0,N/A,0.0,N/A,N/A,N/A,N/A,unavailable,1102.0,N/A,N/A,10206.0,S18_4668,Hidden,45.78,4.0,N/A,N/A,N/A,N/A,None,unavailable,N/A,N/A,N/A,None,None,N/A,N/A,N/A,N/A,None,Hidden,N/A,N/A
orderdetails,0.0,N/A,N/A,N/A,N/A,N/A,N/A,N/A,N/A,unavailable,N/A,0.0,N/A,0.0,N/A,N/A,N/A,N/A,unavailable,1102.0,N/A,N/A,10206.0,S24_4258,Hidden,95.44,10.0,N/A,N/A,N/A,N/A,None,unavailable,N/A,N/A,N/A,None,None,N/A,N/A,N/A,N/A,None,Hidden,N/A,N/A
orderdetails,0.0,N/A,N/A,N/A,N/A,N/A,N/A,N/A,N/A,unavailable,N/A,0.0,N/A,0.0,N/A,N/A,N/A,N/A,unavailable,1102.0,N/A,N/A,10206.0,S32_3522,Hidden,54.94,2.0,N/A,N/A,N/A,N/A,None,unavailable,N/A,N/A,N/A,None,None,N/A,N/A,N/A,N/A,None,Hidden,N/A,N/A
orderdetails,0.0,N/A,N/A,N/A,N/A,N/A,N/A,N/A,N/A,unavailable,N/A,0.0,N/A,0.0,N/A,N/A,N/A,N/A,unavailable,1102.0,N/A,N/A,10206.0,S700_2824,Hidden,89.01,1.0,N/A,N/A,N/A,N/A,None,unavailable,N/A,N/A,N/A,None,None,N/A,N/A,N/A,N/A,None,Hidden,N/A,N/A
orderdetails,0.0,N/A,N/A,N/A,N/A,N/A,N/A,N/A,N/A,unavailable,N/A,0.0,N/A,0.0,N/A,N/A,N/A,N/A,unavailable,1102.0,N/A,N/A,10207.0,S10_4962,Hidden,125.58,15.0,N/A,N/A,N/A,N/A,None,unavailable,N/A,N/A,N/A,None,None,N/A,N/A,N/A,N/A,None,Hidden,N/A,N/A
orderdetails,0.0,N/A,N/A,N/A,N/A,N/A,N/A,N/A,N/A,unavailable,N/A,0.0,N/A,0.0,N/A,N/A,N/A,N/A,unavailable,1102.0,N/A,N/A,10207.0,S12_4473,Hidden,95.99,7.0,N/A,N/A,N/A,N/A,None,unavailable,N/A,N/A,N/A,None,None,N/A,N/A,N/A,N/A,None,Hidden,N/A,N/A
orderdetails,0.0,N/A,N/A,N/A,N/A,N/A,N/A,N/A,N/A,unavailable,N/A,0.0,N/A,0.0,N/A,N/A,N/A,N/A,unavailable,1102.0,N/A,N/A,10207.0,S18_2238,Hidden,140.81,6.0,N/A,N/A,N/A,N/A,None,unavailable,N/A,N/A,N/A,None,None,N/A,N/A,N/A,N/A,None,Hidden,N/A,N/A
orderdetails,0.0,N/A,N/A,N/A,N/A,N/A,N/A,N/A,N/A,unavailable,N/A,0.0,N/A,0.0,N/A,N/A,N/A,N/A,unavailable,1102.0,N/A,N/A,10207.0,S18_2319,Hidden,109.23,10.0,N/A,N/A,N/A,N/A,None,unavailable,N/A,N/A,N/A,None,None,N/A,N/A,N/A,N/A,None,Hidden,N/A,N/A
orderdetails,0.0,N/A,N/A,N/A,N/A,N/A,N/A,N/A,N/A,unavailable,N/A,0.0,N/A,0.0,N/A,N/A,N/A,N/A,unavailable,1102.0,N/A,N/A,10207.0,S18_2432,Hidden,60.77,13.0,N/A,N/A,N/A,N/A,None,unavailable,N/A,N/A,N/A,None,None,N/A,N/A,N/A,N/A,None,Hidden,N/A,N/A
orderdetails,0.0,N/A,N/A,N/A,N/A,N/A,N/A,N/A,N/A,unavailable,N/A,0.0,N/A,0.0,N/A,N/A,N/A,N/A,unavailable,1102.0,N/A,N/A,10207.0,S18_3232,Hidden,140.55,11.0,N/A,N/A,N/A,N/A,None,unavailable,N/A,N/A,N/A,None,None,N/A,N/A,N/A,N/A,None,Hidden,N/A,N/A
orderdetails,0.0,N/A,N/A,N/A,N/A,N/A,N/A,N/A,N/A,unavailable,N/A,0.0,N/A,0.0,N/A,N/A,N/A,N/A,unavailable,1102.0,N/A,N/A,10207.0,S18_4027,Hidden,143.62,1.0,N/A,N/A,N/A,N/A,None,unavailable,N/A,N/A,N/A,None,None,N/A,N/A,N/A,N/A,None,Hidden,N/A,N/A
orderdetails,0.0,N/A,N/A,N/A,N/A,N/A,N/A,N/A,N/A,unavailable,N/A,0.0,N/A,0.0,N/A,N/A,N/A,N/A,unavailable,1102.0,N/A,N/A,10207.0,S18_4600,Hidden,119.87,16.0,N/A,N/A,N/A,N/A,None,unavailable,N/A,N/A,N/A,None,None,N/A,N/A,N/A,N/A,None,Hidden,N/A,N/A
orderdetails,0.0,N/A,N/A,N/A,N/A,N/A,N/A,N/A,N/A,unavailable,N/A,0.0,N/A,0.0,N/A,N/A,N/A,N/A,unavailable,1102.0,N/A,N/A,10207.0,S24_1444,Hidden,57.80,4.0,N/A,N/A,N/A,N/A,None,unavailable,N/A,N/A,N/A,None,None,N/A,N/A,N/A,N/A,None,Hidden,N/A,N/A
orderdetails,0.0,N/A,N/A,N/A,N/A,N/A,N/A,N/A,N/A,unavailable,N/A,0.0,N/A,0.0,N/A,N/A,N/A,N/A,unavailable,1102.0,N/A,N/A,10207.0,S24_2300,Hidden,127.79,12.0,N/A,N/A,N/A,N/A,None,unavailable,N/A,N/A,N/A,None,None,N/A,N/A,N/A,N/A,None,Hidden,N/A,N/A
orderdetails,0.0,N/A,N/A,N/A,N/A,N/A,N/A,N/A,N/A,unavailable,N/A,0.0,N/A,0.0,N/A,N/A,N/A,N/A,unavailable,1102.0,N/A,N/A,10207.0,S24_2840,Hidden,30.76,8.0,N/A,N/A,N/A,N/A,None,unavailable,N/A,N/A,N/A,None,None,N/A,N/A,N/A,N/A,None,Hidden,N/A,N/A
orderdetails,0.0,N/A,N/A,N/A,N/A,N/A,N/A,N/A,N/A,unavailable,N/A,0.0,N/A,0.0,N/A,N/A,N/A,N/A,unavailable,1102.0,N/A,N/A,10207.0,S24_4048,Hidden,108.82,3.0,N/A,N/A,N/A,N/A,None,unavailable,N/A,N/A,N/A,None,None,N/A,N/A,N/A,N/A,None,Hidden,N/A,N/A
orderdetails,0.0,N/A,N/A,N/A,N/A,N/A,N/A,N/A,N/A,unavailable,N/A,0.0,N/A,0.0,N/A,N/A,N/A,N/A,unavailable,1102.0,N/A,N/A,10207.0,S32_1268,Hidden,84.75,14.0,N/A,N/A,N/A,N/A,None,unavailable,N/A,N/A,N/A,None,None,N/A,N/A,N/A,N/A,None,Hidden,N/A,N/A
orderdetails,0.0,N/A,N/A,N/A,N/A,N/A,N/A,N/A,N/A,unavailable,N/A,0.0,N/A,0.0,N/A,N/A,N/A,N/A,unavailable,1102.0,N/A,N/A,10207.0,S32_2509,Hidden,51.95,9.0,N/A,N/A,N/A,N/A,None,unavailable,N/A,N/A,N/A,None,None,N/A,N/A,N/A,N/A,None,Hidden,N/A,N/A
orderdetails,0.0,N/A,N/A,N/A,N/A,N/A,N/A,N/A,N/A,unavailable,N/A,0.0,N/A,0.0,N/A,N/A,N/A,N/A,unavailable,1102.0,N/A,N/A,10207.0,S32_3207,Hidden,55.30,2.0,N/A,N/A,N/A,N/A,None,unavailable,N/A,N/A,N/A,None,None,N/A,N/A,N/A,N/A,None,Hidden,N/A,N/A
orderdetails,0.0,N/A,N/A,N/A,N/A,N/A,N/A,N/A,N/A,unavailable,N/A,0.0,N/A,0.0,N/A,N/A,N/A,N/A,unavailable,1102.0,N/A,N/A,10207.0,S50_1392,Hidden,106.49,5.0,N/A,N/A,N/A,N/A,None,unavailable,N/A,N/A,N/A,None,None,N/A,N/A,N/A,N/A,None,Hidden,N/A,N/A
orderdetails,0.0,N/A,N/A,N/A,N/A,N/A,N/A,N/A,N/A,unavailable,N/A,0.0,N/A,0.0,N/A,N/A,N/A,N/A,unavailable,1102.0,N/A,N/A,10208.0,S12_1108,Hidden,176.63,13.0,N/A,N/A,N/A,N/A,None,unavailable,N/A,N/A,N/A,None,None,N/A,N/A,N/A,N/A,None,Hidden,N/A,N/A
orderdetails,0.0,N/A,N/A,N/A,N/A,N/A,N/A,N/A,N/A,unavailable,N/A,0.0,N/A,0.0,N/A,N/A,N/A,N/A,unavailable,1102.0,N/A,N/A,10208.0,S12_3148,Hidden,128.42,14.0,N/A,N/A,N/A,N/A,None,unavailable,N/A,N/A,N/A,None,None,N/A,N/A,N/A,N/A,None,Hidden,N/A,N/A
orderdetails,0.0,N/A,N/A,N/A,N/A,N/A,N/A,N/A,N/A,unavailable,N/A,0.0,N/A,0.0,N/A,N/A,N/A,N/A,unavailable,1102.0,N/A,N/A,10208.0,S12_3891,Hidden,152.26,12.0,N/A,N/A,N/A,N/A,None,unavailable,N/A,N/A,N/A,None,None,N/A,N/A,N/A,N/A,None,Hidden,N/A,N/A
orderdetails,0.0,N/A,N/A,N/A,N/A,N/A,N/A,N/A,N/A,unavailable,N/A,0.0,N/A,0.0,N/A,N/A,N/A,N/A,unavailable,1102.0,N/A,N/A,10208.0,S18_3140,Hidden,117.47,9.0,N/A,N/A,N/A,N/A,None,unavailable,N/A,N/A,N/A,None,None,N/A,N/A,N/A,N/A,None,Hidden,N/A,N/A
orderdetails,0.0,N/A,N/A,N/A,N/A,N/A,N/A,N/A,N/A,unavailable,N/A,0.0,N/A,0.0,N/A,N/A,N/A,N/A,unavailable,1102.0,N/A,N/A,10208.0,S18_3259,Hidden,96.81,11.0,N/A,N/A,N/A,N/A,None,unavailable,N/A,N/A,N/A,None,None,N/A,N/A,N/A,N/A,None,Hidden,N/A,N/A
orderdetails,0.0,N/A,N/A,N/A,N/A,N/A,N/A,N/A,N/A,unavailable,N/A,0.0,N/A,0.0,N/A,N/A,N/A,N/A,unavailable,1102.0,N/A,N/A,10208.0,S18_4522,Hidden,72.85,8.0,N/A,N/A,N/A,N/A,None,unavailable,N/A,N/A,N/A,None,None,N/A,N/A,N/A,N/A,None,Hidden,N/A,N/A
orderdetails,0.0,N/A,N/A,N/A,N/A,N/A,N/A,N/A,N/A,unavailable,N/A,0.0,N/A,0.0,N/A,N/A,N/A,N/A,unavailable,1102.0,N/A,N/A,10208.0,S24_2011,Hidden,122.89,7.0,N/A,N/A,N/A,N/A,None,unavailable,N/A,N/A,N/A,None,None,N/A,N/A,N/A,N/A,None,Hidden,N/A,N/A
orderdetails,0.0,N/A,N/A,N/A,N/A,N/A,N/A,N/A,N/A,unavailable,N/A,0.0,N/A,0.0,N/A,N/A,N/A,N/A,unavailable,1102.0,N/A,N/A,10208.0,S24_3151,Hidden,80.54,2.0,N/A,N/A,N/A,N/A,None,unavailable,N/A,N/A,N/A,None,None,N/A,N/A,N/A,N/A,None,Hidden,N/A,N/A
orderdetails,0.0,N/A,N/A,N/A,N/A,N/A,N/A,N/A,N/A,unavailable,N/A,0.0,N/A,0.0,N/A,N/A,N/A,N/A,unavailable,1102.0,N/A,N/A,10208.0,S50_1514,Hidden,57.99,15.0,N/A,N/A,N/A,N/A,None,unavailable,N/A,N/A,N/A,None,None,N/A,N/A,N/A,N/A,None,Hidden,N/A,N/A
orderdetails,0.0,N/A,N/A,N/A,N/A,N/A,N/A,N/A,N/A,unavailable,N/A,0.0,N/A,0.0,N/A,N/A,N/A,N/A,unavailable,1102.0,N/A,N/A,10208.0,S700_1138,Hidden,56.67,3.0,N/A,N/A,N/A,N/A,None,unavailable,N/A,N/A,N/A,None,None,N/A,N/A,N/A,N/A,None,Hidden,N/A,N/A
orderdetails,0.0,N/A,N/A,N/A,N/A,N/A,N/A,N/A,N/A,unavailable,N/A,0.0,N/A,0.0,N/A,N/A,N/A,N/A,unavailable,1102.0,N/A,N/A,10208.0,S700_1938,Hidden,73.62,10.0,N/A,N/A,N/A,N/A,None,unavailable,N/A,N/A,N/A,None,None,N/A,N/A,N/A,N/A,None,Hidden,N/A,N/A
orderdetails,0.0,N/A,N/A,N/A,N/A,N/A,N/A,N/A,N/A,unavailable,N/A,0.0,N/A,0.0,N/A,N/A,N/A,N/A,unavailable,1102.0,N/A,N/A,10208.0,S700_2610,Hidden,63.61,1.0,N/A,N/A,N/A,N/A,None,unavailable,N/A,N/A,N/A,None,None,N/A,N/A,N/A,N/A,None,Hidden,N/A,N/A
orderdetails,0.0,N/A,N/A,N/A,N/A,N/A,N/A,N/A,N/A,unavailable,N/A,0.0,N/A,0.0,N/A,N/A,N/A,N/A,unavailable,1102.0,N/A,N/A,10208.0,S700_3505,Hidden,95.16,4.0,N/A,N/A,N/A,N/A,None,unavailable,N/A,N/A,N/A,None,None,N/A,N/A,N/A,N/A,None,Hidden,N/A,N/A
orderdetails,0.0,N/A,N/A,N/A,N/A,N/A,N/A,N/A,N/A,unavailable,N/A,0.0,N/A,0.0,N/A,N/A,N/A,N/A,unavailable,1102.0,N/A,N/A,10208.0,S700_3962,Hidden,95.34,5.0,N/A,N/A,N/A,N/A,None,unavailable,N/A,N/A,N/A,None,None,N/A,N/A,N/A,N/A,None,Hidden,N/A,N/A
orderdetails,0.0,N/A,N/A,N/A,N/A,N/A,N/A,N/A,N/A,unavailable,N/A,0.0,N/A,0.0,N/A,N/A,N/A,N/A,unavailable,1102.0,N/A,N/A,10208.0,S72_3212,Hidden,48.05,6.0,N/A,N/A,N/A,N/A,None,unavailable,N/A,N/A,N/A,None,None,N/A,N/A,N/A,N/A,None,Hidden,N/A,N/A
orderdetails,0.0,N/A,N/A,N/A,N/A,N/A,N/A,N/A,N/A,unavailable,N/A,0.0,N/A,0.0,N/A,N/A,N/A,N/A,unavailable,1102.0,N/A,N/A,10209.0,S10_4757,Hidden,129.20,8.0,N/A,N/A,N/A,N/A,None,unavailable,N/A,N/A,N/A,None,None,N/A,N/A,N/A,N/A,None,Hidden,N/A,N/A
orderdetails,0.0,N/A,N/A,N/A,N/A,N/A,N/A,N/A,N/A,unavailable,N/A,0.0,N/A,0.0,N/A,N/A,N/A,N/A,unavailable,1102.0,N/A,N/A,10209.0,S18_3029,Hidden,82.58,6.0,N/A,N/A,N/A,N/A,None,unavailable,N/A,N/A,N/A,None,None,N/A,N/A,N/A,N/A,None,Hidden,N/A,N/A
orderdetails,0.0,N/A,N/A,N/A,N/A,N/A,N/A,N/A,N/A,unavailable,N/A,0.0,N/A,0.0,N/A,N/A,N/A,N/A,unavailable,1102.0,N/A,N/A,10209.0,S18_3856,Hidden,97.40,5.0,N/A,N/A,N/A,N/A,None,unavailable,N/A,N/A,N/A,None,None,N/A,N/A,N/A,N/A,None,Hidden,N/A,N/A
orderdetails,0.0,N/A,N/A,N/A,N/A,N/A,N/A,N/A,N/A,unavailable,N/A,0.0,N/A,0.0,N/A,N/A,N/A,N/A,unavailable,1102.0,N/A,N/A,10209.0,S24_2841,Hidden,66.45,1.0,N/A,N/A,N/A,N/A,None,unavailable,N/A,N/A,N/A,None,None,N/A,N/A,N/A,N/A,None,Hidden,N/A,N/A
orderdetails,0.0,N/A,N/A,N/A,N/A,N/A,N/A,N/A,N/A,unavailable,N/A,0.0,N/A,0.0,N/A,N/A,N/A,N/A,unavailable,1102.0,N/A,N/A,10209.0,S24_3420,Hidden,56.55,2.0,N/A,N/A,N/A,N/A,None,unavailable,N/A,N/A,N/A,None,None,N/A,N/A,N/A,N/A,None,Hidden,N/A,N/A
orderdetails,0.0,N/A,N/A,N/A,N/A,N/A,N/A,N/A,N/A,unavailable,N/A,0.0,N/A,0.0,N/A,N/A,N/A,N/A,unavailable,1102.0,N/A,N/A,10209.0,S24_3816,Hidden,79.67,7.0,N/A,N/A,N/A,N/A,None,unavailable,N/A,N/A,N/A,None,None,N/A,N/A,N/A,N/A,None,Hidden,N/A,N/A
orderdetails,0.0,N/A,N/A,N/A,N/A,N/A,N/A,N/A,N/A,unavailable,N/A,0.0,N/A,0.0,N/A,N/A,N/A,N/A,unavailable,1102.0,N/A,N/A,10209.0,S700_2047,Hidden,90.52,4.0,N/A,N/A,N/A,N/A,None,unavailable,N/A,N/A,N/A,None,None,N/A,N/A,N/A,N/A,None,Hidden,N/A,N/A
orderdetails,0.0,N/A,N/A,N/A,N/A,N/A,N/A,N/A,N/A,unavailable,N/A,0.0,N/A,0.0,N/A,N/A,N/A,N/A,unavailable,1102.0,N/A,N/A,10209.0,S72_1253,Hidden,44.20,3.0,N/A,N/A,N/A,N/A,None,unavailable,N/A,N/A,N/A,None,None,N/A,N/A,N/A,N/A,None,Hidden,N/A,N/A
orderdetails,0.0,N/A,N/A,N/A,N/A,N/A,N/A,N/A,N/A,unavailable,N/A,0.0,N/A,0.0,N/A,N/A,N/A,N/A,unavailable,1102.0,N/A,N/A,10210.0,S10_2016,Hidden,112.99,2.0,N/A,N/A,N/A,N/A,None,unavailable,N/A,N/A,N/A,None,None,N/A,N/A,N/A,N/A,None,Hidden,N/A,N/A
orderdetails,0.0,N/A,N/A,N/A,N/A,N/A,N/A,N/A,N/A,unavailable,N/A,0.0,N/A,0.0,N/A,N/A,N/A,N/A,unavailable,1102.0,N/A,N/A,10210.0,S10_4698,Hidden,189.79,1.0,N/A,N/A,N/A,N/A,None,unavailable,N/A,N/A,N/A,None,None,N/A,N/A,N/A,N/A,None,Hidden,N/A,N/A
orderdetails,0.0,N/A,N/A,N/A,N/A,N/A,N/A,N/A,N/A,unavailable,N/A,0.0,N/A,0.0,N/A,N/A,N/A,N/A,unavailable,1102.0,N/A,N/A,10210.0,S18_1662,Hidden,141.92,17.0,N/A,N/A,N/A,N/A,None,unavailable,N/A,N/A,N/A,None,None,N/A,N/A,N/A,N/A,None,Hidden,N/A,N/A
orderdetails,0.0,N/A,N/A,N/A,N/A,N/A,N/A,N/A,N/A,unavailable,N/A,0.0,N/A,0.0,N/A,N/A,N/A,N/A,unavailable,1102.0,N/A,N/A,10210.0,S18_2581,Hidden,68.43,7.0,N/A,N/A,N/A,N/A,None,unavailable,N/A,N/A,N/A,None,None,N/A,N/A,N/A,N/A,None,Hidden,N/A,N/A
orderdetails,0.0,N/A,N/A,N/A,N/A,N/A,N/A,N/A,N/A,unavailable,N/A,0.0,N/A,0.0,N/A,N/A,N/A,N/A,unavailable,1102.0,N/A,N/A,10210.0,S18_2625,Hidden,51.48,3.0,N/A,N/A,N/A,N/A,None,unavailable,N/A,N/A,N/A,None,None,N/A,N/A,N/A,N/A,None,Hidden,N/A,N/A
orderdetails,0.0,N/A,N/A,N/A,N/A,N/A,N/A,N/A,N/A,unavailable,N/A,0.0,N/A,0.0,N/A,N/A,N/A,N/A,unavailable,1102.0,N/A,N/A,10210.0,S24_1785,Hidden,100.67,9.0,N/A,N/A,N/A,N/A,None,unavailable,N/A,N/A,N/A,None,None,N/A,N/A,N/A,N/A,None,Hidden,N/A,N/A
orderdetails,0.0,N/A,N/A,N/A,N/A,N/A,N/A,N/A,N/A,unavailable,N/A,0.0,N/A,0.0,N/A,N/A,N/A,N/A,unavailable,1102.0,N/A,N/A,10210.0,S24_2000,Hidden,63.22,4.0,N/A,N/A,N/A,N/A,None,unavailable,N/A,N/A,N/A,None,None,N/A,N/A,N/A,N/A,None,Hidden,N/A,N/A
orderdetails,0.0,N/A,N/A,N/A,N/A,N/A,N/A,N/A,N/A,unavailable,N/A,0.0,N/A,0.0,N/A,N/A,N/A,N/A,unavailable,1102.0,N/A,N/A,10210.0,S24_3949,Hidden,56.64,16.0,N/A,N/A,N/A,N/A,None,unavailable,N/A,N/A,N/A,None,None,N/A,N/A,N/A,N/A,None,Hidden,N/A,N/A
orderdetails,0.0,N/A,N/A,N/A,N/A,N/A,N/A,N/A,N/A,unavailable,N/A,0.0,N/A,0.0,N/A,N/A,N/A,N/A,unavailable,1102.0,N/A,N/A,10210.0,S24_4278,Hidden,68.10,8.0,N/A,N/A,N/A,N/A,None,unavailable,N/A,N/A,N/A,None,None,N/A,N/A,N/A,N/A,None,Hidden,N/A,N/A
orderdetails,0.0,N/A,N/A,N/A,N/A,N/A,N/A,N/A,N/A,unavailable,N/A,0.0,N/A,0.0,N/A,N/A,N/A,N/A,unavailable,1102.0,N/A,N/A,10210.0,S32_1374,Hidden,84.91,5.0,N/A,N/A,N/A,N/A,None,unavailable,N/A,N/A,N/A,None,None,N/A,N/A,N/A,N/A,None,Hidden,N/A,N/A
orderdetails,0.0,N/A,N/A,N/A,N/A,N/A,N/A,N/A,N/A,unavailable,N/A,0.0,N/A,0.0,N/A,N/A,N/A,N/A,unavailable,1102.0,N/A,N/A,10210.0,S32_4289,Hidden,57.10,10.0,N/A,N/A,N/A,N/A,None,unavailable,N/A,N/A,N/A,None,None,N/A,N/A,N/A,N/A,None,Hidden,N/A,N/A
orderdetails,0.0,N/A,N/A,N/A,N/A,N/A,N/A,N/A,N/A,unavailable,N/A,0.0,N/A,0.0,N/A,N/A,N/A,N/A,unavailable,1102.0,N/A,N/A,10210.0,S50_1341,Hidden,43.20,11.0,N/A,N/A,N/A,N/A,None,unavailable,N/A,N/A,N/A,None,None,N/A,N/A,N/A,N/A,None,Hidden,N/A,N/A
orderdetails,0.0,N/A,N/A,N/A,N/A,N/A,N/A,N/A,N/A,unavailable,N/A,0.0,N/A,0.0,N/A,N/A,N/A,N/A,unavailable,1102.0,N/A,N/A,10210.0,S700_1691,Hidden,87.69,12.0,N/A,N/A,N/A,N/A,None,unavailable,N/A,N/A,N/A,None,None,N/A,N/A,N/A,N/A,None,Hidden,N/A,N/A
orderdetails,0.0,N/A,N/A,N/A,N/A,N/A,N/A,N/A,N/A,unavailable,N/A,0.0,N/A,0.0,N/A,N/A,N/A,N/A,unavailable,1102.0,N/A,N/A,10210.0,S700_2466,Hidden,93.74,14.0,N/A,N/A,N/A,N/A,None,unavailable,N/A,N/A,N/A,None,None,N/A,N/A,N/A,N/A,None,Hidden,N/A,N/A
orderdetails,0.0,N/A,N/A,N/A,N/A,N/A,N/A,N/A,N/A,unavailable,N/A,0.0,N/A,0.0,N/A,N/A,N/A,N/A,unavailable,1102.0,N/A,N/A,10210.0,S700_2834,Hidden,98.48,6.0,N/A,N/A,N/A,N/A,None,unavailable,N/A,N/A,N/A,None,None,N/A,N/A,N/A,N/A,None,Hidden,N/A,N/A
orderdetails,0.0,N/A,N/A,N/A,N/A,N/A,N/A,N/A,N/A,unavailable,N/A,0.0,N/A,0.0,N/A,N/A,N/A,N/A,unavailable,1102.0,N/A,N/A,10210.0,S700_3167,Hidden,64.00,13.0,N/A,N/A,N/A,N/A,None,unavailable,N/A,N/A,N/A,None,None,N/A,N/A,N/A,N/A,None,Hidden,N/A,N/A
orderdetails,0.0,N/A,N/A,N/A,N/A,N/A,N/A,N/A,N/A,unavailable,N/A,0.0,N/A,0.0,N/A,N/A,N/A,N/A,unavailable,1102.0,N/A,N/A,10210.0,S700_4002,Hidden,60.70,15.0,N/A,N/A,N/A,N/A,None,unavailable,N/A,N/A,N/A,None,None,N/A,N/A,N/A,N/A,None,Hidden,N/A,N/A
orderdetails,0.0,N/A,N/A,N/A,N/A,N/A,N/A,N/A,N/A,unavailable,N/A,0.0,N/A,0.0,N/A,N/A,N/A,N/A,unavailable,1102.0,N/A,N/A,10211.0,S10_1678,Hidden,90.92,14.0,N/A,N/A,N/A,N/A,None,unavailable,N/A,N/A,N/A,None,None,N/A,N/A,N/A,N/A,None,Hidden,N/A,N/A
orderdetails,0.0,N/A,N/A,N/A,N/A,N/A,N/A,N/A,N/A,unavailable,N/A,0.0,N/A,0.0,N/A,N/A,N/A,N/A,unavailable,1102.0,N/A,N/A,10211.0,S12_1099,Hidden,171.22,2.0,N/A,N/A,N/A,N/A,None,unavailable,N/A,N/A,N/A,None,None,N/A,N/A,N/A,N/A,None,Hidden,N/A,N/A
orderdetails,0.0,N/A,N/A,N/A,N/A,N/A,N/A,N/A,N/A,unavailable,N/A,0.0,N/A,0.0,N/A,N/A,N/A,N/A,unavailable,1102.0,N/A,N/A,10211.0,S12_2823,Hidden,126.52,13.0,N/A,N/A,N/A,N/A,None,unavailable,N/A,N/A,N/A,None,None,N/A,N/A,N/A,N/A,None,Hidden,N/A,N/A
orderdetails,0.0,N/A,N/A,N/A,N/A,N/A,N/A,N/A,N/A,unavailable,N/A,0.0,N/A,0.0,N/A,N/A,N/A,N/A,unavailable,1102.0,N/A,N/A,10211.0,S12_3990,Hidden,79.80,3.0,N/A,N/A,N/A,N/A,None,unavailable,N/A,N/A,N/A,None,None,N/A,N/A,N/A,N/A,None,Hidden,N/A,N/A
orderdetails,0.0,N/A,N/A,N/A,N/A,N/A,N/A,N/A,N/A,unavailable,N/A,0.0,N/A,0.0,N/A,N/A,N/A,N/A,unavailable,1102.0,N/A,N/A,10211.0,S18_3278,Hidden,73.17,5.0,N/A,N/A,N/A,N/A,None,unavailable,N/A,N/A,N/A,None,None,N/A,N/A,N/A,N/A,None,Hidden,N/A,N/A
orderdetails,0.0,N/A,N/A,N/A,N/A,N/A,N/A,N/A,N/A,unavailable,N/A,0.0,N/A,0.0,N/A,N/A,N/A,N/A,unavailable,1102.0,N/A,N/A,10211.0,S18_3482,Hidden,138.17,4.0,N/A,N/A,N/A,N/A,None,unavailable,N/A,N/A,N/A,None,None,N/A,N/A,N/A,N/A,None,Hidden,N/A,N/A
orderdetails,0.0,N/A,N/A,N/A,N/A,N/A,N/A,N/A,N/A,unavailable,N/A,0.0,N/A,0.0,N/A,N/A,N/A,N/A,unavailable,1102.0,N/A,N/A,10211.0,S18_3782,Hidden,60.30,8.0,N/A,N/A,N/A,N/A,None,unavailable,N/A,N/A,N/A,None,None,N/A,N/A,N/A,N/A,None,Hidden,N/A,N/A
orderdetails,0.0,N/A,N/A,N/A,N/A,N/A,N/A,N/A,N/A,unavailable,N/A,0.0,N/A,0.0,N/A,N/A,N/A,N/A,unavailable,1102.0,N/A,N/A,10211.0,S18_4721,Hidden,148.80,7.0,N/A,N/A,N/A,N/A,None,unavailable,N/A,N/A,N/A,None,None,N/A,N/A,N/A,N/A,None,Hidden,N/A,N/A
orderdetails,0.0,N/A,N/A,N/A,N/A,N/A,N/A,N/A,N/A,unavailable,N/A,0.0,N/A,0.0,N/A,N/A,N/A,N/A,unavailable,1102.0,N/A,N/A,10211.0,S24_1578,Hidden,109.32,15.0,N/A,N/A,N/A,N/A,None,unavailable,N/A,N/A,N/A,None,None,N/A,N/A,N/A,N/A,None,Hidden,N/A,N/A
orderdetails,0.0,N/A,N/A,N/A,N/A,N/A,N/A,N/A,N/A,unavailable,N/A,0.0,N/A,0.0,N/A,N/A,N/A,N/A,unavailable,1102.0,N/A,N/A,10211.0,S24_2360,Hidden,62.33,11.0,N/A,N/A,N/A,N/A,None,unavailable,N/A,N/A,N/A,None,None,N/A,N/A,N/A,N/A,None,Hidden,N/A,N/A
orderdetails,0.0,N/A,N/A,N/A,N/A,N/A,N/A,N/A,N/A,unavailable,N/A,0.0,N/A,0.0,N/A,N/A,N/A,N/A,unavailable,1102.0,N/A,N/A,10211.0,S24_3371,Hidden,52.66,1.0,N/A,N/A,N/A,N/A,None,unavailable,N/A,N/A,N/A,None,None,N/A,N/A,N/A,N/A,None,Hidden,N/A,N/A
orderdetails,0.0,N/A,N/A,N/A,N/A,N/A,N/A,N/A,N/A,unavailable,N/A,0.0,N/A,0.0,N/A,N/A,N/A,N/A,unavailable,1102.0,N/A,N/A,10211.0,S24_4620,Hidden,80.84,6.0,N/A,N/A,N/A,N/A,None,unavailable,N/A,N/A,N/A,None,None,N/A,N/A,N/A,N/A,None,Hidden,N/A,N/A
orderdetails,0.0,N/A,N/A,N/A,N/A,N/A,N/A,N/A,N/A,unavailable,N/A,0.0,N/A,0.0,N/A,N/A,N/A,N/A,unavailable,1102.0,N/A,N/A,10211.0,S32_2206,Hidden,39.83,9.0,N/A,N/A,N/A,N/A,None,unavailable,N/A,N/A,N/A,None,None,N/A,N/A,N/A,N/A,None,Hidden,N/A,N/A
orderdetails,0.0,N/A,N/A,N/A,N/A,N/A,N/A,N/A,N/A,unavailable,N/A,0.0,N/A,0.0,N/A,N/A,N/A,N/A,unavailable,1102.0,N/A,N/A,10211.0,S32_4485,Hidden,94.91,12.0,N/A,N/A,N/A,N/A,None,unavailable,N/A,N/A,N/A,None,None,N/A,N/A,N/A,N/A,None,Hidden,N/A,N/A
orderdetails,0.0,N/A,N/A,N/A,N/A,N/A,N/A,N/A,N/A,unavailable,N/A,0.0,N/A,0.0,N/A,N/A,N/A,N/A,unavailable,1102.0,N/A,N/A,10211.0,S50_4713,Hidden,70.78,10.0,N/A,N/A,N/A,N/A,None,unavailable,N/A,N/A,N/A,None,None,N/A,N/A,N/A,N/A,None,Hidden,N/A,N/A
orderdetails,0.0,N/A,N/A,N/A,N/A,N/A,N/A,N/A,N/A,unavailable,N/A,0.0,N/A,0.0,N/A,N/A,N/A,N/A,unavailable,1102.0,N/A,N/A,10212.0,S12_3380,Hidden,99.82,16.0,N/A,N/A,N/A,N/A,None,unavailable,N/A,N/A,N/A,None,None,N/A,N/A,N/A,N/A,None,Hidden,N/A,N/A
orderdetails,0.0,N/A,N/A,N/A,N/A,N/A,N/A,N/A,N/A,unavailable,N/A,0.0,N/A,0.0,N/A,N/A,N/A,N/A,unavailable,1102.0,N/A,N/A,10212.0,S12_4675,Hidden,110.55,15.0,N/A,N/A,N/A,N/A,None,unavailable,N/A,N/A,N/A,None,None,N/A,N/A,N/A,N/A,None,Hidden,N/A,N/A
orderdetails,0.0,N/A,N/A,N/A,N/A,N/A,N/A,N/A,N/A,unavailable,N/A,0.0,N/A,0.0,N/A,N/A,N/A,N/A,unavailable,1102.0,N/A,N/A,10212.0,S18_1129,Hidden,117.48,10.0,N/A,N/A,N/A,N/A,None,unavailable,N/A,N/A,N/A,None,None,N/A,N/A,N/A,N/A,None,Hidden,N/A,N/A
orderdetails,0.0,N/A,N/A,N/A,N/A,N/A,N/A,N/A,N/A,unavailable,N/A,0.0,N/A,0.0,N/A,N/A,N/A,N/A,unavailable,1102.0,N/A,N/A,10212.0,S18_1589,Hidden,105.77,6.0,N/A,N/A,N/A,N/A,None,unavailable,N/A,N/A,N/A,None,None,N/A,N/A,N/A,N/A,None,Hidden,N/A,N/A
orderdetails,0.0,N/A,N/A,N/A,N/A,N/A,N/A,N/A,N/A,unavailable,N/A,0.0,N/A,0.0,N/A,N/A,N/A,N/A,unavailable,1102.0,N/A,N/A,10212.0,S18_1889,Hidden,64.68,14.0,N/A,N/A,N/A,N/A,None,unavailable,N/A,N/A,N/A,None,None,N/A,N/A,N/A,N/A,None,Hidden,N/A,N/A
orderdetails,0.0,N/A,N/A,N/A,N/A,N/A,N/A,N/A,N/A,unavailable,N/A,0.0,N/A,0.0,N/A,N/A,N/A,N/A,unavailable,1102.0,N/A,N/A,10212.0,S18_1984,Hidden,133.72,9.0,N/A,N/A,N/A,N/A,None,unavailable,N/A,N/A,N/A,None,None,N/A,N/A,N/A,N/A,None,Hidden,N/A,N/A
orderdetails,0.0,N/A,N/A,N/A,N/A,N/A,N/A,N/A,N/A,unavailable,N/A,0.0,N/A,0.0,N/A,N/A,N/A,N/A,unavailable,1102.0,N/A,N/A,10212.0,S18_2870,Hidden,117.48,7.0,N/A,N/A,N/A,N/A,None,unavailable,N/A,N/A,N/A,None,None,N/A,N/A,N/A,N/A,None,Hidden,N/A,N/A
orderdetails,0.0,N/A,N/A,N/A,N/A,N/A,N/A,N/A,N/A,unavailable,N/A,0.0,N/A,0.0,N/A,N/A,N/A,N/A,unavailable,1102.0,N/A,N/A,10212.0,S18_3232,Hidden,155.79,11.0,N/A,N/A,N/A,N/A,None,unavailable,N/A,N/A,N/A,None,None,N/A,N/A,N/A,N/A,None,Hidden,N/A,N/A
orderdetails,0.0,N/A,N/A,N/A,N/A,N/A,N/A,N/A,N/A,unavailable,N/A,0.0,N/A,0.0,N/A,N/A,N/A,N/A,unavailable,1102.0,N/A,N/A,10212.0,S18_3685,Hidden,115.85,8.0,N/A,N/A,N/A,N/A,None,unavailable,N/A,N/A,N/A,None,None,N/A,N/A,N/A,N/A,None,Hidden,N/A,N/A
orderdetails,0.0,N/A,N/A,N/A,N/A,N/A,N/A,N/A,N/A,unavailable,N/A,0.0,N/A,0.0,N/A,N/A,N/A,N/A,unavailable,1102.0,N/A,N/A,10212.0,S24_1046,Hidden,61.73,3.0,N/A,N/A,N/A,N/A,None,unavailable,N/A,N/A,N/A,None,None,N/A,N/A,N/A,N/A,None,Hidden,N/A,N/A
orderdetails,0.0,N/A,N/A,N/A,N/A,N/A,N/A,N/A,N/A,unavailable,N/A,0.0,N/A,0.0,N/A,N/A,N/A,N/A,unavailable,1102.0,N/A,N/A,10212.0,S24_1628,Hidden,43.27,5.0,N/A,N/A,N/A,N/A,None,unavailable,N/A,N/A,N/A,None,None,N/A,N/A,N/A,N/A,None,Hidden,N/A,N/A
orderdetails,0.0,N/A,N/A,N/A,N/A,N/A,N/A,N/A,N/A,unavailable,N/A,0.0,N/A,0.0,N/A,N/A,N/A,N/A,unavailable,1102.0,N/A,N/A,10212.0,S24_2766,Hidden,81.78,1.0,N/A,N/A,N/A,N/A,None,unavailable,N/A,N/A,N/A,None,None,N/A,N/A,N/A,N/A,None,Hidden,N/A,N/A
orderdetails,0.0,N/A,N/A,N/A,N/A,N/A,N/A,N/A,N/A,unavailable,N/A,0.0,N/A,0.0,N/A,N/A,N/A,N/A,unavailable,1102.0,N/A,N/A,10212.0,S24_2972,Hidden,37.38,12.0,N/A,N/A,N/A,N/A,None,unavailable,N/A,N/A,N/A,None,None,N/A,N/A,N/A,N/A,None,Hidden,N/A,N/A
orderdetails,0.0,N/A,N/A,N/A,N/A,N/A,N/A,N/A,N/A,unavailable,N/A,0.0,N/A,0.0,N/A,N/A,N/A,N/A,unavailable,1102.0,N/A,N/A,10212.0,S24_3191,Hidden,77.91,2.0,N/A,N/A,N/A,N/A,None,unavailable,N/A,N/A,N/A,None,None,N/A,N/A,N/A,N/A,None,Hidden,N/A,N/A
orderdetails,0.0,N/A,N/A,N/A,N/A,N/A,N/A,N/A,N/A,unavailable,N/A,0.0,N/A,0.0,N/A,N/A,N/A,N/A,unavailable,1102.0,N/A,N/A,10212.0,S24_3432,Hidden,100.66,4.0,N/A,N/A,N/A,N/A,None,unavailable,N/A,N/A,N/A,None,None,N/A,N/A,N/A,N/A,None,Hidden,N/A,N/A
orderdetails,0.0,N/A,N/A,N/A,N/A,N/A,N/A,N/A,N/A,unavailable,N/A,0.0,N/A,0.0,N/A,N/A,N/A,N/A,unavailable,1102.0,N/A,N/A,10212.0,S24_3856,Hidden,117.96,13.0,N/A,N/A,N/A,N/A,None,unavailable,N/A,N/A,N/A,None,None,N/A,N/A,N/A,N/A,None,Hidden,N/A,N/A
orderdetails,0.0,N/A,N/A,N/A,N/A,N/A,N/A,N/A,N/A,unavailable,N/A,0.0,N/A,0.0,N/A,N/A,N/A,N/A,unavailable,1102.0,N/A,N/A,10213.0,S18_4409,Hidden,84.67,1.0,N/A,N/A,N/A,N/A,None,unavailable,N/A,N/A,N/A,None,None,N/A,N/A,N/A,N/A,None,Hidden,N/A,N/A
orderdetails,0.0,N/A,N/A,N/A,N/A,N/A,N/A,N/A,N/A,unavailable,N/A,0.0,N/A,0.0,N/A,N/A,N/A,N/A,unavailable,1102.0,N/A,N/A,10213.0,S18_4933,Hidden,58.44,2.0,N/A,N/A,N/A,N/A,None,unavailable,N/A,N/A,N/A,None,None,N/A,N/A,N/A,N/A,None,Hidden,N/A,N/A
orderdetails,0.0,N/A,N/A,N/A,N/A,N/A,N/A,N/A,N/A,unavailable,N/A,0.0,N/A,0.0,N/A,N/A,N/A,N/A,unavailable,1102.0,N/A,N/A,10213.0,S24_2887,Hidden,97.48,3.0,N/A,N/A,N/A,N/A,None,unavailable,N/A,N/A,N/A,None,None,N/A,N/A,N/A,N/A,None,Hidden,N/A,N/A
orderdetails,0.0,N/A,N/A,N/A,N/A,N/A,N/A,N/A,N/A,unavailable,N/A,0.0,N/A,0.0,N/A,N/A,N/A,N/A,unavailable,1102.0,N/A,N/A,10214.0,S18_1749,Hidden,166.60,7.0,N/A,N/A,N/A,N/A,None,unavailable,N/A,N/A,N/A,None,None,N/A,N/A,N/A,N/A,None,Hidden,N/A,N/A
orderdetails,0.0,N/A,N/A,N/A,N/A,N/A,N/A,N/A,N/A,unavailable,N/A,0.0,N/A,0.0,N/A,N/A,N/A,N/A,unavailable,1102.0,N/A,N/A,10214.0,S18_2248,Hidden,53.28,6.0,N/A,N/A,N/A,N/A,None,unavailable,N/A,N/A,N/A,None,None,N/A,N/A,N/A,N/A,None,Hidden,N/A,N/A
orderdetails,0.0,N/A,N/A,N/A,N/A,N/A,N/A,N/A,N/A,unavailable,N/A,0.0,N/A,0.0,N/A,N/A,N/A,N/A,unavailable,1102.0,N/A,N/A,10214.0,S18_2325,Hidden,125.86,4.0,N/A,N/A,N/A,N/A,None,unavailable,N/A,N/A,N/A,None,None,N/A,N/A,N/A,N/A,None,Hidden,N/A,N/A
orderdetails,0.0,N/A,N/A,N/A,N/A,N/A,N/A,N/A,N/A,unavailable,N/A,0.0,N/A,0.0,N/A,N/A,N/A,N/A,unavailable,1102.0,N/A,N/A,10214.0,S18_2795,Hidden,167.06,1.0,N/A,N/A,N/A,N/A,None,unavailable,N/A,N/A,N/A,None,None,N/A,N/A,N/A,N/A,None,Hidden,N/A,N/A
orderdetails,0.0,N/A,N/A,N/A,N/A,N/A,N/A,N/A,N/A,unavailable,N/A,0.0,N/A,0.0,N/A,N/A,N/A,N/A,unavailable,1102.0,N/A,N/A,10214.0,S24_1937,Hidden,32.19,3.0,N/A,N/A,N/A,N/A,None,unavailable,N/A,N/A,N/A,None,None,N/A,N/A,N/A,N/A,None,Hidden,N/A,N/A
orderdetails,0.0,N/A,N/A,N/A,N/A,N/A,N/A,N/A,N/A,unavailable,N/A,0.0,N/A,0.0,N/A,N/A,N/A,N/A,unavailable,1102.0,N/A,N/A,10214.0,S24_2022,Hidden,39.87,2.0,N/A,N/A,N/A,N/A,None,unavailable,N/A,N/A,N/A,None,None,N/A,N/A,N/A,N/A,None,Hidden,N/A,N/A
orderdetails,0.0,N/A,N/A,N/A,N/A,N/A,N/A,N/A,N/A,unavailable,N/A,0.0,N/A,0.0,N/A,N/A,N/A,N/A,unavailable,1102.0,N/A,N/A,10214.0,S24_3969,Hidden,38.57,5.0,N/A,N/A,N/A,N/A,None,unavailable,N/A,N/A,N/A,None,None,N/A,N/A,N/A,N/A,None,Hidden,N/A,N/A
orderdetails,0.0,N/A,N/A,N/A,N/A,N/A,N/A,N/A,N/A,unavailable,N/A,0.0,N/A,0.0,N/A,N/A,N/A,N/A,unavailable,1102.0,N/A,N/A,10215.0,S10_1949,Hidden,205.73,3.0,N/A,N/A,N/A,N/A,None,unavailable,N/A,N/A,N/A,None,None,N/A,N/A,N/A,N/A,None,Hidden,N/A,N/A
orderdetails,0.0,N/A,N/A,N/A,N/A,N/A,N/A,N/A,N/A,unavailable,N/A,0.0,N/A,0.0,N/A,N/A,N/A,N/A,unavailable,1102.0,N/A,N/A,10215.0,S18_1097,Hidden,100.34,2.0,N/A,N/A,N/A,N/A,None,unavailable,N/A,N/A,N/A,None,None,N/A,N/A,N/A,N/A,None,Hidden,N/A,N/A
orderdetails,0.0,N/A,N/A,N/A,N/A,N/A,N/A,N/A,N/A,unavailable,N/A,0.0,N/A,0.0,N/A,N/A,N/A,N/A,unavailable,1102.0,N/A,N/A,10215.0,S18_1342,Hidden,92.47,10.0,N/A,N/A,N/A,N/A,None,unavailable,N/A,N/A,N/A,None,None,N/A,N/A,N/A,N/A,None,Hidden,N/A,N/A
orderdetails,0.0,N/A,N/A,N/A,N/A,N/A,N/A,N/A,N/A,unavailable,N/A,0.0,N/A,0.0,N/A,N/A,N/A,N/A,unavailable,1102.0,N/A,N/A,10215.0,S18_1367,Hidden,53.91,9.0,N/A,N/A,N/A,N/A,None,unavailable,N/A,N/A,N/A,None,None,N/A,N/A,N/A,N/A,None,Hidden,N/A,N/A
orderdetails,0.0,N/A,N/A,N/A,N/A,N/A,N/A,N/A,N/A,unavailable,N/A,0.0,N/A,0.0,N/A,N/A,N/A,N/A,unavailable,1102.0,N/A,N/A,10215.0,S18_2949,Hidden,97.26,4.0,N/A,N/A,N/A,N/A,None,unavailable,N/A,N/A,N/A,None,None,N/A,N/A,N/A,N/A,None,Hidden,N/A,N/A
orderdetails,0.0,N/A,N/A,N/A,N/A,N/A,N/A,N/A,N/A,unavailable,N/A,0.0,N/A,0.0,N/A,N/A,N/A,N/A,unavailable,1102.0,N/A,N/A,10215.0,S18_2957,Hidden,56.21,6.0,N/A,N/A,N/A,N/A,None,unavailable,N/A,N/A,N/A,None,None,N/A,N/A,N/A,N/A,None,Hidden,N/A,N/A
orderdetails,0.0,N/A,N/A,N/A,N/A,N/A,N/A,N/A,N/A,unavailable,N/A,0.0,N/A,0.0,N/A,N/A,N/A,N/A,unavailable,1102.0,N/A,N/A,10215.0,S18_3136,Hidden,89.01,5.0,N/A,N/A,N/A,N/A,None,unavailable,N/A,N/A,N/A,None,None,N/A,N/A,N/A,N/A,None,Hidden,N/A,N/A
orderdetails,0.0,N/A,N/A,N/A,N/A,N/A,N/A,N/A,N/A,unavailable,N/A,0.0,N/A,0.0,N/A,N/A,N/A,N/A,unavailable,1102.0,N/A,N/A,10215.0,S18_3320,Hidden,84.33,8.0,N/A,N/A,N/A,N/A,None,unavailable,N/A,N/A,N/A,None,None,N/A,N/A,N/A,N/A,None,Hidden,N/A,N/A
orderdetails,0.0,N/A,N/A,N/A,N/A,N/A,N/A,N/A,N/A,unavailable,N/A,0.0,N/A,0.0,N/A,N/A,N/A,N/A,unavailable,1102.0,N/A,N/A,10215.0,S18_4668,Hidden,42.76,1.0,N/A,N/A,N/A,N/A,None,unavailable,N/A,N/A,N/A,None,None,N/A,N/A,N/A,N/A,None,Hidden,N/A,N/A
orderdetails,0.0,N/A,N/A,N/A,N/A,N/A,N/A,N/A,N/A,unavailable,N/A,0.0,N/A,0.0,N/A,N/A,N/A,N/A,unavailable,1102.0,N/A,N/A,10215.0,S24_4258,Hidden,94.47,7.0,N/A,N/A,N/A,N/A,None,unavailable,N/A,N/A,N/A,None,None,N/A,N/A,N/A,N/A,None,Hidden,N/A,N/A
orderdetails,0.0,N/A,N/A,N/A,N/A,N/A,N/A,N/A,N/A,unavailable,N/A,0.0,N/A,0.0,N/A,N/A,N/A,N/A,unavailable,1102.0,N/A,N/A,10216.0,S12_1666,Hidden,133.94,1.0,N/A,N/A,N/A,N/A,None,unavailable,N/A,N/A,N/A,None,None,N/A,N/A,N/A,N/A,None,Hidden,N/A,N/A
orderdetails,0.0,N/A,N/A,N/A,N/A,N/A,N/A,N/A,N/A,unavailable,N/A,0.0,N/A,0.0,N/A,N/A,N/A,N/A,unavailable,1102.0,N/A,N/A,10217.0,S10_4962,Hidden,132.97,4.0,N/A,N/A,N/A,N/A,None,unavailable,N/A,N/A,N/A,None,None,N/A,N/A,N/A,N/A,None,Hidden,N/A,N/A
orderdetails,0.0,N/A,N/A,N/A,N/A,N/A,N/A,N/A,N/A,unavailable,N/A,0.0,N/A,0.0,N/A,N/A,N/A,N/A,unavailable,1102.0,N/A,N/A,10217.0,S18_2432,Hidden,58.34,2.0,N/A,N/A,N/A,N/A,None,unavailable,N/A,N/A,N/A,None,None,N/A,N/A,N/A,N/A,None,Hidden,N/A,N/A
orderdetails,0.0,N/A,N/A,N/A,N/A,N/A,N/A,N/A,N/A,unavailable,N/A,0.0,N/A,0.0,N/A,N/A,N/A,N/A,unavailable,1102.0,N/A,N/A,10217.0,S18_4600,Hidden,118.66,5.0,N/A,N/A,N/A,N/A,None,unavailable,N/A,N/A,N/A,None,None,N/A,N/A,N/A,N/A,None,Hidden,N/A,N/A
orderdetails,0.0,N/A,N/A,N/A,N/A,N/A,N/A,N/A,N/A,unavailable,N/A,0.0,N/A,0.0,N/A,N/A,N/A,N/A,unavailable,1102.0,N/A,N/A,10217.0,S24_2300,Hidden,103.51,1.0,N/A,N/A,N/A,N/A,None,unavailable,N/A,N/A,N/A,None,None,N/A,N/A,N/A,N/A,None,Hidden,N/A,N/A
orderdetails,0.0,N/A,N/A,N/A,N/A,N/A,N/A,N/A,N/A,unavailable,N/A,0.0,N/A,0.0,N/A,N/A,N/A,N/A,unavailable,1102.0,N/A,N/A,10217.0,S32_1268,Hidden,78.97,3.0,N/A,N/A,N/A,N/A,None,unavailable,N/A,N/A,N/A,None,None,N/A,N/A,N/A,N/A,None,Hidden,N/A,N/A
orderdetails,0.0,N/A,N/A,N/A,N/A,N/A,N/A,N/A,N/A,unavailable,N/A,0.0,N/A,0.0,N/A,N/A,N/A,N/A,unavailable,1102.0,N/A,N/A,10217.0,S32_3522,Hidden,56.24,7.0,N/A,N/A,N/A,N/A,None,unavailable,N/A,N/A,N/A,None,None,N/A,N/A,N/A,N/A,None,Hidden,N/A,N/A
orderdetails,0.0,N/A,N/A,N/A,N/A,N/A,N/A,N/A,N/A,unavailable,N/A,0.0,N/A,0.0,N/A,N/A,N/A,N/A,unavailable,1102.0,N/A,N/A,10217.0,S700_2824,Hidden,90.02,6.0,N/A,N/A,N/A,N/A,None,unavailable,N/A,N/A,N/A,None,None,N/A,N/A,N/A,N/A,None,Hidden,N/A,N/A
orderdetails,0.0,N/A,N/A,N/A,N/A,N/A,N/A,N/A,N/A,unavailable,N/A,0.0,N/A,0.0,N/A,N/A,N/A,N/A,unavailable,1102.0,N/A,N/A,10218.0,S18_2319,Hidden,110.46,1.0,N/A,N/A,N/A,N/A,None,unavailable,N/A,N/A,N/A,None,None,N/A,N/A,N/A,N/A,None,Hidden,N/A,N/A
orderdetails,0.0,N/A,N/A,N/A,N/A,N/A,N/A,N/A,N/A,unavailable,N/A,0.0,N/A,0.0,N/A,N/A,N/A,N/A,unavailable,1102.0,N/A,N/A,10218.0,S18_3232,Hidden,152.41,2.0,N/A,N/A,N/A,N/A,None,unavailable,N/A,N/A,N/A,None,None,N/A,N/A,N/A,N/A,None,Hidden,N/A,N/A
orderdetails,0.0,N/A,N/A,N/A,N/A,N/A,N/A,N/A,N/A,unavailable,N/A,0.0,N/A,0.0,N/A,N/A,N/A,N/A,unavailable,1102.0,N/A,N/A,10219.0,S12_4473,Hidden,94.80,2.0,N/A,N/A,N/A,N/A,None,unavailable,N/A,N/A,N/A,None,None,N/A,N/A,N/A,N/A,None,Hidden,N/A,N/A
orderdetails,0.0,N/A,N/A,N/A,N/A,N/A,N/A,N/A,N/A,unavailable,N/A,0.0,N/A,0.0,N/A,N/A,N/A,N/A,unavailable,1102.0,N/A,N/A,10219.0,S18_2238,Hidden,132.62,1.0,N/A,N/A,N/A,N/A,None,unavailable,N/A,N/A,N/A,None,None,N/A,N/A,N/A,N/A,None,Hidden,N/A,N/A
orderdetails,0.0,N/A,N/A,N/A,N/A,N/A,N/A,N/A,N/A,unavailable,N/A,0.0,N/A,0.0,N/A,N/A,N/A,N/A,unavailable,1102.0,N/A,N/A,10219.0,S24_2840,Hidden,31.12,3.0,N/A,N/A,N/A,N/A,None,unavailable,N/A,N/A,N/A,None,None,N/A,N/A,N/A,N/A,None,Hidden,N/A,N/A
orderdetails,0.0,N/A,N/A,N/A,N/A,N/A,N/A,N/A,N/A,unavailable,N/A,0.0,N/A,0.0,N/A,N/A,N/A,N/A,unavailable,1102.0,N/A,N/A,10219.0,S32_2509,Hidden,47.62,4.0,N/A,N/A,N/A,N/A,None,unavailable,N/A,N/A,N/A,None,None,N/A,N/A,N/A,N/A,None,Hidden,N/A,N/A
orderdetails,0.0,N/A,N/A,N/A,N/A,N/A,N/A,N/A,N/A,unavailable,N/A,0.0,N/A,0.0,N/A,N/A,N/A,N/A,unavailable,1102.0,N/A,N/A,10220.0,S12_1108,Hidden,189.10,2.0,N/A,N/A,N/A,N/A,None,unavailable,N/A,N/A,N/A,None,None,N/A,N/A,N/A,N/A,None,Hidden,N/A,N/A
orderdetails,0.0,N/A,N/A,N/A,N/A,N/A,N/A,N/A,N/A,unavailable,N/A,0.0,N/A,0.0,N/A,N/A,N/A,N/A,unavailable,1102.0,N/A,N/A,10220.0,S12_3148,Hidden,151.08,3.0,N/A,N/A,N/A,N/A,None,unavailable,N/A,N/A,N/A,None,None,N/A,N/A,N/A,N/A,None,Hidden,N/A,N/A
orderdetails,0.0,N/A,N/A,N/A,N/A,N/A,N/A,N/A,N/A,unavailable,N/A,0.0,N/A,0.0,N/A,N/A,N/A,N/A,unavailable,1102.0,N/A,N/A,10220.0,S12_3891,Hidden,166.10,1.0,N/A,N/A,N/A,N/A,None,unavailable,N/A,N/A,N/A,None,None,N/A,N/A,N/A,N/A,None,Hidden,N/A,N/A
orderdetails,0.0,N/A,N/A,N/A,N/A,N/A,N/A,N/A,N/A,unavailable,N/A,0.0,N/A,0.0,N/A,N/A,N/A,N/A,unavailable,1102.0,N/A,N/A,10220.0,S18_4027,Hidden,126.39,5.0,N/A,N/A,N/A,N/A,None,unavailable,N/A,N/A,N/A,None,None,N/A,N/A,N/A,N/A,None,Hidden,N/A,N/A
orderdetails,0.0,N/A,N/A,N/A,N/A,N/A,N/A,N/A,N/A,unavailable,N/A,0.0,N/A,0.0,N/A,N/A,N/A,N/A,unavailable,1102.0,N/A,N/A,10220.0,S24_1444,Hidden,48.55,8.0,N/A,N/A,N/A,N/A,None,unavailable,N/A,N/A,N/A,None,None,N/A,N/A,N/A,N/A,None,Hidden,N/A,N/A
orderdetails,0.0,N/A,N/A,N/A,N/A,N/A,N/A,N/A,N/A,unavailable,N/A,0.0,N/A,0.0,N/A,N/A,N/A,N/A,unavailable,1102.0,N/A,N/A,10220.0,S24_4048,Hidden,101.72,7.0,N/A,N/A,N/A,N/A,None,unavailable,N/A,N/A,N/A,None,None,N/A,N/A,N/A,N/A,None,Hidden,N/A,N/A
orderdetails,0.0,N/A,N/A,N/A,N/A,N/A,N/A,N/A,N/A,unavailable,N/A,0.0,N/A,0.0,N/A,N/A,N/A,N/A,unavailable,1102.0,N/A,N/A,10220.0,S32_3207,Hidden,49.71,6.0,N/A,N/A,N/A,N/A,None,unavailable,N/A,N/A,N/A,None,None,N/A,N/A,N/A,N/A,None,Hidden,N/A,N/A
orderdetails,0.0,N/A,N/A,N/A,N/A,N/A,N/A,N/A,N/A,unavailable,N/A,0.0,N/A,0.0,N/A,N/A,N/A,N/A,unavailable,1102.0,N/A,N/A,10220.0,S50_1392,Hidden,92.60,9.0,N/A,N/A,N/A,N/A,None,unavailable,N/A,N/A,N/A,None,None,N/A,N/A,N/A,N/A,None,Hidden,N/A,N/A
orderdetails,0.0,N/A,N/A,N/A,N/A,N/A,N/A,N/A,N/A,unavailable,N/A,0.0,N/A,0.0,N/A,N/A,N/A,N/A,unavailable,1102.0,N/A,N/A,10220.0,S50_1514,Hidden,56.82,4.0,N/A,N/A,N/A,N/A,None,unavailable,N/A,N/A,N/A,None,None,N/A,N/A,N/A,N/A,None,Hidden,N/A,N/A
orderdetails,0.0,N/A,N/A,N/A,N/A,N/A,N/A,N/A,N/A,unavailable,N/A,0.0,N/A,0.0,N/A,N/A,N/A,N/A,unavailable,1102.0,N/A,N/A,10221.0,S18_3140,Hidden,133.86,3.0,N/A,N/A,N/A,N/A,None,unavailable,N/A,N/A,N/A,None,None,N/A,N/A,N/A,N/A,None,Hidden,N/A,N/A
orderdetails,0.0,N/A,N/A,N/A,N/A,N/A,N/A,N/A,N/A,unavailable,N/A,0.0,N/A,0.0,N/A,N/A,N/A,N/A,unavailable,1102.0,N/A,N/A,10221.0,S18_3259,Hidden,89.75,5.0,N/A,N/A,N/A,N/A,None,unavailable,N/A,N/A,N/A,None,None,N/A,N/A,N/A,N/A,None,Hidden,N/A,N/A
orderdetails,0.0,N/A,N/A,N/A,N/A,N/A,N/A,N/A,N/A,unavailable,N/A,0.0,N/A,0.0,N/A,N/A,N/A,N/A,unavailable,1102.0,N/A,N/A,10221.0,S18_4522,Hidden,84.26,2.0,N/A,N/A,N/A,N/A,None,unavailable,N/A,N/A,N/A,None,None,N/A,N/A,N/A,N/A,None,Hidden,N/A,N/A
orderdetails,0.0,N/A,N/A,N/A,N/A,N/A,N/A,N/A,N/A,unavailable,N/A,0.0,N/A,0.0,N/A,N/A,N/A,N/A,unavailable,1102.0,N/A,N/A,10221.0,S24_2011,Hidden,113.06,1.0,N/A,N/A,N/A,N/A,None,unavailable,N/A,N/A,N/A,None,None,N/A,N/A,N/A,N/A,None,Hidden,N/A,N/A
orderdetails,0.0,N/A,N/A,N/A,N/A,N/A,N/A,N/A,N/A,unavailable,N/A,0.0,N/A,0.0,N/A,N/A,N/A,N/A,unavailable,1102.0,N/A,N/A,10221.0,S700_1938,Hidden,69.29,4.0,N/A,N/A,N/A,N/A,None,unavailable,N/A,N/A,N/A,None,None,N/A,N/A,N/A,N/A,None,Hidden,N/A,N/A
orderdetails,0.0,N/A,N/A,N/A,N/A,N/A,N/A,N/A,N/A,unavailable,N/A,0.0,N/A,0.0,N/A,N/A,N/A,N/A,unavailable,1102.0,N/A,N/A,10222.0,S10_4757,Hidden,133.28,12.0,N/A,N/A,N/A,N/A,None,unavailable,N/A,N/A,N/A,None,None,N/A,N/A,N/A,N/A,None,Hidden,N/A,N/A
orderdetails,0.0,N/A,N/A,N/A,N/A,N/A,N/A,N/A,N/A,unavailable,N/A,0.0,N/A,0.0,N/A,N/A,N/A,N/A,unavailable,1102.0,N/A,N/A,10222.0,S18_1662,Hidden,137.19,4.0,N/A,N/A,N/A,N/A,None,unavailable,N/A,N/A,N/A,None,None,N/A,N/A,N/A,N/A,None,Hidden,N/A,N/A
orderdetails,0.0,N/A,N/A,N/A,N/A,N/A,N/A,N/A,N/A,unavailable,N/A,0.0,N/A,0.0,N/A,N/A,N/A,N/A,unavailable,1102.0,N/A,N/A,10222.0,S18_3029,Hidden,79.14,10.0,N/A,N/A,N/A,N/A,None,unavailable,N/A,N/A,N/A,None,None,N/A,N/A,N/A,N/A,None,Hidden,N/A,N/A
orderdetails,0.0,N/A,N/A,N/A,N/A,N/A,N/A,N/A,N/A,unavailable,N/A,0.0,N/A,0.0,N/A,N/A,N/A,N/A,unavailable,1102.0,N/A,N/A,10222.0,S18_3856,Hidden,88.93,9.0,N/A,N/A,N/A,N/A,None,unavailable,N/A,N/A,N/A,None,None,N/A,N/A,N/A,N/A,None,Hidden,N/A,N/A
orderdetails,0.0,N/A,N/A,N/A,N/A,N/A,N/A,N/A,N/A,unavailable,N/A,0.0,N/A,0.0,N/A,N/A,N/A,N/A,unavailable,1102.0,N/A,N/A,10222.0,S24_2841,Hidden,56.86,5.0,N/A,N/A,N/A,N/A,None,unavailable,N/A,N/A,N/A,None,None,N/A,N/A,N/A,N/A,None,Hidden,N/A,N/A
orderdetails,0.0,N/A,N/A,N/A,N/A,N/A,N/A,N/A,N/A,unavailable,N/A,0.0,N/A,0.0,N/A,N/A,N/A,N/A,unavailable,1102.0,N/A,N/A,10222.0,S24_3151,Hidden,74.35,14.0,N/A,N/A,N/A,N/A,None,unavailable,N/A,N/A,N/A,None,None,N/A,N/A,N/A,N/A,None,Hidden,N/A,N/A
orderdetails,0.0,N/A,N/A,N/A,N/A,N/A,N/A,N/A,N/A,unavailable,N/A,0.0,N/A,0.0,N/A,N/A,N/A,N/A,unavailable,1102.0,N/A,N/A,10222.0,S24_3420,Hidden,61.15,6.0,N/A,N/A,N/A,N/A,None,unavailable,N/A,N/A,N/A,None,None,N/A,N/A,N/A,N/A,None,Hidden,N/A,N/A
orderdetails,0.0,N/A,N/A,N/A,N/A,N/A,N/A,N/A,N/A,unavailable,N/A,0.0,N/A,0.0,N/A,N/A,N/A,N/A,unavailable,1102.0,N/A,N/A,10222.0,S24_3816,Hidden,77.99,11.0,N/A,N/A,N/A,N/A,None,unavailable,N/A,N/A,N/A,None,None,N/A,N/A,N/A,N/A,None,Hidden,N/A,N/A
orderdetails,0.0,N/A,N/A,N/A,N/A,N/A,N/A,N/A,N/A,unavailable,N/A,0.0,N/A,0.0,N/A,N/A,N/A,N/A,unavailable,1102.0,N/A,N/A,10222.0,S24_3949,Hidden,55.27,3.0,N/A,N/A,N/A,N/A,None,unavailable,N/A,N/A,N/A,None,None,N/A,N/A,N/A,N/A,None,Hidden,N/A,N/A
orderdetails,0.0,N/A,N/A,N/A,N/A,N/A,N/A,N/A,N/A,unavailable,N/A,0.0,N/A,0.0,N/A,N/A,N/A,N/A,unavailable,1102.0,N/A,N/A,10222.0,S700_1138,Hidden,58.67,15.0,N/A,N/A,N/A,N/A,None,unavailable,N/A,N/A,N/A,None,None,N/A,N/A,N/A,N/A,None,Hidden,N/A,N/A
orderdetails,0.0,N/A,N/A,N/A,N/A,N/A,N/A,N/A,N/A,unavailable,N/A,0.0,N/A,0.0,N/A,N/A,N/A,N/A,unavailable,1102.0,N/A,N/A,10222.0,S700_2047,Hidden,80.56,8.0,N/A,N/A,N/A,N/A,None,unavailable,N/A,N/A,N/A,None,None,N/A,N/A,N/A,N/A,None,Hidden,N/A,N/A
orderdetails,0.0,N/A,N/A,N/A,N/A,N/A,N/A,N/A,N/A,unavailable,N/A,0.0,N/A,0.0,N/A,N/A,N/A,N/A,unavailable,1102.0,N/A,N/A,10222.0,S700_2466,Hidden,90.75,1.0,N/A,N/A,N/A,N/A,None,unavailable,N/A,N/A,N/A,None,None,N/A,N/A,N/A,N/A,None,Hidden,N/A,N/A
orderdetails,0.0,N/A,N/A,N/A,N/A,N/A,N/A,N/A,N/A,unavailable,N/A,0.0,N/A,0.0,N/A,N/A,N/A,N/A,unavailable,1102.0,N/A,N/A,10222.0,S700_2610,Hidden,69.39,13.0,N/A,N/A,N/A,N/A,None,unavailable,N/A,N/A,N/A,None,None,N/A,N/A,N/A,N/A,None,Hidden,N/A,N/A
orderdetails,0.0,N/A,N/A,N/A,N/A,N/A,N/A,N/A,N/A,unavailable,N/A,0.0,N/A,0.0,N/A,N/A,N/A,N/A,unavailable,1102.0,N/A,N/A,10222.0,S700_3505,Hidden,84.14,16.0,N/A,N/A,N/A,N/A,None,unavailable,N/A,N/A,N/A,None,None,N/A,N/A,N/A,N/A,None,Hidden,N/A,N/A
orderdetails,0.0,N/A,N/A,N/A,N/A,N/A,N/A,N/A,N/A,unavailable,N/A,0.0,N/A,0.0,N/A,N/A,N/A,N/A,unavailable,1102.0,N/A,N/A,10222.0,S700_3962,Hidden,81.43,17.0,N/A,N/A,N/A,N/A,None,unavailable,N/A,N/A,N/A,None,None,N/A,N/A,N/A,N/A,None,Hidden,N/A,N/A
orderdetails,0.0,N/A,N/A,N/A,N/A,N/A,N/A,N/A,N/A,unavailable,N/A,0.0,N/A,0.0,N/A,N/A,N/A,N/A,unavailable,1102.0,N/A,N/A,10222.0,S700_4002,Hidden,66.63,2.0,N/A,N/A,N/A,N/A,None,unavailable,N/A,N/A,N/A,None,None,N/A,N/A,N/A,N/A,None,Hidden,N/A,N/A
orderdetails,0.0,N/A,N/A,N/A,N/A,N/A,N/A,N/A,N/A,unavailable,N/A,0.0,N/A,0.0,N/A,N/A,N/A,N/A,unavailable,1102.0,N/A,N/A,10222.0,S72_1253,Hidden,45.19,7.0,N/A,N/A,N/A,N/A,None,unavailable,N/A,N/A,N/A,None,None,N/A,N/A,N/A,N/A,None,Hidden,N/A,N/A
orderdetails,0.0,N/A,N/A,N/A,N/A,N/A,N/A,N/A,N/A,unavailable,N/A,0.0,N/A,0.0,N/A,N/A,N/A,N/A,unavailable,1102.0,N/A,N/A,10222.0,S72_3212,Hidden,48.59,18.0,N/A,N/A,N/A,N/A,None,unavailable,N/A,N/A,N/A,None,None,N/A,N/A,N/A,N/A,None,Hidden,N/A,N/A
orderdetails,0.0,N/A,N/A,N/A,N/A,N/A,N/A,N/A,N/A,unavailable,N/A,0.0,N/A,0.0,N/A,N/A,N/A,N/A,unavailable,1102.0,N/A,N/A,10223.0,S10_1678,Hidden,80.39,1.0,N/A,N/A,N/A,N/A,None,unavailable,N/A,N/A,N/A,None,None,N/A,N/A,N/A,N/A,None,Hidden,N/A,N/A
orderdetails,0.0,N/A,N/A,N/A,N/A,N/A,N/A,N/A,N/A,unavailable,N/A,0.0,N/A,0.0,N/A,N/A,N/A,N/A,unavailable,1102.0,N/A,N/A,10223.0,S10_2016,Hidden,110.61,4.0,N/A,N/A,N/A,N/A,None,unavailable,N/A,N/A,N/A,None,None,N/A,N/A,N/A,N/A,None,Hidden,N/A,N/A
orderdetails,0.0,N/A,N/A,N/A,N/A,N/A,N/A,N/A,N/A,unavailable,N/A,0.0,N/A,0.0,N/A,N/A,N/A,N/A,unavailable,1102.0,N/A,N/A,10223.0,S10_4698,Hidden,189.79,3.0,N/A,N/A,N/A,N/A,None,unavailable,N/A,N/A,N/A,None,None,N/A,N/A,N/A,N/A,None,Hidden,N/A,N/A
orderdetails,0.0,N/A,N/A,N/A,N/A,N/A,N/A,N/A,N/A,unavailable,N/A,0.0,N/A,0.0,N/A,N/A,N/A,N/A,unavailable,1102.0,N/A,N/A,10223.0,S18_2581,Hidden,67.58,9.0,N/A,N/A,N/A,N/A,None,unavailable,N/A,N/A,N/A,None,None,N/A,N/A,N/A,N/A,None,Hidden,N/A,N/A
orderdetails,0.0,N/A,N/A,N/A,N/A,N/A,N/A,N/A,N/A,unavailable,N/A,0.0,N/A,0.0,N/A,N/A,N/A,N/A,unavailable,1102.0,N/A,N/A,10223.0,S18_2625,Hidden,58.75,5.0,N/A,N/A,N/A,N/A,None,unavailable,N/A,N/A,N/A,None,None,N/A,N/A,N/A,N/A,None,Hidden,N/A,N/A
orderdetails,0.0,N/A,N/A,N/A,N/A,N/A,N/A,N/A,N/A,unavailable,N/A,0.0,N/A,0.0,N/A,N/A,N/A,N/A,unavailable,1102.0,N/A,N/A,10223.0,S24_1578,Hidden,104.81,2.0,N/A,N/A,N/A,N/A,None,unavailable,N/A,N/A,N/A,None,None,N/A,N/A,N/A,N/A,None,Hidden,N/A,N/A
orderdetails,0.0,N/A,N/A,N/A,N/A,N/A,N/A,N/A,N/A,unavailable,N/A,0.0,N/A,0.0,N/A,N/A,N/A,N/A,unavailable,1102.0,N/A,N/A,10223.0,S24_1785,Hidden,87.54,11.0,N/A,N/A,N/A,N/A,None,unavailable,N/A,N/A,N/A,None,None,N/A,N/A,N/A,N/A,None,Hidden,N/A,N/A
orderdetails,0.0,N/A,N/A,N/A,N/A,N/A,N/A,N/A,N/A,unavailable,N/A,0.0,N/A,0.0,N/A,N/A,N/A,N/A,unavailable,1102.0,N/A,N/A,10223.0,S24_2000,Hidden,60.94,6.0,N/A,N/A,N/A,N/A,None,unavailable,N/A,N/A,N/A,None,None,N/A,N/A,N/A,N/A,None,Hidden,N/A,N/A
orderdetails,0.0,N/A,N/A,N/A,N/A,N/A,N/A,N/A,N/A,unavailable,N/A,0.0,N/A,0.0,N/A,N/A,N/A,N/A,unavailable,1102.0,N/A,N/A,10223.0,S24_4278,Hidden,68.10,10.0,N/A,N/A,N/A,N/A,None,unavailable,N/A,N/A,N/A,None,None,N/A,N/A,N/A,N/A,None,Hidden,N/A,N/A
orderdetails,0.0,N/A,N/A,N/A,N/A,N/A,N/A,N/A,N/A,unavailable,N/A,0.0,N/A,0.0,N/A,N/A,N/A,N/A,unavailable,1102.0,N/A,N/A,10223.0,S32_1374,Hidden,90.90,7.0,N/A,N/A,N/A,N/A,None,unavailable,N/A,N/A,N/A,None,None,N/A,N/A,N/A,N/A,None,Hidden,N/A,N/A
orderdetails,0.0,N/A,N/A,N/A,N/A,N/A,N/A,N/A,N/A,unavailable,N/A,0.0,N/A,0.0,N/A,N/A,N/A,N/A,unavailable,1102.0,N/A,N/A,10223.0,S32_4289,Hidden,66.73,12.0,N/A,N/A,N/A,N/A,None,unavailable,N/A,N/A,N/A,None,None,N/A,N/A,N/A,N/A,None,Hidden,N/A,N/A
orderdetails,0.0,N/A,N/A,N/A,N/A,N/A,N/A,N/A,N/A,unavailable,N/A,0.0,N/A,0.0,N/A,N/A,N/A,N/A,unavailable,1102.0,N/A,N/A,10223.0,S50_1341,Hidden,41.02,13.0,N/A,N/A,N/A,N/A,None,unavailable,N/A,N/A,N/A,None,None,N/A,N/A,N/A,N/A,None,Hidden,N/A,N/A
orderdetails,0.0,N/A,N/A,N/A,N/A,N/A,N/A,N/A,N/A,unavailable,N/A,0.0,N/A,0.0,N/A,N/A,N/A,N/A,unavailable,1102.0,N/A,N/A,10223.0,S700_1691,Hidden,84.03,14.0,N/A,N/A,N/A,N/A,None,unavailable,N/A,N/A,N/A,None,None,N/A,N/A,N/A,N/A,None,Hidden,N/A,N/A
orderdetails,0.0,N/A,N/A,N/A,N/A,N/A,N/A,N/A,N/A,unavailable,N/A,0.0,N/A,0.0,N/A,N/A,N/A,N/A,unavailable,1102.0,N/A,N/A,10223.0,S700_2834,Hidden,113.90,8.0,N/A,N/A,N/A,N/A,None,unavailable,N/A,N/A,N/A,None,None,N/A,N/A,N/A,N/A,None,Hidden,N/A,N/A
orderdetails,0.0,N/A,N/A,N/A,N/A,N/A,N/A,N/A,N/A,unavailable,N/A,0.0,N/A,0.0,N/A,N/A,N/A,N/A,unavailable,1102.0,N/A,N/A,10223.0,S700_3167,Hidden,79.20,15.0,N/A,N/A,N/A,N/A,None,unavailable,N/A,N/A,N/A,None,None,N/A,N/A,N/A,N/A,None,Hidden,N/A,N/A
orderdetails,0.0,N/A,N/A,N/A,N/A,N/A,N/A,N/A,N/A,unavailable,N/A,0.0,N/A,0.0,N/A,N/A,N/A,N/A,unavailable,1102.0,N/A,N/A,10224.0,S12_2823,Hidden,141.58,6.0,N/A,N/A,N/A,N/A,None,unavailable,N/A,N/A,N/A,None,None,N/A,N/A,N/A,N/A,None,Hidden,N/A,N/A
orderdetails,0.0,N/A,N/A,N/A,N/A,N/A,N/A,N/A,N/A,unavailable,N/A,0.0,N/A,0.0,N/A,N/A,N/A,N/A,unavailable,1102.0,N/A,N/A,10224.0,S18_3782,Hidden,57.20,1.0,N/A,N/A,N/A,N/A,None,unavailable,N/A,N/A,N/A,None,None,N/A,N/A,N/A,N/A,None,Hidden,N/A,N/A
orderdetails,0.0,N/A,N/A,N/A,N/A,N/A,N/A,N/A,N/A,unavailable,N/A,0.0,N/A,0.0,N/A,N/A,N/A,N/A,unavailable,1102.0,N/A,N/A,10224.0,S24_2360,Hidden,60.26,4.0,N/A,N/A,N/A,N/A,None,unavailable,N/A,N/A,N/A,None,None,N/A,N/A,N/A,N/A,None,Hidden,N/A,N/A
orderdetails,0.0,N/A,N/A,N/A,N/A,N/A,N/A,N/A,N/A,unavailable,N/A,0.0,N/A,0.0,N/A,N/A,N/A,N/A,unavailable,1102.0,N/A,N/A,10224.0,S32_2206,Hidden,37.01,2.0,N/A,N/A,N/A,N/A,None,unavailable,N/A,N/A,N/A,None,None,N/A,N/A,N/A,N/A,None,Hidden,N/A,N/A
orderdetails,0.0,N/A,N/A,N/A,N/A,N/A,N/A,N/A,N/A,unavailable,N/A,0.0,N/A,0.0,N/A,N/A,N/A,N/A,unavailable,1102.0,N/A,N/A,10224.0,S32_4485,Hidden,94.91,5.0,N/A,N/A,N/A,N/A,None,unavailable,N/A,N/A,N/A,None,None,N/A,N/A,N/A,N/A,None,Hidden,N/A,N/A
orderdetails,0.0,N/A,N/A,N/A,N/A,N/A,N/A,N/A,N/A,unavailable,N/A,0.0,N/A,0.0,N/A,N/A,N/A,N/A,unavailable,1102.0,N/A,N/A,10224.0,S50_4713,Hidden,81.36,3.0,N/A,N/A,N/A,N/A,None,unavailable,N/A,N/A,N/A,None,None,N/A,N/A,N/A,N/A,None,Hidden,N/A,N/A
orderdetails,0.0,N/A,N/A,N/A,N/A,N/A,N/A,N/A,N/A,unavailable,N/A,0.0,N/A,0.0,N/A,N/A,N/A,N/A,unavailable,1102.0,N/A,N/A,10225.0,S12_1099,Hidden,157.60,9.0,N/A,N/A,N/A,N/A,None,unavailable,N/A,N/A,N/A,None,None,N/A,N/A,N/A,N/A,None,Hidden,N/A,N/A
orderdetails,0.0,N/A,N/A,N/A,N/A,N/A,N/A,N/A,N/A,unavailable,N/A,0.0,N/A,0.0,N/A,N/A,N/A,N/A,unavailable,1102.0,N/A,N/A,10225.0,S12_3380,Hidden,101.00,7.0,N/A,N/A,N/A,N/A,None,unavailable,N/A,N/A,N/A,None,None,N/A,N/A,N/A,N/A,None,Hidden,N/A,N/A
orderdetails,0.0,N/A,N/A,N/A,N/A,N/A,N/A,N/A,N/A,unavailable,N/A,0.0,N/A,0.0,N/A,N/A,N/A,N/A,unavailable,1102.0,N/A,N/A,10225.0,S12_3990,Hidden,64.64,10.0,N/A,N/A,N/A,N/A,None,unavailable,N/A,N/A,N/A,None,None,N/A,N/A,N/A,N/A,None,Hidden,N/A,N/A
orderdetails,0.0,N/A,N/A,N/A,N/A,N/A,N/A,N/A,N/A,unavailable,N/A,0.0,N/A,0.0,N/A,N/A,N/A,N/A,unavailable,1102.0,N/A,N/A,10225.0,S12_4675,Hidden,100.19,6.0,N/A,N/A,N/A,N/A,None,unavailable,N/A,N/A,N/A,None,None,N/A,N/A,N/A,N/A,None,Hidden,N/A,N/A
orderdetails,0.0,N/A,N/A,N/A,N/A,N/A,N/A,N/A,N/A,unavailable,N/A,0.0,N/A,0.0,N/A,N/A,N/A,N/A,unavailable,1102.0,N/A,N/A,10225.0,S18_1129,Hidden,116.06,1.0,N/A,N/A,N/A,N/A,None,unavailable,N/A,N/A,N/A,None,None,N/A,N/A,N/A,N/A,None,Hidden,N/A,N/A
orderdetails,0.0,N/A,N/A,N/A,N/A,N/A,N/A,N/A,N/A,unavailable,N/A,0.0,N/A,0.0,N/A,N/A,N/A,N/A,unavailable,1102.0,N/A,N/A,10225.0,S18_1889,Hidden,71.61,5.0,N/A,N/A,N/A,N/A,None,unavailable,N/A,N/A,N/A,None,None,N/A,N/A,N/A,N/A,None,Hidden,N/A,N/A
orderdetails,0.0,N/A,N/A,N/A,N/A,N/A,N/A,N/A,N/A,unavailable,N/A,0.0,N/A,0.0,N/A,N/A,N/A,N/A,unavailable,1102.0,N/A,N/A,10225.0,S18_3232,Hidden,162.57,2.0,N/A,N/A,N/A,N/A,None,unavailable,N/A,N/A,N/A,None,None,N/A,N/A,N/A,N/A,None,Hidden,N/A,N/A
orderdetails,0.0,N/A,N/A,N/A,N/A,N/A,N/A,N/A,N/A,unavailable,N/A,0.0,N/A,0.0,N/A,N/A,N/A,N/A,unavailable,1102.0,N/A,N/A,10225.0,S18_3278,Hidden,69.96,12.0,N/A,N/A,N/A,N/A,None,unavailable,N/A,N/A,N/A,None,None,N/A,N/A,N/A,N/A,None,Hidden,N/A,N/A
orderdetails,0.0,N/A,N/A,N/A,N/A,N/A,N/A,N/A,N/A,unavailable,N/A,0.0,N/A,0.0,N/A,N/A,N/A,N/A,unavailable,1102.0,N/A,N/A,10225.0,S18_3482,Hidden,119.06,11.0,N/A,N/A,N/A,N/A,None,unavailable,N/A,N/A,N/A,None,None,N/A,N/A,N/A,N/A,None,Hidden,N/A,N/A
orderdetails,0.0,N/A,N/A,N/A,N/A,N/A,N/A,N/A,N/A,unavailable,N/A,0.0,N/A,0.0,N/A,N/A,N/A,N/A,unavailable,1102.0,N/A,N/A,10225.0,S18_4721,Hidden,135.41,14.0,N/A,N/A,N/A,N/A,None,unavailable,N/A,N/A,N/A,None,None,N/A,N/A,N/A,N/A,None,Hidden,N/A,N/A
orderdetails,0.0,N/A,N/A,N/A,N/A,N/A,N/A,N/A,N/A,unavailable,N/A,0.0,N/A,0.0,N/A,N/A,N/A,N/A,unavailable,1102.0,N/A,N/A,10225.0,S24_2972,Hidden,34.74,3.0,N/A,N/A,N/A,N/A,None,unavailable,N/A,N/A,N/A,None,None,N/A,N/A,N/A,N/A,None,Hidden,N/A,N/A
orderdetails,0.0,N/A,N/A,N/A,N/A,N/A,N/A,N/A,N/A,unavailable,N/A,0.0,N/A,0.0,N/A,N/A,N/A,N/A,unavailable,1102.0,N/A,N/A,10225.0,S24_3371,Hidden,51.43,8.0,N/A,N/A,N/A,N/A,None,unavailable,N/A,N/A,N/A,None,None,N/A,N/A,N/A,N/A,None,Hidden,N/A,N/A
orderdetails,0.0,N/A,N/A,N/A,N/A,N/A,N/A,N/A,N/A,unavailable,N/A,0.0,N/A,0.0,N/A,N/A,N/A,N/A,unavailable,1102.0,N/A,N/A,10225.0,S24_3856,Hidden,130.60,4.0,N/A,N/A,N/A,N/A,None,unavailable,N/A,N/A,N/A,None,None,N/A,N/A,N/A,N/A,None,Hidden,N/A,N/A
orderdetails,0.0,N/A,N/A,N/A,N/A,N/A,N/A,N/A,N/A,unavailable,N/A,0.0,N/A,0.0,N/A,N/A,N/A,N/A,unavailable,1102.0,N/A,N/A,10225.0,S24_4620,Hidden,77.61,13.0,N/A,N/A,N/A,N/A,None,unavailable,N/A,N/A,N/A,None,None,N/A,N/A,N/A,N/A,None,Hidden,N/A,N/A
orderdetails,0.0,N/A,N/A,N/A,N/A,N/A,N/A,N/A,N/A,unavailable,N/A,0.0,N/A,0.0,N/A,N/A,N/A,N/A,unavailable,1102.0,N/A,N/A,10226.0,S18_1589,Hidden,108.26,4.0,N/A,N/A,N/A,N/A,None,unavailable,N/A,N/A,N/A,None,None,N/A,N/A,N/A,N/A,None,Hidden,N/A,N/A
orderdetails,0.0,N/A,N/A,N/A,N/A,N/A,N/A,N/A,N/A,unavailable,N/A,0.0,N/A,0.0,N/A,N/A,N/A,N/A,unavailable,1102.0,N/A,N/A,10226.0,S18_1984,Hidden,129.45,7.0,N/A,N/A,N/A,N/A,None,unavailable,N/A,N/A,N/A,None,None,N/A,N/A,N/A,N/A,None,Hidden,N/A,N/A
orderdetails,0.0,N/A,N/A,N/A,N/A,N/A,N/A,N/A,N/A,unavailable,N/A,0.0,N/A,0.0,N/A,N/A,N/A,N/A,unavailable,1102.0,N/A,N/A,10226.0,S18_2870,Hidden,125.40,5.0,N/A,N/A,N/A,N/A,None,unavailable,N/A,N/A,N/A,None,None,N/A,N/A,N/A,N/A,None,Hidden,N/A,N/A
orderdetails,0.0,N/A,N/A,N/A,N/A,N/A,N/A,N/A,N/A,unavailable,N/A,0.0,N/A,0.0,N/A,N/A,N/A,N/A,unavailable,1102.0,N/A,N/A,10226.0,S18_3685,Hidden,122.91,6.0,N/A,N/A,N/A,N/A,None,unavailable,N/A,N/A,N/A,None,None,N/A,N/A,N/A,N/A,None,Hidden,N/A,N/A
orderdetails,0.0,N/A,N/A,N/A,N/A,N/A,N/A,N/A,N/A,unavailable,N/A,0.0,N/A,0.0,N/A,N/A,N/A,N/A,unavailable,1102.0,N/A,N/A,10226.0,S24_1046,Hidden,65.41,1.0,N/A,N/A,N/A,N/A,None,unavailable,N/A,N/A,N/A,None,None,N/A,N/A,N/A,N/A,None,Hidden,N/A,N/A
orderdetails,0.0,N/A,N/A,N/A,N/A,N/A,N/A,N/A,N/A,unavailable,N/A,0.0,N/A,0.0,N/A,N/A,N/A,N/A,unavailable,1102.0,N/A,N/A,10226.0,S24_1628,Hidden,47.79,3.0,N/A,N/A,N/A,N/A,None,unavailable,N/A,N/A,N/A,None,None,N/A,N/A,N/A,N/A,None,Hidden,N/A,N/A
orderdetails,0.0,N/A,N/A,N/A,N/A,N/A,N/A,N/A,N/A,unavailable,N/A,0.0,N/A,0.0,N/A,N/A,N/A,N/A,unavailable,1102.0,N/A,N/A,10226.0,S24_3432,Hidden,95.30,2.0,N/A,N/A,N/A,N/A,None,unavailable,N/A,N/A,N/A,None,None,N/A,N/A,N/A,N/A,None,Hidden,N/A,N/A
orderdetails,0.0,N/A,N/A,N/A,N/A,N/A,N/A,N/A,N/A,unavailable,N/A,0.0,N/A,0.0,N/A,N/A,N/A,N/A,unavailable,1102.0,N/A,N/A,10227.0,S18_1342,Hidden,85.27,3.0,N/A,N/A,N/A,N/A,None,unavailable,N/A,N/A,N/A,None,None,N/A,N/A,N/A,N/A,None,Hidden,N/A,N/A
orderdetails,0.0,N/A,N/A,N/A,N/A,N/A,N/A,N/A,N/A,unavailable,N/A,0.0,N/A,0.0,N/A,N/A,N/A,N/A,unavailable,1102.0,N/A,N/A,10227.0,S18_1367,Hidden,50.14,2.0,N/A,N/A,N/A,N/A,None,unavailable,N/A,N/A,N/A,None,None,N/A,N/A,N/A,N/A,None,Hidden,N/A,N/A
orderdetails,0.0,N/A,N/A,N/A,N/A,N/A,N/A,N/A,N/A,unavailable,N/A,0.0,N/A,0.0,N/A,N/A,N/A,N/A,unavailable,1102.0,N/A,N/A,10227.0,S18_1749,Hidden,136.00,10.0,N/A,N/A,N/A,N/A,None,unavailable,N/A,N/A,N/A,None,None,N/A,N/A,N/A,N/A,None,Hidden,N/A,N/A
orderdetails,0.0,N/A,N/A,N/A,N/A,N/A,N/A,N/A,N/A,unavailable,N/A,0.0,N/A,0.0,N/A,N/A,N/A,N/A,unavailable,1102.0,N/A,N/A,10227.0,S18_2248,Hidden,59.93,9.0,N/A,N/A,N/A,N/A,None,unavailable,N/A,N/A,N/A,None,None,N/A,N/A,N/A,N/A,None,Hidden,N/A,N/A
orderdetails,0.0,N/A,N/A,N/A,N/A,N/A,N/A,N/A,N/A,unavailable,N/A,0.0,N/A,0.0,N/A,N/A,N/A,N/A,unavailable,1102.0,N/A,N/A,10227.0,S18_2325,Hidden,118.23,7.0,N/A,N/A,N/A,N/A,None,unavailable,N/A,N/A,N/A,None,None,N/A,N/A,N/A,N/A,None,Hidden,N/A,N/A
orderdetails,0.0,N/A,N/A,N/A,N/A,N/A,N/A,N/A,N/A,unavailable,N/A,0.0,N/A,0.0,N/A,N/A,N/A,N/A,unavailable,1102.0,N/A,N/A,10227.0,S18_2795,Hidden,146.81,4.0,N/A,N/A,N/A,N/A,None,unavailable,N/A,N/A,N/A,None,None,N/A,N/A,N/A,N/A,None,Hidden,N/A,N/A
orderdetails,0.0,N/A,N/A,N/A,N/A,N/A,N/A,N/A,N/A,unavailable,N/A,0.0,N/A,0.0,N/A,N/A,N/A,N/A,unavailable,1102.0,N/A,N/A,10227.0,S18_3320,Hidden,99.21,1.0,N/A,N/A,N/A,N/A,None,unavailable,N/A,N/A,N/A,None,None,N/A,N/A,N/A,N/A,None,Hidden,N/A,N/A
orderdetails,0.0,N/A,N/A,N/A,N/A,N/A,N/A,N/A,N/A,unavailable,N/A,0.0,N/A,0.0,N/A,N/A,N/A,N/A,unavailable,1102.0,N/A,N/A,10227.0,S18_4409,Hidden,87.43,11.0,N/A,N/A,N/A,N/A,None,unavailable,N/A,N/A,N/A,None,None,N/A,N/A,N/A,N/A,None,Hidden,N/A,N/A
orderdetails,0.0,N/A,N/A,N/A,N/A,N/A,N/A,N/A,N/A,unavailable,N/A,0.0,N/A,0.0,N/A,N/A,N/A,N/A,unavailable,1102.0,N/A,N/A,10227.0,S18_4933,Hidden,70.56,12.0,N/A,N/A,N/A,N/A,None,unavailable,N/A,N/A,N/A,None,None,N/A,N/A,N/A,N/A,None,Hidden,N/A,N/A
orderdetails,0.0,N/A,N/A,N/A,N/A,N/A,N/A,N/A,N/A,unavailable,N/A,0.0,N/A,0.0,N/A,N/A,N/A,N/A,unavailable,1102.0,N/A,N/A,10227.0,S24_1937,Hidden,27.22,6.0,N/A,N/A,N/A,N/A,None,unavailable,N/A,N/A,N/A,None,None,N/A,N/A,N/A,N/A,None,Hidden,N/A,N/A
orderdetails,0.0,N/A,N/A,N/A,N/A,N/A,N/A,N/A,N/A,unavailable,N/A,0.0,N/A,0.0,N/A,N/A,N/A,N/A,unavailable,1102.0,N/A,N/A,10227.0,S24_2022,Hidden,39.42,5.0,N/A,N/A,N/A,N/A,None,unavailable,N/A,N/A,N/A,None,None,N/A,N/A,N/A,N/A,None,Hidden,N/A,N/A
orderdetails,0.0,N/A,N/A,N/A,N/A,N/A,N/A,N/A,N/A,unavailable,N/A,0.0,N/A,0.0,N/A,N/A,N/A,N/A,unavailable,1102.0,N/A,N/A,10227.0,S24_2766,Hidden,84.51,14.0,N/A,N/A,N/A,N/A,None,unavailable,N/A,N/A,N/A,None,None,N/A,N/A,N/A,N/A,None,Hidden,N/A,N/A
orderdetails,0.0,N/A,N/A,N/A,N/A,N/A,N/A,N/A,N/A,unavailable,N/A,0.0,N/A,0.0,N/A,N/A,N/A,N/A,unavailable,1102.0,N/A,N/A,10227.0,S24_2887,Hidden,102.17,13.0,N/A,N/A,N/A,N/A,None,unavailable,N/A,N/A,N/A,None,None,N/A,N/A,N/A,N/A,None,Hidden,N/A,N/A
orderdetails,0.0,N/A,N/A,N/A,N/A,N/A,N/A,N/A,N/A,unavailable,N/A,0.0,N/A,0.0,N/A,N/A,N/A,N/A,unavailable,1102.0,N/A,N/A,10227.0,S24_3191,Hidden,78.76,15.0,N/A,N/A,N/A,N/A,None,unavailable,N/A,N/A,N/A,None,None,N/A,N/A,N/A,N/A,None,Hidden,N/A,N/A
orderdetails,0.0,N/A,N/A,N/A,N/A,N/A,N/A,N/A,N/A,unavailable,N/A,0.0,N/A,0.0,N/A,N/A,N/A,N/A,unavailable,1102.0,N/A,N/A,10227.0,S24_3969,Hidden,34.88,8.0,N/A,N/A,N/A,N/A,None,unavailable,N/A,N/A,N/A,None,None,N/A,N/A,N/A,N/A,None,Hidden,N/A,N/A
orderdetails,0.0,N/A,N/A,N/A,N/A,N/A,N/A,N/A,N/A,unavailable,N/A,0.0,N/A,0.0,N/A,N/A,N/A,N/A,unavailable,1102.0,N/A,N/A,10228.0,S10_1949,Hidden,214.30,2.0,N/A,N/A,N/A,N/A,None,unavailable,N/A,N/A,N/A,None,None,N/A,N/A,N/A,N/A,None,Hidden,N/A,N/A
orderdetails,0.0,N/A,N/A,N/A,N/A,N/A,N/A,N/A,N/A,unavailable,N/A,0.0,N/A,0.0,N/A,N/A,N/A,N/A,unavailable,1102.0,N/A,N/A,10228.0,S18_1097,Hidden,100.34,1.0,N/A,N/A,N/A,N/A,None,unavailable,N/A,N/A,N/A,None,None,N/A,N/A,N/A,N/A,None,Hidden,N/A,N/A
orderdetails,0.0,N/A,N/A,N/A,N/A,N/A,N/A,N/A,N/A,unavailable,N/A,0.0,N/A,0.0,N/A,N/A,N/A,N/A,unavailable,1102.0,N/A,N/A,10228.0,S18_2949,Hidden,101.31,3.0,N/A,N/A,N/A,N/A,None,unavailable,N/A,N/A,N/A,None,None,N/A,N/A,N/A,N/A,None,Hidden,N/A,N/A
orderdetails,0.0,N/A,N/A,N/A,N/A,N/A,N/A,N/A,N/A,unavailable,N/A,0.0,N/A,0.0,N/A,N/A,N/A,N/A,unavailable,1102.0,N/A,N/A,10228.0,S18_2957,Hidden,57.46,5.0,N/A,N/A,N/A,N/A,None,unavailable,N/A,N/A,N/A,None,None,N/A,N/A,N/A,N/A,None,Hidden,N/A,N/A
orderdetails,0.0,N/A,N/A,N/A,N/A,N/A,N/A,N/A,N/A,unavailable,N/A,0.0,N/A,0.0,N/A,N/A,N/A,N/A,unavailable,1102.0,N/A,N/A,10228.0,S18_3136,Hidden,100.53,4.0,N/A,N/A,N/A,N/A,None,unavailable,N/A,N/A,N/A,None,None,N/A,N/A,N/A,N/A,None,Hidden,N/A,N/A
orderdetails,0.0,N/A,N/A,N/A,N/A,N/A,N/A,N/A,N/A,unavailable,N/A,0.0,N/A,0.0,N/A,N/A,N/A,N/A,unavailable,1102.0,N/A,N/A,10228.0,S24_4258,Hidden,84.73,6.0,N/A,N/A,N/A,N/A,None,unavailable,N/A,N/A,N/A,None,None,N/A,N/A,N/A,N/A,None,Hidden,N/A,N/A
orderdetails,0.0,N/A,N/A,N/A,N/A,N/A,N/A,N/A,N/A,unavailable,N/A,0.0,N/A,0.0,N/A,N/A,N/A,N/A,unavailable,1102.0,N/A,N/A,10229.0,S10_4962,Hidden,138.88,9.0,N/A,N/A,N/A,N/A,None,unavailable,N/A,N/A,N/A,None,None,N/A,N/A,N/A,N/A,None,Hidden,N/A,N/A
orderdetails,0.0,N/A,N/A,N/A,N/A,N/A,N/A,N/A,N/A,unavailable,N/A,0.0,N/A,0.0,N/A,N/A,N/A,N/A,unavailable,1102.0,N/A,N/A,10229.0,S12_1666,Hidden,110.70,13.0,N/A,N/A,N/A,N/A,None,unavailable,N/A,N/A,N/A,None,None,N/A,N/A,N/A,N/A,None,Hidden,N/A,N/A
orderdetails,0.0,N/A,N/A,N/A,N/A,N/A,N/A,N/A,N/A,unavailable,N/A,0.0,N/A,0.0,N/A,N/A,N/A,N/A,unavailable,1102.0,N/A,N/A,10229.0,S12_4473,Hidden,95.99,1.0,N/A,N/A,N/A,N/A,None,unavailable,N/A,N/A,N/A,None,None,N/A,N/A,N/A,N/A,None,Hidden,N/A,N/A
orderdetails,0.0,N/A,N/A,N/A,N/A,N/A,N/A,N/A,N/A,unavailable,N/A,0.0,N/A,0.0,N/A,N/A,N/A,N/A,unavailable,1102.0,N/A,N/A,10229.0,S18_2319,Hidden,104.32,4.0,N/A,N/A,N/A,N/A,None,unavailable,N/A,N/A,N/A,None,None,N/A,N/A,N/A,N/A,None,Hidden,N/A,N/A
orderdetails,0.0,N/A,N/A,N/A,N/A,N/A,N/A,N/A,N/A,unavailable,N/A,0.0,N/A,0.0,N/A,N/A,N/A,N/A,unavailable,1102.0,N/A,N/A,10229.0,S18_2432,Hidden,53.48,7.0,N/A,N/A,N/A,N/A,None,unavailable,N/A,N/A,N/A,None,None,N/A,N/A,N/A,N/A,None,Hidden,N/A,N/A
orderdetails,0.0,N/A,N/A,N/A,N/A,N/A,N/A,N/A,N/A,unavailable,N/A,0.0,N/A,0.0,N/A,N/A,N/A,N/A,unavailable,1102.0,N/A,N/A,10229.0,S18_3232,Hidden,157.49,5.0,N/A,N/A,N/A,N/A,None,unavailable,N/A,N/A,N/A,None,None,N/A,N/A,N/A,N/A,None,Hidden,N/A,N/A
orderdetails,0.0,N/A,N/A,N/A,N/A,N/A,N/A,N/A,N/A,unavailable,N/A,0.0,N/A,0.0,N/A,N/A,N/A,N/A,unavailable,1102.0,N/A,N/A,10229.0,S18_4600,Hidden,119.87,10.0,N/A,N/A,N/A,N/A,None,unavailable,N/A,N/A,N/A,None,None,N/A,N/A,N/A,N/A,None,Hidden,N/A,N/A
orderdetails,0.0,N/A,N/A,N/A,N/A,N/A,N/A,N/A,N/A,unavailable,N/A,0.0,N/A,0.0,N/A,N/A,N/A,N/A,unavailable,1102.0,N/A,N/A,10229.0,S18_4668,Hidden,43.77,14.0,N/A,N/A,N/A,N/A,None,unavailable,N/A,N/A,N/A,None,None,N/A,N/A,N/A,N/A,None,Hidden,N/A,N/A
orderdetails,0.0,N/A,N/A,N/A,N/A,N/A,N/A,N/A,N/A,unavailable,N/A,0.0,N/A,0.0,N/A,N/A,N/A,N/A,unavailable,1102.0,N/A,N/A,10229.0,S24_2300,Hidden,115.01,6.0,N/A,N/A,N/A,N/A,None,unavailable,N/A,N/A,N/A,None,None,N/A,N/A,N/A,N/A,None,Hidden,N/A,N/A
orderdetails,0.0,N/A,N/A,N/A,N/A,N/A,N/A,N/A,N/A,unavailable,N/A,0.0,N/A,0.0,N/A,N/A,N/A,N/A,unavailable,1102.0,N/A,N/A,10229.0,S24_2840,Hidden,34.65,2.0,N/A,N/A,N/A,N/A,None,unavailable,N/A,N/A,N/A,None,None,N/A,N/A,N/A,N/A,None,Hidden,N/A,N/A
orderdetails,0.0,N/A,N/A,N/A,N/A,N/A,N/A,N/A,N/A,unavailable,N/A,0.0,N/A,0.0,N/A,N/A,N/A,N/A,unavailable,1102.0,N/A,N/A,10229.0,S32_1268,Hidden,78.97,8.0,N/A,N/A,N/A,N/A,None,unavailable,N/A,N/A,N/A,None,None,N/A,N/A,N/A,N/A,None,Hidden,N/A,N/A
orderdetails,0.0,N/A,N/A,N/A,N/A,N/A,N/A,N/A,N/A,unavailable,N/A,0.0,N/A,0.0,N/A,N/A,N/A,N/A,unavailable,1102.0,N/A,N/A,10229.0,S32_2509,Hidden,49.78,3.0,N/A,N/A,N/A,N/A,None,unavailable,N/A,N/A,N/A,None,None,N/A,N/A,N/A,N/A,None,Hidden,N/A,N/A
orderdetails,0.0,N/A,N/A,N/A,N/A,N/A,N/A,N/A,N/A,unavailable,N/A,0.0,N/A,0.0,N/A,N/A,N/A,N/A,unavailable,1102.0,N/A,N/A,10229.0,S32_3522,Hidden,52.36,12.0,N/A,N/A,N/A,N/A,None,unavailable,N/A,N/A,N/A,None,None,N/A,N/A,N/A,N/A,None,Hidden,N/A,N/A
orderdetails,0.0,N/A,N/A,N/A,N/A,N/A,N/A,N/A,N/A,unavailable,N/A,0.0,N/A,0.0,N/A,N/A,N/A,N/A,unavailable,1102.0,N/A,N/A,10229.0,S700_2824,Hidden,91.04,11.0,N/A,N/A,N/A,N/A,None,unavailable,N/A,N/A,N/A,None,None,N/A,N/A,N/A,N/A,None,Hidden,N/A,N/A
orderdetails,0.0,N/A,N/A,N/A,N/A,N/A,N/A,N/A,N/A,unavailable,N/A,0.0,N/A,0.0,N/A,N/A,N/A,N/A,unavailable,1102.0,N/A,N/A,10230.0,S12_3148,Hidden,128.42,1.0,N/A,N/A,N/A,N/A,None,unavailable,N/A,N/A,N/A,None,None,N/A,N/A,N/A,N/A,None,Hidden,N/A,N/A
orderdetails,0.0,N/A,N/A,N/A,N/A,N/A,N/A,N/A,N/A,unavailable,N/A,0.0,N/A,0.0,N/A,N/A,N/A,N/A,unavailable,1102.0,N/A,N/A,10230.0,S18_2238,Hidden,153.91,8.0,N/A,N/A,N/A,N/A,None,unavailable,N/A,N/A,N/A,None,None,N/A,N/A,N/A,N/A,None,Hidden,N/A,N/A
orderdetails,0.0,N/A,N/A,N/A,N/A,N/A,N/A,N/A,N/A,unavailable,N/A,0.0,N/A,0.0,N/A,N/A,N/A,N/A,unavailable,1102.0,N/A,N/A,10230.0,S18_4027,Hidden,142.18,3.0,N/A,N/A,N/A,N/A,None,unavailable,N/A,N/A,N/A,None,None,N/A,N/A,N/A,N/A,None,Hidden,N/A,N/A
orderdetails,0.0,N/A,N/A,N/A,N/A,N/A,N/A,N/A,N/A,unavailable,N/A,0.0,N/A,0.0,N/A,N/A,N/A,N/A,unavailable,1102.0,N/A,N/A,10230.0,S24_1444,Hidden,47.40,6.0,N/A,N/A,N/A,N/A,None,unavailable,N/A,N/A,N/A,None,None,N/A,N/A,N/A,N/A,None,Hidden,N/A,N/A
orderdetails,0.0,N/A,N/A,N/A,N/A,N/A,N/A,N/A,N/A,unavailable,N/A,0.0,N/A,0.0,N/A,N/A,N/A,N/A,unavailable,1102.0,N/A,N/A,10230.0,S24_4048,Hidden,99.36,5.0,N/A,N/A,N/A,N/A,None,unavailable,N/A,N/A,N/A,None,None,N/A,N/A,N/A,N/A,None,Hidden,N/A,N/A
orderdetails,0.0,N/A,N/A,N/A,N/A,N/A,N/A,N/A,N/A,unavailable,N/A,0.0,N/A,0.0,N/A,N/A,N/A,N/A,unavailable,1102.0,N/A,N/A,10230.0,S32_3207,Hidden,59.03,4.0,N/A,N/A,N/A,N/A,None,unavailable,N/A,N/A,N/A,None,None,N/A,N/A,N/A,N/A,None,Hidden,N/A,N/A
orderdetails,0.0,N/A,N/A,N/A,N/A,N/A,N/A,N/A,N/A,unavailable,N/A,0.0,N/A,0.0,N/A,N/A,N/A,N/A,unavailable,1102.0,N/A,N/A,10230.0,S50_1392,Hidden,100.70,7.0,N/A,N/A,N/A,N/A,None,unavailable,N/A,N/A,N/A,None,None,N/A,N/A,N/A,N/A,None,Hidden,N/A,N/A
orderdetails,0.0,N/A,N/A,N/A,N/A,N/A,N/A,N/A,N/A,unavailable,N/A,0.0,N/A,0.0,N/A,N/A,N/A,N/A,unavailable,1102.0,N/A,N/A,10230.0,S50_1514,Hidden,57.41,2.0,N/A,N/A,N/A,N/A,None,unavailable,N/A,N/A,N/A,None,None,N/A,N/A,N/A,N/A,None,Hidden,N/A,N/A
orderdetails,0.0,N/A,N/A,N/A,N/A,N/A,N/A,N/A,N/A,unavailable,N/A,0.0,N/A,0.0,N/A,N/A,N/A,N/A,unavailable,1102.0,N/A,N/A,10231.0,S12_1108,Hidden,193.25,2.0,N/A,N/A,N/A,N/A,None,unavailable,N/A,N/A,N/A,None,None,N/A,N/A,N/A,N/A,None,Hidden,N/A,N/A
orderdetails,0.0,N/A,N/A,N/A,N/A,N/A,N/A,N/A,N/A,unavailable,N/A,0.0,N/A,0.0,N/A,N/A,N/A,N/A,unavailable,1102.0,N/A,N/A,10231.0,S12_3891,Hidden,147.07,1.0,N/A,N/A,N/A,N/A,None,unavailable,N/A,N/A,N/A,None,None,N/A,N/A,N/A,N/A,None,Hidden,N/A,N/A
orderdetails,0.0,N/A,N/A,N/A,N/A,N/A,N/A,N/A,N/A,unavailable,N/A,0.0,N/A,0.0,N/A,N/A,N/A,N/A,unavailable,1102.0,N/A,N/A,10232.0,S18_3140,Hidden,133.86,6.0,N/A,N/A,N/A,N/A,None,unavailable,N/A,N/A,N/A,None,None,N/A,N/A,N/A,N/A,None,Hidden,N/A,N/A
orderdetails,0.0,N/A,N/A,N/A,N/A,N/A,N/A,N/A,N/A,unavailable,N/A,0.0,N/A,0.0,N/A,N/A,N/A,N/A,unavailable,1102.0,N/A,N/A,10232.0,S18_3259,Hidden,97.81,8.0,N/A,N/A,N/A,N/A,None,unavailable,N/A,N/A,N/A,None,None,N/A,N/A,N/A,N/A,None,Hidden,N/A,N/A
orderdetails,0.0,N/A,N/A,N/A,N/A,N/A,N/A,N/A,N/A,unavailable,N/A,0.0,N/A,0.0,N/A,N/A,N/A,N/A,unavailable,1102.0,N/A,N/A,10232.0,S18_4522,Hidden,78.12,5.0,N/A,N/A,N/A,N/A,None,unavailable,N/A,N/A,N/A,None,None,N/A,N/A,N/A,N/A,None,Hidden,N/A,N/A
orderdetails,0.0,N/A,N/A,N/A,N/A,N/A,N/A,N/A,N/A,unavailable,N/A,0.0,N/A,0.0,N/A,N/A,N/A,N/A,unavailable,1102.0,N/A,N/A,10232.0,S24_2011,Hidden,113.06,4.0,N/A,N/A,N/A,N/A,None,unavailable,N/A,N/A,N/A,None,None,N/A,N/A,N/A,N/A,None,Hidden,N/A,N/A
orderdetails,0.0,N/A,N/A,N/A,N/A,N/A,N/A,N/A,N/A,unavailable,N/A,0.0,N/A,0.0,N/A,N/A,N/A,N/A,unavailable,1102.0,N/A,N/A,10232.0,S700_1938,Hidden,84.88,7.0,N/A,N/A,N/A,N/A,None,unavailable,N/A,N/A,N/A,None,None,N/A,N/A,N/A,N/A,None,Hidden,N/A,N/A
orderdetails,0.0,N/A,N/A,N/A,N/A,N/A,N/A,N/A,N/A,unavailable,N/A,0.0,N/A,0.0,N/A,N/A,N/A,N/A,unavailable,1102.0,N/A,N/A,10232.0,S700_3505,Hidden,86.15,1.0,N/A,N/A,N/A,N/A,None,unavailable,N/A,N/A,N/A,None,None,N/A,N/A,N/A,N/A,None,Hidden,N/A,N/A
orderdetails,0.0,N/A,N/A,N/A,N/A,N/A,N/A,N/A,N/A,unavailable,N/A,0.0,N/A,0.0,N/A,N/A,N/A,N/A,unavailable,1102.0,N/A,N/A,10232.0,S700_3962,Hidden,81.43,2.0,N/A,N/A,N/A,N/A,None,unavailable,N/A,N/A,N/A,None,None,N/A,N/A,N/A,N/A,None,Hidden,N/A,N/A
orderdetails,0.0,N/A,N/A,N/A,N/A,N/A,N/A,N/A,N/A,unavailable,N/A,0.0,N/A,0.0,N/A,N/A,N/A,N/A,unavailable,1102.0,N/A,N/A,10232.0,S72_3212,Hidden,48.59,3.0,N/A,N/A,N/A,N/A,None,unavailable,N/A,N/A,N/A,None,None,N/A,N/A,N/A,N/A,None,Hidden,N/A,N/A
orderdetails,0.0,N/A,N/A,N/A,N/A,N/A,N/A,N/A,N/A,unavailable,N/A,0.0,N/A,0.0,N/A,N/A,N/A,N/A,unavailable,1102.0,N/A,N/A,10233.0,S24_3151,Hidden,70.81,2.0,N/A,N/A,N/A,N/A,None,unavailable,N/A,N/A,N/A,None,None,N/A,N/A,N/A,N/A,None,Hidden,N/A,N/A
orderdetails,0.0,N/A,N/A,N/A,N/A,N/A,N/A,N/A,N/A,unavailable,N/A,0.0,N/A,0.0,N/A,N/A,N/A,N/A,unavailable,1102.0,N/A,N/A,10233.0,S700_1138,Hidden,66.00,3.0,N/A,N/A,N/A,N/A,None,unavailable,N/A,N/A,N/A,None,None,N/A,N/A,N/A,N/A,None,Hidden,N/A,N/A
orderdetails,0.0,N/A,N/A,N/A,N/A,N/A,N/A,N/A,N/A,unavailable,N/A,0.0,N/A,0.0,N/A,N/A,N/A,N/A,unavailable,1102.0,N/A,N/A,10233.0,S700_2610,Hidden,67.94,1.0,N/A,N/A,N/A,N/A,None,unavailable,N/A,N/A,N/A,None,None,N/A,N/A,N/A,N/A,None,Hidden,N/A,N/A
orderdetails,0.0,N/A,N/A,N/A,N/A,N/A,N/A,N/A,N/A,unavailable,N/A,0.0,N/A,0.0,N/A,N/A,N/A,N/A,unavailable,1102.0,N/A,N/A,10234.0,S10_4757,Hidden,118.32,9.0,N/A,N/A,N/A,N/A,None,unavailable,N/A,N/A,N/A,None,None,N/A,N/A,N/A,N/A,None,Hidden,N/A,N/A
orderdetails,0.0,N/A,N/A,N/A,N/A,N/A,N/A,N/A,N/A,unavailable,N/A,0.0,N/A,0.0,N/A,N/A,N/A,N/A,unavailable,1102.0,N/A,N/A,10234.0,S18_1662,Hidden,146.65,1.0,N/A,N/A,N/A,N/A,None,unavailable,N/A,N/A,N/A,None,None,N/A,N/A,N/A,N/A,None,Hidden,N/A,N/A
orderdetails,0.0,N/A,N/A,N/A,N/A,N/A,N/A,N/A,N/A,unavailable,N/A,0.0,N/A,0.0,N/A,N/A,N/A,N/A,unavailable,1102.0,N/A,N/A,10234.0,S18_3029,Hidden,84.30,7.0,N/A,N/A,N/A,N/A,None,unavailable,N/A,N/A,N/A,None,None,N/A,N/A,N/A,N/A,None,Hidden,N/A,N/A
orderdetails,0.0,N/A,N/A,N/A,N/A,N/A,N/A,N/A,N/A,unavailable,N/A,0.0,N/A,0.0,N/A,N/A,N/A,N/A,unavailable,1102.0,N/A,N/A,10234.0,S18_3856,Hidden,85.75,6.0,N/A,N/A,N/A,N/A,None,unavailable,N/A,N/A,N/A,None,None,N/A,N/A,N/A,N/A,None,Hidden,N/A,N/A
orderdetails,0.0,N/A,N/A,N/A,N/A,N/A,N/A,N/A,N/A,unavailable,N/A,0.0,N/A,0.0,N/A,N/A,N/A,N/A,unavailable,1102.0,N/A,N/A,10234.0,S24_2841,Hidden,67.14,2.0,N/A,N/A,N/A,N/A,None,unavailable,N/A,N/A,N/A,None,None,N/A,N/A,N/A,N/A,None,Hidden,N/A,N/A
orderdetails,0.0,N/A,N/A,N/A,N/A,N/A,N/A,N/A,N/A,unavailable,N/A,0.0,N/A,0.0,N/A,N/A,N/A,N/A,unavailable,1102.0,N/A,N/A,10234.0,S24_3420,Hidden,65.09,3.0,N/A,N/A,N/A,N/A,None,unavailable,N/A,N/A,N/A,None,None,N/A,N/A,N/A,N/A,None,Hidden,N/A,N/A
orderdetails,0.0,N/A,N/A,N/A,N/A,N/A,N/A,N/A,N/A,unavailable,N/A,0.0,N/A,0.0,N/A,N/A,N/A,N/A,unavailable,1102.0,N/A,N/A,10234.0,S24_3816,Hidden,78.83,8.0,N/A,N/A,N/A,N/A,None,unavailable,N/A,N/A,N/A,None,None,N/A,N/A,N/A,N/A,None,Hidden,N/A,N/A
orderdetails,0.0,N/A,N/A,N/A,N/A,N/A,N/A,N/A,N/A,unavailable,N/A,0.0,N/A,0.0,N/A,N/A,N/A,N/A,unavailable,1102.0,N/A,N/A,10234.0,S700_2047,Hidden,83.28,5.0,N/A,N/A,N/A,N/A,None,unavailable,N/A,N/A,N/A,None,None,N/A,N/A,N/A,N/A,None,Hidden,N/A,N/A
orderdetails,0.0,N/A,N/A,N/A,N/A,N/A,N/A,N/A,N/A,unavailable,N/A,0.0,N/A,0.0,N/A,N/A,N/A,N/A,unavailable,1102.0,N/A,N/A,10234.0,S72_1253,Hidden,45.69,4.0,N/A,N/A,N/A,N/A,None,unavailable,N/A,N/A,N/A,None,None,N/A,N/A,N/A,N/A,None,Hidden,N/A,N/A
orderdetails,0.0,N/A,N/A,N/A,N/A,N/A,N/A,N/A,N/A,unavailable,N/A,0.0,N/A,0.0,N/A,N/A,N/A,N/A,unavailable,1102.0,N/A,N/A,10235.0,S18_2581,Hidden,81.95,3.0,N/A,N/A,N/A,N/A,None,unavailable,N/A,N/A,N/A,None,None,N/A,N/A,N/A,N/A,None,Hidden,N/A,N/A
orderdetails,0.0,N/A,N/A,N/A,N/A,N/A,N/A,N/A,N/A,unavailable,N/A,0.0,N/A,0.0,N/A,N/A,N/A,N/A,unavailable,1102.0,N/A,N/A,10235.0,S24_1785,Hidden,89.72,5.0,N/A,N/A,N/A,N/A,None,unavailable,N/A,N/A,N/A,None,None,N/A,N/A,N/A,N/A,None,Hidden,N/A,N/A
orderdetails,0.0,N/A,N/A,N/A,N/A,N/A,N/A,N/A,N/A,unavailable,N/A,0.0,N/A,0.0,N/A,N/A,N/A,N/A,unavailable,1102.0,N/A,N/A,10235.0,S24_3949,Hidden,55.27,12.0,N/A,N/A,N/A,N/A,None,unavailable,N/A,N/A,N/A,None,None,N/A,N/A,N/A,N/A,None,Hidden,N/A,N/A
orderdetails,0.0,N/A,N/A,N/A,N/A,N/A,N/A,N/A,N/A,unavailable,N/A,0.0,N/A,0.0,N/A,N/A,N/A,N/A,unavailable,1102.0,N/A,N/A,10235.0,S24_4278,Hidden,63.03,4.0,N/A,N/A,N/A,N/A,None,unavailable,N/A,N/A,N/A,None,None,N/A,N/A,N/A,N/A,None,Hidden,N/A,N/A
orderdetails,0.0,N/A,N/A,N/A,N/A,N/A,N/A,N/A,N/A,unavailable,N/A,0.0,N/A,0.0,N/A,N/A,N/A,N/A,unavailable,1102.0,N/A,N/A,10235.0,S32_1374,Hidden,90.90,1.0,N/A,N/A,N/A,N/A,None,unavailable,N/A,N/A,N/A,None,None,N/A,N/A,N/A,N/A,None,Hidden,N/A,N/A
orderdetails,0.0,N/A,N/A,N/A,N/A,N/A,N/A,N/A,N/A,unavailable,N/A,0.0,N/A,0.0,N/A,N/A,N/A,N/A,unavailable,1102.0,N/A,N/A,10235.0,S32_4289,Hidden,66.73,6.0,N/A,N/A,N/A,N/A,None,unavailable,N/A,N/A,N/A,None,None,N/A,N/A,N/A,N/A,None,Hidden,N/A,N/A
orderdetails,0.0,N/A,N/A,N/A,N/A,N/A,N/A,N/A,N/A,unavailable,N/A,0.0,N/A,0.0,N/A,N/A,N/A,N/A,unavailable,1102.0,N/A,N/A,10235.0,S50_1341,Hidden,37.09,7.0,N/A,N/A,N/A,N/A,None,unavailable,N/A,N/A,N/A,None,None,N/A,N/A,N/A,N/A,None,Hidden,N/A,N/A
orderdetails,0.0,N/A,N/A,N/A,N/A,N/A,N/A,N/A,N/A,unavailable,N/A,0.0,N/A,0.0,N/A,N/A,N/A,N/A,unavailable,1102.0,N/A,N/A,10235.0,S700_1691,Hidden,88.60,8.0,N/A,N/A,N/A,N/A,None,unavailable,N/A,N/A,N/A,None,None,N/A,N/A,N/A,N/A,None,Hidden,N/A,N/A
orderdetails,0.0,N/A,N/A,N/A,N/A,N/A,N/A,N/A,N/A,unavailable,N/A,0.0,N/A,0.0,N/A,N/A,N/A,N/A,unavailable,1102.0,N/A,N/A,10235.0,S700_2466,Hidden,92.74,10.0,N/A,N/A,N/A,N/A,None,unavailable,N/A,N/A,N/A,None,None,N/A,N/A,N/A,N/A,None,Hidden,N/A,N/A
orderdetails,0.0,N/A,N/A,N/A,N/A,N/A,N/A,N/A,N/A,unavailable,N/A,0.0,N/A,0.0,N/A,N/A,N/A,N/A,unavailable,1102.0,N/A,N/A,10235.0,S700_2834,Hidden,116.28,2.0,N/A,N/A,N/A,N/A,None,unavailable,N/A,N/A,N/A,None,None,N/A,N/A,N/A,N/A,None,Hidden,N/A,N/A
orderdetails,0.0,N/A,N/A,N/A,N/A,N/A,N/A,N/A,N/A,unavailable,N/A,0.0,N/A,0.0,N/A,N/A,N/A,N/A,unavailable,1102.0,N/A,N/A,10235.0,S700_3167,Hidden,73.60,9.0,N/A,N/A,N/A,N/A,None,unavailable,N/A,N/A,N/A,None,None,N/A,N/A,N/A,N/A,None,Hidden,N/A,N/A
orderdetails,0.0,N/A,N/A,N/A,N/A,N/A,N/A,N/A,N/A,unavailable,N/A,0.0,N/A,0.0,N/A,N/A,N/A,N/A,unavailable,1102.0,N/A,N/A,10235.0,S700_4002,Hidden,70.33,11.0,N/A,N/A,N/A,N/A,None,unavailable,N/A,N/A,N/A,None,None,N/A,N/A,N/A,N/A,None,Hidden,N/A,N/A
orderdetails,0.0,N/A,N/A,N/A,N/A,N/A,N/A,N/A,N/A,unavailable,N/A,0.0,N/A,0.0,N/A,N/A,N/A,N/A,unavailable,1102.0,N/A,N/A,10236.0,S10_2016,Hidden,105.86,1.0,N/A,N/A,N/A,N/A,None,unavailable,N/A,N/A,N/A,None,None,N/A,N/A,N/A,N/A,None,Hidden,N/A,N/A
orderdetails,0.0,N/A,N/A,N/A,N/A,N/A,N/A,N/A,N/A,unavailable,N/A,0.0,N/A,0.0,N/A,N/A,N/A,N/A,unavailable,1102.0,N/A,N/A,10236.0,S18_2625,Hidden,52.70,2.0,N/A,N/A,N/A,N/A,None,unavailable,N/A,N/A,N/A,None,None,N/A,N/A,N/A,N/A,None,Hidden,N/A,N/A
orderdetails,0.0,N/A,N/A,N/A,N/A,N/A,N/A,N/A,N/A,unavailable,N/A,0.0,N/A,0.0,N/A,N/A,N/A,N/A,unavailable,1102.0,N/A,N/A,10236.0,S24_2000,Hidden,65.51,3.0,N/A,N/A,N/A,N/A,None,unavailable,N/A,N/A,N/A,None,None,N/A,N/A,N/A,N/A,None,Hidden,N/A,N/A
orderdetails,0.0,N/A,N/A,N/A,N/A,N/A,N/A,N/A,N/A,unavailable,N/A,0.0,N/A,0.0,N/A,N/A,N/A,N/A,unavailable,1102.0,N/A,N/A,10237.0,S10_1678,Hidden,91.87,7.0,N/A,N/A,N/A,N/A,None,unavailable,N/A,N/A,N/A,None,None,N/A,N/A,N/A,N/A,None,Hidden,N/A,N/A
orderdetails,0.0,N/A,N/A,N/A,N/A,N/A,N/A,N/A,N/A,unavailable,N/A,0.0,N/A,0.0,N/A,N/A,N/A,N/A,unavailable,1102.0,N/A,N/A,10237.0,S10_4698,Hidden,158.80,9.0,N/A,N/A,N/A,N/A,None,unavailable,N/A,N/A,N/A,None,None,N/A,N/A,N/A,N/A,None,Hidden,N/A,N/A
orderdetails,0.0,N/A,N/A,N/A,N/A,N/A,N/A,N/A,N/A,unavailable,N/A,0.0,N/A,0.0,N/A,N/A,N/A,N/A,unavailable,1102.0,N/A,N/A,10237.0,S12_2823,Hidden,129.53,6.0,N/A,N/A,N/A,N/A,None,unavailable,N/A,N/A,N/A,None,None,N/A,N/A,N/A,N/A,None,Hidden,N/A,N/A
orderdetails,0.0,N/A,N/A,N/A,N/A,N/A,N/A,N/A,N/A,unavailable,N/A,0.0,N/A,0.0,N/A,N/A,N/A,N/A,unavailable,1102.0,N/A,N/A,10237.0,S18_3782,Hidden,49.74,1.0,N/A,N/A,N/A,N/A,None,unavailable,N/A,N/A,N/A,None,None,N/A,N/A,N/A,N/A,None,Hidden,N/A,N/A
orderdetails,0.0,N/A,N/A,N/A,N/A,N/A,N/A,N/A,N/A,unavailable,N/A,0.0,N/A,0.0,N/A,N/A,N/A,N/A,unavailable,1102.0,N/A,N/A,10237.0,S24_1578,Hidden,109.32,8.0,N/A,N/A,N/A,N/A,None,unavailable,N/A,N/A,N/A,None,None,N/A,N/A,N/A,N/A,None,Hidden,N/A,N/A
orderdetails,0.0,N/A,N/A,N/A,N/A,N/A,N/A,N/A,N/A,unavailable,N/A,0.0,N/A,0.0,N/A,N/A,N/A,N/A,unavailable,1102.0,N/A,N/A,10237.0,S24_2360,Hidden,62.33,4.0,N/A,N/A,N/A,N/A,None,unavailable,N/A,N/A,N/A,None,None,N/A,N/A,N/A,N/A,None,Hidden,N/A,N/A
orderdetails,0.0,N/A,N/A,N/A,N/A,N/A,N/A,N/A,N/A,unavailable,N/A,0.0,N/A,0.0,N/A,N/A,N/A,N/A,unavailable,1102.0,N/A,N/A,10237.0,S32_2206,Hidden,35.00,2.0,N/A,N/A,N/A,N/A,None,unavailable,N/A,N/A,N/A,None,None,N/A,N/A,N/A,N/A,None,Hidden,N/A,N/A
orderdetails,0.0,N/A,N/A,N/A,N/A,N/A,N/A,N/A,N/A,unavailable,N/A,0.0,N/A,0.0,N/A,N/A,N/A,N/A,unavailable,1102.0,N/A,N/A,10237.0,S32_4485,Hidden,94.91,5.0,N/A,N/A,N/A,N/A,None,unavailable,N/A,N/A,N/A,None,None,N/A,N/A,N/A,N/A,None,Hidden,N/A,N/A
orderdetails,0.0,N/A,N/A,N/A,N/A,N/A,N/A,N/A,N/A,unavailable,N/A,0.0,N/A,0.0,N/A,N/A,N/A,N/A,unavailable,1102.0,N/A,N/A,10237.0,S50_4713,Hidden,78.92,3.0,N/A,N/A,N/A,N/A,None,unavailable,N/A,N/A,N/A,None,None,N/A,N/A,N/A,N/A,None,Hidden,N/A,N/A
orderdetails,0.0,N/A,N/A,N/A,N/A,N/A,N/A,N/A,N/A,unavailable,N/A,0.0,N/A,0.0,N/A,N/A,N/A,N/A,unavailable,1102.0,N/A,N/A,10238.0,S12_1099,Hidden,161.49,3.0,N/A,N/A,N/A,N/A,None,unavailable,N/A,N/A,N/A,None,None,N/A,N/A,N/A,N/A,None,Hidden,N/A,N/A
orderdetails,0.0,N/A,N/A,N/A,N/A,N/A,N/A,N/A,N/A,unavailable,N/A,0.0,N/A,0.0,N/A,N/A,N/A,N/A,unavailable,1102.0,N/A,N/A,10238.0,S12_3380,Hidden,104.52,1.0,N/A,N/A,N/A,N/A,None,unavailable,N/A,N/A,N/A,None,None,N/A,N/A,N/A,N/A,None,Hidden,N/A,N/A
orderdetails,0.0,N/A,N/A,N/A,N/A,N/A,N/A,N/A,N/A,unavailable,N/A,0.0,N/A,0.0,N/A,N/A,N/A,N/A,unavailable,1102.0,N/A,N/A,10238.0,S12_3990,Hidden,73.42,4.0,N/A,N/A,N/A,N/A,None,unavailable,N/A,N/A,N/A,None,None,N/A,N/A,N/A,N/A,None,Hidden,N/A,N/A
orderdetails,0.0,N/A,N/A,N/A,N/A,N/A,N/A,N/A,N/A,unavailable,N/A,0.0,N/A,0.0,N/A,N/A,N/A,N/A,unavailable,1102.0,N/A,N/A,10238.0,S18_3278,Hidden,68.35,6.0,N/A,N/A,N/A,N/A,None,unavailable,N/A,N/A,N/A,None,None,N/A,N/A,N/A,N/A,None,Hidden,N/A,N/A
orderdetails,0.0,N/A,N/A,N/A,N/A,N/A,N/A,N/A,N/A,unavailable,N/A,0.0,N/A,0.0,N/A,N/A,N/A,N/A,unavailable,1102.0,N/A,N/A,10238.0,S18_3482,Hidden,144.05,5.0,N/A,N/A,N/A,N/A,None,unavailable,N/A,N/A,N/A,None,None,N/A,N/A,N/A,N/A,None,Hidden,N/A,N/A
orderdetails,0.0,N/A,N/A,N/A,N/A,N/A,N/A,N/A,N/A,unavailable,N/A,0.0,N/A,0.0,N/A,N/A,N/A,N/A,unavailable,1102.0,N/A,N/A,10238.0,S18_4721,Hidden,120.53,8.0,N/A,N/A,N/A,N/A,None,unavailable,N/A,N/A,N/A,None,None,N/A,N/A,N/A,N/A,None,Hidden,N/A,N/A
orderdetails,0.0,N/A,N/A,N/A,N/A,N/A,N/A,N/A,N/A,unavailable,N/A,0.0,N/A,0.0,N/A,N/A,N/A,N/A,unavailable,1102.0,N/A,N/A,10238.0,S24_3371,Hidden,53.88,2.0,N/A,N/A,N/A,N/A,None,unavailable,N/A,N/A,N/A,None,None,N/A,N/A,N/A,N/A,None,Hidden,N/A,N/A
orderdetails,0.0,N/A,N/A,N/A,N/A,N/A,N/A,N/A,N/A,unavailable,N/A,0.0,N/A,0.0,N/A,N/A,N/A,N/A,unavailable,1102.0,N/A,N/A,10238.0,S24_4620,Hidden,67.91,7.0,N/A,N/A,N/A,N/A,None,unavailable,N/A,N/A,N/A,None,None,N/A,N/A,N/A,N/A,None,Hidden,N/A,N/A
orderdetails,0.0,N/A,N/A,N/A,N/A,N/A,N/A,N/A,N/A,unavailable,N/A,0.0,N/A,0.0,N/A,N/A,N/A,N/A,unavailable,1102.0,N/A,N/A,10239.0,S12_4675,Hidden,100.19,5.0,N/A,N/A,N/A,N/A,None,unavailable,N/A,N/A,N/A,None,None,N/A,N/A,N/A,N/A,None,Hidden,N/A,N/A
orderdetails,0.0,N/A,N/A,N/A,N/A,N/A,N/A,N/A,N/A,unavailable,N/A,0.0,N/A,0.0,N/A,N/A,N/A,N/A,unavailable,1102.0,N/A,N/A,10239.0,S18_1889,Hidden,70.07,4.0,N/A,N/A,N/A,N/A,None,unavailable,N/A,N/A,N/A,None,None,N/A,N/A,N/A,N/A,None,Hidden,N/A,N/A
orderdetails,0.0,N/A,N/A,N/A,N/A,N/A,N/A,N/A,N/A,unavailable,N/A,0.0,N/A,0.0,N/A,N/A,N/A,N/A,unavailable,1102.0,N/A,N/A,10239.0,S18_3232,Hidden,135.47,1.0,N/A,N/A,N/A,N/A,None,unavailable,N/A,N/A,N/A,None,None,N/A,N/A,N/A,N/A,None,Hidden,N/A,N/A
orderdetails,0.0,N/A,N/A,N/A,N/A,N/A,N/A,N/A,N/A,unavailable,N/A,0.0,N/A,0.0,N/A,N/A,N/A,N/A,unavailable,1102.0,N/A,N/A,10239.0,S24_2972,Hidden,32.47,2.0,N/A,N/A,N/A,N/A,None,unavailable,N/A,N/A,N/A,None,None,N/A,N/A,N/A,N/A,None,Hidden,N/A,N/A
orderdetails,0.0,N/A,N/A,N/A,N/A,N/A,N/A,N/A,N/A,unavailable,N/A,0.0,N/A,0.0,N/A,N/A,N/A,N/A,unavailable,1102.0,N/A,N/A,10239.0,S24_3856,Hidden,133.41,3.0,N/A,N/A,N/A,N/A,None,unavailable,N/A,N/A,N/A,None,None,N/A,N/A,N/A,N/A,None,Hidden,N/A,N/A
orderdetails,0.0,N/A,N/A,N/A,N/A,N/A,N/A,N/A,N/A,unavailable,N/A,0.0,N/A,0.0,N/A,N/A,N/A,N/A,unavailable,1102.0,N/A,N/A,10240.0,S18_1129,Hidden,125.97,3.0,N/A,N/A,N/A,N/A,None,unavailable,N/A,N/A,N/A,None,None,N/A,N/A,N/A,N/A,None,Hidden,N/A,N/A
orderdetails,0.0,N/A,N/A,N/A,N/A,N/A,N/A,N/A,N/A,unavailable,N/A,0.0,N/A,0.0,N/A,N/A,N/A,N/A,unavailable,1102.0,N/A,N/A,10240.0,S18_1984,Hidden,136.56,2.0,N/A,N/A,N/A,N/A,None,unavailable,N/A,N/A,N/A,None,None,N/A,N/A,N/A,N/A,None,Hidden,N/A,N/A
orderdetails,0.0,N/A,N/A,N/A,N/A,N/A,N/A,N/A,N/A,unavailable,N/A,0.0,N/A,0.0,N/A,N/A,N/A,N/A,unavailable,1102.0,N/A,N/A,10240.0,S18_3685,Hidden,134.22,1.0,N/A,N/A,N/A,N/A,None,unavailable,N/A,N/A,N/A,None,None,N/A,N/A,N/A,N/A,None,Hidden,N/A,N/A
orderdetails,0.0,N/A,N/A,N/A,N/A,N/A,N/A,N/A,N/A,unavailable,N/A,0.0,N/A,0.0,N/A,N/A,N/A,N/A,unavailable,1102.0,N/A,N/A,10241.0,S18_1589,Hidden,119.46,11.0,N/A,N/A,N/A,N/A,None,unavailable,N/A,N/A,N/A,None,None,N/A,N/A,N/A,N/A,None,Hidden,N/A,N/A
orderdetails,0.0,N/A,N/A,N/A,N/A,N/A,N/A,N/A,N/A,unavailable,N/A,0.0,N/A,0.0,N/A,N/A,N/A,N/A,unavailable,1102.0,N/A,N/A,10241.0,S18_1749,Hidden,153.00,2.0,N/A,N/A,N/A,N/A,None,unavailable,N/A,N/A,N/A,None,None,N/A,N/A,N/A,N/A,None,Hidden,N/A,N/A
orderdetails,0.0,N/A,N/A,N/A,N/A,N/A,N/A,N/A,N/A,unavailable,N/A,0.0,N/A,0.0,N/A,N/A,N/A,N/A,unavailable,1102.0,N/A,N/A,10241.0,S18_2248,Hidden,55.70,1.0,N/A,N/A,N/A,N/A,None,unavailable,N/A,N/A,N/A,None,None,N/A,N/A,N/A,N/A,None,Hidden,N/A,N/A
orderdetails,0.0,N/A,N/A,N/A,N/A,N/A,N/A,N/A,N/A,unavailable,N/A,0.0,N/A,0.0,N/A,N/A,N/A,N/A,unavailable,1102.0,N/A,N/A,10241.0,S18_2870,Hidden,126.72,12.0,N/A,N/A,N/A,N/A,None,unavailable,N/A,N/A,N/A,None,None,N/A,N/A,N/A,N/A,None,Hidden,N/A,N/A
orderdetails,0.0,N/A,N/A,N/A,N/A,N/A,N/A,N/A,N/A,unavailable,N/A,0.0,N/A,0.0,N/A,N/A,N/A,N/A,unavailable,1102.0,N/A,N/A,10241.0,S18_4409,Hidden,77.31,3.0,N/A,N/A,N/A,N/A,None,unavailable,N/A,N/A,N/A,None,None,N/A,N/A,N/A,N/A,None,Hidden,N/A,N/A
orderdetails,0.0,N/A,N/A,N/A,N/A,N/A,N/A,N/A,N/A,unavailable,N/A,0.0,N/A,0.0,N/A,N/A,N/A,N/A,unavailable,1102.0,N/A,N/A,10241.0,S18_4933,Hidden,62.72,4.0,N/A,N/A,N/A,N/A,None,unavailable,N/A,N/A,N/A,None,None,N/A,N/A,N/A,N/A,None,Hidden,N/A,N/A
orderdetails,0.0,N/A,N/A,N/A,N/A,N/A,N/A,N/A,N/A,unavailable,N/A,0.0,N/A,0.0,N/A,N/A,N/A,N/A,unavailable,1102.0,N/A,N/A,10241.0,S24_1046,Hidden,72.02,8.0,N/A,N/A,N/A,N/A,None,unavailable,N/A,N/A,N/A,None,None,N/A,N/A,N/A,N/A,None,Hidden,N/A,N/A
orderdetails,0.0,N/A,N/A,N/A,N/A,N/A,N/A,N/A,N/A,unavailable,N/A,0.0,N/A,0.0,N/A,N/A,N/A,N/A,unavailable,1102.0,N/A,N/A,10241.0,S24_1628,Hidden,47.29,10.0,N/A,N/A,N/A,N/A,None,unavailable,N/A,N/A,N/A,None,None,N/A,N/A,N/A,N/A,None,Hidden,N/A,N/A
orderdetails,0.0,N/A,N/A,N/A,N/A,N/A,N/A,N/A,N/A,unavailable,N/A,0.0,N/A,0.0,N/A,N/A,N/A,N/A,unavailable,1102.0,N/A,N/A,10241.0,S24_2766,Hidden,89.05,6.0,N/A,N/A,N/A,N/A,None,unavailable,N/A,N/A,N/A,None,None,N/A,N/A,N/A,N/A,None,Hidden,N/A,N/A
orderdetails,0.0,N/A,N/A,N/A,N/A,N/A,N/A,N/A,N/A,unavailable,N/A,0.0,N/A,0.0,N/A,N/A,N/A,N/A,unavailable,1102.0,N/A,N/A,10241.0,S24_2887,Hidden,117.44,5.0,N/A,N/A,N/A,N/A,None,unavailable,N/A,N/A,N/A,None,None,N/A,N/A,N/A,N/A,None,Hidden,N/A,N/A
orderdetails,0.0,N/A,N/A,N/A,N/A,N/A,N/A,N/A,N/A,unavailable,N/A,0.0,N/A,0.0,N/A,N/A,N/A,N/A,unavailable,1102.0,N/A,N/A,10241.0,S24_3191,Hidden,69.34,7.0,N/A,N/A,N/A,N/A,None,unavailable,N/A,N/A,N/A,None,None,N/A,N/A,N/A,N/A,None,Hidden,N/A,N/A
orderdetails,0.0,N/A,N/A,N/A,N/A,N/A,N/A,N/A,N/A,unavailable,N/A,0.0,N/A,0.0,N/A,N/A,N/A,N/A,unavailable,1102.0,N/A,N/A,10241.0,S24_3432,Hidden,107.08,9.0,N/A,N/A,N/A,N/A,None,unavailable,N/A,N/A,N/A,None,None,N/A,N/A,N/A,N/A,None,Hidden,N/A,N/A
orderdetails,0.0,N/A,N/A,N/A,N/A,N/A,N/A,N/A,N/A,unavailable,N/A,0.0,N/A,0.0,N/A,N/A,N/A,N/A,unavailable,1102.0,N/A,N/A,10242.0,S24_3969,Hidden,36.52,1.0,N/A,N/A,N/A,N/A,None,unavailable,N/A,N/A,N/A,None,None,N/A,N/A,N/A,N/A,None,Hidden,N/A,N/A
orderdetails,0.0,N/A,N/A,N/A,N/A,N/A,N/A,N/A,N/A,unavailable,N/A,0.0,N/A,0.0,N/A,N/A,N/A,N/A,unavailable,1102.0,N/A,N/A,10243.0,S18_2325,Hidden,111.87,2.0,N/A,N/A,N/A,N/A,None,unavailable,N/A,N/A,N/A,None,None,N/A,N/A,N/A,N/A,None,Hidden,N/A,N/A
orderdetails,0.0,N/A,N/A,N/A,N/A,N/A,N/A,N/A,N/A,unavailable,N/A,0.0,N/A,0.0,N/A,N/A,N/A,N/A,unavailable,1102.0,N/A,N/A,10243.0,S24_1937,Hidden,30.87,1.0,N/A,N/A,N/A,N/A,None,unavailable,N/A,N/A,N/A,None,None,N/A,N/A,N/A,N/A,None,Hidden,N/A,N/A
orderdetails,0.0,N/A,N/A,N/A,N/A,N/A,N/A,N/A,N/A,unavailable,N/A,0.0,N/A,0.0,N/A,N/A,N/A,N/A,unavailable,1102.0,N/A,N/A,10244.0,S18_1342,Hidden,99.66,7.0,N/A,N/A,N/A,N/A,None,unavailable,N/A,N/A,N/A,None,None,N/A,N/A,N/A,N/A,None,Hidden,N/A,N/A
orderdetails,0.0,N/A,N/A,N/A,N/A,N/A,N/A,N/A,N/A,unavailable,N/A,0.0,N/A,0.0,N/A,N/A,N/A,N/A,unavailable,1102.0,N/A,N/A,10244.0,S18_1367,Hidden,48.52,6.0,N/A,N/A,N/A,N/A,None,unavailable,N/A,N/A,N/A,None,None,N/A,N/A,N/A,N/A,None,Hidden,N/A,N/A
orderdetails,0.0,N/A,N/A,N/A,N/A,N/A,N/A,N/A,N/A,unavailable,N/A,0.0,N/A,0.0,N/A,N/A,N/A,N/A,unavailable,1102.0,N/A,N/A,10244.0,S18_2795,Hidden,141.75,8.0,N/A,N/A,N/A,N/A,None,unavailable,N/A,N/A,N/A,None,None,N/A,N/A,N/A,N/A,None,Hidden,N/A,N/A
orderdetails,0.0,N/A,N/A,N/A,N/A,N/A,N/A,N/A,N/A,unavailable,N/A,0.0,N/A,0.0,N/A,N/A,N/A,N/A,unavailable,1102.0,N/A,N/A,10244.0,S18_2949,Hidden,87.13,1.0,N/A,N/A,N/A,N/A,None,unavailable,N/A,N/A,N/A,None,None,N/A,N/A,N/A,N/A,None,Hidden,N/A,N/A
orderdetails,0.0,N/A,N/A,N/A,N/A,N/A,N/A,N/A,N/A,unavailable,N/A,0.0,N/A,0.0,N/A,N/A,N/A,N/A,unavailable,1102.0,N/A,N/A,10244.0,S18_2957,Hidden,54.96,3.0,N/A,N/A,N/A,N/A,None,unavailable,N/A,N/A,N/A,None,None,N/A,N/A,N/A,N/A,None,Hidden,N/A,N/A
orderdetails,0.0,N/A,N/A,N/A,N/A,N/A,N/A,N/A,N/A,unavailable,N/A,0.0,N/A,0.0,N/A,N/A,N/A,N/A,unavailable,1102.0,N/A,N/A,10244.0,S18_3136,Hidden,85.87,2.0,N/A,N/A,N/A,N/A,None,unavailable,N/A,N/A,N/A,None,None,N/A,N/A,N/A,N/A,None,Hidden,N/A,N/A
orderdetails,0.0,N/A,N/A,N/A,N/A,N/A,N/A,N/A,N/A,unavailable,N/A,0.0,N/A,0.0,N/A,N/A,N/A,N/A,unavailable,1102.0,N/A,N/A,10244.0,S18_3320,Hidden,87.30,5.0,N/A,N/A,N/A,N/A,None,unavailable,N/A,N/A,N/A,None,None,N/A,N/A,N/A,N/A,None,Hidden,N/A,N/A
orderdetails,0.0,N/A,N/A,N/A,N/A,N/A,N/A,N/A,N/A,unavailable,N/A,0.0,N/A,0.0,N/A,N/A,N/A,N/A,unavailable,1102.0,N/A,N/A,10244.0,S24_2022,Hidden,42.11,9.0,N/A,N/A,N/A,N/A,None,unavailable,N/A,N/A,N/A,None,None,N/A,N/A,N/A,N/A,None,Hidden,N/A,N/A
orderdetails,0.0,N/A,N/A,N/A,N/A,N/A,N/A,N/A,N/A,unavailable,N/A,0.0,N/A,0.0,N/A,N/A,N/A,N/A,unavailable,1102.0,N/A,N/A,10244.0,S24_4258,Hidden,97.39,4.0,N/A,N/A,N/A,N/A,None,unavailable,N/A,N/A,N/A,None,None,N/A,N/A,N/A,N/A,None,Hidden,N/A,N/A
orderdetails,0.0,N/A,N/A,N/A,N/A,N/A,N/A,N/A,N/A,unavailable,N/A,0.0,N/A,0.0,N/A,N/A,N/A,N/A,unavailable,1102.0,N/A,N/A,10245.0,S10_1949,Hidden,195.01,9.0,N/A,N/A,N/A,N/A,None,unavailable,N/A,N/A,N/A,None,None,N/A,N/A,N/A,N/A,None,Hidden,N/A,N/A
orderdetails,0.0,N/A,N/A,N/A,N/A,N/A,N/A,N/A,N/A,unavailable,N/A,0.0,N/A,0.0,N/A,N/A,N/A,N/A,unavailable,1102.0,N/A,N/A,10245.0,S10_4962,Hidden,147.74,2.0,N/A,N/A,N/A,N/A,None,unavailable,N/A,N/A,N/A,None,None,N/A,N/A,N/A,N/A,None,Hidden,N/A,N/A
orderdetails,0.0,N/A,N/A,N/A,N/A,N/A,N/A,N/A,N/A,unavailable,N/A,0.0,N/A,0.0,N/A,N/A,N/A,N/A,unavailable,1102.0,N/A,N/A,10245.0,S12_1666,Hidden,120.27,6.0,N/A,N/A,N/A,N/A,None,unavailable,N/A,N/A,N/A,None,None,N/A,N/A,N/A,N/A,None,Hidden,N/A,N/A
orderdetails,0.0,N/A,N/A,N/A,N/A,N/A,N/A,N/A,N/A,unavailable,N/A,0.0,N/A,0.0,N/A,N/A,N/A,N/A,unavailable,1102.0,N/A,N/A,10245.0,S18_1097,Hidden,114.34,8.0,N/A,N/A,N/A,N/A,None,unavailable,N/A,N/A,N/A,None,None,N/A,N/A,N/A,N/A,None,Hidden,N/A,N/A
orderdetails,0.0,N/A,N/A,N/A,N/A,N/A,N/A,N/A,N/A,unavailable,N/A,0.0,N/A,0.0,N/A,N/A,N/A,N/A,unavailable,1102.0,N/A,N/A,10245.0,S18_4600,Hidden,111.39,3.0,N/A,N/A,N/A,N/A,None,unavailable,N/A,N/A,N/A,None,None,N/A,N/A,N/A,N/A,None,Hidden,N/A,N/A
orderdetails,0.0,N/A,N/A,N/A,N/A,N/A,N/A,N/A,N/A,unavailable,N/A,0.0,N/A,0.0,N/A,N/A,N/A,N/A,unavailable,1102.0,N/A,N/A,10245.0,S18_4668,Hidden,48.80,7.0,N/A,N/A,N/A,N/A,None,unavailable,N/A,N/A,N/A,None,None,N/A,N/A,N/A,N/A,None,Hidden,N/A,N/A
orderdetails,0.0,N/A,N/A,N/A,N/A,N/A,N/A,N/A,N/A,unavailable,N/A,0.0,N/A,0.0,N/A,N/A,N/A,N/A,unavailable,1102.0,N/A,N/A,10245.0,S32_1268,Hidden,81.86,1.0,N/A,N/A,N/A,N/A,None,unavailable,N/A,N/A,N/A,None,None,N/A,N/A,N/A,N/A,None,Hidden,N/A,N/A
orderdetails,0.0,N/A,N/A,N/A,N/A,N/A,N/A,N/A,N/A,unavailable,N/A,0.0,N/A,0.0,N/A,N/A,N/A,N/A,unavailable,1102.0,N/A,N/A,10245.0,S32_3522,Hidden,54.94,5.0,N/A,N/A,N/A,N/A,None,unavailable,N/A,N/A,N/A,None,None,N/A,N/A,N/A,N/A,None,Hidden,N/A,N/A
orderdetails,0.0,N/A,N/A,N/A,N/A,N/A,N/A,N/A,N/A,unavailable,N/A,0.0,N/A,0.0,N/A,N/A,N/A,N/A,unavailable,1102.0,N/A,N/A,10245.0,S700_2824,Hidden,81.93,4.0,N/A,N/A,N/A,N/A,None,unavailable,N/A,N/A,N/A,None,None,N/A,N/A,N/A,N/A,None,Hidden,N/A,N/A
orderdetails,0.0,N/A,N/A,N/A,N/A,N/A,N/A,N/A,N/A,unavailable,N/A,0.0,N/A,0.0,N/A,N/A,N/A,N/A,unavailable,1102.0,N/A,N/A,10246.0,S12_4473,Hidden,99.54,5.0,N/A,N/A,N/A,N/A,None,unavailable,N/A,N/A,N/A,None,None,N/A,N/A,N/A,N/A,None,Hidden,N/A,N/A
orderdetails,0.0,N/A,N/A,N/A,N/A,N/A,N/A,N/A,N/A,unavailable,N/A,0.0,N/A,0.0,N/A,N/A,N/A,N/A,unavailable,1102.0,N/A,N/A,10246.0,S18_2238,Hidden,144.08,4.0,N/A,N/A,N/A,N/A,None,unavailable,N/A,N/A,N/A,None,None,N/A,N/A,N/A,N/A,None,Hidden,N/A,N/A
orderdetails,0.0,N/A,N/A,N/A,N/A,N/A,N/A,N/A,N/A,unavailable,N/A,0.0,N/A,0.0,N/A,N/A,N/A,N/A,unavailable,1102.0,N/A,N/A,10246.0,S18_2319,Hidden,100.64,8.0,N/A,N/A,N/A,N/A,None,unavailable,N/A,N/A,N/A,None,None,N/A,N/A,N/A,N/A,None,Hidden,N/A,N/A
orderdetails,0.0,N/A,N/A,N/A,N/A,N/A,N/A,N/A,N/A,unavailable,N/A,0.0,N/A,0.0,N/A,N/A,N/A,N/A,unavailable,1102.0,N/A,N/A,10246.0,S18_2432,Hidden,57.73,11.0,N/A,N/A,N/A,N/A,None,unavailable,N/A,N/A,N/A,None,None,N/A,N/A,N/A,N/A,None,Hidden,N/A,N/A
orderdetails,0.0,N/A,N/A,N/A,N/A,N/A,N/A,N/A,N/A,unavailable,N/A,0.0,N/A,0.0,N/A,N/A,N/A,N/A,unavailable,1102.0,N/A,N/A,10246.0,S18_3232,Hidden,145.63,9.0,N/A,N/A,N/A,N/A,None,unavailable,N/A,N/A,N/A,None,None,N/A,N/A,N/A,N/A,None,Hidden,N/A,N/A
orderdetails,0.0,N/A,N/A,N/A,N/A,N/A,N/A,N/A,N/A,unavailable,N/A,0.0,N/A,0.0,N/A,N/A,N/A,N/A,unavailable,1102.0,N/A,N/A,10246.0,S24_1444,Hidden,46.24,2.0,N/A,N/A,N/A,N/A,None,unavailable,N/A,N/A,N/A,None,None,N/A,N/A,N/A,N/A,None,Hidden,N/A,N/A
orderdetails,0.0,N/A,N/A,N/A,N/A,N/A,N/A,N/A,N/A,unavailable,N/A,0.0,N/A,0.0,N/A,N/A,N/A,N/A,unavailable,1102.0,N/A,N/A,10246.0,S24_2300,Hidden,118.84,10.0,N/A,N/A,N/A,N/A,None,unavailable,N/A,N/A,N/A,None,None,N/A,N/A,N/A,N/A,None,Hidden,N/A,N/A
orderdetails,0.0,N/A,N/A,N/A,N/A,N/A,N/A,N/A,N/A,unavailable,N/A,0.0,N/A,0.0,N/A,N/A,N/A,N/A,unavailable,1102.0,N/A,N/A,10246.0,S24_2840,Hidden,34.65,6.0,N/A,N/A,N/A,N/A,None,unavailable,N/A,N/A,N/A,None,None,N/A,N/A,N/A,N/A,None,Hidden,N/A,N/A
orderdetails,0.0,N/A,N/A,N/A,N/A,N/A,N/A,N/A,N/A,unavailable,N/A,0.0,N/A,0.0,N/A,N/A,N/A,N/A,unavailable,1102.0,N/A,N/A,10246.0,S24_4048,Hidden,100.54,1.0,N/A,N/A,N/A,N/A,None,unavailable,N/A,N/A,N/A,None,None,N/A,N/A,N/A,N/A,None,Hidden,N/A,N/A
orderdetails,0.0,N/A,N/A,N/A,N/A,N/A,N/A,N/A,N/A,unavailable,N/A,0.0,N/A,0.0,N/A,N/A,N/A,N/A,unavailable,1102.0,N/A,N/A,10246.0,S32_2509,Hidden,45.45,7.0,N/A,N/A,N/A,N/A,None,unavailable,N/A,N/A,N/A,None,None,N/A,N/A,N/A,N/A,None,Hidden,N/A,N/A
orderdetails,0.0,N/A,N/A,N/A,N/A,N/A,N/A,N/A,N/A,unavailable,N/A,0.0,N/A,0.0,N/A,N/A,N/A,N/A,unavailable,1102.0,N/A,N/A,10246.0,S50_1392,Hidden,113.44,3.0,N/A,N/A,N/A,N/A,None,unavailable,N/A,N/A,N/A,None,None,N/A,N/A,N/A,N/A,None,Hidden,N/A,N/A
orderdetails,0.0,N/A,N/A,N/A,N/A,N/A,N/A,N/A,N/A,unavailable,N/A,0.0,N/A,0.0,N/A,N/A,N/A,N/A,unavailable,1102.0,N/A,N/A,10247.0,S12_1108,Hidden,195.33,2.0,N/A,N/A,N/A,N/A,None,unavailable,N/A,N/A,N/A,None,None,N/A,N/A,N/A,N/A,None,Hidden,N/A,N/A
orderdetails,0.0,N/A,N/A,N/A,N/A,N/A,N/A,N/A,N/A,unavailable,N/A,0.0,N/A,0.0,N/A,N/A,N/A,N/A,unavailable,1102.0,N/A,N/A,10247.0,S12_3148,Hidden,140.50,3.0,N/A,N/A,N/A,N/A,None,unavailable,N/A,N/A,N/A,None,None,N/A,N/A,N/A,N/A,None,Hidden,N/A,N/A
orderdetails,0.0,N/A,N/A,N/A,N/A,N/A,N/A,N/A,N/A,unavailable,N/A,0.0,N/A,0.0,N/A,N/A,N/A,N/A,unavailable,1102.0,N/A,N/A,10247.0,S12_3891,Hidden,167.83,1.0,N/A,N/A,N/A,N/A,None,unavailable,N/A,N/A,N/A,None,None,N/A,N/A,N/A,N/A,None,Hidden,N/A,N/A
orderdetails,0.0,N/A,N/A,N/A,N/A,N/A,N/A,N/A,N/A,unavailable,N/A,0.0,N/A,0.0,N/A,N/A,N/A,N/A,unavailable,1102.0,N/A,N/A,10247.0,S18_4027,Hidden,143.62,5.0,N/A,N/A,N/A,N/A,None,unavailable,N/A,N/A,N/A,None,None,N/A,N/A,N/A,N/A,None,Hidden,N/A,N/A
orderdetails,0.0,N/A,N/A,N/A,N/A,N/A,N/A,N/A,N/A,unavailable,N/A,0.0,N/A,0.0,N/A,N/A,N/A,N/A,unavailable,1102.0,N/A,N/A,10247.0,S32_3207,Hidden,58.41,6.0,N/A,N/A,N/A,N/A,None,unavailable,N/A,N/A,N/A,None,None,N/A,N/A,N/A,N/A,None,Hidden,N/A,N/A
orderdetails,0.0,N/A,N/A,N/A,N/A,N/A,N/A,N/A,N/A,unavailable,N/A,0.0,N/A,0.0,N/A,N/A,N/A,N/A,unavailable,1102.0,N/A,N/A,10247.0,S50_1514,Hidden,51.55,4.0,N/A,N/A,N/A,N/A,None,unavailable,N/A,N/A,N/A,None,None,N/A,N/A,N/A,N/A,None,Hidden,N/A,N/A
orderdetails,0.0,N/A,N/A,N/A,N/A,N/A,N/A,N/A,N/A,unavailable,N/A,0.0,N/A,0.0,N/A,N/A,N/A,N/A,unavailable,1102.0,N/A,N/A,10248.0,S10_4757,Hidden,126.48,3.0,N/A,N/A,N/A,N/A,None,unavailable,N/A,N/A,N/A,None,None,N/A,N/A,N/A,N/A,None,Hidden,N/A,N/A
orderdetails,0.0,N/A,N/A,N/A,N/A,N/A,N/A,N/A,N/A,unavailable,N/A,0.0,N/A,0.0,N/A,N/A,N/A,N/A,unavailable,1102.0,N/A,N/A,10248.0,S18_3029,Hidden,80.86,1.0,N/A,N/A,N/A,N/A,None,unavailable,N/A,N/A,N/A,None,None,N/A,N/A,N/A,N/A,None,Hidden,N/A,N/A
orderdetails,0.0,N/A,N/A,N/A,N/A,N/A,N/A,N/A,N/A,unavailable,N/A,0.0,N/A,0.0,N/A,N/A,N/A,N/A,unavailable,1102.0,N/A,N/A,10248.0,S18_3140,Hidden,133.86,12.0,N/A,N/A,N/A,N/A,None,unavailable,N/A,N/A,N/A,None,None,N/A,N/A,N/A,N/A,None,Hidden,N/A,N/A
orderdetails,0.0,N/A,N/A,N/A,N/A,N/A,N/A,N/A,N/A,unavailable,N/A,0.0,N/A,0.0,N/A,N/A,N/A,N/A,unavailable,1102.0,N/A,N/A,10248.0,S18_3259,Hidden,95.80,14.0,N/A,N/A,N/A,N/A,None,unavailable,N/A,N/A,N/A,None,None,N/A,N/A,N/A,N/A,None,Hidden,N/A,N/A
orderdetails,0.0,N/A,N/A,N/A,N/A,N/A,N/A,N/A,N/A,unavailable,N/A,0.0,N/A,0.0,N/A,N/A,N/A,N/A,unavailable,1102.0,N/A,N/A,10248.0,S18_4522,Hidden,87.77,11.0,N/A,N/A,N/A,N/A,None,unavailable,N/A,N/A,N/A,None,None,N/A,N/A,N/A,N/A,None,Hidden,N/A,N/A
orderdetails,0.0,N/A,N/A,N/A,N/A,N/A,N/A,N/A,N/A,unavailable,N/A,0.0,N/A,0.0,N/A,N/A,N/A,N/A,unavailable,1102.0,N/A,N/A,10248.0,S24_2011,Hidden,122.89,10.0,N/A,N/A,N/A,N/A,None,unavailable,N/A,N/A,N/A,None,None,N/A,N/A,N/A,N/A,None,Hidden,N/A,N/A
orderdetails,0.0,N/A,N/A,N/A,N/A,N/A,N/A,N/A,N/A,unavailable,N/A,0.0,N/A,0.0,N/A,N/A,N/A,N/A,unavailable,1102.0,N/A,N/A,10248.0,S24_3151,Hidden,85.85,5.0,N/A,N/A,N/A,N/A,None,unavailable,N/A,N/A,N/A,None,None,N/A,N/A,N/A,N/A,None,Hidden,N/A,N/A
orderdetails,0.0,N/A,N/A,N/A,N/A,N/A,N/A,N/A,N/A,unavailable,N/A,0.0,N/A,0.0,N/A,N/A,N/A,N/A,unavailable,1102.0,N/A,N/A,10248.0,S24_3816,Hidden,83.02,2.0,N/A,N/A,N/A,N/A,None,unavailable,N/A,N/A,N/A,None,None,N/A,N/A,N/A,N/A,None,Hidden,N/A,N/A
orderdetails,0.0,N/A,N/A,N/A,N/A,N/A,N/A,N/A,N/A,unavailable,N/A,0.0,N/A,0.0,N/A,N/A,N/A,N/A,unavailable,1102.0,N/A,N/A,10248.0,S700_1138,Hidden,66.00,6.0,N/A,N/A,N/A,N/A,None,unavailable,N/A,N/A,N/A,None,None,N/A,N/A,N/A,N/A,None,Hidden,N/A,N/A
orderdetails,0.0,N/A,N/A,N/A,N/A,N/A,N/A,N/A,N/A,unavailable,N/A,0.0,N/A,0.0,N/A,N/A,N/A,N/A,unavailable,1102.0,N/A,N/A,10248.0,S700_1938,Hidden,81.41,13.0,N/A,N/A,N/A,N/A,None,unavailable,N/A,N/A,N/A,None,None,N/A,N/A,N/A,N/A,None,Hidden,N/A,N/A
orderdetails,0.0,N/A,N/A,N/A,N/A,N/A,N/A,N/A,N/A,unavailable,N/A,0.0,N/A,0.0,N/A,N/A,N/A,N/A,unavailable,1102.0,N/A,N/A,10248.0,S700_2610,Hidden,69.39,4.0,N/A,N/A,N/A,N/A,None,unavailable,N/A,N/A,N/A,None,None,N/A,N/A,N/A,N/A,None,Hidden,N/A,N/A
orderdetails,0.0,N/A,N/A,N/A,N/A,N/A,N/A,N/A,N/A,unavailable,N/A,0.0,N/A,0.0,N/A,N/A,N/A,N/A,unavailable,1102.0,N/A,N/A,10248.0,S700_3505,Hidden,84.14,7.0,N/A,N/A,N/A,N/A,None,unavailable,N/A,N/A,N/A,None,None,N/A,N/A,N/A,N/A,None,Hidden,N/A,N/A
orderdetails,0.0,N/A,N/A,N/A,N/A,N/A,N/A,N/A,N/A,unavailable,N/A,0.0,N/A,0.0,N/A,N/A,N/A,N/A,unavailable,1102.0,N/A,N/A,10248.0,S700_3962,Hidden,92.36,8.0,N/A,N/A,N/A,N/A,None,unavailable,N/A,N/A,N/A,None,None,N/A,N/A,N/A,N/A,None,Hidden,N/A,N/A
orderdetails,0.0,N/A,N/A,N/A,N/A,N/A,N/A,N/A,N/A,unavailable,N/A,0.0,N/A,0.0,N/A,N/A,N/A,N/A,unavailable,1102.0,N/A,N/A,10248.0,S72_3212,Hidden,53.51,9.0,N/A,N/A,N/A,N/A,None,unavailable,N/A,N/A,N/A,None,None,N/A,N/A,N/A,N/A,None,Hidden,N/A,N/A
orderdetails,0.0,N/A,N/A,N/A,N/A,N/A,N/A,N/A,N/A,unavailable,N/A,0.0,N/A,0.0,N/A,N/A,N/A,N/A,unavailable,1102.0,N/A,N/A,10249.0,S18_3856,Hidden,88.93,5.0,N/A,N/A,N/A,N/A,None,unavailable,N/A,N/A,N/A,None,None,N/A,N/A,N/A,N/A,None,Hidden,N/A,N/A
orderdetails,0.0,N/A,N/A,N/A,N/A,N/A,N/A,N/A,N/A,unavailable,N/A,0.0,N/A,0.0,N/A,N/A,N/A,N/A,unavailable,1102.0,N/A,N/A,10249.0,S24_2841,Hidden,54.81,1.0,N/A,N/A,N/A,N/A,None,unavailable,N/A,N/A,N/A,None,None,N/A,N/A,N/A,N/A,None,Hidden,N/A,N/A
orderdetails,0.0,N/A,N/A,N/A,N/A,N/A,N/A,N/A,N/A,unavailable,N/A,0.0,N/A,0.0,N/A,N/A,N/A,N/A,unavailable,1102.0,N/A,N/A,10249.0,S24_3420,Hidden,65.75,2.0,N/A,N/A,N/A,N/A,None,unavailable,N/A,N/A,N/A,None,None,N/A,N/A,N/A,N/A,None,Hidden,N/A,N/A
orderdetails,0.0,N/A,N/A,N/A,N/A,N/A,N/A,N/A,N/A,unavailable,N/A,0.0,N/A,0.0,N/A,N/A,N/A,N/A,unavailable,1102.0,N/A,N/A,10249.0,S700_2047,Hidden,85.99,4.0,N/A,N/A,N/A,N/A,None,unavailable,N/A,N/A,N/A,None,None,N/A,N/A,N/A,N/A,None,Hidden,N/A,N/A
orderdetails,0.0,N/A,N/A,N/A,N/A,N/A,N/A,N/A,N/A,unavailable,N/A,0.0,N/A,0.0,N/A,N/A,N/A,N/A,unavailable,1102.0,N/A,N/A,10249.0,S72_1253,Hidden,49.16,3.0,N/A,N/A,N/A,N/A,None,unavailable,N/A,N/A,N/A,None,None,N/A,N/A,N/A,N/A,None,Hidden,N/A,N/A
orderdetails,0.0,N/A,N/A,N/A,N/A,N/A,N/A,N/A,N/A,unavailable,N/A,0.0,N/A,0.0,N/A,N/A,N/A,N/A,unavailable,1102.0,N/A,N/A,10250.0,S18_1662,Hidden,148.23,14.0,N/A,N/A,N/A,N/A,None,unavailable,N/A,N/A,N/A,None,None,N/A,N/A,N/A,N/A,None,Hidden,N/A,N/A
orderdetails,0.0,N/A,N/A,N/A,N/A,N/A,N/A,N/A,N/A,unavailable,N/A,0.0,N/A,0.0,N/A,N/A,N/A,N/A,unavailable,1102.0,N/A,N/A,10250.0,S18_2581,Hidden,84.48,4.0,N/A,N/A,N/A,N/A,None,unavailable,N/A,N/A,N/A,None,None,N/A,N/A,N/A,N/A,None,Hidden,N/A,N/A
orderdetails,0.0,N/A,N/A,N/A,N/A,N/A,N/A,N/A,N/A,unavailable,N/A,0.0,N/A,0.0,N/A,N/A,N/A,N/A,unavailable,1102.0,N/A,N/A,10250.0,S24_1785,Hidden,95.20,6.0,N/A,N/A,N/A,N/A,None,unavailable,N/A,N/A,N/A,None,None,N/A,N/A,N/A,N/A,None,Hidden,N/A,N/A
orderdetails,0.0,N/A,N/A,N/A,N/A,N/A,N/A,N/A,N/A,unavailable,N/A,0.0,N/A,0.0,N/A,N/A,N/A,N/A,unavailable,1102.0,N/A,N/A,10250.0,S24_2000,Hidden,63.22,1.0,N/A,N/A,N/A,N/A,None,unavailable,N/A,N/A,N/A,None,None,N/A,N/A,N/A,N/A,None,Hidden,N/A,N/A
orderdetails,0.0,N/A,N/A,N/A,N/A,N/A,N/A,N/A,N/A,unavailable,N/A,0.0,N/A,0.0,N/A,N/A,N/A,N/A,unavailable,1102.0,N/A,N/A,10250.0,S24_3949,Hidden,61.42,13.0,N/A,N/A,N/A,N/A,None,unavailable,N/A,N/A,N/A,None,None,N/A,N/A,N/A,N/A,None,Hidden,N/A,N/A
orderdetails,0.0,N/A,N/A,N/A,N/A,N/A,N/A,N/A,N/A,unavailable,N/A,0.0,N/A,0.0,N/A,N/A,N/A,N/A,unavailable,1102.0,N/A,N/A,10250.0,S24_4278,Hidden,72.45,5.0,N/A,N/A,N/A,N/A,None,unavailable,N/A,N/A,N/A,None,None,N/A,N/A,N/A,N/A,None,Hidden,N/A,N/A
orderdetails,0.0,N/A,N/A,N/A,N/A,N/A,N/A,N/A,N/A,unavailable,N/A,0.0,N/A,0.0,N/A,N/A,N/A,N/A,unavailable,1102.0,N/A,N/A,10250.0,S32_1374,Hidden,99.89,2.0,N/A,N/A,N/A,N/A,None,unavailable,N/A,N/A,N/A,None,None,N/A,N/A,N/A,N/A,None,Hidden,N/A,N/A
orderdetails,0.0,N/A,N/A,N/A,N/A,N/A,N/A,N/A,N/A,unavailable,N/A,0.0,N/A,0.0,N/A,N/A,N/A,N/A,unavailable,1102.0,N/A,N/A,10250.0,S32_4289,Hidden,62.60,7.0,N/A,N/A,N/A,N/A,None,unavailable,N/A,N/A,N/A,None,None,N/A,N/A,N/A,N/A,None,Hidden,N/A,N/A
orderdetails,0.0,N/A,N/A,N/A,N/A,N/A,N/A,N/A,N/A,unavailable,N/A,0.0,N/A,0.0,N/A,N/A,N/A,N/A,unavailable,1102.0,N/A,N/A,10250.0,S50_1341,Hidden,36.66,8.0,N/A,N/A,N/A,N/A,None,unavailable,N/A,N/A,N/A,None,None,N/A,N/A,N/A,N/A,None,Hidden,N/A,N/A
orderdetails,0.0,N/A,N/A,N/A,N/A,N/A,N/A,N/A,N/A,unavailable,N/A,0.0,N/A,0.0,N/A,N/A,N/A,N/A,unavailable,1102.0,N/A,N/A,10250.0,S700_1691,Hidden,91.34,9.0,N/A,N/A,N/A,N/A,None,unavailable,N/A,N/A,N/A,None,None,N/A,N/A,N/A,N/A,None,Hidden,N/A,N/A
orderdetails,0.0,N/A,N/A,N/A,N/A,N/A,N/A,N/A,N/A,unavailable,N/A,0.0,N/A,0.0,N/A,N/A,N/A,N/A,unavailable,1102.0,N/A,N/A,10250.0,S700_2466,Hidden,90.75,11.0,N/A,N/A,N/A,N/A,None,unavailable,N/A,N/A,N/A,None,None,N/A,N/A,N/A,N/A,None,Hidden,N/A,N/A
orderdetails,0.0,N/A,N/A,N/A,N/A,N/A,N/A,N/A,N/A,unavailable,N/A,0.0,N/A,0.0,N/A,N/A,N/A,N/A,unavailable,1102.0,N/A,N/A,10250.0,S700_2834,Hidden,98.48,3.0,N/A,N/A,N/A,N/A,None,unavailable,N/A,N/A,N/A,None,None,N/A,N/A,N/A,N/A,None,Hidden,N/A,N/A
orderdetails,0.0,N/A,N/A,N/A,N/A,N/A,N/A,N/A,N/A,unavailable,N/A,0.0,N/A,0.0,N/A,N/A,N/A,N/A,unavailable,1102.0,N/A,N/A,10250.0,S700_3167,Hidden,76.00,10.0,N/A,N/A,N/A,N/A,None,unavailable,N/A,N/A,N/A,None,None,N/A,N/A,N/A,N/A,None,Hidden,N/A,N/A
orderdetails,0.0,N/A,N/A,N/A,N/A,N/A,N/A,N/A,N/A,unavailable,N/A,0.0,N/A,0.0,N/A,N/A,N/A,N/A,unavailable,1102.0,N/A,N/A,10250.0,S700_4002,Hidden,65.89,12.0,N/A,N/A,N/A,N/A,None,unavailable,N/A,N/A,N/A,None,None,N/A,N/A,N/A,N/A,None,Hidden,N/A,N/A
orderdetails,0.0,N/A,N/A,N/A,N/A,N/A,N/A,N/A,N/A,unavailable,N/A,0.0,N/A,0.0,N/A,N/A,N/A,N/A,unavailable,1102.0,N/A,N/A,10251.0,S10_1678,Hidden,93.79,2.0,N/A,N/A,N/A,N/A,None,unavailable,N/A,N/A,N/A,None,None,N/A,N/A,N/A,N/A,None,Hidden,N/A,N/A
orderdetails,0.0,N/A,N/A,N/A,N/A,N/A,N/A,N/A,N/A,unavailable,N/A,0.0,N/A,0.0,N/A,N/A,N/A,N/A,unavailable,1102.0,N/A,N/A,10251.0,S10_2016,Hidden,115.37,5.0,N/A,N/A,N/A,N/A,None,unavailable,N/A,N/A,N/A,None,None,N/A,N/A,N/A,N/A,None,Hidden,N/A,N/A
orderdetails,0.0,N/A,N/A,N/A,N/A,N/A,N/A,N/A,N/A,unavailable,N/A,0.0,N/A,0.0,N/A,N/A,N/A,N/A,unavailable,1102.0,N/A,N/A,10251.0,S10_4698,Hidden,172.36,4.0,N/A,N/A,N/A,N/A,None,unavailable,N/A,N/A,N/A,None,None,N/A,N/A,N/A,N/A,None,Hidden,N/A,N/A
orderdetails,0.0,N/A,N/A,N/A,N/A,N/A,N/A,N/A,N/A,unavailable,N/A,0.0,N/A,0.0,N/A,N/A,N/A,N/A,unavailable,1102.0,N/A,N/A,10251.0,S12_2823,Hidden,129.53,1.0,N/A,N/A,N/A,N/A,None,unavailable,N/A,N/A,N/A,None,None,N/A,N/A,N/A,N/A,None,Hidden,N/A,N/A
orderdetails,0.0,N/A,N/A,N/A,N/A,N/A,N/A,N/A,N/A,unavailable,N/A,0.0,N/A,0.0,N/A,N/A,N/A,N/A,unavailable,1102.0,N/A,N/A,10251.0,S18_2625,Hidden,58.15,6.0,N/A,N/A,N/A,N/A,None,unavailable,N/A,N/A,N/A,None,None,N/A,N/A,N/A,N/A,None,Hidden,N/A,N/A
orderdetails,0.0,N/A,N/A,N/A,N/A,N/A,N/A,N/A,N/A,unavailable,N/A,0.0,N/A,0.0,N/A,N/A,N/A,N/A,unavailable,1102.0,N/A,N/A,10251.0,S24_1578,Hidden,91.29,3.0,N/A,N/A,N/A,N/A,None,unavailable,N/A,N/A,N/A,None,None,N/A,N/A,N/A,N/A,None,Hidden,N/A,N/A
orderdetails,0.0,N/A,N/A,N/A,N/A,N/A,N/A,N/A,N/A,unavailable,N/A,0.0,N/A,0.0,N/A,N/A,N/A,N/A,unavailable,1102.0,N/A,N/A,10252.0,S18_3278,Hidden,74.78,2.0,N/A,N/A,N/A,N/A,None,unavailable,N/A,N/A,N/A,None,None,N/A,N/A,N/A,N/A,None,Hidden,N/A,N/A
orderdetails,0.0,N/A,N/A,N/A,N/A,N/A,N/A,N/A,N/A,unavailable,N/A,0.0,N/A,0.0,N/A,N/A,N/A,N/A,unavailable,1102.0,N/A,N/A,10252.0,S18_3482,Hidden,145.52,1.0,N/A,N/A,N/A,N/A,None,unavailable,N/A,N/A,N/A,None,None,N/A,N/A,N/A,N/A,None,Hidden,N/A,N/A
orderdetails,0.0,N/A,N/A,N/A,N/A,N/A,N/A,N/A,N/A,unavailable,N/A,0.0,N/A,0.0,N/A,N/A,N/A,N/A,unavailable,1102.0,N/A,N/A,10252.0,S18_3782,Hidden,50.36,5.0,N/A,N/A,N/A,N/A,None,unavailable,N/A,N/A,N/A,None,None,N/A,N/A,N/A,N/A,None,Hidden,N/A,N/A
orderdetails,0.0,N/A,N/A,N/A,N/A,N/A,N/A,N/A,N/A,unavailable,N/A,0.0,N/A,0.0,N/A,N/A,N/A,N/A,unavailable,1102.0,N/A,N/A,10252.0,S18_4721,Hidden,127.97,4.0,N/A,N/A,N/A,N/A,None,unavailable,N/A,N/A,N/A,None,None,N/A,N/A,N/A,N/A,None,Hidden,N/A,N/A
orderdetails,0.0,N/A,N/A,N/A,N/A,N/A,N/A,N/A,N/A,unavailable,N/A,0.0,N/A,0.0,N/A,N/A,N/A,N/A,unavailable,1102.0,N/A,N/A,10252.0,S24_2360,Hidden,63.03,8.0,N/A,N/A,N/A,N/A,None,unavailable,N/A,N/A,N/A,None,None,N/A,N/A,N/A,N/A,None,Hidden,N/A,N/A
orderdetails,0.0,N/A,N/A,N/A,N/A,N/A,N/A,N/A,N/A,unavailable,N/A,0.0,N/A,0.0,N/A,N/A,N/A,N/A,unavailable,1102.0,N/A,N/A,10252.0,S24_4620,Hidden,69.52,3.0,N/A,N/A,N/A,N/A,None,unavailable,N/A,N/A,N/A,None,None,N/A,N/A,N/A,N/A,None,Hidden,N/A,N/A
orderdetails,0.0,N/A,N/A,N/A,N/A,N/A,N/A,N/A,N/A,unavailable,N/A,0.0,N/A,0.0,N/A,N/A,N/A,N/A,unavailable,1102.0,N/A,N/A,10252.0,S32_2206,Hidden,36.21,6.0,N/A,N/A,N/A,N/A,None,unavailable,N/A,N/A,N/A,None,None,N/A,N/A,N/A,N/A,None,Hidden,N/A,N/A
orderdetails,0.0,N/A,N/A,N/A,N/A,N/A,N/A,N/A,N/A,unavailable,N/A,0.0,N/A,0.0,N/A,N/A,N/A,N/A,unavailable,1102.0,N/A,N/A,10252.0,S32_4485,Hidden,93.89,9.0,N/A,N/A,N/A,N/A,None,unavailable,N/A,N/A,N/A,None,None,N/A,N/A,N/A,N/A,None,Hidden,N/A,N/A
orderdetails,0.0,N/A,N/A,N/A,N/A,N/A,N/A,N/A,N/A,unavailable,N/A,0.0,N/A,0.0,N/A,N/A,N/A,N/A,unavailable,1102.0,N/A,N/A,10252.0,S50_4713,Hidden,72.41,7.0,N/A,N/A,N/A,N/A,None,unavailable,N/A,N/A,N/A,None,None,N/A,N/A,N/A,N/A,None,Hidden,N/A,N/A
orderdetails,0.0,N/A,N/A,N/A,N/A,N/A,N/A,N/A,N/A,unavailable,N/A,0.0,N/A,0.0,N/A,N/A,N/A,N/A,unavailable,1102.0,N/A,N/A,10253.0,S12_1099,Hidden,157.60,13.0,N/A,N/A,N/A,N/A,None,unavailable,N/A,N/A,N/A,None,None,N/A,N/A,N/A,N/A,None,Hidden,N/A,N/A
orderdetails,0.0,N/A,N/A,N/A,N/A,N/A,N/A,N/A,N/A,unavailable,N/A,0.0,N/A,0.0,N/A,N/A,N/A,N/A,unavailable,1102.0,N/A,N/A,10253.0,S12_3380,Hidden,102.17,11.0,N/A,N/A,N/A,N/A,None,unavailable,N/A,N/A,N/A,None,None,N/A,N/A,N/A,N/A,None,Hidden,N/A,N/A
orderdetails,0.0,N/A,N/A,N/A,N/A,N/A,N/A,N/A,N/A,unavailable,N/A,0.0,N/A,0.0,N/A,N/A,N/A,N/A,unavailable,1102.0,N/A,N/A,10253.0,S12_3990,Hidden,67.03,14.0,N/A,N/A,N/A,N/A,None,unavailable,N/A,N/A,N/A,None,None,N/A,N/A,N/A,N/A,None,Hidden,N/A,N/A
orderdetails,0.0,N/A,N/A,N/A,N/A,N/A,N/A,N/A,N/A,unavailable,N/A,0.0,N/A,0.0,N/A,N/A,N/A,N/A,unavailable,1102.0,N/A,N/A,10253.0,S12_4675,Hidden,109.40,10.0,N/A,N/A,N/A,N/A,None,unavailable,N/A,N/A,N/A,None,None,N/A,N/A,N/A,N/A,None,Hidden,N/A,N/A
orderdetails,0.0,N/A,N/A,N/A,N/A,N/A,N/A,N/A,N/A,unavailable,N/A,0.0,N/A,0.0,N/A,N/A,N/A,N/A,unavailable,1102.0,N/A,N/A,10253.0,S18_1129,Hidden,130.22,5.0,N/A,N/A,N/A,N/A,None,unavailable,N/A,N/A,N/A,None,None,N/A,N/A,N/A,N/A,None,Hidden,N/A,N/A
orderdetails,0.0,N/A,N/A,N/A,N/A,N/A,N/A,N/A,N/A,unavailable,N/A,0.0,N/A,0.0,N/A,N/A,N/A,N/A,unavailable,1102.0,N/A,N/A,10253.0,S18_1589,Hidden,103.29,1.0,N/A,N/A,N/A,N/A,None,unavailable,N/A,N/A,N/A,None,None,N/A,N/A,N/A,N/A,None,Hidden,N/A,N/A
orderdetails,0.0,N/A,N/A,N/A,N/A,N/A,N/A,N/A,N/A,unavailable,N/A,0.0,N/A,0.0,N/A,N/A,N/A,N/A,unavailable,1102.0,N/A,N/A,10253.0,S18_1889,Hidden,67.76,9.0,N/A,N/A,N/A,N/A,None,unavailable,N/A,N/A,N/A,None,None,N/A,N/A,N/A,N/A,None,Hidden,N/A,N/A
orderdetails,0.0,N/A,N/A,N/A,N/A,N/A,N/A,N/A,N/A,unavailable,N/A,0.0,N/A,0.0,N/A,N/A,N/A,N/A,unavailable,1102.0,N/A,N/A,10253.0,S18_1984,Hidden,130.87,4.0,N/A,N/A,N/A,N/A,None,unavailable,N/A,N/A,N/A,None,None,N/A,N/A,N/A,N/A,None,Hidden,N/A,N/A
orderdetails,0.0,N/A,N/A,N/A,N/A,N/A,N/A,N/A,N/A,unavailable,N/A,0.0,N/A,0.0,N/A,N/A,N/A,N/A,unavailable,1102.0,N/A,N/A,10253.0,S18_2870,Hidden,114.84,2.0,N/A,N/A,N/A,N/A,None,unavailable,N/A,N/A,N/A,None,None,N/A,N/A,N/A,N/A,None,Hidden,N/A,N/A
orderdetails,0.0,N/A,N/A,N/A,N/A,N/A,N/A,N/A,N/A,unavailable,N/A,0.0,N/A,0.0,N/A,N/A,N/A,N/A,unavailable,1102.0,N/A,N/A,10253.0,S18_3232,Hidden,145.63,6.0,N/A,N/A,N/A,N/A,None,unavailable,N/A,N/A,N/A,None,None,N/A,N/A,N/A,N/A,None,Hidden,N/A,N/A
orderdetails,0.0,N/A,N/A,N/A,N/A,N/A,N/A,N/A,N/A,unavailable,N/A,0.0,N/A,0.0,N/A,N/A,N/A,N/A,unavailable,1102.0,N/A,N/A,10253.0,S18_3685,Hidden,139.87,3.0,N/A,N/A,N/A,N/A,None,unavailable,N/A,N/A,N/A,None,None,N/A,N/A,N/A,N/A,None,Hidden,N/A,N/A
orderdetails,0.0,N/A,N/A,N/A,N/A,N/A,N/A,N/A,N/A,unavailable,N/A,0.0,N/A,0.0,N/A,N/A,N/A,N/A,unavailable,1102.0,N/A,N/A,10253.0,S24_2972,Hidden,34.74,7.0,N/A,N/A,N/A,N/A,None,unavailable,N/A,N/A,N/A,None,None,N/A,N/A,N/A,N/A,None,Hidden,N/A,N/A
orderdetails,0.0,N/A,N/A,N/A,N/A,N/A,N/A,N/A,N/A,unavailable,N/A,0.0,N/A,0.0,N/A,N/A,N/A,N/A,unavailable,1102.0,N/A,N/A,10253.0,S24_3371,Hidden,50.82,12.0,N/A,N/A,N/A,N/A,None,unavailable,N/A,N/A,N/A,None,None,N/A,N/A,N/A,N/A,None,Hidden,N/A,N/A
orderdetails,0.0,N/A,N/A,N/A,N/A,N/A,N/A,N/A,N/A,unavailable,N/A,0.0,N/A,0.0,N/A,N/A,N/A,N/A,unavailable,1102.0,N/A,N/A,10253.0,S24_3856,Hidden,115.15,8.0,N/A,N/A,N/A,N/A,None,unavailable,N/A,N/A,N/A,None,None,N/A,N/A,N/A,N/A,None,Hidden,N/A,N/A
orderdetails,0.0,N/A,N/A,N/A,N/A,N/A,N/A,N/A,N/A,unavailable,N/A,0.0,N/A,0.0,N/A,N/A,N/A,N/A,unavailable,1102.0,N/A,N/A,10254.0,S18_1749,Hidden,137.70,5.0,N/A,N/A,N/A,N/A,None,unavailable,N/A,N/A,N/A,None,None,N/A,N/A,N/A,N/A,None,Hidden,N/A,N/A
orderdetails,0.0,N/A,N/A,N/A,N/A,N/A,N/A,N/A,N/A,unavailable,N/A,0.0,N/A,0.0,N/A,N/A,N/A,N/A,unavailable,1102.0,N/A,N/A,10254.0,S18_2248,Hidden,55.09,4.0,N/A,N/A,N/A,N/A,None,unavailable,N/A,N/A,N/A,None,None,N/A,N/A,N/A,N/A,None,Hidden,N/A,N/A
orderdetails,0.0,N/A,N/A,N/A,N/A,N/A,N/A,N/A,N/A,unavailable,N/A,0.0,N/A,0.0,N/A,N/A,N/A,N/A,unavailable,1102.0,N/A,N/A,10254.0,S18_2325,Hidden,102.98,2.0,N/A,N/A,N/A,N/A,None,unavailable,N/A,N/A,N/A,None,None,N/A,N/A,N/A,N/A,None,Hidden,N/A,N/A
orderdetails,0.0,N/A,N/A,N/A,N/A,N/A,N/A,N/A,N/A,unavailable,N/A,0.0,N/A,0.0,N/A,N/A,N/A,N/A,unavailable,1102.0,N/A,N/A,10254.0,S18_4409,Hidden,80.99,6.0,N/A,N/A,N/A,N/A,None,unavailable,N/A,N/A,N/A,None,None,N/A,N/A,N/A,N/A,None,Hidden,N/A,N/A
orderdetails,0.0,N/A,N/A,N/A,N/A,N/A,N/A,N/A,N/A,unavailable,N/A,0.0,N/A,0.0,N/A,N/A,N/A,N/A,unavailable,1102.0,N/A,N/A,10254.0,S18_4933,Hidden,59.87,7.0,N/A,N/A,N/A,N/A,None,unavailable,N/A,N/A,N/A,None,None,N/A,N/A,N/A,N/A,None,Hidden,N/A,N/A
orderdetails,0.0,N/A,N/A,N/A,N/A,N/A,N/A,N/A,N/A,unavailable,N/A,0.0,N/A,0.0,N/A,N/A,N/A,N/A,unavailable,1102.0,N/A,N/A,10254.0,S24_1046,Hidden,66.88,11.0,N/A,N/A,N/A,N/A,None,unavailable,N/A,N/A,N/A,None,None,N/A,N/A,N/A,N/A,None,Hidden,N/A,N/A
orderdetails,0.0,N/A,N/A,N/A,N/A,N/A,N/A,N/A,N/A,unavailable,N/A,0.0,N/A,0.0,N/A,N/A,N/A,N/A,unavailable,1102.0,N/A,N/A,10254.0,S24_1628,Hidden,43.27,13.0,N/A,N/A,N/A,N/A,None,unavailable,N/A,N/A,N/A,None,None,N/A,N/A,N/A,N/A,None,Hidden,N/A,N/A
orderdetails,0.0,N/A,N/A,N/A,N/A,N/A,N/A,N/A,N/A,unavailable,N/A,0.0,N/A,0.0,N/A,N/A,N/A,N/A,unavailable,1102.0,N/A,N/A,10254.0,S24_1937,Hidden,28.88,1.0,N/A,N/A,N/A,N/A,None,unavailable,N/A,N/A,N/A,None,None,N/A,N/A,N/A,N/A,None,Hidden,N/A,N/A
orderdetails,0.0,N/A,N/A,N/A,N/A,N/A,N/A,N/A,N/A,unavailable,N/A,0.0,N/A,0.0,N/A,N/A,N/A,N/A,unavailable,1102.0,N/A,N/A,10254.0,S24_2766,Hidden,85.42,9.0,N/A,N/A,N/A,N/A,None,unavailable,N/A,N/A,N/A,None,None,N/A,N/A,N/A,N/A,None,Hidden,N/A,N/A
orderdetails,0.0,N/A,N/A,N/A,N/A,N/A,N/A,N/A,N/A,unavailable,N/A,0.0,N/A,0.0,N/A,N/A,N/A,N/A,unavailable,1102.0,N/A,N/A,10254.0,S24_2887,Hidden,111.57,8.0,N/A,N/A,N/A,N/A,None,unavailable,N/A,N/A,N/A,None,None,N/A,N/A,N/A,N/A,None,Hidden,N/A,N/A
orderdetails,0.0,N/A,N/A,N/A,N/A,N/A,N/A,N/A,N/A,unavailable,N/A,0.0,N/A,0.0,N/A,N/A,N/A,N/A,unavailable,1102.0,N/A,N/A,10254.0,S24_3191,Hidden,69.34,10.0,N/A,N/A,N/A,N/A,None,unavailable,N/A,N/A,N/A,None,None,N/A,N/A,N/A,N/A,None,Hidden,N/A,N/A
orderdetails,0.0,N/A,N/A,N/A,N/A,N/A,N/A,N/A,N/A,unavailable,N/A,0.0,N/A,0.0,N/A,N/A,N/A,N/A,unavailable,1102.0,N/A,N/A,10254.0,S24_3432,Hidden,101.73,12.0,N/A,N/A,N/A,N/A,None,unavailable,N/A,N/A,N/A,None,None,N/A,N/A,N/A,N/A,None,Hidden,N/A,N/A
orderdetails,0.0,N/A,N/A,N/A,N/A,N/A,N/A,N/A,N/A,unavailable,N/A,0.0,N/A,0.0,N/A,N/A,N/A,N/A,unavailable,1102.0,N/A,N/A,10254.0,S24_3969,Hidden,39.80,3.0,N/A,N/A,N/A,N/A,None,unavailable,N/A,N/A,N/A,None,None,N/A,N/A,N/A,N/A,None,Hidden,N/A,N/A
orderdetails,0.0,N/A,N/A,N/A,N/A,N/A,N/A,N/A,N/A,unavailable,N/A,0.0,N/A,0.0,N/A,N/A,N/A,N/A,unavailable,1102.0,N/A,N/A,10255.0,S18_2795,Hidden,135.00,1.0,N/A,N/A,N/A,N/A,None,unavailable,N/A,N/A,N/A,None,None,N/A,N/A,N/A,N/A,None,Hidden,N/A,N/A
orderdetails,0.0,N/A,N/A,N/A,N/A,N/A,N/A,N/A,N/A,unavailable,N/A,0.0,N/A,0.0,N/A,N/A,N/A,N/A,unavailable,1102.0,N/A,N/A,10255.0,S24_2022,Hidden,37.63,2.0,N/A,N/A,N/A,N/A,None,unavailable,N/A,N/A,N/A,None,None,N/A,N/A,N/A,N/A,None,Hidden,N/A,N/A
orderdetails,0.0,N/A,N/A,N/A,N/A,N/A,N/A,N/A,N/A,unavailable,N/A,0.0,N/A,0.0,N/A,N/A,N/A,N/A,unavailable,1102.0,N/A,N/A,10256.0,S18_1342,Hidden,93.49,2.0,N/A,N/A,N/A,N/A,None,unavailable,N/A,N/A,N/A,None,None,N/A,N/A,N/A,N/A,None,Hidden,N/A,N/A
orderdetails,0.0,N/A,N/A,N/A,N/A,N/A,N/A,N/A,N/A,unavailable,N/A,0.0,N/A,0.0,N/A,N/A,N/A,N/A,unavailable,1102.0,N/A,N/A,10256.0,S18_1367,Hidden,52.83,1.0,N/A,N/A,N/A,N/A,None,unavailable,N/A,N/A,N/A,None,None,N/A,N/A,N/A,N/A,None,Hidden,N/A,N/A
orderdetails,0.0,N/A,N/A,N/A,N/A,N/A,N/A,N/A,N/A,unavailable,N/A,0.0,N/A,0.0,N/A,N/A,N/A,N/A,unavailable,1102.0,N/A,N/A,10257.0,S18_2949,Hidden,92.19,1.0,N/A,N/A,N/A,N/A,None,unavailable,N/A,N/A,N/A,None,None,N/A,N/A,N/A,N/A,None,Hidden,N/A,N/A
orderdetails,0.0,N/A,N/A,N/A,N/A,N/A,N/A,N/A,N/A,unavailable,N/A,0.0,N/A,0.0,N/A,N/A,N/A,N/A,unavailable,1102.0,N/A,N/A,10257.0,S18_2957,Hidden,59.34,3.0,N/A,N/A,N/A,N/A,None,unavailable,N/A,N/A,N/A,None,None,N/A,N/A,N/A,N/A,None,Hidden,N/A,N/A
orderdetails,0.0,N/A,N/A,N/A,N/A,N/A,N/A,N/A,N/A,unavailable,N/A,0.0,N/A,0.0,N/A,N/A,N/A,N/A,unavailable,1102.0,N/A,N/A,10257.0,S18_3136,Hidden,83.78,2.0,N/A,N/A,N/A,N/A,None,unavailable,N/A,N/A,N/A,None,None,N/A,N/A,N/A,N/A,None,Hidden,N/A,N/A
orderdetails,0.0,N/A,N/A,N/A,N/A,N/A,N/A,N/A,N/A,unavailable,N/A,0.0,N/A,0.0,N/A,N/A,N/A,N/A,unavailable,1102.0,N/A,N/A,10257.0,S18_3320,Hidden,91.27,5.0,N/A,N/A,N/A,N/A,None,unavailable,N/A,N/A,N/A,None,None,N/A,N/A,N/A,N/A,None,Hidden,N/A,N/A
orderdetails,0.0,N/A,N/A,N/A,N/A,N/A,N/A,N/A,N/A,unavailable,N/A,0.0,N/A,0.0,N/A,N/A,N/A,N/A,unavailable,1102.0,N/A,N/A,10257.0,S24_4258,Hidden,81.81,4.0,N/A,N/A,N/A,N/A,None,unavailable,N/A,N/A,N/A,None,None,N/A,N/A,N/A,N/A,None,Hidden,N/A,N/A
orderdetails,0.0,N/A,N/A,N/A,N/A,N/A,N/A,N/A,N/A,unavailable,N/A,0.0,N/A,0.0,N/A,N/A,N/A,N/A,unavailable,1102.0,N/A,N/A,10258.0,S10_1949,Hidden,177.87,6.0,N/A,N/A,N/A,N/A,None,unavailable,N/A,N/A,N/A,None,None,N/A,N/A,N/A,N/A,None,Hidden,N/A,N/A
orderdetails,0.0,N/A,N/A,N/A,N/A,N/A,N/A,N/A,N/A,unavailable,N/A,0.0,N/A,0.0,N/A,N/A,N/A,N/A,unavailable,1102.0,N/A,N/A,10258.0,S12_1666,Hidden,133.94,3.0,N/A,N/A,N/A,N/A,None,unavailable,N/A,N/A,N/A,None,None,N/A,N/A,N/A,N/A,None,Hidden,N/A,N/A
orderdetails,0.0,N/A,N/A,N/A,N/A,N/A,N/A,N/A,N/A,unavailable,N/A,0.0,N/A,0.0,N/A,N/A,N/A,N/A,unavailable,1102.0,N/A,N/A,10258.0,S18_1097,Hidden,113.17,5.0,N/A,N/A,N/A,N/A,None,unavailable,N/A,N/A,N/A,None,None,N/A,N/A,N/A,N/A,None,Hidden,N/A,N/A
orderdetails,0.0,N/A,N/A,N/A,N/A,N/A,N/A,N/A,N/A,unavailable,N/A,0.0,N/A,0.0,N/A,N/A,N/A,N/A,unavailable,1102.0,N/A,N/A,10258.0,S18_4668,Hidden,49.81,4.0,N/A,N/A,N/A,N/A,None,unavailable,N/A,N/A,N/A,None,None,N/A,N/A,N/A,N/A,None,Hidden,N/A,N/A
orderdetails,0.0,N/A,N/A,N/A,N/A,N/A,N/A,N/A,N/A,unavailable,N/A,0.0,N/A,0.0,N/A,N/A,N/A,N/A,unavailable,1102.0,N/A,N/A,10258.0,S32_3522,Hidden,62.70,2.0,N/A,N/A,N/A,N/A,None,unavailable,N/A,N/A,N/A,None,None,N/A,N/A,N/A,N/A,None,Hidden,N/A,N/A
orderdetails,0.0,N/A,N/A,N/A,N/A,N/A,N/A,N/A,N/A,unavailable,N/A,0.0,N/A,0.0,N/A,N/A,N/A,N/A,unavailable,1102.0,N/A,N/A,10258.0,S700_2824,Hidden,86.99,1.0,N/A,N/A,N/A,N/A,None,unavailable,N/A,N/A,N/A,None,None,N/A,N/A,N/A,N/A,None,Hidden,N/A,N/A
orderdetails,0.0,N/A,N/A,N/A,N/A,N/A,N/A,N/A,N/A,unavailable,N/A,0.0,N/A,0.0,N/A,N/A,N/A,N/A,unavailable,1102.0,N/A,N/A,10259.0,S10_4962,Hidden,121.15,12.0,N/A,N/A,N/A,N/A,None,unavailable,N/A,N/A,N/A,None,None,N/A,N/A,N/A,N/A,None,Hidden,N/A,N/A
orderdetails,0.0,N/A,N/A,N/A,N/A,N/A,N/A,N/A,N/A,unavailable,N/A,0.0,N/A,0.0,N/A,N/A,N/A,N/A,unavailable,1102.0,N/A,N/A,10259.0,S12_4473,Hidden,117.32,4.0,N/A,N/A,N/A,N/A,None,unavailable,N/A,N/A,N/A,None,None,N/A,N/A,N/A,N/A,None,Hidden,N/A,N/A
orderdetails,0.0,N/A,N/A,N/A,N/A,N/A,N/A,N/A,N/A,unavailable,N/A,0.0,N/A,0.0,N/A,N/A,N/A,N/A,unavailable,1102.0,N/A,N/A,10259.0,S18_2238,Hidden,134.26,3.0,N/A,N/A,N/A,N/A,None,unavailable,N/A,N/A,N/A,None,None,N/A,N/A,N/A,N/A,None,Hidden,N/A,N/A
orderdetails,0.0,N/A,N/A,N/A,N/A,N/A,N/A,N/A,N/A,unavailable,N/A,0.0,N/A,0.0,N/A,N/A,N/A,N/A,unavailable,1102.0,N/A,N/A,10259.0,S18_2319,Hidden,120.28,7.0,N/A,N/A,N/A,N/A,None,unavailable,N/A,N/A,N/A,None,None,N/A,N/A,N/A,N/A,None,Hidden,N/A,N/A
orderdetails,0.0,N/A,N/A,N/A,N/A,N/A,N/A,N/A,N/A,unavailable,N/A,0.0,N/A,0.0,N/A,N/A,N/A,N/A,unavailable,1102.0,N/A,N/A,10259.0,S18_2432,Hidden,59.55,10.0,N/A,N/A,N/A,N/A,None,unavailable,N/A,N/A,N/A,None,None,N/A,N/A,N/A,N/A,None,Hidden,N/A,N/A
orderdetails,0.0,N/A,N/A,N/A,N/A,N/A,N/A,N/A,N/A,unavailable,N/A,0.0,N/A,0.0,N/A,N/A,N/A,N/A,unavailable,1102.0,N/A,N/A,10259.0,S18_3232,Hidden,152.41,8.0,N/A,N/A,N/A,N/A,None,unavailable,N/A,N/A,N/A,None,None,N/A,N/A,N/A,N/A,None,Hidden,N/A,N/A
orderdetails,0.0,N/A,N/A,N/A,N/A,N/A,N/A,N/A,N/A,unavailable,N/A,0.0,N/A,0.0,N/A,N/A,N/A,N/A,unavailable,1102.0,N/A,N/A,10259.0,S18_4600,Hidden,107.76,13.0,N/A,N/A,N/A,N/A,None,unavailable,N/A,N/A,N/A,None,None,N/A,N/A,N/A,N/A,None,Hidden,N/A,N/A
orderdetails,0.0,N/A,N/A,N/A,N/A,N/A,N/A,N/A,N/A,unavailable,N/A,0.0,N/A,0.0,N/A,N/A,N/A,N/A,unavailable,1102.0,N/A,N/A,10259.0,S24_1444,Hidden,46.82,1.0,N/A,N/A,N/A,N/A,None,unavailable,N/A,N/A,N/A,None,None,N/A,N/A,N/A,N/A,None,Hidden,N/A,N/A
orderdetails,0.0,N/A,N/A,N/A,N/A,N/A,N/A,N/A,N/A,unavailable,N/A,0.0,N/A,0.0,N/A,N/A,N/A,N/A,unavailable,1102.0,N/A,N/A,10259.0,S24_2300,Hidden,121.40,9.0,N/A,N/A,N/A,N/A,None,unavailable,N/A,N/A,N/A,None,None,N/A,N/A,N/A,N/A,None,Hidden,N/A,N/A
orderdetails,0.0,N/A,N/A,N/A,N/A,N/A,N/A,N/A,N/A,unavailable,N/A,0.0,N/A,0.0,N/A,N/A,N/A,N/A,unavailable,1102.0,N/A,N/A,10259.0,S24_2840,Hidden,31.47,5.0,N/A,N/A,N/A,N/A,None,unavailable,N/A,N/A,N/A,None,None,N/A,N/A,N/A,N/A,None,Hidden,N/A,N/A
orderdetails,0.0,N/A,N/A,N/A,N/A,N/A,N/A,N/A,N/A,unavailable,N/A,0.0,N/A,0.0,N/A,N/A,N/A,N/A,unavailable,1102.0,N/A,N/A,10259.0,S32_1268,Hidden,95.35,11.0,N/A,N/A,N/A,N/A,None,unavailable,N/A,N/A,N/A,None,None,N/A,N/A,N/A,N/A,None,Hidden,N/A,N/A
orderdetails,0.0,N/A,N/A,N/A,N/A,N/A,N/A,N/A,N/A,unavailable,N/A,0.0,N/A,0.0,N/A,N/A,N/A,N/A,unavailable,1102.0,N/A,N/A,10259.0,S32_2509,Hidden,45.99,6.0,N/A,N/A,N/A,N/A,None,unavailable,N/A,N/A,N/A,None,None,N/A,N/A,N/A,N/A,None,Hidden,N/A,N/A
orderdetails,0.0,N/A,N/A,N/A,N/A,N/A,N/A,N/A,N/A,unavailable,N/A,0.0,N/A,0.0,N/A,N/A,N/A,N/A,unavailable,1102.0,N/A,N/A,10259.0,S50_1392,Hidden,105.33,2.0,N/A,N/A,N/A,N/A,None,unavailable,N/A,N/A,N/A,None,None,N/A,N/A,N/A,N/A,None,Hidden,N/A,N/A
orderdetails,0.0,N/A,N/A,N/A,N/A,N/A,N/A,N/A,N/A,unavailable,N/A,0.0,N/A,0.0,N/A,N/A,N/A,N/A,unavailable,1102.0,N/A,N/A,10260.0,S12_1108,Hidden,180.79,5.0,N/A,N/A,N/A,N/A,None,unavailable,N/A,N/A,N/A,None,None,N/A,N/A,N/A,N/A,None,Hidden,N/A,N/A
orderdetails,0.0,N/A,N/A,N/A,N/A,N/A,N/A,N/A,N/A,unavailable,N/A,0.0,N/A,0.0,N/A,N/A,N/A,N/A,unavailable,1102.0,N/A,N/A,10260.0,S12_3148,Hidden,140.50,6.0,N/A,N/A,N/A,N/A,None,unavailable,N/A,N/A,N/A,None,None,N/A,N/A,N/A,N/A,None,Hidden,N/A,N/A
orderdetails,0.0,N/A,N/A,N/A,N/A,N/A,N/A,N/A,N/A,unavailable,N/A,0.0,N/A,0.0,N/A,N/A,N/A,N/A,unavailable,1102.0,N/A,N/A,10260.0,S12_3891,Hidden,169.56,4.0,N/A,N/A,N/A,N/A,None,unavailable,N/A,N/A,N/A,None,None,N/A,N/A,N/A,N/A,None,Hidden,N/A,N/A
orderdetails,0.0,N/A,N/A,N/A,N/A,N/A,N/A,N/A,N/A,unavailable,N/A,0.0,N/A,0.0,N/A,N/A,N/A,N/A,unavailable,1102.0,N/A,N/A,10260.0,S18_3140,Hidden,121.57,1.0,N/A,N/A,N/A,N/A,None,unavailable,N/A,N/A,N/A,None,None,N/A,N/A,N/A,N/A,None,Hidden,N/A,N/A
orderdetails,0.0,N/A,N/A,N/A,N/A,N/A,N/A,N/A,N/A,unavailable,N/A,0.0,N/A,0.0,N/A,N/A,N/A,N/A,unavailable,1102.0,N/A,N/A,10260.0,S18_3259,Hidden,92.77,3.0,N/A,N/A,N/A,N/A,None,unavailable,N/A,N/A,N/A,None,None,N/A,N/A,N/A,N/A,None,Hidden,N/A,N/A
orderdetails,0.0,N/A,N/A,N/A,N/A,N/A,N/A,N/A,N/A,unavailable,N/A,0.0,N/A,0.0,N/A,N/A,N/A,N/A,unavailable,1102.0,N/A,N/A,10260.0,S18_4027,Hidden,137.88,8.0,N/A,N/A,N/A,N/A,None,unavailable,N/A,N/A,N/A,None,None,N/A,N/A,N/A,N/A,None,Hidden,N/A,N/A
orderdetails,0.0,N/A,N/A,N/A,N/A,N/A,N/A,N/A,N/A,unavailable,N/A,0.0,N/A,0.0,N/A,N/A,N/A,N/A,unavailable,1102.0,N/A,N/A,10260.0,S24_4048,Hidden,117.10,10.0,N/A,N/A,N/A,N/A,None,unavailable,N/A,N/A,N/A,None,None,N/A,N/A,N/A,N/A,None,Hidden,N/A,N/A
orderdetails,0.0,N/A,N/A,N/A,N/A,N/A,N/A,N/A,N/A,unavailable,N/A,0.0,N/A,0.0,N/A,N/A,N/A,N/A,unavailable,1102.0,N/A,N/A,10260.0,S32_3207,Hidden,55.30,9.0,N/A,N/A,N/A,N/A,None,unavailable,N/A,N/A,N/A,None,None,N/A,N/A,N/A,N/A,None,Hidden,N/A,N/A
orderdetails,0.0,N/A,N/A,N/A,N/A,N/A,N/A,N/A,N/A,unavailable,N/A,0.0,N/A,0.0,N/A,N/A,N/A,N/A,unavailable,1102.0,N/A,N/A,10260.0,S50_1514,Hidden,56.24,7.0,N/A,N/A,N/A,N/A,None,unavailable,N/A,N/A,N/A,None,None,N/A,N/A,N/A,N/A,None,Hidden,N/A,N/A
orderdetails,0.0,N/A,N/A,N/A,N/A,N/A,N/A,N/A,N/A,unavailable,N/A,0.0,N/A,0.0,N/A,N/A,N/A,N/A,unavailable,1102.0,N/A,N/A,10260.0,S700_1938,Hidden,80.55,2.0,N/A,N/A,N/A,N/A,None,unavailable,N/A,N/A,N/A,None,None,N/A,N/A,N/A,N/A,None,Hidden,N/A,N/A
orderdetails,0.0,N/A,N/A,N/A,N/A,N/A,N/A,N/A,N/A,unavailable,N/A,0.0,N/A,0.0,N/A,N/A,N/A,N/A,unavailable,1102.0,N/A,N/A,10261.0,S10_4757,Hidden,116.96,1.0,N/A,N/A,N/A,N/A,None,unavailable,N/A,N/A,N/A,None,None,N/A,N/A,N/A,N/A,None,Hidden,N/A,N/A
orderdetails,0.0,N/A,N/A,N/A,N/A,N/A,N/A,N/A,N/A,unavailable,N/A,0.0,N/A,0.0,N/A,N/A,N/A,N/A,unavailable,1102.0,N/A,N/A,10261.0,S18_4522,Hidden,80.75,9.0,N/A,N/A,N/A,N/A,None,unavailable,N/A,N/A,N/A,None,None,N/A,N/A,N/A,N/A,None,Hidden,N/A,N/A
orderdetails,0.0,N/A,N/A,N/A,N/A,N/A,N/A,N/A,N/A,unavailable,N/A,0.0,N/A,0.0,N/A,N/A,N/A,N/A,unavailable,1102.0,N/A,N/A,10261.0,S24_2011,Hidden,105.69,8.0,N/A,N/A,N/A,N/A,None,unavailable,N/A,N/A,N/A,None,None,N/A,N/A,N/A,N/A,None,Hidden,N/A,N/A
orderdetails,0.0,N/A,N/A,N/A,N/A,N/A,N/A,N/A,N/A,unavailable,N/A,0.0,N/A,0.0,N/A,N/A,N/A,N/A,unavailable,1102.0,N/A,N/A,10261.0,S24_3151,Hidden,79.66,3.0,N/A,N/A,N/A,N/A,None,unavailable,N/A,N/A,N/A,None,None,N/A,N/A,N/A,N/A,None,Hidden,N/A,N/A
orderdetails,0.0,N/A,N/A,N/A,N/A,N/A,N/A,N/A,N/A,unavailable,N/A,0.0,N/A,0.0,N/A,N/A,N/A,N/A,unavailable,1102.0,N/A,N/A,10261.0,S700_1138,Hidden,64.00,4.0,N/A,N/A,N/A,N/A,None,unavailable,N/A,N/A,N/A,None,None,N/A,N/A,N/A,N/A,None,Hidden,N/A,N/A
orderdetails,0.0,N/A,N/A,N/A,N/A,N/A,N/A,N/A,N/A,unavailable,N/A,0.0,N/A,0.0,N/A,N/A,N/A,N/A,unavailable,1102.0,N/A,N/A,10261.0,S700_2610,Hidden,58.55,2.0,N/A,N/A,N/A,N/A,None,unavailable,N/A,N/A,N/A,None,None,N/A,N/A,N/A,N/A,None,Hidden,N/A,N/A
orderdetails,0.0,N/A,N/A,N/A,N/A,N/A,N/A,N/A,N/A,unavailable,N/A,0.0,N/A,0.0,N/A,N/A,N/A,N/A,unavailable,1102.0,N/A,N/A,10261.0,S700_3505,Hidden,89.15,5.0,N/A,N/A,N/A,N/A,None,unavailable,N/A,N/A,N/A,None,None,N/A,N/A,N/A,N/A,None,Hidden,N/A,N/A
orderdetails,0.0,N/A,N/A,N/A,N/A,N/A,N/A,N/A,N/A,unavailable,N/A,0.0,N/A,0.0,N/A,N/A,N/A,N/A,unavailable,1102.0,N/A,N/A,10261.0,S700_3962,Hidden,88.39,6.0,N/A,N/A,N/A,N/A,None,unavailable,N/A,N/A,N/A,None,None,N/A,N/A,N/A,N/A,None,Hidden,N/A,N/A
orderdetails,0.0,N/A,N/A,N/A,N/A,N/A,N/A,N/A,N/A,unavailable,N/A,0.0,N/A,0.0,N/A,N/A,N/A,N/A,unavailable,1102.0,N/A,N/A,10261.0,S72_3212,Hidden,43.68,7.0,N/A,N/A,N/A,N/A,None,unavailable,N/A,N/A,N/A,None,None,N/A,N/A,N/A,N/A,None,Hidden,N/A,N/A
orderdetails,0.0,N/A,N/A,N/A,N/A,N/A,N/A,N/A,N/A,unavailable,N/A,0.0,N/A,0.0,N/A,N/A,N/A,N/A,unavailable,1102.0,N/A,N/A,10262.0,S18_1662,Hidden,157.69,9.0,N/A,N/A,N/A,N/A,None,unavailable,N/A,N/A,N/A,None,None,N/A,N/A,N/A,N/A,None,Hidden,N/A,N/A
orderdetails,0.0,N/A,N/A,N/A,N/A,N/A,N/A,N/A,N/A,unavailable,N/A,0.0,N/A,0.0,N/A,N/A,N/A,N/A,unavailable,1102.0,N/A,N/A,10262.0,S18_3029,Hidden,81.72,15.0,N/A,N/A,N/A,N/A,None,unavailable,N/A,N/A,N/A,None,None,N/A,N/A,N/A,N/A,None,Hidden,N/A,N/A
orderdetails,0.0,N/A,N/A,N/A,N/A,N/A,N/A,N/A,N/A,unavailable,N/A,0.0,N/A,0.0,N/A,N/A,N/A,N/A,unavailable,1102.0,N/A,N/A,10262.0,S18_3856,Hidden,85.75,14.0,N/A,N/A,N/A,N/A,None,unavailable,N/A,N/A,N/A,None,None,N/A,N/A,N/A,N/A,None,Hidden,N/A,N/A
orderdetails,0.0,N/A,N/A,N/A,N/A,N/A,N/A,N/A,N/A,unavailable,N/A,0.0,N/A,0.0,N/A,N/A,N/A,N/A,unavailable,1102.0,N/A,N/A,10262.0,S24_1785,Hidden,98.48,1.0,N/A,N/A,N/A,N/A,None,unavailable,N/A,N/A,N/A,None,None,N/A,N/A,N/A,N/A,None,Hidden,N/A,N/A
orderdetails,0.0,N/A,N/A,N/A,N/A,N/A,N/A,N/A,N/A,unavailable,N/A,0.0,N/A,0.0,N/A,N/A,N/A,N/A,unavailable,1102.0,N/A,N/A,10262.0,S24_2841,Hidden,63.71,10.0,N/A,N/A,N/A,N/A,None,unavailable,N/A,N/A,N/A,None,None,N/A,N/A,N/A,N/A,None,Hidden,N/A,N/A
orderdetails,0.0,N/A,N/A,N/A,N/A,N/A,N/A,N/A,N/A,unavailable,N/A,0.0,N/A,0.0,N/A,N/A,N/A,N/A,unavailable,1102.0,N/A,N/A,10262.0,S24_3420,Hidden,65.75,11.0,N/A,N/A,N/A,N/A,None,unavailable,N/A,N/A,N/A,None,None,N/A,N/A,N/A,N/A,None,Hidden,N/A,N/A
orderdetails,0.0,N/A,N/A,N/A,N/A,N/A,N/A,N/A,N/A,unavailable,N/A,0.0,N/A,0.0,N/A,N/A,N/A,N/A,unavailable,1102.0,N/A,N/A,10262.0,S24_3816,Hidden,82.18,16.0,N/A,N/A,N/A,N/A,None,unavailable,N/A,N/A,N/A,None,None,N/A,N/A,N/A,N/A,None,Hidden,N/A,N/A
orderdetails,0.0,N/A,N/A,N/A,N/A,N/A,N/A,N/A,N/A,unavailable,N/A,0.0,N/A,0.0,N/A,N/A,N/A,N/A,unavailable,1102.0,N/A,N/A,10262.0,S24_3949,Hidden,58.69,8.0,N/A,N/A,N/A,N/A,None,unavailable,N/A,N/A,N/A,None,None,N/A,N/A,N/A,N/A,None,Hidden,N/A,N/A
orderdetails,0.0,N/A,N/A,N/A,N/A,N/A,N/A,N/A,N/A,unavailable,N/A,0.0,N/A,0.0,N/A,N/A,N/A,N/A,unavailable,1102.0,N/A,N/A,10262.0,S32_4289,Hidden,63.97,2.0,N/A,N/A,N/A,N/A,None,unavailable,N/A,N/A,N/A,None,None,N/A,N/A,N/A,N/A,None,Hidden,N/A,N/A
orderdetails,0.0,N/A,N/A,N/A,N/A,N/A,N/A,N/A,N/A,unavailable,N/A,0.0,N/A,0.0,N/A,N/A,N/A,N/A,unavailable,1102.0,N/A,N/A,10262.0,S50_1341,Hidden,35.78,3.0,N/A,N/A,N/A,N/A,None,unavailable,N/A,N/A,N/A,None,None,N/A,N/A,N/A,N/A,None,Hidden,N/A,N/A
orderdetails,0.0,N/A,N/A,N/A,N/A,N/A,N/A,N/A,N/A,unavailable,N/A,0.0,N/A,0.0,N/A,N/A,N/A,N/A,unavailable,1102.0,N/A,N/A,10262.0,S700_1691,Hidden,87.69,4.0,N/A,N/A,N/A,N/A,None,unavailable,N/A,N/A,N/A,None,None,N/A,N/A,N/A,N/A,None,Hidden,N/A,N/A
orderdetails,0.0,N/A,N/A,N/A,N/A,N/A,N/A,N/A,N/A,unavailable,N/A,0.0,N/A,0.0,N/A,N/A,N/A,N/A,unavailable,1102.0,N/A,N/A,10262.0,S700_2047,Hidden,83.28,13.0,N/A,N/A,N/A,N/A,None,unavailable,N/A,N/A,N/A,None,None,N/A,N/A,N/A,N/A,None,Hidden,N/A,N/A
orderdetails,0.0,N/A,N/A,N/A,N/A,N/A,N/A,N/A,N/A,unavailable,N/A,0.0,N/A,0.0,N/A,N/A,N/A,N/A,unavailable,1102.0,N/A,N/A,10262.0,S700_2466,Hidden,81.77,6.0,N/A,N/A,N/A,N/A,None,unavailable,N/A,N/A,N/A,None,None,N/A,N/A,N/A,N/A,None,Hidden,N/A,N/A
orderdetails,0.0,N/A,N/A,N/A,N/A,N/A,N/A,N/A,N/A,unavailable,N/A,0.0,N/A,0.0,N/A,N/A,N/A,N/A,unavailable,1102.0,N/A,N/A,10262.0,S700_3167,Hidden,64.80,5.0,N/A,N/A,N/A,N/A,None,unavailable,N/A,N/A,N/A,None,None,N/A,N/A,N/A,N/A,None,Hidden,N/A,N/A
orderdetails,0.0,N/A,N/A,N/A,N/A,N/A,N/A,N/A,N/A,unavailable,N/A,0.0,N/A,0.0,N/A,N/A,N/A,N/A,unavailable,1102.0,N/A,N/A,10262.0,S700_4002,Hidden,64.41,7.0,N/A,N/A,N/A,N/A,None,unavailable,N/A,N/A,N/A,None,None,N/A,N/A,N/A,N/A,None,Hidden,N/A,N/A
orderdetails,0.0,N/A,N/A,N/A,N/A,N/A,N/A,N/A,N/A,unavailable,N/A,0.0,N/A,0.0,N/A,N/A,N/A,N/A,unavailable,1102.0,N/A,N/A,10262.0,S72_1253,Hidden,41.71,12.0,N/A,N/A,N/A,N/A,None,unavailable,N/A,N/A,N/A,None,None,N/A,N/A,N/A,N/A,None,Hidden,N/A,N/A
orderdetails,0.0,N/A,N/A,N/A,N/A,N/A,N/A,N/A,N/A,unavailable,N/A,0.0,N/A,0.0,N/A,N/A,N/A,N/A,unavailable,1102.0,N/A,N/A,10263.0,S10_1678,Hidden,89.00,2.0,N/A,N/A,N/A,N/A,None,unavailable,N/A,N/A,N/A,None,None,N/A,N/A,N/A,N/A,None,Hidden,N/A,N/A
orderdetails,0.0,N/A,N/A,N/A,N/A,N/A,N/A,N/A,N/A,unavailable,N/A,0.0,N/A,0.0,N/A,N/A,N/A,N/A,unavailable,1102.0,N/A,N/A,10263.0,S10_2016,Hidden,107.05,5.0,N/A,N/A,N/A,N/A,None,unavailable,N/A,N/A,N/A,None,None,N/A,N/A,N/A,N/A,None,Hidden,N/A,N/A
orderdetails,0.0,N/A,N/A,N/A,N/A,N/A,N/A,N/A,N/A,unavailable,N/A,0.0,N/A,0.0,N/A,N/A,N/A,N/A,unavailable,1102.0,N/A,N/A,10263.0,S10_4698,Hidden,193.66,4.0,N/A,N/A,N/A,N/A,None,unavailable,N/A,N/A,N/A,None,None,N/A,N/A,N/A,N/A,None,Hidden,N/A,N/A
orderdetails,0.0,N/A,N/A,N/A,N/A,N/A,N/A,N/A,N/A,unavailable,N/A,0.0,N/A,0.0,N/A,N/A,N/A,N/A,unavailable,1102.0,N/A,N/A,10263.0,S12_2823,Hidden,123.51,1.0,N/A,N/A,N/A,N/A,None,unavailable,N/A,N/A,N/A,None,None,N/A,N/A,N/A,N/A,None,Hidden,N/A,N/A
orderdetails,0.0,N/A,N/A,N/A,N/A,N/A,N/A,N/A,N/A,unavailable,N/A,0.0,N/A,0.0,N/A,N/A,N/A,N/A,unavailable,1102.0,N/A,N/A,10263.0,S18_2581,Hidden,67.58,10.0,N/A,N/A,N/A,N/A,None,unavailable,N/A,N/A,N/A,None,None,N/A,N/A,N/A,N/A,None,Hidden,N/A,N/A
orderdetails,0.0,N/A,N/A,N/A,N/A,N/A,N/A,N/A,N/A,unavailable,N/A,0.0,N/A,0.0,N/A,N/A,N/A,N/A,unavailable,1102.0,N/A,N/A,10263.0,S18_2625,Hidden,50.27,6.0,N/A,N/A,N/A,N/A,None,unavailable,N/A,N/A,N/A,None,None,N/A,N/A,N/A,N/A,None,Hidden,N/A,N/A
orderdetails,0.0,N/A,N/A,N/A,N/A,N/A,N/A,N/A,N/A,unavailable,N/A,0.0,N/A,0.0,N/A,N/A,N/A,N/A,unavailable,1102.0,N/A,N/A,10263.0,S24_1578,Hidden,109.32,3.0,N/A,N/A,N/A,N/A,None,unavailable,N/A,N/A,N/A,None,None,N/A,N/A,N/A,N/A,None,Hidden,N/A,N/A
orderdetails,0.0,N/A,N/A,N/A,N/A,N/A,N/A,N/A,N/A,unavailable,N/A,0.0,N/A,0.0,N/A,N/A,N/A,N/A,unavailable,1102.0,N/A,N/A,10263.0,S24_2000,Hidden,67.03,7.0,N/A,N/A,N/A,N/A,None,unavailable,N/A,N/A,N/A,None,None,N/A,N/A,N/A,N/A,None,Hidden,N/A,N/A
orderdetails,0.0,N/A,N/A,N/A,N/A,N/A,N/A,N/A,N/A,unavailable,N/A,0.0,N/A,0.0,N/A,N/A,N/A,N/A,unavailable,1102.0,N/A,N/A,10263.0,S24_4278,Hidden,59.41,11.0,N/A,N/A,N/A,N/A,None,unavailable,N/A,N/A,N/A,None,None,N/A,N/A,N/A,N/A,None,Hidden,N/A,N/A
orderdetails,0.0,N/A,N/A,N/A,N/A,N/A,N/A,N/A,N/A,unavailable,N/A,0.0,N/A,0.0,N/A,N/A,N/A,N/A,unavailable,1102.0,N/A,N/A,10263.0,S32_1374,Hidden,93.90,8.0,N/A,N/A,N/A,N/A,None,unavailable,N/A,N/A,N/A,None,None,N/A,N/A,N/A,N/A,None,Hidden,N/A,N/A
orderdetails,0.0,N/A,N/A,N/A,N/A,N/A,N/A,N/A,N/A,unavailable,N/A,0.0,N/A,0.0,N/A,N/A,N/A,N/A,unavailable,1102.0,N/A,N/A,10263.0,S700_2834,Hidden,117.46,9.0,N/A,N/A,N/A,N/A,None,unavailable,N/A,N/A,N/A,None,None,N/A,N/A,N/A,N/A,None,Hidden,N/A,N/A
orderdetails,0.0,N/A,N/A,N/A,N/A,N/A,N/A,N/A,N/A,unavailable,N/A,0.0,N/A,0.0,N/A,N/A,N/A,N/A,unavailable,1102.0,N/A,N/A,10264.0,S18_3782,Hidden,58.44,3.0,N/A,N/A,N/A,N/A,None,unavailable,N/A,N/A,N/A,None,None,N/A,N/A,N/A,N/A,None,Hidden,N/A,N/A
orderdetails,0.0,N/A,N/A,N/A,N/A,N/A,N/A,N/A,N/A,unavailable,N/A,0.0,N/A,0.0,N/A,N/A,N/A,N/A,unavailable,1102.0,N/A,N/A,10264.0,S18_4721,Hidden,124.99,2.0,N/A,N/A,N/A,N/A,None,unavailable,N/A,N/A,N/A,None,None,N/A,N/A,N/A,N/A,None,Hidden,N/A,N/A
orderdetails,0.0,N/A,N/A,N/A,N/A,N/A,N/A,N/A,N/A,unavailable,N/A,0.0,N/A,0.0,N/A,N/A,N/A,N/A,unavailable,1102.0,N/A,N/A,10264.0,S24_2360,Hidden,61.64,6.0,N/A,N/A,N/A,N/A,None,unavailable,N/A,N/A,N/A,None,None,N/A,N/A,N/A,N/A,None,Hidden,N/A,N/A
orderdetails,0.0,N/A,N/A,N/A,N/A,N/A,N/A,N/A,N/A,unavailable,N/A,0.0,N/A,0.0,N/A,N/A,N/A,N/A,unavailable,1102.0,N/A,N/A,10264.0,S24_4620,Hidden,75.18,1.0,N/A,N/A,N/A,N/A,None,unavailable,N/A,N/A,N/A,None,None,N/A,N/A,N/A,N/A,None,Hidden,N/A,N/A
orderdetails,0.0,N/A,N/A,N/A,N/A,N/A,N/A,N/A,N/A,unavailable,N/A,0.0,N/A,0.0,N/A,N/A,N/A,N/A,unavailable,1102.0,N/A,N/A,10264.0,S32_2206,Hidden,39.02,4.0,N/A,N/A,N/A,N/A,None,unavailable,N/A,N/A,N/A,None,None,N/A,N/A,N/A,N/A,None,Hidden,N/A,N/A
orderdetails,0.0,N/A,N/A,N/A,N/A,N/A,N/A,N/A,N/A,unavailable,N/A,0.0,N/A,0.0,N/A,N/A,N/A,N/A,unavailable,1102.0,N/A,N/A,10264.0,S32_4485,Hidden,100.01,7.0,N/A,N/A,N/A,N/A,None,unavailable,N/A,N/A,N/A,None,None,N/A,N/A,N/A,N/A,None,Hidden,N/A,N/A
orderdetails,0.0,N/A,N/A,N/A,N/A,N/A,N/A,N/A,N/A,unavailable,N/A,0.0,N/A,0.0,N/A,N/A,N/A,N/A,unavailable,1102.0,N/A,N/A,10264.0,S50_4713,Hidden,67.53,5.0,N/A,N/A,N/A,N/A,None,unavailable,N/A,N/A,N/A,None,None,N/A,N/A,N/A,N/A,None,Hidden,N/A,N/A
orderdetails,0.0,N/A,N/A,N/A,N/A,N/A,N/A,N/A,N/A,unavailable,N/A,0.0,N/A,0.0,N/A,N/A,N/A,N/A,unavailable,1102.0,N/A,N/A,10265.0,S18_3278,Hidden,74.78,2.0,N/A,N/A,N/A,N/A,None,unavailable,N/A,N/A,N/A,None,None,N/A,N/A,N/A,N/A,None,Hidden,N/A,N/A
orderdetails,0.0,N/A,N/A,N/A,N/A,N/A,N/A,N/A,N/A,unavailable,N/A,0.0,N/A,0.0,N/A,N/A,N/A,N/A,unavailable,1102.0,N/A,N/A,10265.0,S18_3482,Hidden,123.47,1.0,N/A,N/A,N/A,N/A,None,unavailable,N/A,N/A,N/A,None,None,N/A,N/A,N/A,N/A,None,Hidden,N/A,N/A
orderdetails,0.0,N/A,N/A,N/A,N/A,N/A,N/A,N/A,N/A,unavailable,N/A,0.0,N/A,0.0,N/A,N/A,N/A,N/A,unavailable,1102.0,N/A,N/A,10266.0,S12_1099,Hidden,188.73,14.0,N/A,N/A,N/A,N/A,None,unavailable,N/A,N/A,N/A,None,None,N/A,N/A,N/A,N/A,None,Hidden,N/A,N/A
orderdetails,0.0,N/A,N/A,N/A,N/A,N/A,N/A,N/A,N/A,unavailable,N/A,0.0,N/A,0.0,N/A,N/A,N/A,N/A,unavailable,1102.0,N/A,N/A,10266.0,S12_3380,Hidden,110.39,12.0,N/A,N/A,N/A,N/A,None,unavailable,N/A,N/A,N/A,None,None,N/A,N/A,N/A,N/A,None,Hidden,N/A,N/A
orderdetails,0.0,N/A,N/A,N/A,N/A,N/A,N/A,N/A,N/A,unavailable,N/A,0.0,N/A,0.0,N/A,N/A,N/A,N/A,unavailable,1102.0,N/A,N/A,10266.0,S12_3990,Hidden,67.83,15.0,N/A,N/A,N/A,N/A,None,unavailable,N/A,N/A,N/A,None,None,N/A,N/A,N/A,N/A,None,Hidden,N/A,N/A
orderdetails,0.0,N/A,N/A,N/A,N/A,N/A,N/A,N/A,N/A,unavailable,N/A,0.0,N/A,0.0,N/A,N/A,N/A,N/A,unavailable,1102.0,N/A,N/A,10266.0,S12_4675,Hidden,112.86,11.0,N/A,N/A,N/A,N/A,None,unavailable,N/A,N/A,N/A,None,None,N/A,N/A,N/A,N/A,None,Hidden,N/A,N/A
orderdetails,0.0,N/A,N/A,N/A,N/A,N/A,N/A,N/A,N/A,unavailable,N/A,0.0,N/A,0.0,N/A,N/A,N/A,N/A,unavailable,1102.0,N/A,N/A,10266.0,S18_1129,Hidden,131.63,6.0,N/A,N/A,N/A,N/A,None,unavailable,N/A,N/A,N/A,None,None,N/A,N/A,N/A,N/A,None,Hidden,N/A,N/A
orderdetails,0.0,N/A,N/A,N/A,N/A,N/A,N/A,N/A,N/A,unavailable,N/A,0.0,N/A,0.0,N/A,N/A,N/A,N/A,unavailable,1102.0,N/A,N/A,10266.0,S18_1589,Hidden,99.55,2.0,N/A,N/A,N/A,N/A,None,unavailable,N/A,N/A,N/A,None,None,N/A,N/A,N/A,N/A,None,Hidden,N/A,N/A
orderdetails,0.0,N/A,N/A,N/A,N/A,N/A,N/A,N/A,N/A,unavailable,N/A,0.0,N/A,0.0,N/A,N/A,N/A,N/A,unavailable,1102.0,N/A,N/A,10266.0,S18_1889,Hidden,77.00,10.0,N/A,N/A,N/A,N/A,None,unavailable,N/A,N/A,N/A,None,None,N/A,N/A,N/A,N/A,None,Hidden,N/A,N/A
orderdetails,0.0,N/A,N/A,N/A,N/A,N/A,N/A,N/A,N/A,unavailable,N/A,0.0,N/A,0.0,N/A,N/A,N/A,N/A,unavailable,1102.0,N/A,N/A,10266.0,S18_1984,Hidden,139.41,5.0,N/A,N/A,N/A,N/A,None,unavailable,N/A,N/A,N/A,None,None,N/A,N/A,N/A,N/A,None,Hidden,N/A,N/A
orderdetails,0.0,N/A,N/A,N/A,N/A,N/A,N/A,N/A,N/A,unavailable,N/A,0.0,N/A,0.0,N/A,N/A,N/A,N/A,unavailable,1102.0,N/A,N/A,10266.0,S18_2870,Hidden,113.52,3.0,N/A,N/A,N/A,N/A,None,unavailable,N/A,N/A,N/A,None,None,N/A,N/A,N/A,N/A,None,Hidden,N/A,N/A
orderdetails,0.0,N/A,N/A,N/A,N/A,N/A,N/A,N/A,N/A,unavailable,N/A,0.0,N/A,0.0,N/A,N/A,N/A,N/A,unavailable,1102.0,N/A,N/A,10266.0,S18_3232,Hidden,137.17,7.0,N/A,N/A,N/A,N/A,None,unavailable,N/A,N/A,N/A,None,None,N/A,N/A,N/A,N/A,None,Hidden,N/A,N/A
orderdetails,0.0,N/A,N/A,N/A,N/A,N/A,N/A,N/A,N/A,unavailable,N/A,0.0,N/A,0.0,N/A,N/A,N/A,N/A,unavailable,1102.0,N/A,N/A,10266.0,S18_3685,Hidden,127.15,4.0,N/A,N/A,N/A,N/A,None,unavailable,N/A,N/A,N/A,None,None,N/A,N/A,N/A,N/A,None,Hidden,N/A,N/A
orderdetails,0.0,N/A,N/A,N/A,N/A,N/A,N/A,N/A,N/A,unavailable,N/A,0.0,N/A,0.0,N/A,N/A,N/A,N/A,unavailable,1102.0,N/A,N/A,10266.0,S24_1628,Hidden,40.25,1.0,N/A,N/A,N/A,N/A,None,unavailable,N/A,N/A,N/A,None,None,N/A,N/A,N/A,N/A,None,Hidden,N/A,N/A
orderdetails,0.0,N/A,N/A,N/A,N/A,N/A,N/A,N/A,N/A,unavailable,N/A,0.0,N/A,0.0,N/A,N/A,N/A,N/A,unavailable,1102.0,N/A,N/A,10266.0,S24_2972,Hidden,35.12,8.0,N/A,N/A,N/A,N/A,None,unavailable,N/A,N/A,N/A,None,None,N/A,N/A,N/A,N/A,None,Hidden,N/A,N/A
orderdetails,0.0,N/A,N/A,N/A,N/A,N/A,N/A,N/A,N/A,unavailable,N/A,0.0,N/A,0.0,N/A,N/A,N/A,N/A,unavailable,1102.0,N/A,N/A,10266.0,S24_3371,Hidden,56.33,13.0,N/A,N/A,N/A,N/A,None,unavailable,N/A,N/A,N/A,None,None,N/A,N/A,N/A,N/A,None,Hidden,N/A,N/A
orderdetails,0.0,N/A,N/A,N/A,N/A,N/A,N/A,N/A,N/A,unavailable,N/A,0.0,N/A,0.0,N/A,N/A,N/A,N/A,unavailable,1102.0,N/A,N/A,10266.0,S24_3856,Hidden,119.37,9.0,N/A,N/A,N/A,N/A,None,unavailable,N/A,N/A,N/A,None,None,N/A,N/A,N/A,N/A,None,Hidden,N/A,N/A
orderdetails,0.0,N/A,N/A,N/A,N/A,N/A,N/A,N/A,N/A,unavailable,N/A,0.0,N/A,0.0,N/A,N/A,N/A,N/A,unavailable,1102.0,N/A,N/A,10267.0,S18_4933,Hidden,71.27,1.0,N/A,N/A,N/A,N/A,None,unavailable,N/A,N/A,N/A,None,None,N/A,N/A,N/A,N/A,None,Hidden,N/A,N/A
orderdetails,0.0,N/A,N/A,N/A,N/A,N/A,N/A,N/A,N/A,unavailable,N/A,0.0,N/A,0.0,N/A,N/A,N/A,N/A,unavailable,1102.0,N/A,N/A,10267.0,S24_1046,Hidden,72.02,5.0,N/A,N/A,N/A,N/A,None,unavailable,N/A,N/A,N/A,None,None,N/A,N/A,N/A,N/A,None,Hidden,N/A,N/A
orderdetails,0.0,N/A,N/A,N/A,N/A,N/A,N/A,N/A,N/A,unavailable,N/A,0.0,N/A,0.0,N/A,N/A,N/A,N/A,unavailable,1102.0,N/A,N/A,10267.0,S24_2766,Hidden,76.33,3.0,N/A,N/A,N/A,N/A,None,unavailable,N/A,N/A,N/A,None,None,N/A,N/A,N/A,N/A,None,Hidden,N/A,N/A
orderdetails,0.0,N/A,N/A,N/A,N/A,N/A,N/A,N/A,N/A,unavailable,N/A,0.0,N/A,0.0,N/A,N/A,N/A,N/A,unavailable,1102.0,N/A,N/A,10267.0,S24_2887,Hidden,93.95,2.0,N/A,N/A,N/A,N/A,None,unavailable,N/A,N/A,N/A,None,None,N/A,N/A,N/A,N/A,None,Hidden,N/A,N/A
orderdetails,0.0,N/A,N/A,N/A,N/A,N/A,N/A,N/A,N/A,unavailable,N/A,0.0,N/A,0.0,N/A,N/A,N/A,N/A,unavailable,1102.0,N/A,N/A,10267.0,S24_3191,Hidden,83.90,4.0,N/A,N/A,N/A,N/A,None,unavailable,N/A,N/A,N/A,None,None,N/A,N/A,N/A,N/A,None,Hidden,N/A,N/A
orderdetails,0.0,N/A,N/A,N/A,N/A,N/A,N/A,N/A,N/A,unavailable,N/A,0.0,N/A,0.0,N/A,N/A,N/A,N/A,unavailable,1102.0,N/A,N/A,10267.0,S24_3432,Hidden,98.51,6.0,N/A,N/A,N/A,N/A,None,unavailable,N/A,N/A,N/A,None,None,N/A,N/A,N/A,N/A,None,Hidden,N/A,N/A
orderdetails,0.0,N/A,N/A,N/A,N/A,N/A,N/A,N/A,N/A,unavailable,N/A,0.0,N/A,0.0,N/A,N/A,N/A,N/A,unavailable,1102.0,N/A,N/A,10268.0,S18_1342,Hidden,93.49,3.0,N/A,N/A,N/A,N/A,None,unavailable,N/A,N/A,N/A,None,None,N/A,N/A,N/A,N/A,None,Hidden,N/A,N/A
orderdetails,0.0,N/A,N/A,N/A,N/A,N/A,N/A,N/A,N/A,unavailable,N/A,0.0,N/A,0.0,N/A,N/A,N/A,N/A,unavailable,1102.0,N/A,N/A,10268.0,S18_1367,Hidden,45.82,2.0,N/A,N/A,N/A,N/A,None,unavailable,N/A,N/A,N/A,None,None,N/A,N/A,N/A,N/A,None,Hidden,N/A,N/A
orderdetails,0.0,N/A,N/A,N/A,N/A,N/A,N/A,N/A,N/A,unavailable,N/A,0.0,N/A,0.0,N/A,N/A,N/A,N/A,unavailable,1102.0,N/A,N/A,10268.0,S18_1749,Hidden,164.90,10.0,N/A,N/A,N/A,N/A,None,unavailable,N/A,N/A,N/A,None,None,N/A,N/A,N/A,N/A,None,Hidden,N/A,N/A
orderdetails,0.0,N/A,N/A,N/A,N/A,N/A,N/A,N/A,N/A,unavailable,N/A,0.0,N/A,0.0,N/A,N/A,N/A,N/A,unavailable,1102.0,N/A,N/A,10268.0,S18_2248,Hidden,60.54,9.0,N/A,N/A,N/A,N/A,None,unavailable,N/A,N/A,N/A,None,None,N/A,N/A,N/A,N/A,None,Hidden,N/A,N/A
orderdetails,0.0,N/A,N/A,N/A,N/A,N/A,N/A,N/A,N/A,unavailable,N/A,0.0,N/A,0.0,N/A,N/A,N/A,N/A,unavailable,1102.0,N/A,N/A,10268.0,S18_2325,Hidden,124.59,7.0,N/A,N/A,N/A,N/A,None,unavailable,N/A,N/A,N/A,None,None,N/A,N/A,N/A,N/A,None,Hidden,N/A,N/A
orderdetails,0.0,N/A,N/A,N/A,N/A,N/A,N/A,N/A,N/A,unavailable,N/A,0.0,N/A,0.0,N/A,N/A,N/A,N/A,unavailable,1102.0,N/A,N/A,10268.0,S18_2795,Hidden,148.50,4.0,N/A,N/A,N/A,N/A,None,unavailable,N/A,N/A,N/A,None,None,N/A,N/A,N/A,N/A,None,Hidden,N/A,N/A
orderdetails,0.0,N/A,N/A,N/A,N/A,N/A,N/A,N/A,N/A,unavailable,N/A,0.0,N/A,0.0,N/A,N/A,N/A,N/A,unavailable,1102.0,N/A,N/A,10268.0,S18_3320,Hidden,96.23,1.0,N/A,N/A,N/A,N/A,None,unavailable,N/A,N/A,N/A,None,None,N/A,N/A,N/A,N/A,None,Hidden,N/A,N/A
orderdetails,0.0,N/A,N/A,N/A,N/A,N/A,N/A,N/A,N/A,unavailable,N/A,0.0,N/A,0.0,N/A,N/A,N/A,N/A,unavailable,1102.0,N/A,N/A,10268.0,S18_4409,Hidden,84.67,11.0,N/A,N/A,N/A,N/A,None,unavailable,N/A,N/A,N/A,None,None,N/A,N/A,N/A,N/A,None,Hidden,N/A,N/A
orderdetails,0.0,N/A,N/A,N/A,N/A,N/A,N/A,N/A,N/A,unavailable,N/A,0.0,N/A,0.0,N/A,N/A,N/A,N/A,unavailable,1102.0,N/A,N/A,10268.0,S24_1937,Hidden,31.86,6.0,N/A,N/A,N/A,N/A,None,unavailable,N/A,N/A,N/A,None,None,N/A,N/A,N/A,N/A,None,Hidden,N/A,N/A
orderdetails,0.0,N/A,N/A,N/A,N/A,N/A,N/A,N/A,N/A,unavailable,N/A,0.0,N/A,0.0,N/A,N/A,N/A,N/A,unavailable,1102.0,N/A,N/A,10268.0,S24_2022,Hidden,36.29,5.0,N/A,N/A,N/A,N/A,None,unavailable,N/A,N/A,N/A,None,None,N/A,N/A,N/A,N/A,None,Hidden,N/A,N/A
orderdetails,0.0,N/A,N/A,N/A,N/A,N/A,N/A,N/A,N/A,unavailable,N/A,0.0,N/A,0.0,N/A,N/A,N/A,N/A,unavailable,1102.0,N/A,N/A,10268.0,S24_3969,Hidden,37.75,8.0,N/A,N/A,N/A,N/A,None,unavailable,N/A,N/A,N/A,None,None,N/A,N/A,N/A,N/A,None,Hidden,N/A,N/A
orderdetails,0.0,N/A,N/A,N/A,N/A,N/A,N/A,N/A,N/A,unavailable,N/A,0.0,N/A,0.0,N/A,N/A,N/A,N/A,unavailable,1102.0,N/A,N/A,10269.0,S18_2957,Hidden,57.46,1.0,N/A,N/A,N/A,N/A,None,unavailable,N/A,N/A,N/A,None,None,N/A,N/A,N/A,N/A,None,Hidden,N/A,N/A
orderdetails,0.0,N/A,N/A,N/A,N/A,N/A,N/A,N/A,N/A,unavailable,N/A,0.0,N/A,0.0,N/A,N/A,N/A,N/A,unavailable,1102.0,N/A,N/A,10269.0,S24_4258,Hidden,95.44,2.0,N/A,N/A,N/A,N/A,None,unavailable,N/A,N/A,N/A,None,None,N/A,N/A,N/A,N/A,None,Hidden,N/A,N/A
orderdetails,0.0,N/A,N/A,N/A,N/A,N/A,N/A,N/A,N/A,unavailable,N/A,0.0,N/A,0.0,N/A,N/A,N/A,N/A,unavailable,1102.0,N/A,N/A,10270.0,S10_1949,Hidden,171.44,9.0,N/A,N/A,N/A,N/A,None,unavailable,N/A,N/A,N/A,None,None,N/A,N/A,N/A,N/A,None,Hidden,N/A,N/A
orderdetails,0.0,N/A,N/A,N/A,N/A,N/A,N/A,N/A,N/A,unavailable,N/A,0.0,N/A,0.0,N/A,N/A,N/A,N/A,unavailable,1102.0,N/A,N/A,10270.0,S10_4962,Hidden,124.10,2.0,N/A,N/A,N/A,N/A,None,unavailable,N/A,N/A,N/A,None,None,N/A,N/A,N/A,N/A,None,Hidden,N/A,N/A
orderdetails,0.0,N/A,N/A,N/A,N/A,N/A,N/A,N/A,N/A,unavailable,N/A,0.0,N/A,0.0,N/A,N/A,N/A,N/A,unavailable,1102.0,N/A,N/A,10270.0,S12_1666,Hidden,135.30,6.0,N/A,N/A,N/A,N/A,None,unavailable,N/A,N/A,N/A,None,None,N/A,N/A,N/A,N/A,None,Hidden,N/A,N/A
orderdetails,0.0,N/A,N/A,N/A,N/A,N/A,N/A,N/A,N/A,unavailable,N/A,0.0,N/A,0.0,N/A,N/A,N/A,N/A,unavailable,1102.0,N/A,N/A,10270.0,S18_1097,Hidden,94.50,8.0,N/A,N/A,N/A,N/A,None,unavailable,N/A,N/A,N/A,None,None,N/A,N/A,N/A,N/A,None,Hidden,N/A,N/A
orderdetails,0.0,N/A,N/A,N/A,N/A,N/A,N/A,N/A,N/A,unavailable,N/A,0.0,N/A,0.0,N/A,N/A,N/A,N/A,unavailable,1102.0,N/A,N/A,10270.0,S18_2949,Hidden,81.05,10.0,N/A,N/A,N/A,N/A,None,unavailable,N/A,N/A,N/A,None,None,N/A,N/A,N/A,N/A,None,Hidden,N/A,N/A
orderdetails,0.0,N/A,N/A,N/A,N/A,N/A,N/A,N/A,N/A,unavailable,N/A,0.0,N/A,0.0,N/A,N/A,N/A,N/A,unavailable,1102.0,N/A,N/A,10270.0,S18_3136,Hidden,85.87,11.0,N/A,N/A,N/A,N/A,None,unavailable,N/A,N/A,N/A,None,None,N/A,N/A,N/A,N/A,None,Hidden,N/A,N/A
orderdetails,0.0,N/A,N/A,N/A,N/A,N/A,N/A,N/A,N/A,unavailable,N/A,0.0,N/A,0.0,N/A,N/A,N/A,N/A,unavailable,1102.0,N/A,N/A,10270.0,S18_4600,Hidden,107.76,3.0,N/A,N/A,N/A,N/A,None,unavailable,N/A,N/A,N/A,None,None,N/A,N/A,N/A,N/A,None,Hidden,N/A,N/A
orderdetails,0.0,N/A,N/A,N/A,N/A,N/A,N/A,N/A,N/A,unavailable,N/A,0.0,N/A,0.0,N/A,N/A,N/A,N/A,unavailable,1102.0,N/A,N/A,10270.0,S18_4668,Hidden,40.25,7.0,N/A,N/A,N/A,N/A,None,unavailable,N/A,N/A,N/A,None,None,N/A,N/A,N/A,N/A,None,Hidden,N/A,N/A
orderdetails,0.0,N/A,N/A,N/A,N/A,N/A,N/A,N/A,N/A,unavailable,N/A,0.0,N/A,0.0,N/A,N/A,N/A,N/A,unavailable,1102.0,N/A,N/A,10270.0,S32_1268,Hidden,93.42,1.0,N/A,N/A,N/A,N/A,None,unavailable,N/A,N/A,N/A,None,None,N/A,N/A,N/A,N/A,None,Hidden,N/A,N/A
orderdetails,0.0,N/A,N/A,N/A,N/A,N/A,N/A,N/A,N/A,unavailable,N/A,0.0,N/A,0.0,N/A,N/A,N/A,N/A,unavailable,1102.0,N/A,N/A,10270.0,S32_3522,Hidden,52.36,5.0,N/A,N/A,N/A,N/A,None,unavailable,N/A,N/A,N/A,None,None,N/A,N/A,N/A,N/A,None,Hidden,N/A,N/A
orderdetails,0.0,N/A,N/A,N/A,N/A,N/A,N/A,N/A,N/A,unavailable,N/A,0.0,N/A,0.0,N/A,N/A,N/A,N/A,unavailable,1102.0,N/A,N/A,10270.0,S700_2824,Hidden,101.15,4.0,N/A,N/A,N/A,N/A,None,unavailable,N/A,N/A,N/A,None,None,N/A,N/A,N/A,N/A,None,Hidden,N/A,N/A
orderdetails,0.0,N/A,N/A,N/A,N/A,N/A,N/A,N/A,N/A,unavailable,N/A,0.0,N/A,0.0,N/A,N/A,N/A,N/A,unavailable,1102.0,N/A,N/A,10271.0,S12_4473,Hidden,99.54,5.0,N/A,N/A,N/A,N/A,None,unavailable,N/A,N/A,N/A,None,None,N/A,N/A,N/A,N/A,None,Hidden,N/A,N/A
orderdetails,0.0,N/A,N/A,N/A,N/A,N/A,N/A,N/A,N/A,unavailable,N/A,0.0,N/A,0.0,N/A,N/A,N/A,N/A,unavailable,1102.0,N/A,N/A,10271.0,S18_2238,Hidden,147.36,4.0,N/A,N/A,N/A,N/A,None,unavailable,N/A,N/A,N/A,None,None,N/A,N/A,N/A,N/A,None,Hidden,N/A,N/A
orderdetails,0.0,N/A,N/A,N/A,N/A,N/A,N/A,N/A,N/A,unavailable,N/A,0.0,N/A,0.0,N/A,N/A,N/A,N/A,unavailable,1102.0,N/A,N/A,10271.0,S18_2319,Hidden,121.50,8.0,N/A,N/A,N/A,N/A,None,unavailable,N/A,N/A,N/A,None,None,N/A,N/A,N/A,N/A,None,Hidden,N/A,N/A
orderdetails,0.0,N/A,N/A,N/A,N/A,N/A,N/A,N/A,N/A,unavailable,N/A,0.0,N/A,0.0,N/A,N/A,N/A,N/A,unavailable,1102.0,N/A,N/A,10271.0,S18_2432,Hidden,59.55,11.0,N/A,N/A,N/A,N/A,None,unavailable,N/A,N/A,N/A,None,None,N/A,N/A,N/A,N/A,None,Hidden,N/A,N/A
orderdetails,0.0,N/A,N/A,N/A,N/A,N/A,N/A,N/A,N/A,unavailable,N/A,0.0,N/A,0.0,N/A,N/A,N/A,N/A,unavailable,1102.0,N/A,N/A,10271.0,S18_3232,Hidden,169.34,9.0,N/A,N/A,N/A,N/A,None,unavailable,N/A,N/A,N/A,None,None,N/A,N/A,N/A,N/A,None,Hidden,N/A,N/A
orderdetails,0.0,N/A,N/A,N/A,N/A,N/A,N/A,N/A,N/A,unavailable,N/A,0.0,N/A,0.0,N/A,N/A,N/A,N/A,unavailable,1102.0,N/A,N/A,10271.0,S24_1444,Hidden,49.71,2.0,N/A,N/A,N/A,N/A,None,unavailable,N/A,N/A,N/A,None,None,N/A,N/A,N/A,N/A,None,Hidden,N/A,N/A
orderdetails,0.0,N/A,N/A,N/A,N/A,N/A,N/A,N/A,N/A,unavailable,N/A,0.0,N/A,0.0,N/A,N/A,N/A,N/A,unavailable,1102.0,N/A,N/A,10271.0,S24_2300,Hidden,122.68,10.0,N/A,N/A,N/A,N/A,None,unavailable,N/A,N/A,N/A,None,None,N/A,N/A,N/A,N/A,None,Hidden,N/A,N/A
orderdetails,0.0,N/A,N/A,N/A,N/A,N/A,N/A,N/A,N/A,unavailable,N/A,0.0,N/A,0.0,N/A,N/A,N/A,N/A,unavailable,1102.0,N/A,N/A,10271.0,S24_2840,Hidden,28.64,6.0,N/A,N/A,N/A,N/A,None,unavailable,N/A,N/A,N/A,None,None,N/A,N/A,N/A,N/A,None,Hidden,N/A,N/A
orderdetails,0.0,N/A,N/A,N/A,N/A,N/A,N/A,N/A,N/A,unavailable,N/A,0.0,N/A,0.0,N/A,N/A,N/A,N/A,unavailable,1102.0,N/A,N/A,10271.0,S24_4048,Hidden,110.00,1.0,N/A,N/A,N/A,N/A,None,unavailable,N/A,N/A,N/A,None,None,N/A,N/A,N/A,N/A,None,Hidden,N/A,N/A
orderdetails,0.0,N/A,N/A,N/A,N/A,N/A,N/A,N/A,N/A,unavailable,N/A,0.0,N/A,0.0,N/A,N/A,N/A,N/A,unavailable,1102.0,N/A,N/A,10271.0,S32_2509,Hidden,51.95,7.0,N/A,N/A,N/A,N/A,None,unavailable,N/A,N/A,N/A,None,None,N/A,N/A,N/A,N/A,None,Hidden,N/A,N/A
orderdetails,0.0,N/A,N/A,N/A,N/A,N/A,N/A,N/A,N/A,unavailable,N/A,0.0,N/A,0.0,N/A,N/A,N/A,N/A,unavailable,1102.0,N/A,N/A,10271.0,S50_1392,Hidden,93.76,3.0,N/A,N/A,N/A,N/A,None,unavailable,N/A,N/A,N/A,None,None,N/A,N/A,N/A,N/A,None,Hidden,N/A,N/A
orderdetails,0.0,N/A,N/A,N/A,N/A,N/A,N/A,N/A,N/A,unavailable,N/A,0.0,N/A,0.0,N/A,N/A,N/A,N/A,unavailable,1102.0,N/A,N/A,10272.0,S12_1108,Hidden,187.02,2.0,N/A,N/A,N/A,N/A,None,unavailable,N/A,N/A,N/A,None,None,N/A,N/A,N/A,N/A,None,Hidden,N/A,N/A
orderdetails,0.0,N/A,N/A,N/A,N/A,N/A,N/A,N/A,N/A,unavailable,N/A,0.0,N/A,0.0,N/A,N/A,N/A,N/A,unavailable,1102.0,N/A,N/A,10272.0,S12_3148,Hidden,123.89,3.0,N/A,N/A,N/A,N/A,None,unavailable,N/A,N/A,N/A,None,None,N/A,N/A,N/A,N/A,None,Hidden,N/A,N/A
orderdetails,0.0,N/A,N/A,N/A,N/A,N/A,N/A,N/A,N/A,unavailable,N/A,0.0,N/A,0.0,N/A,N/A,N/A,N/A,unavailable,1102.0,N/A,N/A,10272.0,S12_3891,Hidden,148.80,1.0,N/A,N/A,N/A,N/A,None,unavailable,N/A,N/A,N/A,None,None,N/A,N/A,N/A,N/A,None,Hidden,N/A,N/A
orderdetails,0.0,N/A,N/A,N/A,N/A,N/A,N/A,N/A,N/A,unavailable,N/A,0.0,N/A,0.0,N/A,N/A,N/A,N/A,unavailable,1102.0,N/A,N/A,10272.0,S18_4027,Hidden,126.39,5.0,N/A,N/A,N/A,N/A,None,unavailable,N/A,N/A,N/A,None,None,N/A,N/A,N/A,N/A,None,Hidden,N/A,N/A
orderdetails,0.0,N/A,N/A,N/A,N/A,N/A,N/A,N/A,N/A,unavailable,N/A,0.0,N/A,0.0,N/A,N/A,N/A,N/A,unavailable,1102.0,N/A,N/A,10272.0,S32_3207,Hidden,56.55,6.0,N/A,N/A,N/A,N/A,None,unavailable,N/A,N/A,N/A,None,None,N/A,N/A,N/A,N/A,None,Hidden,N/A,N/A
orderdetails,0.0,N/A,N/A,N/A,N/A,N/A,N/A,N/A,N/A,unavailable,N/A,0.0,N/A,0.0,N/A,N/A,N/A,N/A,unavailable,1102.0,N/A,N/A,10272.0,S50_1514,Hidden,53.89,4.0,N/A,N/A,N/A,N/A,None,unavailable,N/A,N/A,N/A,None,None,N/A,N/A,N/A,N/A,None,Hidden,N/A,N/A
orderdetails,0.0,N/A,N/A,N/A,N/A,N/A,N/A,N/A,N/A,unavailable,N/A,0.0,N/A,0.0,N/A,N/A,N/A,N/A,unavailable,1102.0,N/A,N/A,10273.0,S10_4757,Hidden,136.00,4.0,N/A,N/A,N/A,N/A,None,unavailable,N/A,N/A,N/A,None,None,N/A,N/A,N/A,N/A,None,Hidden,N/A,N/A
orderdetails,0.0,N/A,N/A,N/A,N/A,N/A,N/A,N/A,N/A,unavailable,N/A,0.0,N/A,0.0,N/A,N/A,N/A,N/A,unavailable,1102.0,N/A,N/A,10273.0,S18_3029,Hidden,84.30,2.0,N/A,N/A,N/A,N/A,None,unavailable,N/A,N/A,N/A,None,None,N/A,N/A,N/A,N/A,None,Hidden,N/A,N/A
orderdetails,0.0,N/A,N/A,N/A,N/A,N/A,N/A,N/A,N/A,unavailable,N/A,0.0,N/A,0.0,N/A,N/A,N/A,N/A,unavailable,1102.0,N/A,N/A,10273.0,S18_3140,Hidden,117.47,13.0,N/A,N/A,N/A,N/A,None,unavailable,N/A,N/A,N/A,None,None,N/A,N/A,N/A,N/A,None,Hidden,N/A,N/A
orderdetails,0.0,N/A,N/A,N/A,N/A,N/A,N/A,N/A,N/A,unavailable,N/A,0.0,N/A,0.0,N/A,N/A,N/A,N/A,unavailable,1102.0,N/A,N/A,10273.0,S18_3259,Hidden,87.73,15.0,N/A,N/A,N/A,N/A,None,unavailable,N/A,N/A,N/A,None,None,N/A,N/A,N/A,N/A,None,Hidden,N/A,N/A
orderdetails,0.0,N/A,N/A,N/A,N/A,N/A,N/A,N/A,N/A,unavailable,N/A,0.0,N/A,0.0,N/A,N/A,N/A,N/A,unavailable,1102.0,N/A,N/A,10273.0,S18_3856,Hidden,105.87,1.0,N/A,N/A,N/A,N/A,None,unavailable,N/A,N/A,N/A,None,None,N/A,N/A,N/A,N/A,None,Hidden,N/A,N/A
orderdetails,0.0,N/A,N/A,N/A,N/A,N/A,N/A,N/A,N/A,unavailable,N/A,0.0,N/A,0.0,N/A,N/A,N/A,N/A,unavailable,1102.0,N/A,N/A,10273.0,S18_4522,Hidden,72.85,12.0,N/A,N/A,N/A,N/A,None,unavailable,N/A,N/A,N/A,None,None,N/A,N/A,N/A,N/A,None,Hidden,N/A,N/A
orderdetails,0.0,N/A,N/A,N/A,N/A,N/A,N/A,N/A,N/A,unavailable,N/A,0.0,N/A,0.0,N/A,N/A,N/A,N/A,unavailable,1102.0,N/A,N/A,10273.0,S24_2011,Hidden,103.23,11.0,N/A,N/A,N/A,N/A,None,unavailable,N/A,N/A,N/A,None,None,N/A,N/A,N/A,N/A,None,Hidden,N/A,N/A
orderdetails,0.0,N/A,N/A,N/A,N/A,N/A,N/A,N/A,N/A,unavailable,N/A,0.0,N/A,0.0,N/A,N/A,N/A,N/A,unavailable,1102.0,N/A,N/A,10273.0,S24_3151,Hidden,84.08,6.0,N/A,N/A,N/A,N/A,None,unavailable,N/A,N/A,N/A,None,None,N/A,N/A,N/A,N/A,None,Hidden,N/A,N/A
orderdetails,0.0,N/A,N/A,N/A,N/A,N/A,N/A,N/A,N/A,unavailable,N/A,0.0,N/A,0.0,N/A,N/A,N/A,N/A,unavailable,1102.0,N/A,N/A,10273.0,S24_3816,Hidden,83.86,3.0,N/A,N/A,N/A,N/A,None,unavailable,N/A,N/A,N/A,None,None,N/A,N/A,N/A,N/A,None,Hidden,N/A,N/A
orderdetails,0.0,N/A,N/A,N/A,N/A,N/A,N/A,N/A,N/A,unavailable,N/A,0.0,N/A,0.0,N/A,N/A,N/A,N/A,unavailable,1102.0,N/A,N/A,10273.0,S700_1138,Hidden,66.00,7.0,N/A,N/A,N/A,N/A,None,unavailable,N/A,N/A,N/A,None,None,N/A,N/A,N/A,N/A,None,Hidden,N/A,N/A
orderdetails,0.0,N/A,N/A,N/A,N/A,N/A,N/A,N/A,N/A,unavailable,N/A,0.0,N/A,0.0,N/A,N/A,N/A,N/A,unavailable,1102.0,N/A,N/A,10273.0,S700_1938,Hidden,77.95,14.0,N/A,N/A,N/A,N/A,None,unavailable,N/A,N/A,N/A,None,None,N/A,N/A,N/A,N/A,None,Hidden,N/A,N/A
orderdetails,0.0,N/A,N/A,N/A,N/A,N/A,N/A,N/A,N/A,unavailable,N/A,0.0,N/A,0.0,N/A,N/A,N/A,N/A,unavailable,1102.0,N/A,N/A,10273.0,S700_2610,Hidden,57.82,5.0,N/A,N/A,N/A,N/A,None,unavailable,N/A,N/A,N/A,None,None,N/A,N/A,N/A,N/A,None,Hidden,N/A,N/A
orderdetails,0.0,N/A,N/A,N/A,N/A,N/A,N/A,N/A,N/A,unavailable,N/A,0.0,N/A,0.0,N/A,N/A,N/A,N/A,unavailable,1102.0,N/A,N/A,10273.0,S700_3505,Hidden,91.15,8.0,N/A,N/A,N/A,N/A,None,unavailable,N/A,N/A,N/A,None,None,N/A,N/A,N/A,N/A,None,Hidden,N/A,N/A
orderdetails,0.0,N/A,N/A,N/A,N/A,N/A,N/A,N/A,N/A,unavailable,N/A,0.0,N/A,0.0,N/A,N/A,N/A,N/A,unavailable,1102.0,N/A,N/A,10273.0,S700_3962,Hidden,89.38,9.0,N/A,N/A,N/A,N/A,None,unavailable,N/A,N/A,N/A,None,None,N/A,N/A,N/A,N/A,None,Hidden,N/A,N/A
orderdetails,0.0,N/A,N/A,N/A,N/A,N/A,N/A,N/A,N/A,unavailable,N/A,0.0,N/A,0.0,N/A,N/A,N/A,N/A,unavailable,1102.0,N/A,N/A,10273.0,S72_3212,Hidden,51.32,10.0,N/A,N/A,N/A,N/A,None,unavailable,N/A,N/A,N/A,None,None,N/A,N/A,N/A,N/A,None,Hidden,N/A,N/A
orderdetails,0.0,N/A,N/A,N/A,N/A,N/A,N/A,N/A,N/A,unavailable,N/A,0.0,N/A,0.0,N/A,N/A,N/A,N/A,unavailable,1102.0,N/A,N/A,10274.0,S18_1662,Hidden,129.31,1.0,N/A,N/A,N/A,N/A,None,unavailable,N/A,N/A,N/A,None,None,N/A,N/A,N/A,N/A,None,Hidden,N/A,N/A
orderdetails,0.0,N/A,N/A,N/A,N/A,N/A,N/A,N/A,N/A,unavailable,N/A,0.0,N/A,0.0,N/A,N/A,N/A,N/A,unavailable,1102.0,N/A,N/A,10274.0,S24_2841,Hidden,56.86,2.0,N/A,N/A,N/A,N/A,None,unavailable,N/A,N/A,N/A,None,None,N/A,N/A,N/A,N/A,None,Hidden,N/A,N/A
orderdetails,0.0,N/A,N/A,N/A,N/A,N/A,N/A,N/A,N/A,unavailable,N/A,0.0,N/A,0.0,N/A,N/A,N/A,N/A,unavailable,1102.0,N/A,N/A,10274.0,S24_3420,Hidden,65.09,3.0,N/A,N/A,N/A,N/A,None,unavailable,N/A,N/A,N/A,None,None,N/A,N/A,N/A,N/A,None,Hidden,N/A,N/A
orderdetails,0.0,N/A,N/A,N/A,N/A,N/A,N/A,N/A,N/A,unavailable,N/A,0.0,N/A,0.0,N/A,N/A,N/A,N/A,unavailable,1102.0,N/A,N/A,10274.0,S700_2047,Hidden,75.13,5.0,N/A,N/A,N/A,N/A,None,unavailable,N/A,N/A,N/A,None,None,N/A,N/A,N/A,N/A,None,Hidden,N/A,N/A
orderdetails,0.0,N/A,N/A,N/A,N/A,N/A,N/A,N/A,N/A,unavailable,N/A,0.0,N/A,0.0,N/A,N/A,N/A,N/A,unavailable,1102.0,N/A,N/A,10274.0,S72_1253,Hidden,49.66,4.0,N/A,N/A,N/A,N/A,None,unavailable,N/A,N/A,N/A,None,None,N/A,N/A,N/A,N/A,None,Hidden,N/A,N/A
orderdetails,0.0,N/A,N/A,N/A,N/A,N/A,N/A,N/A,N/A,unavailable,N/A,0.0,N/A,0.0,N/A,N/A,N/A,N/A,unavailable,1102.0,N/A,N/A,10275.0,S10_1678,Hidden,81.35,1.0,N/A,N/A,N/A,N/A,None,unavailable,N/A,N/A,N/A,None,None,N/A,N/A,N/A,N/A,None,Hidden,N/A,N/A
orderdetails,0.0,N/A,N/A,N/A,N/A,N/A,N/A,N/A,N/A,unavailable,N/A,0.0,N/A,0.0,N/A,N/A,N/A,N/A,unavailable,1102.0,N/A,N/A,10275.0,S10_2016,Hidden,115.37,4.0,N/A,N/A,N/A,N/A,None,unavailable,N/A,N/A,N/A,None,None,N/A,N/A,N/A,N/A,None,Hidden,N/A,N/A
orderdetails,0.0,N/A,N/A,N/A,N/A,N/A,N/A,N/A,N/A,unavailable,N/A,0.0,N/A,0.0,N/A,N/A,N/A,N/A,unavailable,1102.0,N/A,N/A,10275.0,S10_4698,Hidden,154.93,3.0,N/A,N/A,N/A,N/A,None,unavailable,N/A,N/A,N/A,None,None,N/A,N/A,N/A,N/A,None,Hidden,N/A,N/A
orderdetails,0.0,N/A,N/A,N/A,N/A,N/A,N/A,N/A,N/A,unavailable,N/A,0.0,N/A,0.0,N/A,N/A,N/A,N/A,unavailable,1102.0,N/A,N/A,10275.0,S18_2581,Hidden,70.12,9.0,N/A,N/A,N/A,N/A,None,unavailable,N/A,N/A,N/A,None,None,N/A,N/A,N/A,N/A,None,Hidden,N/A,N/A
orderdetails,0.0,N/A,N/A,N/A,N/A,N/A,N/A,N/A,N/A,unavailable,N/A,0.0,N/A,0.0,N/A,N/A,N/A,N/A,unavailable,1102.0,N/A,N/A,10275.0,S18_2625,Hidden,52.09,5.0,N/A,N/A,N/A,N/A,None,unavailable,N/A,N/A,N/A,None,None,N/A,N/A,N/A,N/A,None,Hidden,N/A,N/A
orderdetails,0.0,N/A,N/A,N/A,N/A,N/A,N/A,N/A,N/A,unavailable,N/A,0.0,N/A,0.0,N/A,N/A,N/A,N/A,unavailable,1102.0,N/A,N/A,10275.0,S24_1578,Hidden,105.94,2.0,N/A,N/A,N/A,N/A,None,unavailable,N/A,N/A,N/A,None,None,N/A,N/A,N/A,N/A,None,Hidden,N/A,N/A
orderdetails,0.0,N/A,N/A,N/A,N/A,N/A,N/A,N/A,N/A,unavailable,N/A,0.0,N/A,0.0,N/A,N/A,N/A,N/A,unavailable,1102.0,N/A,N/A,10275.0,S24_1785,Hidden,97.38,11.0,N/A,N/A,N/A,N/A,None,unavailable,N/A,N/A,N/A,None,None,N/A,N/A,N/A,N/A,None,Hidden,N/A,N/A
orderdetails,0.0,N/A,N/A,N/A,N/A,N/A,N/A,N/A,N/A,unavailable,N/A,0.0,N/A,0.0,N/A,N/A,N/A,N/A,unavailable,1102.0,N/A,N/A,10275.0,S24_2000,Hidden,61.70,6.0,N/A,N/A,N/A,N/A,None,unavailable,N/A,N/A,N/A,None,None,N/A,N/A,N/A,N/A,None,Hidden,N/A,N/A
orderdetails,0.0,N/A,N/A,N/A,N/A,N/A,N/A,N/A,N/A,unavailable,N/A,0.0,N/A,0.0,N/A,N/A,N/A,N/A,unavailable,1102.0,N/A,N/A,10275.0,S24_3949,Hidden,58.00,18.0,N/A,N/A,N/A,N/A,None,unavailable,N/A,N/A,N/A,None,None,N/A,N/A,N/A,N/A,None,Hidden,N/A,N/A
orderdetails,0.0,N/A,N/A,N/A,N/A,N/A,N/A,N/A,N/A,unavailable,N/A,0.0,N/A,0.0,N/A,N/A,N/A,N/A,unavailable,1102.0,N/A,N/A,10275.0,S24_4278,Hidden,67.38,10.0,N/A,N/A,N/A,N/A,None,unavailable,N/A,N/A,N/A,None,None,N/A,N/A,N/A,N/A,None,Hidden,N/A,N/A
orderdetails,0.0,N/A,N/A,N/A,N/A,N/A,N/A,N/A,N/A,unavailable,N/A,0.0,N/A,0.0,N/A,N/A,N/A,N/A,unavailable,1102.0,N/A,N/A,10275.0,S32_1374,Hidden,89.90,7.0,N/A,N/A,N/A,N/A,None,unavailable,N/A,N/A,N/A,None,None,N/A,N/A,N/A,N/A,None,Hidden,N/A,N/A
orderdetails,0.0,N/A,N/A,N/A,N/A,N/A,N/A,N/A,N/A,unavailable,N/A,0.0,N/A,0.0,N/A,N/A,N/A,N/A,unavailable,1102.0,N/A,N/A,10275.0,S32_4289,Hidden,58.47,12.0,N/A,N/A,N/A,N/A,None,unavailable,N/A,N/A,N/A,None,None,N/A,N/A,N/A,N/A,None,Hidden,N/A,N/A
orderdetails,0.0,N/A,N/A,N/A,N/A,N/A,N/A,N/A,N/A,unavailable,N/A,0.0,N/A,0.0,N/A,N/A,N/A,N/A,unavailable,1102.0,N/A,N/A,10275.0,S50_1341,Hidden,40.15,13.0,N/A,N/A,N/A,N/A,None,unavailable,N/A,N/A,N/A,None,None,N/A,N/A,N/A,N/A,None,Hidden,N/A,N/A
orderdetails,0.0,N/A,N/A,N/A,N/A,N/A,N/A,N/A,N/A,unavailable,N/A,0.0,N/A,0.0,N/A,N/A,N/A,N/A,unavailable,1102.0,N/A,N/A,10275.0,S700_1691,Hidden,85.86,14.0,N/A,N/A,N/A,N/A,None,unavailable,N/A,N/A,N/A,None,None,N/A,N/A,N/A,N/A,None,Hidden,N/A,N/A
orderdetails,0.0,N/A,N/A,N/A,N/A,N/A,N/A,N/A,N/A,unavailable,N/A,0.0,N/A,0.0,N/A,N/A,N/A,N/A,unavailable,1102.0,N/A,N/A,10275.0,S700_2466,Hidden,82.77,16.0,N/A,N/A,N/A,N/A,None,unavailable,N/A,N/A,N/A,None,None,N/A,N/A,N/A,N/A,None,Hidden,N/A,N/A
orderdetails,0.0,N/A,N/A,N/A,N/A,N/A,N/A,N/A,N/A,unavailable,N/A,0.0,N/A,0.0,N/A,N/A,N/A,N/A,unavailable,1102.0,N/A,N/A,10275.0,S700_2834,Hidden,102.04,8.0,N/A,N/A,N/A,N/A,None,unavailable,N/A,N/A,N/A,None,None,N/A,N/A,N/A,N/A,None,Hidden,N/A,N/A
orderdetails,0.0,N/A,N/A,N/A,N/A,N/A,N/A,N/A,N/A,unavailable,N/A,0.0,N/A,0.0,N/A,N/A,N/A,N/A,unavailable,1102.0,N/A,N/A,10275.0,S700_3167,Hidden,72.00,15.0,N/A,N/A,N/A,N/A,None,unavailable,N/A,N/A,N/A,None,None,N/A,N/A,N/A,N/A,None,Hidden,N/A,N/A
orderdetails,0.0,N/A,N/A,N/A,N/A,N/A,N/A,N/A,N/A,unavailable,N/A,0.0,N/A,0.0,N/A,N/A,N/A,N/A,unavailable,1102.0,N/A,N/A,10275.0,S700_4002,Hidden,59.96,17.0,N/A,N/A,N/A,N/A,None,unavailable,N/A,N/A,N/A,None,None,N/A,N/A,N/A,N/A,None,Hidden,N/A,N/A
orderdetails,0.0,N/A,N/A,N/A,N/A,N/A,N/A,N/A,N/A,unavailable,N/A,0.0,N/A,0.0,N/A,N/A,N/A,N/A,unavailable,1102.0,N/A,N/A,10276.0,S12_1099,Hidden,184.84,3.0,N/A,N/A,N/A,N/A,None,unavailable,N/A,N/A,N/A,None,None,N/A,N/A,N/A,N/A,None,Hidden,N/A,N/A
orderdetails,0.0,N/A,N/A,N/A,N/A,N/A,N/A,N/A,N/A,unavailable,N/A,0.0,N/A,0.0,N/A,N/A,N/A,N/A,unavailable,1102.0,N/A,N/A,10276.0,S12_2823,Hidden,150.62,14.0,N/A,N/A,N/A,N/A,None,unavailable,N/A,N/A,N/A,None,None,N/A,N/A,N/A,N/A,None,Hidden,N/A,N/A
orderdetails,0.0,N/A,N/A,N/A,N/A,N/A,N/A,N/A,N/A,unavailable,N/A,0.0,N/A,0.0,N/A,N/A,N/A,N/A,unavailable,1102.0,N/A,N/A,10276.0,S12_3380,Hidden,104.52,1.0,N/A,N/A,N/A,N/A,None,unavailable,N/A,N/A,N/A,None,None,N/A,N/A,N/A,N/A,None,Hidden,N/A,N/A
orderdetails,0.0,N/A,N/A,N/A,N/A,N/A,N/A,N/A,N/A,unavailable,N/A,0.0,N/A,0.0,N/A,N/A,N/A,N/A,unavailable,1102.0,N/A,N/A,10276.0,S12_3990,Hidden,67.83,4.0,N/A,N/A,N/A,N/A,None,unavailable,N/A,N/A,N/A,None,None,N/A,N/A,N/A,N/A,None,Hidden,N/A,N/A
orderdetails,0.0,N/A,N/A,N/A,N/A,N/A,N/A,N/A,N/A,unavailable,N/A,0.0,N/A,0.0,N/A,N/A,N/A,N/A,unavailable,1102.0,N/A,N/A,10276.0,S18_3278,Hidden,78.00,6.0,N/A,N/A,N/A,N/A,None,unavailable,N/A,N/A,N/A,None,None,N/A,N/A,N/A,N/A,None,Hidden,N/A,N/A
orderdetails,0.0,N/A,N/A,N/A,N/A,N/A,N/A,N/A,N/A,unavailable,N/A,0.0,N/A,0.0,N/A,N/A,N/A,N/A,unavailable,1102.0,N/A,N/A,10276.0,S18_3482,Hidden,139.64,5.0,N/A,N/A,N/A,N/A,None,unavailable,N/A,N/A,N/A,None,None,N/A,N/A,N/A,N/A,None,Hidden,N/A,N/A
orderdetails,0.0,N/A,N/A,N/A,N/A,N/A,N/A,N/A,N/A,unavailable,N/A,0.0,N/A,0.0,N/A,N/A,N/A,N/A,unavailable,1102.0,N/A,N/A,10276.0,S18_3782,Hidden,54.71,9.0,N/A,N/A,N/A,N/A,None,unavailable,N/A,N/A,N/A,None,None,N/A,N/A,N/A,N/A,None,Hidden,N/A,N/A
orderdetails,0.0,N/A,N/A,N/A,N/A,N/A,N/A,N/A,N/A,unavailable,N/A,0.0,N/A,0.0,N/A,N/A,N/A,N/A,unavailable,1102.0,N/A,N/A,10276.0,S18_4721,Hidden,120.53,8.0,N/A,N/A,N/A,N/A,None,unavailable,N/A,N/A,N/A,None,None,N/A,N/A,N/A,N/A,None,Hidden,N/A,N/A
orderdetails,0.0,N/A,N/A,N/A,N/A,N/A,N/A,N/A,N/A,unavailable,N/A,0.0,N/A,0.0,N/A,N/A,N/A,N/A,unavailable,1102.0,N/A,N/A,10276.0,S24_2360,Hidden,61.64,12.0,N/A,N/A,N/A,N/A,None,unavailable,N/A,N/A,N/A,None,None,N/A,N/A,N/A,N/A,None,Hidden,N/A,N/A
orderdetails,0.0,N/A,N/A,N/A,N/A,N/A,N/A,N/A,N/A,unavailable,N/A,0.0,N/A,0.0,N/A,N/A,N/A,N/A,unavailable,1102.0,N/A,N/A,10276.0,S24_3371,Hidden,58.17,2.0,N/A,N/A,N/A,N/A,None,unavailable,N/A,N/A,N/A,None,None,N/A,N/A,N/A,N/A,None,Hidden,N/A,N/A
orderdetails,0.0,N/A,N/A,N/A,N/A,N/A,N/A,N/A,N/A,unavailable,N/A,0.0,N/A,0.0,N/A,N/A,N/A,N/A,unavailable,1102.0,N/A,N/A,10276.0,S24_4620,Hidden,67.10,7.0,N/A,N/A,N/A,N/A,None,unavailable,N/A,N/A,N/A,None,None,N/A,N/A,N/A,N/A,None,Hidden,N/A,N/A
orderdetails,0.0,N/A,N/A,N/A,N/A,N/A,N/A,N/A,N/A,unavailable,N/A,0.0,N/A,0.0,N/A,N/A,N/A,N/A,unavailable,1102.0,N/A,N/A,10276.0,S32_2206,Hidden,35.40,10.0,N/A,N/A,N/A,N/A,None,unavailable,N/A,N/A,N/A,None,None,N/A,N/A,N/A,N/A,None,Hidden,N/A,N/A
orderdetails,0.0,N/A,N/A,N/A,N/A,N/A,N/A,N/A,N/A,unavailable,N/A,0.0,N/A,0.0,N/A,N/A,N/A,N/A,unavailable,1102.0,N/A,N/A,10276.0,S32_4485,Hidden,94.91,13.0,N/A,N/A,N/A,N/A,None,unavailable,N/A,N/A,N/A,None,None,N/A,N/A,N/A,N/A,None,Hidden,N/A,N/A
orderdetails,0.0,N/A,N/A,N/A,N/A,N/A,N/A,N/A,N/A,unavailable,N/A,0.0,N/A,0.0,N/A,N/A,N/A,N/A,unavailable,1102.0,N/A,N/A,10276.0,S50_4713,Hidden,67.53,11.0,N/A,N/A,N/A,N/A,None,unavailable,N/A,N/A,N/A,None,None,N/A,N/A,N/A,N/A,None,Hidden,N/A,N/A
orderdetails,0.0,N/A,N/A,N/A,N/A,N/A,N/A,N/A,N/A,unavailable,N/A,0.0,N/A,0.0,N/A,N/A,N/A,N/A,unavailable,1102.0,N/A,N/A,10277.0,S12_4675,Hidden,93.28,1.0,N/A,N/A,N/A,N/A,None,unavailable,N/A,N/A,N/A,None,None,N/A,N/A,N/A,N/A,None,Hidden,N/A,N/A
orderdetails,0.0,N/A,N/A,N/A,N/A,N/A,N/A,N/A,N/A,unavailable,N/A,0.0,N/A,0.0,N/A,N/A,N/A,N/A,unavailable,1102.0,N/A,N/A,10278.0,S18_1129,Hidden,114.65,6.0,N/A,N/A,N/A,N/A,None,unavailable,N/A,N/A,N/A,None,None,N/A,N/A,N/A,N/A,None,Hidden,N/A,N/A
orderdetails,0.0,N/A,N/A,N/A,N/A,N/A,N/A,N/A,N/A,unavailable,N/A,0.0,N/A,0.0,N/A,N/A,N/A,N/A,unavailable,1102.0,N/A,N/A,10278.0,S18_1589,Hidden,107.02,2.0,N/A,N/A,N/A,N/A,None,unavailable,N/A,N/A,N/A,None,None,N/A,N/A,N/A,N/A,None,Hidden,N/A,N/A
orderdetails,0.0,N/A,N/A,N/A,N/A,N/A,N/A,N/A,N/A,unavailable,N/A,0.0,N/A,0.0,N/A,N/A,N/A,N/A,unavailable,1102.0,N/A,N/A,10278.0,S18_1889,Hidden,73.15,10.0,N/A,N/A,N/A,N/A,None,unavailable,N/A,N/A,N/A,None,None,N/A,N/A,N/A,N/A,None,Hidden,N/A,N/A
orderdetails,0.0,N/A,N/A,N/A,N/A,N/A,N/A,N/A,N/A,unavailable,N/A,0.0,N/A,0.0,N/A,N/A,N/A,N/A,unavailable,1102.0,N/A,N/A,10278.0,S18_1984,Hidden,118.07,5.0,N/A,N/A,N/A,N/A,None,unavailable,N/A,N/A,N/A,None,None,N/A,N/A,N/A,N/A,None,Hidden,N/A,N/A
orderdetails,0.0,N/A,N/A,N/A,N/A,N/A,N/A,N/A,N/A,unavailable,N/A,0.0,N/A,0.0,N/A,N/A,N/A,N/A,unavailable,1102.0,N/A,N/A,10278.0,S18_2870,Hidden,117.48,3.0,N/A,N/A,N/A,N/A,None,unavailable,N/A,N/A,N/A,None,None,N/A,N/A,N/A,N/A,None,Hidden,N/A,N/A
orderdetails,0.0,N/A,N/A,N/A,N/A,N/A,N/A,N/A,N/A,unavailable,N/A,0.0,N/A,0.0,N/A,N/A,N/A,N/A,unavailable,1102.0,N/A,N/A,10278.0,S18_3232,Hidden,167.65,7.0,N/A,N/A,N/A,N/A,None,unavailable,N/A,N/A,N/A,None,None,N/A,N/A,N/A,N/A,None,Hidden,N/A,N/A
orderdetails,0.0,N/A,N/A,N/A,N/A,N/A,N/A,N/A,N/A,unavailable,N/A,0.0,N/A,0.0,N/A,N/A,N/A,N/A,unavailable,1102.0,N/A,N/A,10278.0,S18_3685,Hidden,114.44,4.0,N/A,N/A,N/A,N/A,None,unavailable,N/A,N/A,N/A,None,None,N/A,N/A,N/A,N/A,None,Hidden,N/A,N/A
orderdetails,0.0,N/A,N/A,N/A,N/A,N/A,N/A,N/A,N/A,unavailable,N/A,0.0,N/A,0.0,N/A,N/A,N/A,N/A,unavailable,1102.0,N/A,N/A,10278.0,S24_1628,Hidden,48.80,1.0,N/A,N/A,N/A,N/A,None,unavailable,N/A,N/A,N/A,None,None,N/A,N/A,N/A,N/A,None,Hidden,N/A,N/A
orderdetails,0.0,N/A,N/A,N/A,N/A,N/A,N/A,N/A,N/A,unavailable,N/A,0.0,N/A,0.0,N/A,N/A,N/A,N/A,unavailable,1102.0,N/A,N/A,10278.0,S24_2972,Hidden,37.38,8.0,N/A,N/A,N/A,N/A,None,unavailable,N/A,N/A,N/A,None,None,N/A,N/A,N/A,N/A,None,Hidden,N/A,N/A
orderdetails,0.0,N/A,N/A,N/A,N/A,N/A,N/A,N/A,N/A,unavailable,N/A,0.0,N/A,0.0,N/A,N/A,N/A,N/A,unavailable,1102.0,N/A,N/A,10278.0,S24_3856,Hidden,136.22,9.0,N/A,N/A,N/A,N/A,None,unavailable,N/A,N/A,N/A,None,None,N/A,N/A,N/A,N/A,None,Hidden,N/A,N/A
orderdetails,0.0,N/A,N/A,N/A,N/A,N/A,N/A,N/A,N/A,unavailable,N/A,0.0,N/A,0.0,N/A,N/A,N/A,N/A,unavailable,1102.0,N/A,N/A,10279.0,S18_4933,Hidden,68.42,1.0,N/A,N/A,N/A,N/A,None,unavailable,N/A,N/A,N/A,None,None,N/A,N/A,N/A,N/A,None,Hidden,N/A,N/A
orderdetails,0.0,N/A,N/A,N/A,N/A,N/A,N/A,N/A,N/A,unavailable,N/A,0.0,N/A,0.0,N/A,N/A,N/A,N/A,unavailable,1102.0,N/A,N/A,10279.0,S24_1046,Hidden,68.35,5.0,N/A,N/A,N/A,N/A,None,unavailable,N/A,N/A,N/A,None,None,N/A,N/A,N/A,N/A,None,Hidden,N/A,N/A
orderdetails,0.0,N/A,N/A,N/A,N/A,N/A,N/A,N/A,N/A,unavailable,N/A,0.0,N/A,0.0,N/A,N/A,N/A,N/A,unavailable,1102.0,N/A,N/A,10279.0,S24_2766,Hidden,76.33,3.0,N/A,N/A,N/A,N/A,None,unavailable,N/A,N/A,N/A,None,None,N/A,N/A,N/A,N/A,None,Hidden,N/A,N/A
orderdetails,0.0,N/A,N/A,N/A,N/A,N/A,N/A,N/A,N/A,unavailable,N/A,0.0,N/A,0.0,N/A,N/A,N/A,N/A,unavailable,1102.0,N/A,N/A,10279.0,S24_2887,Hidden,106.87,2.0,N/A,N/A,N/A,N/A,None,unavailable,N/A,N/A,N/A,None,None,N/A,N/A,N/A,N/A,None,Hidden,N/A,N/A
orderdetails,0.0,N/A,N/A,N/A,N/A,N/A,N/A,N/A,N/A,unavailable,N/A,0.0,N/A,0.0,N/A,N/A,N/A,N/A,unavailable,1102.0,N/A,N/A,10279.0,S24_3191,Hidden,78.76,4.0,N/A,N/A,N/A,N/A,None,unavailable,N/A,N/A,N/A,None,None,N/A,N/A,N/A,N/A,None,Hidden,N/A,N/A
orderdetails,0.0,N/A,N/A,N/A,N/A,N/A,N/A,N/A,N/A,unavailable,N/A,0.0,N/A,0.0,N/A,N/A,N/A,N/A,unavailable,1102.0,N/A,N/A,10279.0,S24_3432,Hidden,95.30,6.0,N/A,N/A,N/A,N/A,None,unavailable,N/A,N/A,N/A,None,None,N/A,N/A,N/A,N/A,None,Hidden,N/A,N/A
orderdetails,0.0,N/A,N/A,N/A,N/A,N/A,N/A,N/A,N/A,unavailable,N/A,0.0,N/A,0.0,N/A,N/A,N/A,N/A,unavailable,1102.0,N/A,N/A,10280.0,S10_1949,Hidden,205.73,2.0,N/A,N/A,N/A,N/A,None,unavailable,N/A,N/A,N/A,None,None,N/A,N/A,N/A,N/A,None,Hidden,N/A,N/A
orderdetails,0.0,N/A,N/A,N/A,N/A,N/A,N/A,N/A,N/A,unavailable,N/A,0.0,N/A,0.0,N/A,N/A,N/A,N/A,unavailable,1102.0,N/A,N/A,10280.0,S18_1097,Hidden,98.00,1.0,N/A,N/A,N/A,N/A,None,unavailable,N/A,N/A,N/A,None,None,N/A,N/A,N/A,N/A,None,Hidden,N/A,N/A
orderdetails,0.0,N/A,N/A,N/A,N/A,N/A,N/A,N/A,N/A,unavailable,N/A,0.0,N/A,0.0,N/A,N/A,N/A,N/A,unavailable,1102.0,N/A,N/A,10280.0,S18_1342,Hidden,87.33,9.0,N/A,N/A,N/A,N/A,None,unavailable,N/A,N/A,N/A,None,None,N/A,N/A,N/A,N/A,None,Hidden,N/A,N/A
orderdetails,0.0,N/A,N/A,N/A,N/A,N/A,N/A,N/A,N/A,unavailable,N/A,0.0,N/A,0.0,N/A,N/A,N/A,N/A,unavailable,1102.0,N/A,N/A,10280.0,S18_1367,Hidden,47.44,8.0,N/A,N/A,N/A,N/A,None,unavailable,N/A,N/A,N/A,None,None,N/A,N/A,N/A,N/A,None,Hidden,N/A,N/A
orderdetails,0.0,N/A,N/A,N/A,N/A,N/A,N/A,N/A,N/A,unavailable,N/A,0.0,N/A,0.0,N/A,N/A,N/A,N/A,unavailable,1102.0,N/A,N/A,10280.0,S18_1749,Hidden,161.50,16.0,N/A,N/A,N/A,N/A,None,unavailable,N/A,N/A,N/A,None,None,N/A,N/A,N/A,N/A,None,Hidden,N/A,N/A
orderdetails,0.0,N/A,N/A,N/A,N/A,N/A,N/A,N/A,N/A,unavailable,N/A,0.0,N/A,0.0,N/A,N/A,N/A,N/A,unavailable,1102.0,N/A,N/A,10280.0,S18_2248,Hidden,53.28,15.0,N/A,N/A,N/A,N/A,None,unavailable,N/A,N/A,N/A,None,None,N/A,N/A,N/A,N/A,None,Hidden,N/A,N/A
orderdetails,0.0,N/A,N/A,N/A,N/A,N/A,N/A,N/A,N/A,unavailable,N/A,0.0,N/A,0.0,N/A,N/A,N/A,N/A,unavailable,1102.0,N/A,N/A,10280.0,S18_2325,Hidden,109.33,13.0,N/A,N/A,N/A,N/A,None,unavailable,N/A,N/A,N/A,None,None,N/A,N/A,N/A,N/A,None,Hidden,N/A,N/A
orderdetails,0.0,N/A,N/A,N/A,N/A,N/A,N/A,N/A,N/A,unavailable,N/A,0.0,N/A,0.0,N/A,N/A,N/A,N/A,unavailable,1102.0,N/A,N/A,10280.0,S18_2795,Hidden,158.63,10.0,N/A,N/A,N/A,N/A,None,unavailable,N/A,N/A,N/A,None,None,N/A,N/A,N/A,N/A,None,Hidden,N/A,N/A
orderdetails,0.0,N/A,N/A,N/A,N/A,N/A,N/A,N/A,N/A,unavailable,N/A,0.0,N/A,0.0,N/A,N/A,N/A,N/A,unavailable,1102.0,N/A,N/A,10280.0,S18_2949,Hidden,82.06,3.0,N/A,N/A,N/A,N/A,None,unavailable,N/A,N/A,N/A,None,None,N/A,N/A,N/A,N/A,None,Hidden,N/A,N/A
orderdetails,0.0,N/A,N/A,N/A,N/A,N/A,N/A,N/A,N/A,unavailable,N/A,0.0,N/A,0.0,N/A,N/A,N/A,N/A,unavailable,1102.0,N/A,N/A,10280.0,S18_2957,Hidden,54.34,5.0,N/A,N/A,N/A,N/A,None,unavailable,N/A,N/A,N/A,None,None,N/A,N/A,N/A,N/A,None,Hidden,N/A,N/A
orderdetails,0.0,N/A,N/A,N/A,N/A,N/A,N/A,N/A,N/A,unavailable,N/A,0.0,N/A,0.0,N/A,N/A,N/A,N/A,unavailable,1102.0,N/A,N/A,10280.0,S18_3136,Hidden,102.63,4.0,N/A,N/A,N/A,N/A,None,unavailable,N/A,N/A,N/A,None,None,N/A,N/A,N/A,N/A,None,Hidden,N/A,N/A
orderdetails,0.0,N/A,N/A,N/A,N/A,N/A,N/A,N/A,N/A,unavailable,N/A,0.0,N/A,0.0,N/A,N/A,N/A,N/A,unavailable,1102.0,N/A,N/A,10280.0,S18_3320,Hidden,99.21,7.0,N/A,N/A,N/A,N/A,None,unavailable,N/A,N/A,N/A,None,None,N/A,N/A,N/A,N/A,None,Hidden,N/A,N/A
orderdetails,0.0,N/A,N/A,N/A,N/A,N/A,N/A,N/A,N/A,unavailable,N/A,0.0,N/A,0.0,N/A,N/A,N/A,N/A,unavailable,1102.0,N/A,N/A,10280.0,S18_4409,Hidden,77.31,17.0,N/A,N/A,N/A,N/A,None,unavailable,N/A,N/A,N/A,None,None,N/A,N/A,N/A,N/A,None,Hidden,N/A,N/A
orderdetails,0.0,N/A,N/A,N/A,N/A,N/A,N/A,N/A,N/A,unavailable,N/A,0.0,N/A,0.0,N/A,N/A,N/A,N/A,unavailable,1102.0,N/A,N/A,10280.0,S24_1937,Hidden,29.87,12.0,N/A,N/A,N/A,N/A,None,unavailable,N/A,N/A,N/A,None,None,N/A,N/A,N/A,N/A,None,Hidden,N/A,N/A
orderdetails,0.0,N/A,N/A,N/A,N/A,N/A,N/A,N/A,N/A,unavailable,N/A,0.0,N/A,0.0,N/A,N/A,N/A,N/A,unavailable,1102.0,N/A,N/A,10280.0,S24_2022,Hidden,36.29,11.0,N/A,N/A,N/A,N/A,None,unavailable,N/A,N/A,N/A,None,None,N/A,N/A,N/A,N/A,None,Hidden,N/A,N/A
orderdetails,0.0,N/A,N/A,N/A,N/A,N/A,N/A,N/A,N/A,unavailable,N/A,0.0,N/A,0.0,N/A,N/A,N/A,N/A,unavailable,1102.0,N/A,N/A,10280.0,S24_3969,Hidden,35.29,14.0,N/A,N/A,N/A,N/A,None,unavailable,N/A,N/A,N/A,None,None,N/A,N/A,N/A,N/A,None,Hidden,N/A,N/A
orderdetails,0.0,N/A,N/A,N/A,N/A,N/A,N/A,N/A,N/A,unavailable,N/A,0.0,N/A,0.0,N/A,N/A,N/A,N/A,unavailable,1102.0,N/A,N/A,10280.0,S24_4258,Hidden,79.86,6.0,N/A,N/A,N/A,N/A,None,unavailable,N/A,N/A,N/A,None,None,N/A,N/A,N/A,N/A,None,Hidden,N/A,N/A
orderdetails,0.0,N/A,N/A,N/A,N/A,N/A,N/A,N/A,N/A,unavailable,N/A,0.0,N/A,0.0,N/A,N/A,N/A,N/A,unavailable,1102.0,N/A,N/A,10281.0,S10_4962,Hidden,132.97,9.0,N/A,N/A,N/A,N/A,None,unavailable,N/A,N/A,N/A,None,None,N/A,N/A,N/A,N/A,None,Hidden,N/A,N/A
orderdetails,0.0,N/A,N/A,N/A,N/A,N/A,N/A,N/A,N/A,unavailable,N/A,0.0,N/A,0.0,N/A,N/A,N/A,N/A,unavailable,1102.0,N/A,N/A,10281.0,S12_1666,Hidden,127.10,13.0,N/A,N/A,N/A,N/A,None,unavailable,N/A,N/A,N/A,None,None,N/A,N/A,N/A,N/A,None,Hidden,N/A,N/A
orderdetails,0.0,N/A,N/A,N/A,N/A,N/A,N/A,N/A,N/A,unavailable,N/A,0.0,N/A,0.0,N/A,N/A,N/A,N/A,unavailable,1102.0,N/A,N/A,10281.0,S12_4473,Hidden,98.36,1.0,N/A,N/A,N/A,N/A,None,unavailable,N/A,N/A,N/A,None,None,N/A,N/A,N/A,N/A,None,Hidden,N/A,N/A
orderdetails,0.0,N/A,N/A,N/A,N/A,N/A,N/A,N/A,N/A,unavailable,N/A,0.0,N/A,0.0,N/A,N/A,N/A,N/A,unavailable,1102.0,N/A,N/A,10281.0,S18_2319,Hidden,114.14,4.0,N/A,N/A,N/A,N/A,None,unavailable,N/A,N/A,N/A,None,None,N/A,N/A,N/A,N/A,None,Hidden,N/A,N/A
orderdetails,0.0,N/A,N/A,N/A,N/A,N/A,N/A,N/A,N/A,unavailable,N/A,0.0,N/A,0.0,N/A,N/A,N/A,N/A,unavailable,1102.0,N/A,N/A,10281.0,S18_2432,Hidden,56.52,7.0,N/A,N/A,N/A,N/A,None,unavailable,N/A,N/A,N/A,None,None,N/A,N/A,N/A,N/A,None,Hidden,N/A,N/A
orderdetails,0.0,N/A,N/A,N/A,N/A,N/A,N/A,N/A,N/A,unavailable,N/A,0.0,N/A,0.0,N/A,N/A,N/A,N/A,unavailable,1102.0,N/A,N/A,10281.0,S18_3232,Hidden,135.47,5.0,N/A,N/A,N/A,N/A,None,unavailable,N/A,N/A,N/A,None,None,N/A,N/A,N/A,N/A,None,Hidden,N/A,N/A
orderdetails,0.0,N/A,N/A,N/A,N/A,N/A,N/A,N/A,N/A,unavailable,N/A,0.0,N/A,0.0,N/A,N/A,N/A,N/A,unavailable,1102.0,N/A,N/A,10281.0,S18_4600,Hidden,96.86,10.0,N/A,N/A,N/A,N/A,None,unavailable,N/A,N/A,N/A,None,None,N/A,N/A,N/A,N/A,None,Hidden,N/A,N/A
orderdetails,0.0,N/A,N/A,N/A,N/A,N/A,N/A,N/A,N/A,unavailable,N/A,0.0,N/A,0.0,N/A,N/A,N/A,N/A,unavailable,1102.0,N/A,N/A,10281.0,S18_4668,Hidden,42.76,14.0,N/A,N/A,N/A,N/A,None,unavailable,N/A,N/A,N/A,None,None,N/A,N/A,N/A,N/A,None,Hidden,N/A,N/A
orderdetails,0.0,N/A,N/A,N/A,N/A,N/A,N/A,N/A,N/A,unavailable,N/A,0.0,N/A,0.0,N/A,N/A,N/A,N/A,unavailable,1102.0,N/A,N/A,10281.0,S24_2300,Hidden,112.46,6.0,N/A,N/A,N/A,N/A,None,unavailable,N/A,N/A,N/A,None,None,N/A,N/A,N/A,N/A,None,Hidden,N/A,N/A
orderdetails,0.0,N/A,N/A,N/A,N/A,N/A,N/A,N/A,N/A,unavailable,N/A,0.0,N/A,0.0,N/A,N/A,N/A,N/A,unavailable,1102.0,N/A,N/A,10281.0,S24_2840,Hidden,33.95,2.0,N/A,N/A,N/A,N/A,None,unavailable,N/A,N/A,N/A,None,None,N/A,N/A,N/A,N/A,None,Hidden,N/A,N/A
orderdetails,0.0,N/A,N/A,N/A,N/A,N/A,N/A,N/A,N/A,unavailable,N/A,0.0,N/A,0.0,N/A,N/A,N/A,N/A,unavailable,1102.0,N/A,N/A,10281.0,S32_1268,Hidden,80.90,8.0,N/A,N/A,N/A,N/A,None,unavailable,N/A,N/A,N/A,None,None,N/A,N/A,N/A,N/A,None,Hidden,N/A,N/A
orderdetails,0.0,N/A,N/A,N/A,N/A,N/A,N/A,N/A,N/A,unavailable,N/A,0.0,N/A,0.0,N/A,N/A,N/A,N/A,unavailable,1102.0,N/A,N/A,10281.0,S32_2509,Hidden,44.91,3.0,N/A,N/A,N/A,N/A,None,unavailable,N/A,N/A,N/A,None,None,N/A,N/A,N/A,N/A,None,Hidden,N/A,N/A
orderdetails,0.0,N/A,N/A,N/A,N/A,N/A,N/A,N/A,N/A,unavailable,N/A,0.0,N/A,0.0,N/A,N/A,N/A,N/A,unavailable,1102.0,N/A,N/A,10281.0,S32_3522,Hidden,59.47,12.0,N/A,N/A,N/A,N/A,None,unavailable,N/A,N/A,N/A,None,None,N/A,N/A,N/A,N/A,None,Hidden,N/A,N/A
orderdetails,0.0,N/A,N/A,N/A,N/A,N/A,N/A,N/A,N/A,unavailable,N/A,0.0,N/A,0.0,N/A,N/A,N/A,N/A,unavailable,1102.0,N/A,N/A,10281.0,S700_2824,Hidden,89.01,11.0,N/A,N/A,N/A,N/A,None,unavailable,N/A,N/A,N/A,None,None,N/A,N/A,N/A,N/A,None,Hidden,N/A,N/A
orderdetails,0.0,N/A,N/A,N/A,N/A,N/A,N/A,N/A,N/A,unavailable,N/A,0.0,N/A,0.0,N/A,N/A,N/A,N/A,unavailable,1102.0,N/A,N/A,10282.0,S12_1108,Hidden,176.63,5.0,N/A,N/A,N/A,N/A,None,unavailable,N/A,N/A,N/A,None,None,N/A,N/A,N/A,N/A,None,Hidden,N/A,N/A
orderdetails,0.0,N/A,N/A,N/A,N/A,N/A,N/A,N/A,N/A,unavailable,N/A,0.0,N/A,0.0,N/A,N/A,N/A,N/A,unavailable,1102.0,N/A,N/A,10282.0,S12_3148,Hidden,142.02,6.0,N/A,N/A,N/A,N/A,None,unavailable,N/A,N/A,N/A,None,None,N/A,N/A,N/A,N/A,None,Hidden,N/A,N/A
orderdetails,0.0,N/A,N/A,N/A,N/A,N/A,N/A,N/A,N/A,unavailable,N/A,0.0,N/A,0.0,N/A,N/A,N/A,N/A,unavailable,1102.0,N/A,N/A,10282.0,S12_3891,Hidden,169.56,4.0,N/A,N/A,N/A,N/A,None,unavailable,N/A,N/A,N/A,None,None,N/A,N/A,N/A,N/A,None,Hidden,N/A,N/A
orderdetails,0.0,N/A,N/A,N/A,N/A,N/A,N/A,N/A,N/A,unavailable,N/A,0.0,N/A,0.0,N/A,N/A,N/A,N/A,unavailable,1102.0,N/A,N/A,10282.0,S18_2238,Hidden,147.36,13.0,N/A,N/A,N/A,N/A,None,unavailable,N/A,N/A,N/A,None,None,N/A,N/A,N/A,N/A,None,Hidden,N/A,N/A
orderdetails,0.0,N/A,N/A,N/A,N/A,N/A,N/A,N/A,N/A,unavailable,N/A,0.0,N/A,0.0,N/A,N/A,N/A,N/A,unavailable,1102.0,N/A,N/A,10282.0,S18_3140,Hidden,122.93,1.0,N/A,N/A,N/A,N/A,None,unavailable,N/A,N/A,N/A,None,None,N/A,N/A,N/A,N/A,None,Hidden,N/A,N/A
orderdetails,0.0,N/A,N/A,N/A,N/A,N/A,N/A,N/A,N/A,unavailable,N/A,0.0,N/A,0.0,N/A,N/A,N/A,N/A,unavailable,1102.0,N/A,N/A,10282.0,S18_3259,Hidden,88.74,3.0,N/A,N/A,N/A,N/A,None,unavailable,N/A,N/A,N/A,None,None,N/A,N/A,N/A,N/A,None,Hidden,N/A,N/A
orderdetails,0.0,N/A,N/A,N/A,N/A,N/A,N/A,N/A,N/A,unavailable,N/A,0.0,N/A,0.0,N/A,N/A,N/A,N/A,unavailable,1102.0,N/A,N/A,10282.0,S18_4027,Hidden,132.13,8.0,N/A,N/A,N/A,N/A,None,unavailable,N/A,N/A,N/A,None,None,N/A,N/A,N/A,N/A,None,Hidden,N/A,N/A
orderdetails,0.0,N/A,N/A,N/A,N/A,N/A,N/A,N/A,N/A,unavailable,N/A,0.0,N/A,0.0,N/A,N/A,N/A,N/A,unavailable,1102.0,N/A,N/A,10282.0,S24_1444,Hidden,49.71,11.0,N/A,N/A,N/A,N/A,None,unavailable,N/A,N/A,N/A,None,None,N/A,N/A,N/A,N/A,None,Hidden,N/A,N/A
orderdetails,0.0,N/A,N/A,N/A,N/A,N/A,N/A,N/A,N/A,unavailable,N/A,0.0,N/A,0.0,N/A,N/A,N/A,N/A,unavailable,1102.0,N/A,N/A,10282.0,S24_4048,Hidden,96.99,10.0,N/A,N/A,N/A,N/A,None,unavailable,N/A,N/A,N/A,None,None,N/A,N/A,N/A,N/A,None,Hidden,N/A,N/A
orderdetails,0.0,N/A,N/A,N/A,N/A,N/A,N/A,N/A,N/A,unavailable,N/A,0.0,N/A,0.0,N/A,N/A,N/A,N/A,unavailable,1102.0,N/A,N/A,10282.0,S32_3207,Hidden,51.58,9.0,N/A,N/A,N/A,N/A,None,unavailable,N/A,N/A,N/A,None,None,N/A,N/A,N/A,N/A,None,Hidden,N/A,N/A
orderdetails,0.0,N/A,N/A,N/A,N/A,N/A,N/A,N/A,N/A,unavailable,N/A,0.0,N/A,0.0,N/A,N/A,N/A,N/A,unavailable,1102.0,N/A,N/A,10282.0,S50_1392,Hidden,114.59,12.0,N/A,N/A,N/A,N/A,None,unavailable,N/A,N/A,N/A,None,None,N/A,N/A,N/A,N/A,None,Hidden,N/A,N/A
orderdetails,0.0,N/A,N/A,N/A,N/A,N/A,N/A,N/A,N/A,unavailable,N/A,0.0,N/A,0.0,N/A,N/A,N/A,N/A,unavailable,1102.0,N/A,N/A,10282.0,S50_1514,Hidden,56.24,7.0,N/A,N/A,N/A,N/A,None,unavailable,N/A,N/A,N/A,None,None,N/A,N/A,N/A,N/A,None,Hidden,N/A,N/A
orderdetails,0.0,N/A,N/A,N/A,N/A,N/A,N/A,N/A,N/A,unavailable,N/A,0.0,N/A,0.0,N/A,N/A,N/A,N/A,unavailable,1102.0,N/A,N/A,10282.0,S700_1938,Hidden,77.95,2.0,N/A,N/A,N/A,N/A,None,unavailable,N/A,N/A,N/A,None,None,N/A,N/A,N/A,N/A,None,Hidden,N/A,N/A
orderdetails,0.0,N/A,N/A,N/A,N/A,N/A,N/A,N/A,N/A,unavailable,N/A,0.0,N/A,0.0,N/A,N/A,N/A,N/A,unavailable,1102.0,N/A,N/A,10283.0,S10_4757,Hidden,130.56,6.0,N/A,N/A,N/A,N/A,None,unavailable,N/A,N/A,N/A,None,None,N/A,N/A,N/A,N/A,None,Hidden,N/A,N/A
orderdetails,0.0,N/A,N/A,N/A,N/A,N/A,N/A,N/A,N/A,unavailable,N/A,0.0,N/A,0.0,N/A,N/A,N/A,N/A,unavailable,1102.0,N/A,N/A,10283.0,S18_3029,Hidden,78.28,4.0,N/A,N/A,N/A,N/A,None,unavailable,N/A,N/A,N/A,None,None,N/A,N/A,N/A,N/A,None,Hidden,N/A,N/A
orderdetails,0.0,N/A,N/A,N/A,N/A,N/A,N/A,N/A,N/A,unavailable,N/A,0.0,N/A,0.0,N/A,N/A,N/A,N/A,unavailable,1102.0,N/A,N/A,10283.0,S18_3856,Hidden,100.58,3.0,N/A,N/A,N/A,N/A,None,unavailable,N/A,N/A,N/A,None,None,N/A,N/A,N/A,N/A,None,Hidden,N/A,N/A
orderdetails,0.0,N/A,N/A,N/A,N/A,N/A,N/A,N/A,N/A,unavailable,N/A,0.0,N/A,0.0,N/A,N/A,N/A,N/A,unavailable,1102.0,N/A,N/A,10283.0,S18_4522,Hidden,71.97,14.0,N/A,N/A,N/A,N/A,None,unavailable,N/A,N/A,N/A,None,None,N/A,N/A,N/A,N/A,None,Hidden,N/A,N/A
orderdetails,0.0,N/A,N/A,N/A,N/A,N/A,N/A,N/A,N/A,unavailable,N/A,0.0,N/A,0.0,N/A,N/A,N/A,N/A,unavailable,1102.0,N/A,N/A,10283.0,S24_2011,Hidden,99.54,13.0,N/A,N/A,N/A,N/A,None,unavailable,N/A,N/A,N/A,None,None,N/A,N/A,N/A,N/A,None,Hidden,N/A,N/A
orderdetails,0.0,N/A,N/A,N/A,N/A,N/A,N/A,N/A,N/A,unavailable,N/A,0.0,N/A,0.0,N/A,N/A,N/A,N/A,unavailable,1102.0,N/A,N/A,10283.0,S24_3151,Hidden,80.54,8.0,N/A,N/A,N/A,N/A,None,unavailable,N/A,N/A,N/A,None,None,N/A,N/A,N/A,N/A,None,Hidden,N/A,N/A
orderdetails,0.0,N/A,N/A,N/A,N/A,N/A,N/A,N/A,N/A,unavailable,N/A,0.0,N/A,0.0,N/A,N/A,N/A,N/A,unavailable,1102.0,N/A,N/A,10283.0,S24_3816,Hidden,77.15,5.0,N/A,N/A,N/A,N/A,None,unavailable,N/A,N/A,N/A,None,None,N/A,N/A,N/A,N/A,None,Hidden,N/A,N/A
orderdetails,0.0,N/A,N/A,N/A,N/A,N/A,N/A,N/A,N/A,unavailable,N/A,0.0,N/A,0.0,N/A,N/A,N/A,N/A,unavailable,1102.0,N/A,N/A,10283.0,S700_1138,Hidden,62.00,9.0,N/A,N/A,N/A,N/A,None,unavailable,N/A,N/A,N/A,None,None,N/A,N/A,N/A,N/A,None,Hidden,N/A,N/A
orderdetails,0.0,N/A,N/A,N/A,N/A,N/A,N/A,N/A,N/A,unavailable,N/A,0.0,N/A,0.0,N/A,N/A,N/A,N/A,unavailable,1102.0,N/A,N/A,10283.0,S700_2047,Hidden,74.23,2.0,N/A,N/A,N/A,N/A,None,unavailable,N/A,N/A,N/A,None,None,N/A,N/A,N/A,N/A,None,Hidden,N/A,N/A
orderdetails,0.0,N/A,N/A,N/A,N/A,N/A,N/A,N/A,N/A,unavailable,N/A,0.0,N/A,0.0,N/A,N/A,N/A,N/A,unavailable,1102.0,N/A,N/A,10283.0,S700_2610,Hidden,68.67,7.0,N/A,N/A,N/A,N/A,None,unavailable,N/A,N/A,N/A,None,None,N/A,N/A,N/A,N/A,None,Hidden,N/A,N/A
orderdetails,0.0,N/A,N/A,N/A,N/A,N/A,N/A,N/A,N/A,unavailable,N/A,0.0,N/A,0.0,N/A,N/A,N/A,N/A,unavailable,1102.0,N/A,N/A,10283.0,S700_3505,Hidden,88.15,10.0,N/A,N/A,N/A,N/A,None,unavailable,N/A,N/A,N/A,None,None,N/A,N/A,N/A,N/A,None,Hidden,N/A,N/A
orderdetails,0.0,N/A,N/A,N/A,N/A,N/A,N/A,N/A,N/A,unavailable,N/A,0.0,N/A,0.0,N/A,N/A,N/A,N/A,unavailable,1102.0,N/A,N/A,10283.0,S700_3962,Hidden,85.41,11.0,N/A,N/A,N/A,N/A,None,unavailable,N/A,N/A,N/A,None,None,N/A,N/A,N/A,N/A,None,Hidden,N/A,N/A
orderdetails,0.0,N/A,N/A,N/A,N/A,N/A,N/A,N/A,N/A,unavailable,N/A,0.0,N/A,0.0,N/A,N/A,N/A,N/A,unavailable,1102.0,N/A,N/A,10283.0,S72_1253,Hidden,41.22,1.0,N/A,N/A,N/A,N/A,None,unavailable,N/A,N/A,N/A,None,None,N/A,N/A,N/A,N/A,None,Hidden,N/A,N/A
orderdetails,0.0,N/A,N/A,N/A,N/A,N/A,N/A,N/A,N/A,unavailable,N/A,0.0,N/A,0.0,N/A,N/A,N/A,N/A,unavailable,1102.0,N/A,N/A,10283.0,S72_3212,Hidden,49.14,12.0,N/A,N/A,N/A,N/A,None,unavailable,N/A,N/A,N/A,None,None,N/A,N/A,N/A,N/A,None,Hidden,N/A,N/A
orderdetails,0.0,N/A,N/A,N/A,N/A,N/A,N/A,N/A,N/A,unavailable,N/A,0.0,N/A,0.0,N/A,N/A,N/A,N/A,unavailable,1102.0,N/A,N/A,10284.0,S18_1662,Hidden,137.19,11.0,N/A,N/A,N/A,N/A,None,unavailable,N/A,N/A,N/A,None,None,N/A,N/A,N/A,N/A,None,Hidden,N/A,N/A
orderdetails,0.0,N/A,N/A,N/A,N/A,N/A,N/A,N/A,N/A,unavailable,N/A,0.0,N/A,0.0,N/A,N/A,N/A,N/A,unavailable,1102.0,N/A,N/A,10284.0,S18_2581,Hidden,68.43,1.0,N/A,N/A,N/A,N/A,None,unavailable,N/A,N/A,N/A,None,None,N/A,N/A,N/A,N/A,None,Hidden,N/A,N/A
orderdetails,0.0,N/A,N/A,N/A,N/A,N/A,N/A,N/A,N/A,unavailable,N/A,0.0,N/A,0.0,N/A,N/A,N/A,N/A,unavailable,1102.0,N/A,N/A,10284.0,S24_1785,Hidden,101.76,3.0,N/A,N/A,N/A,N/A,None,unavailable,N/A,N/A,N/A,None,None,N/A,N/A,N/A,N/A,None,Hidden,N/A,N/A
orderdetails,0.0,N/A,N/A,N/A,N/A,N/A,N/A,N/A,N/A,unavailable,N/A,0.0,N/A,0.0,N/A,N/A,N/A,N/A,unavailable,1102.0,N/A,N/A,10284.0,S24_2841,Hidden,65.08,12.0,N/A,N/A,N/A,N/A,None,unavailable,N/A,N/A,N/A,None,None,N/A,N/A,N/A,N/A,None,Hidden,N/A,N/A
orderdetails,0.0,N/A,N/A,N/A,N/A,N/A,N/A,N/A,N/A,unavailable,N/A,0.0,N/A,0.0,N/A,N/A,N/A,N/A,unavailable,1102.0,N/A,N/A,10284.0,S24_3420,Hidden,59.83,13.0,N/A,N/A,N/A,N/A,None,unavailable,N/A,N/A,N/A,None,None,N/A,N/A,N/A,N/A,None,Hidden,N/A,N/A
orderdetails,0.0,N/A,N/A,N/A,N/A,N/A,N/A,N/A,N/A,unavailable,N/A,0.0,N/A,0.0,N/A,N/A,N/A,N/A,unavailable,1102.0,N/A,N/A,10284.0,S24_3949,Hidden,65.51,10.0,N/A,N/A,N/A,N/A,None,unavailable,N/A,N/A,N/A,None,None,N/A,N/A,N/A,N/A,None,Hidden,N/A,N/A
orderdetails,0.0,N/A,N/A,N/A,N/A,N/A,N/A,N/A,N/A,unavailable,N/A,0.0,N/A,0.0,N/A,N/A,N/A,N/A,unavailable,1102.0,N/A,N/A,10284.0,S24_4278,Hidden,66.65,2.0,N/A,N/A,N/A,N/A,None,unavailable,N/A,N/A,N/A,None,None,N/A,N/A,N/A,N/A,None,Hidden,N/A,N/A
orderdetails,0.0,N/A,N/A,N/A,N/A,N/A,N/A,N/A,N/A,unavailable,N/A,0.0,N/A,0.0,N/A,N/A,N/A,N/A,unavailable,1102.0,N/A,N/A,10284.0,S32_4289,Hidden,60.54,4.0,N/A,N/A,N/A,N/A,None,unavailable,N/A,N/A,N/A,None,None,N/A,N/A,N/A,N/A,None,Hidden,N/A,N/A
orderdetails,0.0,N/A,N/A,N/A,N/A,N/A,N/A,N/A,N/A,unavailable,N/A,0.0,N/A,0.0,N/A,N/A,N/A,N/A,unavailable,1102.0,N/A,N/A,10284.0,S50_1341,Hidden,35.78,5.0,N/A,N/A,N/A,N/A,None,unavailable,N/A,N/A,N/A,None,None,N/A,N/A,N/A,N/A,None,Hidden,N/A,N/A
orderdetails,0.0,N/A,N/A,N/A,N/A,N/A,N/A,N/A,N/A,unavailable,N/A,0.0,N/A,0.0,N/A,N/A,N/A,N/A,unavailable,1102.0,N/A,N/A,10284.0,S700_1691,Hidden,87.69,6.0,N/A,N/A,N/A,N/A,None,unavailable,N/A,N/A,N/A,None,None,N/A,N/A,N/A,N/A,None,Hidden,N/A,N/A
orderdetails,0.0,N/A,N/A,N/A,N/A,N/A,N/A,N/A,N/A,unavailable,N/A,0.0,N/A,0.0,N/A,N/A,N/A,N/A,unavailable,1102.0,N/A,N/A,10284.0,S700_2466,Hidden,95.73,8.0,N/A,N/A,N/A,N/A,None,unavailable,N/A,N/A,N/A,None,None,N/A,N/A,N/A,N/A,None,Hidden,N/A,N/A
orderdetails,0.0,N/A,N/A,N/A,N/A,N/A,N/A,N/A,N/A,unavailable,N/A,0.0,N/A,0.0,N/A,N/A,N/A,N/A,unavailable,1102.0,N/A,N/A,10284.0,S700_3167,Hidden,68.00,7.0,N/A,N/A,N/A,N/A,None,unavailable,N/A,N/A,N/A,None,None,N/A,N/A,N/A,N/A,None,Hidden,N/A,N/A
orderdetails,0.0,N/A,N/A,N/A,N/A,N/A,N/A,N/A,N/A,unavailable,N/A,0.0,N/A,0.0,N/A,N/A,N/A,N/A,unavailable,1102.0,N/A,N/A,10284.0,S700_4002,Hidden,73.29,9.0,N/A,N/A,N/A,N/A,None,unavailable,N/A,N/A,N/A,None,None,N/A,N/A,N/A,N/A,None,Hidden,N/A,N/A
orderdetails,0.0,N/A,N/A,N/A,N/A,N/A,N/A,N/A,N/A,unavailable,N/A,0.0,N/A,0.0,N/A,N/A,N/A,N/A,unavailable,1102.0,N/A,N/A,10285.0,S10_1678,Hidden,95.70,6.0,N/A,N/A,N/A,N/A,None,unavailable,N/A,N/A,N/A,None,None,N/A,N/A,N/A,N/A,None,Hidden,N/A,N/A
orderdetails,0.0,N/A,N/A,N/A,N/A,N/A,N/A,N/A,N/A,unavailable,N/A,0.0,N/A,0.0,N/A,N/A,N/A,N/A,unavailable,1102.0,N/A,N/A,10285.0,S10_2016,Hidden,110.61,9.0,N/A,N/A,N/A,N/A,None,unavailable,N/A,N/A,N/A,None,None,N/A,N/A,N/A,N/A,None,Hidden,N/A,N/A
orderdetails,0.0,N/A,N/A,N/A,N/A,N/A,N/A,N/A,N/A,unavailable,N/A,0.0,N/A,0.0,N/A,N/A,N/A,N/A,unavailable,1102.0,N/A,N/A,10285.0,S10_4698,Hidden,166.55,8.0,N/A,N/A,N/A,N/A,None,unavailable,N/A,N/A,N/A,None,None,N/A,N/A,N/A,N/A,None,Hidden,N/A,N/A
orderdetails,0.0,N/A,N/A,N/A,N/A,N/A,N/A,N/A,N/A,unavailable,N/A,0.0,N/A,0.0,N/A,N/A,N/A,N/A,unavailable,1102.0,N/A,N/A,10285.0,S12_2823,Hidden,131.04,5.0,N/A,N/A,N/A,N/A,None,unavailable,N/A,N/A,N/A,None,None,N/A,N/A,N/A,N/A,None,Hidden,N/A,N/A
orderdetails,0.0,N/A,N/A,N/A,N/A,N/A,N/A,N/A,N/A,unavailable,N/A,0.0,N/A,0.0,N/A,N/A,N/A,N/A,unavailable,1102.0,N/A,N/A,10285.0,S18_2625,Hidden,50.88,10.0,N/A,N/A,N/A,N/A,None,unavailable,N/A,N/A,N/A,None,None,N/A,N/A,N/A,N/A,None,Hidden,N/A,N/A
orderdetails,0.0,N/A,N/A,N/A,N/A,N/A,N/A,N/A,N/A,unavailable,N/A,0.0,N/A,0.0,N/A,N/A,N/A,N/A,unavailable,1102.0,N/A,N/A,10285.0,S24_1578,Hidden,91.29,7.0,N/A,N/A,N/A,N/A,None,unavailable,N/A,N/A,N/A,None,None,N/A,N/A,N/A,N/A,None,Hidden,N/A,N/A
orderdetails,0.0,N/A,N/A,N/A,N/A,N/A,N/A,N/A,N/A,unavailable,N/A,0.0,N/A,0.0,N/A,N/A,N/A,N/A,unavailable,1102.0,N/A,N/A,10285.0,S24_2000,Hidden,61.70,11.0,N/A,N/A,N/A,N/A,None,unavailable,N/A,N/A,N/A,None,None,N/A,N/A,N/A,N/A,None,Hidden,N/A,N/A
orderdetails,0.0,N/A,N/A,N/A,N/A,N/A,N/A,N/A,N/A,unavailable,N/A,0.0,N/A,0.0,N/A,N/A,N/A,N/A,unavailable,1102.0,N/A,N/A,10285.0,S24_2360,Hidden,64.41,3.0,N/A,N/A,N/A,N/A,None,unavailable,N/A,N/A,N/A,None,None,N/A,N/A,N/A,N/A,None,Hidden,N/A,N/A
orderdetails,0.0,N/A,N/A,N/A,N/A,N/A,N/A,N/A,N/A,unavailable,N/A,0.0,N/A,0.0,N/A,N/A,N/A,N/A,unavailable,1102.0,N/A,N/A,10285.0,S32_1374,Hidden,82.91,12.0,N/A,N/A,N/A,N/A,None,unavailable,N/A,N/A,N/A,None,None,N/A,N/A,N/A,N/A,None,Hidden,N/A,N/A
orderdetails,0.0,N/A,N/A,N/A,N/A,N/A,N/A,N/A,N/A,unavailable,N/A,0.0,N/A,0.0,N/A,N/A,N/A,N/A,unavailable,1102.0,N/A,N/A,10285.0,S32_2206,Hidden,36.61,1.0,N/A,N/A,N/A,N/A,None,unavailable,N/A,N/A,N/A,None,None,N/A,N/A,N/A,N/A,None,Hidden,N/A,N/A
orderdetails,0.0,N/A,N/A,N/A,N/A,N/A,N/A,N/A,N/A,unavailable,N/A,0.0,N/A,0.0,N/A,N/A,N/A,N/A,unavailable,1102.0,N/A,N/A,10285.0,S32_4485,Hidden,100.01,4.0,N/A,N/A,N/A,N/A,None,unavailable,N/A,N/A,N/A,None,None,N/A,N/A,N/A,N/A,None,Hidden,N/A,N/A
orderdetails,0.0,N/A,N/A,N/A,N/A,N/A,N/A,N/A,N/A,unavailable,N/A,0.0,N/A,0.0,N/A,N/A,N/A,N/A,unavailable,1102.0,N/A,N/A,10285.0,S50_4713,Hidden,76.48,2.0,N/A,N/A,N/A,N/A,None,unavailable,N/A,N/A,N/A,None,None,N/A,N/A,N/A,N/A,None,Hidden,N/A,N/A
orderdetails,0.0,N/A,N/A,N/A,N/A,N/A,N/A,N/A,N/A,unavailable,N/A,0.0,N/A,0.0,N/A,N/A,N/A,N/A,unavailable,1102.0,N/A,N/A,10285.0,S700_2834,Hidden,102.04,13.0,N/A,N/A,N/A,N/A,None,unavailable,N/A,N/A,N/A,None,None,N/A,N/A,N/A,N/A,None,Hidden,N/A,N/A
orderdetails,0.0,N/A,N/A,N/A,N/A,N/A,N/A,N/A,N/A,unavailable,N/A,0.0,N/A,0.0,N/A,N/A,N/A,N/A,unavailable,1102.0,N/A,N/A,10286.0,S18_3782,Hidden,51.60,1.0,N/A,N/A,N/A,N/A,None,unavailable,N/A,N/A,N/A,None,None,N/A,N/A,N/A,N/A,None,Hidden,N/A,N/A
orderdetails,0.0,N/A,N/A,N/A,N/A,N/A,N/A,N/A,N/A,unavailable,N/A,0.0,N/A,0.0,N/A,N/A,N/A,N/A,unavailable,1102.0,N/A,N/A,10287.0,S12_1099,Hidden,190.68,12.0,N/A,N/A,N/A,N/A,None,unavailable,N/A,N/A,N/A,None,None,N/A,N/A,N/A,N/A,None,Hidden,N/A,N/A
orderdetails,0.0,N/A,N/A,N/A,N/A,N/A,N/A,N/A,N/A,unavailable,N/A,0.0,N/A,0.0,N/A,N/A,N/A,N/A,unavailable,1102.0,N/A,N/A,10287.0,S12_3380,Hidden,117.44,10.0,N/A,N/A,N/A,N/A,None,unavailable,N/A,N/A,N/A,None,None,N/A,N/A,N/A,N/A,None,Hidden,N/A,N/A
orderdetails,0.0,N/A,N/A,N/A,N/A,N/A,N/A,N/A,N/A,unavailable,N/A,0.0,N/A,0.0,N/A,N/A,N/A,N/A,unavailable,1102.0,N/A,N/A,10287.0,S12_3990,Hidden,74.21,13.0,N/A,N/A,N/A,N/A,None,unavailable,N/A,N/A,N/A,None,None,N/A,N/A,N/A,N/A,None,Hidden,N/A,N/A
orderdetails,0.0,N/A,N/A,N/A,N/A,N/A,N/A,N/A,N/A,unavailable,N/A,0.0,N/A,0.0,N/A,N/A,N/A,N/A,unavailable,1102.0,N/A,N/A,10287.0,S12_4675,Hidden,107.10,9.0,N/A,N/A,N/A,N/A,None,unavailable,N/A,N/A,N/A,None,None,N/A,N/A,N/A,N/A,None,Hidden,N/A,N/A
orderdetails,0.0,N/A,N/A,N/A,N/A,N/A,N/A,N/A,N/A,unavailable,N/A,0.0,N/A,0.0,N/A,N/A,N/A,N/A,unavailable,1102.0,N/A,N/A,10287.0,S18_1129,Hidden,113.23,4.0,N/A,N/A,N/A,N/A,None,unavailable,N/A,N/A,N/A,None,None,N/A,N/A,N/A,N/A,None,Hidden,N/A,N/A
orderdetails,0.0,N/A,N/A,N/A,N/A,N/A,N/A,N/A,N/A,unavailable,N/A,0.0,N/A,0.0,N/A,N/A,N/A,N/A,unavailable,1102.0,N/A,N/A,10287.0,S18_1889,Hidden,61.60,8.0,N/A,N/A,N/A,N/A,None,unavailable,N/A,N/A,N/A,None,None,N/A,N/A,N/A,N/A,None,Hidden,N/A,N/A
orderdetails,0.0,N/A,N/A,N/A,N/A,N/A,N/A,N/A,N/A,unavailable,N/A,0.0,N/A,0.0,N/A,N/A,N/A,N/A,unavailable,1102.0,N/A,N/A,10287.0,S18_1984,Hidden,123.76,3.0,N/A,N/A,N/A,N/A,None,unavailable,N/A,N/A,N/A,None,None,N/A,N/A,N/A,N/A,None,Hidden,N/A,N/A
orderdetails,0.0,N/A,N/A,N/A,N/A,N/A,N/A,N/A,N/A,unavailable,N/A,0.0,N/A,0.0,N/A,N/A,N/A,N/A,unavailable,1102.0,N/A,N/A,10287.0,S18_2870,Hidden,114.84,1.0,N/A,N/A,N/A,N/A,None,unavailable,N/A,N/A,N/A,None,None,N/A,N/A,N/A,N/A,None,Hidden,N/A,N/A
orderdetails,0.0,N/A,N/A,N/A,N/A,N/A,N/A,N/A,N/A,unavailable,N/A,0.0,N/A,0.0,N/A,N/A,N/A,N/A,unavailable,1102.0,N/A,N/A,10287.0,S18_3232,Hidden,137.17,5.0,N/A,N/A,N/A,N/A,None,unavailable,N/A,N/A,N/A,None,None,N/A,N/A,N/A,N/A,None,Hidden,N/A,N/A
orderdetails,0.0,N/A,N/A,N/A,N/A,N/A,N/A,N/A,N/A,unavailable,N/A,0.0,N/A,0.0,N/A,N/A,N/A,N/A,unavailable,1102.0,N/A,N/A,10287.0,S18_3278,Hidden,68.35,15.0,N/A,N/A,N/A,N/A,None,unavailable,N/A,N/A,N/A,None,None,N/A,N/A,N/A,N/A,None,Hidden,N/A,N/A
orderdetails,0.0,N/A,N/A,N/A,N/A,N/A,N/A,N/A,N/A,unavailable,N/A,0.0,N/A,0.0,N/A,N/A,N/A,N/A,unavailable,1102.0,N/A,N/A,10287.0,S18_3482,Hidden,127.88,14.0,N/A,N/A,N/A,N/A,None,unavailable,N/A,N/A,N/A,None,None,N/A,N/A,N/A,N/A,None,Hidden,N/A,N/A
orderdetails,0.0,N/A,N/A,N/A,N/A,N/A,N/A,N/A,N/A,unavailable,N/A,0.0,N/A,0.0,N/A,N/A,N/A,N/A,unavailable,1102.0,N/A,N/A,10287.0,S18_3685,Hidden,139.87,2.0,N/A,N/A,N/A,N/A,None,unavailable,N/A,N/A,N/A,None,None,N/A,N/A,N/A,N/A,None,Hidden,N/A,N/A
orderdetails,0.0,N/A,N/A,N/A,N/A,N/A,N/A,N/A,N/A,unavailable,N/A,0.0,N/A,0.0,N/A,N/A,N/A,N/A,unavailable,1102.0,N/A,N/A,10287.0,S18_4721,Hidden,119.04,17.0,N/A,N/A,N/A,N/A,None,unavailable,N/A,N/A,N/A,None,None,N/A,N/A,N/A,N/A,None,Hidden,N/A,N/A
orderdetails,0.0,N/A,N/A,N/A,N/A,N/A,N/A,N/A,N/A,unavailable,N/A,0.0,N/A,0.0,N/A,N/A,N/A,N/A,unavailable,1102.0,N/A,N/A,10287.0,S24_2972,Hidden,31.34,6.0,N/A,N/A,N/A,N/A,None,unavailable,N/A,N/A,N/A,None,None,N/A,N/A,N/A,N/A,None,Hidden,N/A,N/A
orderdetails,0.0,N/A,N/A,N/A,N/A,N/A,N/A,N/A,N/A,unavailable,N/A,0.0,N/A,0.0,N/A,N/A,N/A,N/A,unavailable,1102.0,N/A,N/A,10287.0,S24_3371,Hidden,58.17,11.0,N/A,N/A,N/A,N/A,None,unavailable,N/A,N/A,N/A,None,None,N/A,N/A,N/A,N/A,None,Hidden,N/A,N/A
orderdetails,0.0,N/A,N/A,N/A,N/A,N/A,N/A,N/A,N/A,unavailable,N/A,0.0,N/A,0.0,N/A,N/A,N/A,N/A,unavailable,1102.0,N/A,N/A,10287.0,S24_3856,Hidden,137.62,7.0,N/A,N/A,N/A,N/A,None,unavailable,N/A,N/A,N/A,None,None,N/A,N/A,N/A,N/A,None,Hidden,N/A,N/A
orderdetails,0.0,N/A,N/A,N/A,N/A,N/A,N/A,N/A,N/A,unavailable,N/A,0.0,N/A,0.0,N/A,N/A,N/A,N/A,unavailable,1102.0,N/A,N/A,10287.0,S24_4620,Hidden,79.22,16.0,N/A,N/A,N/A,N/A,None,unavailable,N/A,N/A,N/A,None,None,N/A,N/A,N/A,N/A,None,Hidden,N/A,N/A
orderdetails,0.0,N/A,N/A,N/A,N/A,N/A,N/A,N/A,N/A,unavailable,N/A,0.0,N/A,0.0,N/A,N/A,N/A,N/A,unavailable,1102.0,N/A,N/A,10288.0,S18_1589,Hidden,120.71,14.0,N/A,N/A,N/A,N/A,None,unavailable,N/A,N/A,N/A,None,None,N/A,N/A,N/A,N/A,None,Hidden,N/A,N/A
orderdetails,0.0,N/A,N/A,N/A,N/A,N/A,N/A,N/A,N/A,unavailable,N/A,0.0,N/A,0.0,N/A,N/A,N/A,N/A,unavailable,1102.0,N/A,N/A,10288.0,S18_1749,Hidden,168.30,5.0,N/A,N/A,N/A,N/A,None,unavailable,N/A,N/A,N/A,None,None,N/A,N/A,N/A,N/A,None,Hidden,N/A,N/A
orderdetails,0.0,N/A,N/A,N/A,N/A,N/A,N/A,N/A,N/A,unavailable,N/A,0.0,N/A,0.0,N/A,N/A,N/A,N/A,unavailable,1102.0,N/A,N/A,10288.0,S18_2248,Hidden,50.25,4.0,N/A,N/A,N/A,N/A,None,unavailable,N/A,N/A,N/A,None,None,N/A,N/A,N/A,N/A,None,Hidden,N/A,N/A
orderdetails,0.0,N/A,N/A,N/A,N/A,N/A,N/A,N/A,N/A,unavailable,N/A,0.0,N/A,0.0,N/A,N/A,N/A,N/A,unavailable,1102.0,N/A,N/A,10288.0,S18_2325,Hidden,102.98,2.0,N/A,N/A,N/A,N/A,None,unavailable,N/A,N/A,N/A,None,None,N/A,N/A,N/A,N/A,None,Hidden,N/A,N/A
orderdetails,0.0,N/A,N/A,N/A,N/A,N/A,N/A,N/A,N/A,unavailable,N/A,0.0,N/A,0.0,N/A,N/A,N/A,N/A,unavailable,1102.0,N/A,N/A,10288.0,S18_4409,Hidden,90.19,6.0,N/A,N/A,N/A,N/A,None,unavailable,N/A,N/A,N/A,None,None,N/A,N/A,N/A,N/A,None,Hidden,N/A,N/A
orderdetails,0.0,N/A,N/A,N/A,N/A,N/A,N/A,N/A,N/A,unavailable,N/A,0.0,N/A,0.0,N/A,N/A,N/A,N/A,unavailable,1102.0,N/A,N/A,10288.0,S18_4933,Hidden,57.02,7.0,N/A,N/A,N/A,N/A,None,unavailable,N/A,N/A,N/A,None,None,N/A,N/A,N/A,N/A,None,Hidden,N/A,N/A
orderdetails,0.0,N/A,N/A,N/A,N/A,N/A,N/A,N/A,N/A,unavailable,N/A,0.0,N/A,0.0,N/A,N/A,N/A,N/A,unavailable,1102.0,N/A,N/A,10288.0,S24_1046,Hidden,66.88,11.0,N/A,N/A,N/A,N/A,None,unavailable,N/A,N/A,N/A,None,None,N/A,N/A,N/A,N/A,None,Hidden,N/A,N/A
orderdetails,0.0,N/A,N/A,N/A,N/A,N/A,N/A,N/A,N/A,unavailable,N/A,0.0,N/A,0.0,N/A,N/A,N/A,N/A,unavailable,1102.0,N/A,N/A,10288.0,S24_1628,Hidden,49.30,13.0,N/A,N/A,N/A,N/A,None,unavailable,N/A,N/A,N/A,None,None,N/A,N/A,N/A,N/A,None,Hidden,N/A,N/A
orderdetails,0.0,N/A,N/A,N/A,N/A,N/A,N/A,N/A,N/A,unavailable,N/A,0.0,N/A,0.0,N/A,N/A,N/A,N/A,unavailable,1102.0,N/A,N/A,10288.0,S24_1937,Hidden,32.19,1.0,N/A,N/A,N/A,N/A,None,unavailable,N/A,N/A,N/A,None,None,N/A,N/A,N/A,N/A,None,Hidden,N/A,N/A
orderdetails,0.0,N/A,N/A,N/A,N/A,N/A,N/A,N/A,N/A,unavailable,N/A,0.0,N/A,0.0,N/A,N/A,N/A,N/A,unavailable,1102.0,N/A,N/A,10288.0,S24_2766,Hidden,81.78,9.0,N/A,N/A,N/A,N/A,None,unavailable,N/A,N/A,N/A,None,None,N/A,N/A,N/A,N/A,None,Hidden,N/A,N/A
orderdetails,0.0,N/A,N/A,N/A,N/A,N/A,N/A,N/A,N/A,unavailable,N/A,0.0,N/A,0.0,N/A,N/A,N/A,N/A,unavailable,1102.0,N/A,N/A,10288.0,S24_2887,Hidden,109.22,8.0,N/A,N/A,N/A,N/A,None,unavailable,N/A,N/A,N/A,None,None,N/A,N/A,N/A,N/A,None,Hidden,N/A,N/A
orderdetails,0.0,N/A,N/A,N/A,N/A,N/A,N/A,N/A,N/A,unavailable,N/A,0.0,N/A,0.0,N/A,N/A,N/A,N/A,unavailable,1102.0,N/A,N/A,10288.0,S24_3191,Hidden,76.19,10.0,N/A,N/A,N/A,N/A,None,unavailable,N/A,N/A,N/A,None,None,N/A,N/A,N/A,N/A,None,Hidden,N/A,N/A
orderdetails,0.0,N/A,N/A,N/A,N/A,N/A,N/A,N/A,N/A,unavailable,N/A,0.0,N/A,0.0,N/A,N/A,N/A,N/A,unavailable,1102.0,N/A,N/A,10288.0,S24_3432,Hidden,101.73,12.0,N/A,N/A,N/A,N/A,None,unavailable,N/A,N/A,N/A,None,None,N/A,N/A,N/A,N/A,None,Hidden,N/A,N/A
orderdetails,0.0,N/A,N/A,N/A,N/A,N/A,N/A,N/A,N/A,unavailable,N/A,0.0,N/A,0.0,N/A,N/A,N/A,N/A,unavailable,1102.0,N/A,N/A,10288.0,S24_3969,Hidden,37.75,3.0,N/A,N/A,N/A,N/A,None,unavailable,N/A,N/A,N/A,None,None,N/A,N/A,N/A,N/A,None,Hidden,N/A,N/A
orderdetails,0.0,N/A,N/A,N/A,N/A,N/A,N/A,N/A,N/A,unavailable,N/A,0.0,N/A,0.0,N/A,N/A,N/A,N/A,unavailable,1102.0,N/A,N/A,10289.0,S18_1342,Hidden,92.47,2.0,N/A,N/A,N/A,N/A,None,unavailable,N/A,N/A,N/A,None,None,N/A,N/A,N/A,N/A,None,Hidden,N/A,N/A
orderdetails,0.0,N/A,N/A,N/A,N/A,N/A,N/A,N/A,N/A,unavailable,N/A,0.0,N/A,0.0,N/A,N/A,N/A,N/A,unavailable,1102.0,N/A,N/A,10289.0,S18_1367,Hidden,44.75,1.0,N/A,N/A,N/A,N/A,None,unavailable,N/A,N/A,N/A,None,None,N/A,N/A,N/A,N/A,None,Hidden,N/A,N/A
orderdetails,0.0,N/A,N/A,N/A,N/A,N/A,N/A,N/A,N/A,unavailable,N/A,0.0,N/A,0.0,N/A,N/A,N/A,N/A,unavailable,1102.0,N/A,N/A,10289.0,S18_2795,Hidden,141.75,3.0,N/A,N/A,N/A,N/A,None,unavailable,N/A,N/A,N/A,None,None,N/A,N/A,N/A,N/A,None,Hidden,N/A,N/A
orderdetails,0.0,N/A,N/A,N/A,N/A,N/A,N/A,N/A,N/A,unavailable,N/A,0.0,N/A,0.0,N/A,N/A,N/A,N/A,unavailable,1102.0,N/A,N/A,10289.0,S24_2022,Hidden,41.22,4.0,N/A,N/A,N/A,N/A,None,unavailable,N/A,N/A,N/A,None,None,N/A,N/A,N/A,N/A,None,Hidden,N/A,N/A
orderdetails,0.0,N/A,N/A,N/A,N/A,N/A,N/A,N/A,N/A,unavailable,N/A,0.0,N/A,0.0,N/A,N/A,N/A,N/A,unavailable,1102.0,N/A,N/A,10290.0,S18_3320,Hidden,80.36,2.0,N/A,N/A,N/A,N/A,None,unavailable,N/A,N/A,N/A,None,None,N/A,N/A,N/A,N/A,None,Hidden,N/A,N/A
orderdetails,0.0,N/A,N/A,N/A,N/A,N/A,N/A,N/A,N/A,unavailable,N/A,0.0,N/A,0.0,N/A,N/A,N/A,N/A,unavailable,1102.0,N/A,N/A,10290.0,S24_4258,Hidden,83.76,1.0,N/A,N/A,N/A,N/A,None,unavailable,N/A,N/A,N/A,None,None,N/A,N/A,N/A,N/A,None,Hidden,N/A,N/A
orderdetails,0.0,N/A,N/A,N/A,N/A,N/A,N/A,N/A,N/A,unavailable,N/A,0.0,N/A,0.0,N/A,N/A,N/A,N/A,unavailable,1102.0,N/A,N/A,10291.0,S10_1949,Hidden,210.01,11.0,N/A,N/A,N/A,N/A,None,unavailable,N/A,N/A,N/A,None,None,N/A,N/A,N/A,N/A,None,Hidden,N/A,N/A
orderdetails,0.0,N/A,N/A,N/A,N/A,N/A,N/A,N/A,N/A,unavailable,N/A,0.0,N/A,0.0,N/A,N/A,N/A,N/A,unavailable,1102.0,N/A,N/A,10291.0,S10_4962,Hidden,141.83,4.0,N/A,N/A,N/A,N/A,None,unavailable,N/A,N/A,N/A,None,None,N/A,N/A,N/A,N/A,None,Hidden,N/A,N/A
orderdetails,0.0,N/A,N/A,N/A,N/A,N/A,N/A,N/A,N/A,unavailable,N/A,0.0,N/A,0.0,N/A,N/A,N/A,N/A,unavailable,1102.0,N/A,N/A,10291.0,S12_1666,Hidden,123.00,8.0,N/A,N/A,N/A,N/A,None,unavailable,N/A,N/A,N/A,None,None,N/A,N/A,N/A,N/A,None,Hidden,N/A,N/A
orderdetails,0.0,N/A,N/A,N/A,N/A,N/A,N/A,N/A,N/A,unavailable,N/A,0.0,N/A,0.0,N/A,N/A,N/A,N/A,unavailable,1102.0,N/A,N/A,10291.0,S18_1097,Hidden,96.84,10.0,N/A,N/A,N/A,N/A,None,unavailable,N/A,N/A,N/A,None,None,N/A,N/A,N/A,N/A,None,Hidden,N/A,N/A
orderdetails,0.0,N/A,N/A,N/A,N/A,N/A,N/A,N/A,N/A,unavailable,N/A,0.0,N/A,0.0,N/A,N/A,N/A,N/A,unavailable,1102.0,N/A,N/A,10291.0,S18_2432,Hidden,52.26,2.0,N/A,N/A,N/A,N/A,None,unavailable,N/A,N/A,N/A,None,None,N/A,N/A,N/A,N/A,None,Hidden,N/A,N/A
orderdetails,0.0,N/A,N/A,N/A,N/A,N/A,N/A,N/A,N/A,unavailable,N/A,0.0,N/A,0.0,N/A,N/A,N/A,N/A,unavailable,1102.0,N/A,N/A,10291.0,S18_2949,Hidden,99.28,12.0,N/A,N/A,N/A,N/A,None,unavailable,N/A,N/A,N/A,None,None,N/A,N/A,N/A,N/A,None,Hidden,N/A,N/A
orderdetails,0.0,N/A,N/A,N/A,N/A,N/A,N/A,N/A,N/A,unavailable,N/A,0.0,N/A,0.0,N/A,N/A,N/A,N/A,unavailable,1102.0,N/A,N/A,10291.0,S18_2957,Hidden,56.21,14.0,N/A,N/A,N/A,N/A,None,unavailable,N/A,N/A,N/A,None,None,N/A,N/A,N/A,N/A,None,Hidden,N/A,N/A
orderdetails,0.0,N/A,N/A,N/A,N/A,N/A,N/A,N/A,N/A,unavailable,N/A,0.0,N/A,0.0,N/A,N/A,N/A,N/A,unavailable,1102.0,N/A,N/A,10291.0,S18_3136,Hidden,93.20,13.0,N/A,N/A,N/A,N/A,None,unavailable,N/A,N/A,N/A,None,None,N/A,N/A,N/A,N/A,None,Hidden,N/A,N/A
orderdetails,0.0,N/A,N/A,N/A,N/A,N/A,N/A,N/A,N/A,unavailable,N/A,0.0,N/A,0.0,N/A,N/A,N/A,N/A,unavailable,1102.0,N/A,N/A,10291.0,S18_4600,Hidden,96.86,5.0,N/A,N/A,N/A,N/A,None,unavailable,N/A,N/A,N/A,None,None,N/A,N/A,N/A,N/A,None,Hidden,N/A,N/A
orderdetails,0.0,N/A,N/A,N/A,N/A,N/A,N/A,N/A,N/A,unavailable,N/A,0.0,N/A,0.0,N/A,N/A,N/A,N/A,unavailable,1102.0,N/A,N/A,10291.0,S18_4668,Hidden,45.28,9.0,N/A,N/A,N/A,N/A,None,unavailable,N/A,N/A,N/A,None,None,N/A,N/A,N/A,N/A,None,Hidden,N/A,N/A
orderdetails,0.0,N/A,N/A,N/A,N/A,N/A,N/A,N/A,N/A,unavailable,N/A,0.0,N/A,0.0,N/A,N/A,N/A,N/A,unavailable,1102.0,N/A,N/A,10291.0,S24_2300,Hidden,109.90,1.0,N/A,N/A,N/A,N/A,None,unavailable,N/A,N/A,N/A,None,None,N/A,N/A,N/A,N/A,None,Hidden,N/A,N/A
orderdetails,0.0,N/A,N/A,N/A,N/A,N/A,N/A,N/A,N/A,unavailable,N/A,0.0,N/A,0.0,N/A,N/A,N/A,N/A,unavailable,1102.0,N/A,N/A,10291.0,S32_1268,Hidden,82.83,3.0,N/A,N/A,N/A,N/A,None,unavailable,N/A,N/A,N/A,None,None,N/A,N/A,N/A,N/A,None,Hidden,N/A,N/A
orderdetails,0.0,N/A,N/A,N/A,N/A,N/A,N/A,N/A,N/A,unavailable,N/A,0.0,N/A,0.0,N/A,N/A,N/A,N/A,unavailable,1102.0,N/A,N/A,10291.0,S32_3522,Hidden,53.00,7.0,N/A,N/A,N/A,N/A,None,unavailable,N/A,N/A,N/A,None,None,N/A,N/A,N/A,N/A,None,Hidden,N/A,N/A
orderdetails,0.0,N/A,N/A,N/A,N/A,N/A,N/A,N/A,N/A,unavailable,N/A,0.0,N/A,0.0,N/A,N/A,N/A,N/A,unavailable,1102.0,N/A,N/A,10291.0,S700_2824,Hidden,86.99,6.0,N/A,N/A,N/A,N/A,None,unavailable,N/A,N/A,N/A,None,None,N/A,N/A,N/A,N/A,None,Hidden,N/A,N/A
orderdetails,0.0,N/A,N/A,N/A,N/A,N/A,N/A,N/A,N/A,unavailable,N/A,0.0,N/A,0.0,N/A,N/A,N/A,N/A,unavailable,1102.0,N/A,N/A,10292.0,S12_4473,Hidden,94.80,8.0,N/A,N/A,N/A,N/A,None,unavailable,N/A,N/A,N/A,None,None,N/A,N/A,N/A,N/A,None,Hidden,N/A,N/A
orderdetails,0.0,N/A,N/A,N/A,N/A,N/A,N/A,N/A,N/A,unavailable,N/A,0.0,N/A,0.0,N/A,N/A,N/A,N/A,unavailable,1102.0,N/A,N/A,10292.0,S18_2238,Hidden,140.81,7.0,N/A,N/A,N/A,N/A,None,unavailable,N/A,N/A,N/A,None,None,N/A,N/A,N/A,N/A,None,Hidden,N/A,N/A
orderdetails,0.0,N/A,N/A,N/A,N/A,N/A,N/A,N/A,N/A,unavailable,N/A,0.0,N/A,0.0,N/A,N/A,N/A,N/A,unavailable,1102.0,N/A,N/A,10292.0,S18_2319,Hidden,103.09,11.0,N/A,N/A,N/A,N/A,None,unavailable,N/A,N/A,N/A,None,None,N/A,N/A,N/A,N/A,None,Hidden,N/A,N/A
orderdetails,0.0,N/A,N/A,N/A,N/A,N/A,N/A,N/A,N/A,unavailable,N/A,0.0,N/A,0.0,N/A,N/A,N/A,N/A,unavailable,1102.0,N/A,N/A,10292.0,S18_3232,Hidden,147.33,12.0,N/A,N/A,N/A,N/A,None,unavailable,N/A,N/A,N/A,None,None,N/A,N/A,N/A,N/A,None,Hidden,N/A,N/A
orderdetails,0.0,N/A,N/A,N/A,N/A,N/A,N/A,N/A,N/A,unavailable,N/A,0.0,N/A,0.0,N/A,N/A,N/A,N/A,unavailable,1102.0,N/A,N/A,10292.0,S18_4027,Hidden,114.90,2.0,N/A,N/A,N/A,N/A,None,unavailable,N/A,N/A,N/A,None,None,N/A,N/A,N/A,N/A,None,Hidden,N/A,N/A
orderdetails,0.0,N/A,N/A,N/A,N/A,N/A,N/A,N/A,N/A,unavailable,N/A,0.0,N/A,0.0,N/A,N/A,N/A,N/A,unavailable,1102.0,N/A,N/A,10292.0,S24_1444,Hidden,48.55,5.0,N/A,N/A,N/A,N/A,None,unavailable,N/A,N/A,N/A,None,None,N/A,N/A,N/A,N/A,None,Hidden,N/A,N/A
orderdetails,0.0,N/A,N/A,N/A,N/A,N/A,N/A,N/A,N/A,unavailable,N/A,0.0,N/A,0.0,N/A,N/A,N/A,N/A,unavailable,1102.0,N/A,N/A,10292.0,S24_2840,Hidden,34.30,9.0,N/A,N/A,N/A,N/A,None,unavailable,N/A,N/A,N/A,None,None,N/A,N/A,N/A,N/A,None,Hidden,N/A,N/A
orderdetails,0.0,N/A,N/A,N/A,N/A,N/A,N/A,N/A,N/A,unavailable,N/A,0.0,N/A,0.0,N/A,N/A,N/A,N/A,unavailable,1102.0,N/A,N/A,10292.0,S24_4048,Hidden,113.55,4.0,N/A,N/A,N/A,N/A,None,unavailable,N/A,N/A,N/A,None,None,N/A,N/A,N/A,N/A,None,Hidden,N/A,N/A
orderdetails,0.0,N/A,N/A,N/A,N/A,N/A,N/A,N/A,N/A,unavailable,N/A,0.0,N/A,0.0,N/A,N/A,N/A,N/A,unavailable,1102.0,N/A,N/A,10292.0,S32_2509,Hidden,54.11,10.0,N/A,N/A,N/A,N/A,None,unavailable,N/A,N/A,N/A,None,None,N/A,N/A,N/A,N/A,None,Hidden,N/A,N/A
orderdetails,0.0,N/A,N/A,N/A,N/A,N/A,N/A,N/A,N/A,unavailable,N/A,0.0,N/A,0.0,N/A,N/A,N/A,N/A,unavailable,1102.0,N/A,N/A,10292.0,S32_3207,Hidden,59.65,3.0,N/A,N/A,N/A,N/A,None,unavailable,N/A,N/A,N/A,None,None,N/A,N/A,N/A,N/A,None,Hidden,N/A,N/A
orderdetails,0.0,N/A,N/A,N/A,N/A,N/A,N/A,N/A,N/A,unavailable,N/A,0.0,N/A,0.0,N/A,N/A,N/A,N/A,unavailable,1102.0,N/A,N/A,10292.0,S50_1392,Hidden,113.44,6.0,N/A,N/A,N/A,N/A,None,unavailable,N/A,N/A,N/A,None,None,N/A,N/A,N/A,N/A,None,Hidden,N/A,N/A
orderdetails,0.0,N/A,N/A,N/A,N/A,N/A,N/A,N/A,N/A,unavailable,N/A,0.0,N/A,0.0,N/A,N/A,N/A,N/A,unavailable,1102.0,N/A,N/A,10292.0,S50_1514,Hidden,49.79,1.0,N/A,N/A,N/A,N/A,None,unavailable,N/A,N/A,N/A,None,None,N/A,N/A,N/A,N/A,None,Hidden,N/A,N/A
orderdetails,0.0,N/A,N/A,N/A,N/A,N/A,N/A,N/A,N/A,unavailable,N/A,0.0,N/A,0.0,N/A,N/A,N/A,N/A,unavailable,1102.0,N/A,N/A,10293.0,S12_1108,Hidden,187.02,8.0,N/A,N/A,N/A,N/A,None,unavailable,N/A,N/A,N/A,None,None,N/A,N/A,N/A,N/A,None,Hidden,N/A,N/A
orderdetails,0.0,N/A,N/A,N/A,N/A,N/A,N/A,N/A,N/A,unavailable,N/A,0.0,N/A,0.0,N/A,N/A,N/A,N/A,unavailable,1102.0,N/A,N/A,10293.0,S12_3148,Hidden,129.93,9.0,N/A,N/A,N/A,N/A,None,unavailable,N/A,N/A,N/A,None,None,N/A,N/A,N/A,N/A,None,Hidden,N/A,N/A
orderdetails,0.0,N/A,N/A,N/A,N/A,N/A,N/A,N/A,N/A,unavailable,N/A,0.0,N/A,0.0,N/A,N/A,N/A,N/A,unavailable,1102.0,N/A,N/A,10293.0,S12_3891,Hidden,171.29,7.0,N/A,N/A,N/A,N/A,None,unavailable,N/A,N/A,N/A,None,None,N/A,N/A,N/A,N/A,None,Hidden,N/A,N/A
orderdetails,0.0,N/A,N/A,N/A,N/A,N/A,N/A,N/A,N/A,unavailable,N/A,0.0,N/A,0.0,N/A,N/A,N/A,N/A,unavailable,1102.0,N/A,N/A,10293.0,S18_3140,Hidden,110.64,4.0,N/A,N/A,N/A,N/A,None,unavailable,N/A,N/A,N/A,None,None,N/A,N/A,N/A,N/A,None,Hidden,N/A,N/A
orderdetails,0.0,N/A,N/A,N/A,N/A,N/A,N/A,N/A,N/A,unavailable,N/A,0.0,N/A,0.0,N/A,N/A,N/A,N/A,unavailable,1102.0,N/A,N/A,10293.0,S18_3259,Hidden,91.76,6.0,N/A,N/A,N/A,N/A,None,unavailable,N/A,N/A,N/A,None,None,N/A,N/A,N/A,N/A,None,Hidden,N/A,N/A
orderdetails,0.0,N/A,N/A,N/A,N/A,N/A,N/A,N/A,N/A,unavailable,N/A,0.0,N/A,0.0,N/A,N/A,N/A,N/A,unavailable,1102.0,N/A,N/A,10293.0,S18_4522,Hidden,72.85,3.0,N/A,N/A,N/A,N/A,None,unavailable,N/A,N/A,N/A,None,None,N/A,N/A,N/A,N/A,None,Hidden,N/A,N/A
orderdetails,0.0,N/A,N/A,N/A,N/A,N/A,N/A,N/A,N/A,unavailable,N/A,0.0,N/A,0.0,N/A,N/A,N/A,N/A,unavailable,1102.0,N/A,N/A,10293.0,S24_2011,Hidden,111.83,2.0,N/A,N/A,N/A,N/A,None,unavailable,N/A,N/A,N/A,None,None,N/A,N/A,N/A,N/A,None,Hidden,N/A,N/A
orderdetails,0.0,N/A,N/A,N/A,N/A,N/A,N/A,N/A,N/A,unavailable,N/A,0.0,N/A,0.0,N/A,N/A,N/A,N/A,unavailable,1102.0,N/A,N/A,10293.0,S700_1938,Hidden,77.95,5.0,N/A,N/A,N/A,N/A,None,unavailable,N/A,N/A,N/A,None,None,N/A,N/A,N/A,N/A,None,Hidden,N/A,N/A
orderdetails,0.0,N/A,N/A,N/A,N/A,N/A,N/A,N/A,N/A,unavailable,N/A,0.0,N/A,0.0,N/A,N/A,N/A,N/A,unavailable,1102.0,N/A,N/A,10293.0,S72_3212,Hidden,51.32,1.0,N/A,N/A,N/A,N/A,None,unavailable,N/A,N/A,N/A,None,None,N/A,N/A,N/A,N/A,None,Hidden,N/A,N/A
orderdetails,0.0,N/A,N/A,N/A,N/A,N/A,N/A,N/A,N/A,unavailable,N/A,0.0,N/A,0.0,N/A,N/A,N/A,N/A,unavailable,1102.0,N/A,N/A,10294.0,S700_3962,Hidden,98.32,1.0,N/A,N/A,N/A,N/A,None,unavailable,N/A,N/A,N/A,None,None,N/A,N/A,N/A,N/A,None,Hidden,N/A,N/A
orderdetails,0.0,N/A,N/A,N/A,N/A,N/A,N/A,N/A,N/A,unavailable,N/A,0.0,N/A,0.0,N/A,N/A,N/A,N/A,unavailable,1102.0,N/A,N/A,10295.0,S10_4757,Hidden,136.00,1.0,N/A,N/A,N/A,N/A,None,unavailable,N/A,N/A,N/A,None,None,N/A,N/A,N/A,N/A,None,Hidden,N/A,N/A
orderdetails,0.0,N/A,N/A,N/A,N/A,N/A,N/A,N/A,N/A,unavailable,N/A,0.0,N/A,0.0,N/A,N/A,N/A,N/A,unavailable,1102.0,N/A,N/A,10295.0,S24_3151,Hidden,84.08,3.0,N/A,N/A,N/A,N/A,None,unavailable,N/A,N/A,N/A,None,None,N/A,N/A,N/A,N/A,None,Hidden,N/A,N/A
orderdetails,0.0,N/A,N/A,N/A,N/A,N/A,N/A,N/A,N/A,unavailable,N/A,0.0,N/A,0.0,N/A,N/A,N/A,N/A,unavailable,1102.0,N/A,N/A,10295.0,S700_1138,Hidden,62.00,4.0,N/A,N/A,N/A,N/A,None,unavailable,N/A,N/A,N/A,None,None,N/A,N/A,N/A,N/A,None,Hidden,N/A,N/A
orderdetails,0.0,N/A,N/A,N/A,N/A,N/A,N/A,N/A,N/A,unavailable,N/A,0.0,N/A,0.0,N/A,N/A,N/A,N/A,unavailable,1102.0,N/A,N/A,10295.0,S700_2610,Hidden,71.56,2.0,N/A,N/A,N/A,N/A,None,unavailable,N/A,N/A,N/A,None,None,N/A,N/A,N/A,N/A,None,Hidden,N/A,N/A
orderdetails,0.0,N/A,N/A,N/A,N/A,N/A,N/A,N/A,N/A,unavailable,N/A,0.0,N/A,0.0,N/A,N/A,N/A,N/A,unavailable,1102.0,N/A,N/A,10295.0,S700_3505,Hidden,93.16,5.0,N/A,N/A,N/A,N/A,None,unavailable,N/A,N/A,N/A,None,None,N/A,N/A,N/A,N/A,None,Hidden,N/A,N/A
orderdetails,0.0,N/A,N/A,N/A,N/A,N/A,N/A,N/A,N/A,unavailable,N/A,0.0,N/A,0.0,N/A,N/A,N/A,N/A,unavailable,1102.0,N/A,N/A,10296.0,S18_1662,Hidden,146.65,7.0,N/A,N/A,N/A,N/A,None,unavailable,N/A,N/A,N/A,None,None,N/A,N/A,N/A,N/A,None,Hidden,N/A,N/A
orderdetails,0.0,N/A,N/A,N/A,N/A,N/A,N/A,N/A,N/A,unavailable,N/A,0.0,N/A,0.0,N/A,N/A,N/A,N/A,unavailable,1102.0,N/A,N/A,10296.0,S18_3029,Hidden,69.68,13.0,N/A,N/A,N/A,N/A,None,unavailable,N/A,N/A,N/A,None,None,N/A,N/A,N/A,N/A,None,Hidden,N/A,N/A
orderdetails,0.0,N/A,N/A,N/A,N/A,N/A,N/A,N/A,N/A,unavailable,N/A,0.0,N/A,0.0,N/A,N/A,N/A,N/A,unavailable,1102.0,N/A,N/A,10296.0,S18_3856,Hidden,105.87,12.0,N/A,N/A,N/A,N/A,None,unavailable,N/A,N/A,N/A,None,None,N/A,N/A,N/A,N/A,None,Hidden,N/A,N/A
orderdetails,0.0,N/A,N/A,N/A,N/A,N/A,N/A,N/A,N/A,unavailable,N/A,0.0,N/A,0.0,N/A,N/A,N/A,N/A,unavailable,1102.0,N/A,N/A,10296.0,S24_2841,Hidden,60.97,8.0,N/A,N/A,N/A,N/A,None,unavailable,N/A,N/A,N/A,None,None,N/A,N/A,N/A,N/A,None,Hidden,N/A,N/A
orderdetails,0.0,N/A,N/A,N/A,N/A,N/A,N/A,N/A,N/A,unavailable,N/A,0.0,N/A,0.0,N/A,N/A,N/A,N/A,unavailable,1102.0,N/A,N/A,10296.0,S24_3420,Hidden,63.78,9.0,N/A,N/A,N/A,N/A,None,unavailable,N/A,N/A,N/A,None,None,N/A,N/A,N/A,N/A,None,Hidden,N/A,N/A
orderdetails,0.0,N/A,N/A,N/A,N/A,N/A,N/A,N/A,N/A,unavailable,N/A,0.0,N/A,0.0,N/A,N/A,N/A,N/A,unavailable,1102.0,N/A,N/A,10296.0,S24_3816,Hidden,83.02,14.0,N/A,N/A,N/A,N/A,None,unavailable,N/A,N/A,N/A,None,None,N/A,N/A,N/A,N/A,None,Hidden,N/A,N/A
orderdetails,0.0,N/A,N/A,N/A,N/A,N/A,N/A,N/A,N/A,unavailable,N/A,0.0,N/A,0.0,N/A,N/A,N/A,N/A,unavailable,1102.0,N/A,N/A,10296.0,S24_3949,Hidden,63.46,6.0,N/A,N/A,N/A,N/A,None,unavailable,N/A,N/A,N/A,None,None,N/A,N/A,N/A,N/A,None,Hidden,N/A,N/A
orderdetails,0.0,N/A,N/A,N/A,N/A,N/A,N/A,N/A,N/A,unavailable,N/A,0.0,N/A,0.0,N/A,N/A,N/A,N/A,unavailable,1102.0,N/A,N/A,10296.0,S50_1341,Hidden,41.02,1.0,N/A,N/A,N/A,N/A,None,unavailable,N/A,N/A,N/A,None,None,N/A,N/A,N/A,N/A,None,Hidden,N/A,N/A
orderdetails,0.0,N/A,N/A,N/A,N/A,N/A,N/A,N/A,N/A,unavailable,N/A,0.0,N/A,0.0,N/A,N/A,N/A,N/A,unavailable,1102.0,N/A,N/A,10296.0,S700_1691,Hidden,75.81,2.0,N/A,N/A,N/A,N/A,None,unavailable,N/A,N/A,N/A,None,None,N/A,N/A,N/A,N/A,None,Hidden,N/A,N/A
orderdetails,0.0,N/A,N/A,N/A,N/A,N/A,N/A,N/A,N/A,unavailable,N/A,0.0,N/A,0.0,N/A,N/A,N/A,N/A,unavailable,1102.0,N/A,N/A,10296.0,S700_2047,Hidden,89.61,11.0,N/A,N/A,N/A,N/A,None,unavailable,N/A,N/A,N/A,None,None,N/A,N/A,N/A,N/A,None,Hidden,N/A,N/A
orderdetails,0.0,N/A,N/A,N/A,N/A,N/A,N/A,N/A,N/A,unavailable,N/A,0.0,N/A,0.0,N/A,N/A,N/A,N/A,unavailable,1102.0,N/A,N/A,10296.0,S700_2466,Hidden,96.73,4.0,N/A,N/A,N/A,N/A,None,unavailable,N/A,N/A,N/A,None,None,N/A,N/A,N/A,N/A,None,Hidden,N/A,N/A
orderdetails,0.0,N/A,N/A,N/A,N/A,N/A,N/A,N/A,N/A,unavailable,N/A,0.0,N/A,0.0,N/A,N/A,N/A,N/A,unavailable,1102.0,N/A,N/A,10296.0,S700_3167,Hidden,74.40,3.0,N/A,N/A,N/A,N/A,None,unavailable,N/A,N/A,N/A,None,None,N/A,N/A,N/A,N/A,None,Hidden,N/A,N/A
orderdetails,0.0,N/A,N/A,N/A,N/A,N/A,N/A,N/A,N/A,unavailable,N/A,0.0,N/A,0.0,N/A,N/A,N/A,N/A,unavailable,1102.0,N/A,N/A,10296.0,S700_4002,Hidden,61.44,5.0,N/A,N/A,N/A,N/A,None,unavailable,N/A,N/A,N/A,None,None,N/A,N/A,N/A,N/A,None,Hidden,N/A,N/A
orderdetails,0.0,N/A,N/A,N/A,N/A,N/A,N/A,N/A,N/A,unavailable,N/A,0.0,N/A,0.0,N/A,N/A,N/A,N/A,unavailable,1102.0,N/A,N/A,10296.0,S72_1253,Hidden,46.68,10.0,N/A,N/A,N/A,N/A,None,unavailable,N/A,N/A,N/A,None,None,N/A,N/A,N/A,N/A,None,Hidden,N/A,N/A
orderdetails,0.0,N/A,N/A,N/A,N/A,N/A,N/A,N/A,N/A,unavailable,N/A,0.0,N/A,0.0,N/A,N/A,N/A,N/A,unavailable,1102.0,N/A,N/A,10297.0,S18_2581,Hidden,81.95,4.0,N/A,N/A,N/A,N/A,None,unavailable,N/A,N/A,N/A,None,None,N/A,N/A,N/A,N/A,None,Hidden,N/A,N/A
orderdetails,0.0,N/A,N/A,N/A,N/A,N/A,N/A,N/A,N/A,unavailable,N/A,0.0,N/A,0.0,N/A,N/A,N/A,N/A,unavailable,1102.0,N/A,N/A,10297.0,S24_1785,Hidden,107.23,6.0,N/A,N/A,N/A,N/A,None,unavailable,N/A,N/A,N/A,None,None,N/A,N/A,N/A,N/A,None,Hidden,N/A,N/A
orderdetails,0.0,N/A,N/A,N/A,N/A,N/A,N/A,N/A,N/A,unavailable,N/A,0.0,N/A,0.0,N/A,N/A,N/A,N/A,unavailable,1102.0,N/A,N/A,10297.0,S24_2000,Hidden,70.08,1.0,N/A,N/A,N/A,N/A,None,unavailable,N/A,N/A,N/A,None,None,N/A,N/A,N/A,N/A,None,Hidden,N/A,N/A
orderdetails,0.0,N/A,N/A,N/A,N/A,N/A,N/A,N/A,N/A,unavailable,N/A,0.0,N/A,0.0,N/A,N/A,N/A,N/A,unavailable,1102.0,N/A,N/A,10297.0,S24_4278,Hidden,71.73,5.0,N/A,N/A,N/A,N/A,None,unavailable,N/A,N/A,N/A,None,None,N/A,N/A,N/A,N/A,None,Hidden,N/A,N/A
orderdetails,0.0,N/A,N/A,N/A,N/A,N/A,N/A,N/A,N/A,unavailable,N/A,0.0,N/A,0.0,N/A,N/A,N/A,N/A,unavailable,1102.0,N/A,N/A,10297.0,S32_1374,Hidden,88.90,2.0,N/A,N/A,N/A,N/A,None,unavailable,N/A,N/A,N/A,None,None,N/A,N/A,N/A,N/A,None,Hidden,N/A,N/A
orderdetails,0.0,N/A,N/A,N/A,N/A,N/A,N/A,N/A,N/A,unavailable,N/A,0.0,N/A,0.0,N/A,N/A,N/A,N/A,unavailable,1102.0,N/A,N/A,10297.0,S32_4289,Hidden,63.29,7.0,N/A,N/A,N/A,N/A,None,unavailable,N/A,N/A,N/A,None,None,N/A,N/A,N/A,N/A,None,Hidden,N/A,N/A
orderdetails,0.0,N/A,N/A,N/A,N/A,N/A,N/A,N/A,N/A,unavailable,N/A,0.0,N/A,0.0,N/A,N/A,N/A,N/A,unavailable,1102.0,N/A,N/A,10297.0,S700_2834,Hidden,111.53,3.0,N/A,N/A,N/A,N/A,None,unavailable,N/A,N/A,N/A,None,None,N/A,N/A,N/A,N/A,None,Hidden,N/A,N/A
orderdetails,0.0,N/A,N/A,N/A,N/A,N/A,N/A,N/A,N/A,unavailable,N/A,0.0,N/A,0.0,N/A,N/A,N/A,N/A,unavailable,1102.0,N/A,N/A,10298.0,S10_2016,Hidden,105.86,1.0,N/A,N/A,N/A,N/A,None,unavailable,N/A,N/A,N/A,None,None,N/A,N/A,N/A,N/A,None,Hidden,N/A,N/A
orderdetails,0.0,N/A,N/A,N/A,N/A,N/A,N/A,N/A,N/A,unavailable,N/A,0.0,N/A,0.0,N/A,N/A,N/A,N/A,unavailable,1102.0,N/A,N/A,10298.0,S18_2625,Hidden,60.57,2.0,N/A,N/A,N/A,N/A,None,unavailable,N/A,N/A,N/A,None,None,N/A,N/A,N/A,N/A,None,Hidden,N/A,N/A
orderdetails,0.0,N/A,N/A,N/A,N/A,N/A,N/A,N/A,N/A,unavailable,N/A,0.0,N/A,0.0,N/A,N/A,N/A,N/A,unavailable,1102.0,N/A,N/A,10299.0,S10_1678,Hidden,76.56,9.0,N/A,N/A,N/A,N/A,None,unavailable,N/A,N/A,N/A,None,None,N/A,N/A,N/A,N/A,None,Hidden,N/A,N/A
orderdetails,0.0,N/A,N/A,N/A,N/A,N/A,N/A,N/A,N/A,unavailable,N/A,0.0,N/A,0.0,N/A,N/A,N/A,N/A,unavailable,1102.0,N/A,N/A,10299.0,S10_4698,Hidden,164.61,11.0,N/A,N/A,N/A,N/A,None,unavailable,N/A,N/A,N/A,None,None,N/A,N/A,N/A,N/A,None,Hidden,N/A,N/A
orderdetails,0.0,N/A,N/A,N/A,N/A,N/A,N/A,N/A,N/A,unavailable,N/A,0.0,N/A,0.0,N/A,N/A,N/A,N/A,unavailable,1102.0,N/A,N/A,10299.0,S12_2823,Hidden,123.51,8.0,N/A,N/A,N/A,N/A,None,unavailable,N/A,N/A,N/A,None,None,N/A,N/A,N/A,N/A,None,Hidden,N/A,N/A
orderdetails,0.0,N/A,N/A,N/A,N/A,N/A,N/A,N/A,N/A,unavailable,N/A,0.0,N/A,0.0,N/A,N/A,N/A,N/A,unavailable,1102.0,N/A,N/A,10299.0,S18_3782,Hidden,62.17,3.0,N/A,N/A,N/A,N/A,None,unavailable,N/A,N/A,N/A,None,None,N/A,N/A,N/A,N/A,None,Hidden,N/A,N/A
orderdetails,0.0,N/A,N/A,N/A,N/A,N/A,N/A,N/A,N/A,unavailable,N/A,0.0,N/A,0.0,N/A,N/A,N/A,N/A,unavailable,1102.0,N/A,N/A,10299.0,S18_4721,Hidden,119.04,2.0,N/A,N/A,N/A,N/A,None,unavailable,N/A,N/A,N/A,None,None,N/A,N/A,N/A,N/A,None,Hidden,N/A,N/A
orderdetails,0.0,N/A,N/A,N/A,N/A,N/A,N/A,N/A,N/A,unavailable,N/A,0.0,N/A,0.0,N/A,N/A,N/A,N/A,unavailable,1102.0,N/A,N/A,10299.0,S24_1578,Hidden,107.07,10.0,N/A,N/A,N/A,N/A,None,unavailable,N/A,N/A,N/A,None,None,N/A,N/A,N/A,N/A,None,Hidden,N/A,N/A
orderdetails,0.0,N/A,N/A,N/A,N/A,N/A,N/A,N/A,N/A,unavailable,N/A,0.0,N/A,0.0,N/A,N/A,N/A,N/A,unavailable,1102.0,N/A,N/A,10299.0,S24_2360,Hidden,58.87,6.0,N/A,N/A,N/A,N/A,None,unavailable,N/A,N/A,N/A,None,None,N/A,N/A,N/A,N/A,None,Hidden,N/A,N/A
orderdetails,0.0,N/A,N/A,N/A,N/A,N/A,N/A,N/A,N/A,unavailable,N/A,0.0,N/A,0.0,N/A,N/A,N/A,N/A,unavailable,1102.0,N/A,N/A,10299.0,S24_4620,Hidden,66.29,1.0,N/A,N/A,N/A,N/A,None,unavailable,N/A,N/A,N/A,None,None,N/A,N/A,N/A,N/A,None,Hidden,N/A,N/A
orderdetails,0.0,N/A,N/A,N/A,N/A,N/A,N/A,N/A,N/A,unavailable,N/A,0.0,N/A,0.0,N/A,N/A,N/A,N/A,unavailable,1102.0,N/A,N/A,10299.0,S32_2206,Hidden,36.21,4.0,N/A,N/A,N/A,N/A,None,unavailable,N/A,N/A,N/A,None,None,N/A,N/A,N/A,N/A,None,Hidden,N/A,N/A
orderdetails,0.0,N/A,N/A,N/A,N/A,N/A,N/A,N/A,N/A,unavailable,N/A,0.0,N/A,0.0,N/A,N/A,N/A,N/A,unavailable,1102.0,N/A,N/A,10299.0,S32_4485,Hidden,84.70,7.0,N/A,N/A,N/A,N/A,None,unavailable,N/A,N/A,N/A,None,None,N/A,N/A,N/A,N/A,None,Hidden,N/A,N/A
orderdetails,0.0,N/A,N/A,N/A,N/A,N/A,N/A,N/A,N/A,unavailable,N/A,0.0,N/A,0.0,N/A,N/A,N/A,N/A,unavailable,1102.0,N/A,N/A,10299.0,S50_4713,Hidden,77.29,5.0,N/A,N/A,N/A,N/A,None,unavailable,N/A,N/A,N/A,None,None,N/A,N/A,N/A,N/A,None,Hidden,N/A,N/A
orderdetails,0.0,N/A,N/A,N/A,N/A,N/A,N/A,N/A,N/A,unavailable,N/A,0.0,N/A,0.0,N/A,N/A,N/A,N/A,unavailable,1102.0,N/A,N/A,10300.0,S12_1099,Hidden,184.84,5.0,N/A,N/A,N/A,N/A,None,unavailable,N/A,N/A,N/A,None,None,N/A,N/A,N/A,N/A,None,Hidden,N/A,N/A
orderdetails,0.0,N/A,N/A,N/A,N/A,N/A,N/A,N/A,N/A,unavailable,N/A,0.0,N/A,0.0,N/A,N/A,N/A,N/A,unavailable,1102.0,N/A,N/A,10300.0,S12_3380,Hidden,116.27,3.0,N/A,N/A,N/A,N/A,None,unavailable,N/A,N/A,N/A,None,None,N/A,N/A,N/A,N/A,None,Hidden,N/A,N/A
orderdetails,0.0,N/A,N/A,N/A,N/A,N/A,N/A,N/A,N/A,unavailable,N/A,0.0,N/A,0.0,N/A,N/A,N/A,N/A,unavailable,1102.0,N/A,N/A,10300.0,S12_3990,Hidden,76.61,6.0,N/A,N/A,N/A,N/A,None,unavailable,N/A,N/A,N/A,None,None,N/A,N/A,N/A,N/A,None,Hidden,N/A,N/A
orderdetails,0.0,N/A,N/A,N/A,N/A,N/A,N/A,N/A,N/A,unavailable,N/A,0.0,N/A,0.0,N/A,N/A,N/A,N/A,unavailable,1102.0,N/A,N/A,10300.0,S12_4675,Hidden,95.58,2.0,N/A,N/A,N/A,N/A,None,unavailable,N/A,N/A,N/A,None,None,N/A,N/A,N/A,N/A,None,Hidden,N/A,N/A
orderdetails,0.0,N/A,N/A,N/A,N/A,N/A,N/A,N/A,N/A,unavailable,N/A,0.0,N/A,0.0,N/A,N/A,N/A,N/A,unavailable,1102.0,N/A,N/A,10300.0,S18_1889,Hidden,63.14,1.0,N/A,N/A,N/A,N/A,None,unavailable,N/A,N/A,N/A,None,None,N/A,N/A,N/A,N/A,None,Hidden,N/A,N/A
orderdetails,0.0,N/A,N/A,N/A,N/A,N/A,N/A,N/A,N/A,unavailable,N/A,0.0,N/A,0.0,N/A,N/A,N/A,N/A,unavailable,1102.0,N/A,N/A,10300.0,S18_3278,Hidden,65.94,8.0,N/A,N/A,N/A,N/A,None,unavailable,N/A,N/A,N/A,None,None,N/A,N/A,N/A,N/A,None,Hidden,N/A,N/A
orderdetails,0.0,N/A,N/A,N/A,N/A,N/A,N/A,N/A,N/A,unavailable,N/A,0.0,N/A,0.0,N/A,N/A,N/A,N/A,unavailable,1102.0,N/A,N/A,10300.0,S18_3482,Hidden,144.05,7.0,N/A,N/A,N/A,N/A,None,unavailable,N/A,N/A,N/A,None,None,N/A,N/A,N/A,N/A,None,Hidden,N/A,N/A
orderdetails,0.0,N/A,N/A,N/A,N/A,N/A,N/A,N/A,N/A,unavailable,N/A,0.0,N/A,0.0,N/A,N/A,N/A,N/A,unavailable,1102.0,N/A,N/A,10300.0,S24_3371,Hidden,52.05,4.0,N/A,N/A,N/A,N/A,None,unavailable,N/A,N/A,N/A,None,None,N/A,N/A,N/A,N/A,None,Hidden,N/A,N/A
orderdetails,0.0,N/A,N/A,N/A,N/A,N/A,N/A,N/A,N/A,unavailable,N/A,0.0,N/A,0.0,N/A,N/A,N/A,N/A,unavailable,1102.0,N/A,N/A,10301.0,S18_1129,Hidden,114.65,8.0,N/A,N/A,N/A,N/A,None,unavailable,N/A,N/A,N/A,None,None,N/A,N/A,N/A,N/A,None,Hidden,N/A,N/A
orderdetails,0.0,N/A,N/A,N/A,N/A,N/A,N/A,N/A,N/A,unavailable,N/A,0.0,N/A,0.0,N/A,N/A,N/A,N/A,unavailable,1102.0,N/A,N/A,10301.0,S18_1589,Hidden,118.22,4.0,N/A,N/A,N/A,N/A,None,unavailable,N/A,N/A,N/A,None,None,N/A,N/A,N/A,N/A,None,Hidden,N/A,N/A
orderdetails,0.0,N/A,N/A,N/A,N/A,N/A,N/A,N/A,N/A,unavailable,N/A,0.0,N/A,0.0,N/A,N/A,N/A,N/A,unavailable,1102.0,N/A,N/A,10301.0,S18_1984,Hidden,119.49,7.0,N/A,N/A,N/A,N/A,None,unavailable,N/A,N/A,N/A,None,None,N/A,N/A,N/A,N/A,None,Hidden,N/A,N/A
orderdetails,0.0,N/A,N/A,N/A,N/A,N/A,N/A,N/A,N/A,unavailable,N/A,0.0,N/A,0.0,N/A,N/A,N/A,N/A,unavailable,1102.0,N/A,N/A,10301.0,S18_2870,Hidden,113.52,5.0,N/A,N/A,N/A,N/A,None,unavailable,N/A,N/A,N/A,None,None,N/A,N/A,N/A,N/A,None,Hidden,N/A,N/A
orderdetails,0.0,N/A,N/A,N/A,N/A,N/A,N/A,N/A,N/A,unavailable,N/A,0.0,N/A,0.0,N/A,N/A,N/A,N/A,unavailable,1102.0,N/A,N/A,10301.0,S18_3232,Hidden,135.47,9.0,N/A,N/A,N/A,N/A,None,unavailable,N/A,N/A,N/A,None,None,N/A,N/A,N/A,N/A,None,Hidden,N/A,N/A
orderdetails,0.0,N/A,N/A,N/A,N/A,N/A,N/A,N/A,N/A,unavailable,N/A,0.0,N/A,0.0,N/A,N/A,N/A,N/A,unavailable,1102.0,N/A,N/A,10301.0,S18_3685,Hidden,137.04,6.0,N/A,N/A,N/A,N/A,None,unavailable,N/A,N/A,N/A,None,None,N/A,N/A,N/A,N/A,None,Hidden,N/A,N/A
orderdetails,0.0,N/A,N/A,N/A,N/A,N/A,N/A,N/A,N/A,unavailable,N/A,0.0,N/A,0.0,N/A,N/A,N/A,N/A,unavailable,1102.0,N/A,N/A,10301.0,S24_1046,Hidden,64.67,1.0,N/A,N/A,N/A,N/A,None,unavailable,N/A,N/A,N/A,None,None,N/A,N/A,N/A,N/A,None,Hidden,N/A,N/A
orderdetails,0.0,N/A,N/A,N/A,N/A,N/A,N/A,N/A,N/A,unavailable,N/A,0.0,N/A,0.0,N/A,N/A,N/A,N/A,unavailable,1102.0,N/A,N/A,10301.0,S24_1628,Hidden,40.75,3.0,N/A,N/A,N/A,N/A,None,unavailable,N/A,N/A,N/A,None,None,N/A,N/A,N/A,N/A,None,Hidden,N/A,N/A
orderdetails,0.0,N/A,N/A,N/A,N/A,N/A,N/A,N/A,N/A,unavailable,N/A,0.0,N/A,0.0,N/A,N/A,N/A,N/A,unavailable,1102.0,N/A,N/A,10301.0,S24_2972,Hidden,32.10,10.0,N/A,N/A,N/A,N/A,None,unavailable,N/A,N/A,N/A,None,None,N/A,N/A,N/A,N/A,None,Hidden,N/A,N/A
orderdetails,0.0,N/A,N/A,N/A,N/A,N/A,N/A,N/A,N/A,unavailable,N/A,0.0,N/A,0.0,N/A,N/A,N/A,N/A,unavailable,1102.0,N/A,N/A,10301.0,S24_3432,Hidden,86.73,2.0,N/A,N/A,N/A,N/A,None,unavailable,N/A,N/A,N/A,None,None,N/A,N/A,N/A,N/A,None,Hidden,N/A,N/A
orderdetails,0.0,N/A,N/A,N/A,N/A,N/A,N/A,N/A,N/A,unavailable,N/A,0.0,N/A,0.0,N/A,N/A,N/A,N/A,unavailable,1102.0,N/A,N/A,10301.0,S24_3856,Hidden,122.17,11.0,N/A,N/A,N/A,N/A,None,unavailable,N/A,N/A,N/A,None,None,N/A,N/A,N/A,N/A,None,Hidden,N/A,N/A
orderdetails,0.0,N/A,N/A,N/A,N/A,N/A,N/A,N/A,N/A,unavailable,N/A,0.0,N/A,0.0,N/A,N/A,N/A,N/A,unavailable,1102.0,N/A,N/A,10302.0,S18_1749,Hidden,166.60,1.0,N/A,N/A,N/A,N/A,None,unavailable,N/A,N/A,N/A,None,None,N/A,N/A,N/A,N/A,None,Hidden,N/A,N/A
orderdetails,0.0,N/A,N/A,N/A,N/A,N/A,N/A,N/A,N/A,unavailable,N/A,0.0,N/A,0.0,N/A,N/A,N/A,N/A,unavailable,1102.0,N/A,N/A,10302.0,S18_4409,Hidden,82.83,2.0,N/A,N/A,N/A,N/A,None,unavailable,N/A,N/A,N/A,None,None,N/A,N/A,N/A,N/A,None,Hidden,N/A,N/A
orderdetails,0.0,N/A,N/A,N/A,N/A,N/A,N/A,N/A,N/A,unavailable,N/A,0.0,N/A,0.0,N/A,N/A,N/A,N/A,unavailable,1102.0,N/A,N/A,10302.0,S18_4933,Hidden,70.56,3.0,N/A,N/A,N/A,N/A,None,unavailable,N/A,N/A,N/A,None,None,N/A,N/A,N/A,N/A,None,Hidden,N/A,N/A
orderdetails,0.0,N/A,N/A,N/A,N/A,N/A,N/A,N/A,N/A,unavailable,N/A,0.0,N/A,0.0,N/A,N/A,N/A,N/A,unavailable,1102.0,N/A,N/A,10302.0,S24_2766,Hidden,75.42,5.0,N/A,N/A,N/A,N/A,None,unavailable,N/A,N/A,N/A,None,None,N/A,N/A,N/A,N/A,None,Hidden,N/A,N/A
orderdetails,0.0,N/A,N/A,N/A,N/A,N/A,N/A,N/A,N/A,unavailable,N/A,0.0,N/A,0.0,N/A,N/A,N/A,N/A,unavailable,1102.0,N/A,N/A,10302.0,S24_2887,Hidden,104.52,4.0,N/A,N/A,N/A,N/A,None,unavailable,N/A,N/A,N/A,None,None,N/A,N/A,N/A,N/A,None,Hidden,N/A,N/A
orderdetails,0.0,N/A,N/A,N/A,N/A,N/A,N/A,N/A,N/A,unavailable,N/A,0.0,N/A,0.0,N/A,N/A,N/A,N/A,unavailable,1102.0,N/A,N/A,10302.0,S24_3191,Hidden,74.48,6.0,N/A,N/A,N/A,N/A,None,unavailable,N/A,N/A,N/A,None,None,N/A,N/A,N/A,N/A,None,Hidden,N/A,N/A
orderdetails,0.0,N/A,N/A,N/A,N/A,N/A,N/A,N/A,N/A,unavailable,N/A,0.0,N/A,0.0,N/A,N/A,N/A,N/A,unavailable,1102.0,N/A,N/A,10303.0,S18_2248,Hidden,56.91,2.0,N/A,N/A,N/A,N/A,None,unavailable,N/A,N/A,N/A,None,None,N/A,N/A,N/A,N/A,None,Hidden,N/A,N/A
orderdetails,0.0,N/A,N/A,N/A,N/A,N/A,N/A,N/A,N/A,unavailable,N/A,0.0,N/A,0.0,N/A,N/A,N/A,N/A,unavailable,1102.0,N/A,N/A,10303.0,S24_3969,Hidden,35.70,1.0,N/A,N/A,N/A,N/A,None,unavailable,N/A,N/A,N/A,None,None,N/A,N/A,N/A,N/A,None,Hidden,N/A,N/A
orderdetails,0.0,N/A,N/A,N/A,N/A,N/A,N/A,N/A,N/A,unavailable,N/A,0.0,N/A,0.0,N/A,N/A,N/A,N/A,unavailable,1102.0,N/A,N/A,10304.0,S10_1949,Hidden,201.44,6.0,N/A,N/A,N/A,N/A,None,unavailable,N/A,N/A,N/A,None,None,N/A,N/A,N/A,N/A,None,Hidden,N/A,N/A
orderdetails,0.0,N/A,N/A,N/A,N/A,N/A,N/A,N/A,N/A,unavailable,N/A,0.0,N/A,0.0,N/A,N/A,N/A,N/A,unavailable,1102.0,N/A,N/A,10304.0,S12_1666,Hidden,117.54,3.0,N/A,N/A,N/A,N/A,None,unavailable,N/A,N/A,N/A,None,None,N/A,N/A,N/A,N/A,None,Hidden,N/A,N/A
orderdetails,0.0,N/A,N/A,N/A,N/A,N/A,N/A,N/A,N/A,unavailable,N/A,0.0,N/A,0.0,N/A,N/A,N/A,N/A,unavailable,1102.0,N/A,N/A,10304.0,S18_1097,Hidden,106.17,5.0,N/A,N/A,N/A,N/A,None,unavailable,N/A,N/A,N/A,None,None,N/A,N/A,N/A,N/A,None,Hidden,N/A,N/A
orderdetails,0.0,N/A,N/A,N/A,N/A,N/A,N/A,N/A,N/A,unavailable,N/A,0.0,N/A,0.0,N/A,N/A,N/A,N/A,unavailable,1102.0,N/A,N/A,10304.0,S18_1342,Hidden,95.55,13.0,N/A,N/A,N/A,N/A,None,unavailable,N/A,N/A,N/A,None,None,N/A,N/A,N/A,N/A,None,Hidden,N/A,N/A
orderdetails,0.0,N/A,N/A,N/A,N/A,N/A,N/A,N/A,N/A,unavailable,N/A,0.0,N/A,0.0,N/A,N/A,N/A,N/A,unavailable,1102.0,N/A,N/A,10304.0,S18_1367,Hidden,46.90,12.0,N/A,N/A,N/A,N/A,None,unavailable,N/A,N/A,N/A,None,None,N/A,N/A,N/A,N/A,None,Hidden,N/A,N/A
orderdetails,0.0,N/A,N/A,N/A,N/A,N/A,N/A,N/A,N/A,unavailable,N/A,0.0,N/A,0.0,N/A,N/A,N/A,N/A,unavailable,1102.0,N/A,N/A,10304.0,S18_2325,Hidden,102.98,17.0,N/A,N/A,N/A,N/A,None,unavailable,N/A,N/A,N/A,None,None,N/A,N/A,N/A,N/A,None,Hidden,N/A,N/A
orderdetails,0.0,N/A,N/A,N/A,N/A,N/A,N/A,N/A,N/A,unavailable,N/A,0.0,N/A,0.0,N/A,N/A,N/A,N/A,unavailable,1102.0,N/A,N/A,10304.0,S18_2795,Hidden,141.75,14.0,N/A,N/A,N/A,N/A,None,unavailable,N/A,N/A,N/A,None,None,N/A,N/A,N/A,N/A,None,Hidden,N/A,N/A
orderdetails,0.0,N/A,N/A,N/A,N/A,N/A,N/A,N/A,N/A,unavailable,N/A,0.0,N/A,0.0,N/A,N/A,N/A,N/A,unavailable,1102.0,N/A,N/A,10304.0,S18_2949,Hidden,98.27,7.0,N/A,N/A,N/A,N/A,None,unavailable,N/A,N/A,N/A,None,None,N/A,N/A,N/A,N/A,None,Hidden,N/A,N/A
orderdetails,0.0,N/A,N/A,N/A,N/A,N/A,N/A,N/A,N/A,unavailable,N/A,0.0,N/A,0.0,N/A,N/A,N/A,N/A,unavailable,1102.0,N/A,N/A,10304.0,S18_2957,Hidden,54.34,9.0,N/A,N/A,N/A,N/A,None,unavailable,N/A,N/A,N/A,None,None,N/A,N/A,N/A,N/A,None,Hidden,N/A,N/A
orderdetails,0.0,N/A,N/A,N/A,N/A,N/A,N/A,N/A,N/A,unavailable,N/A,0.0,N/A,0.0,N/A,N/A,N/A,N/A,unavailable,1102.0,N/A,N/A,10304.0,S18_3136,Hidden,90.06,8.0,N/A,N/A,N/A,N/A,None,unavailable,N/A,N/A,N/A,None,None,N/A,N/A,N/A,N/A,None,Hidden,N/A,N/A
orderdetails,0.0,N/A,N/A,N/A,N/A,N/A,N/A,N/A,N/A,unavailable,N/A,0.0,N/A,0.0,N/A,N/A,N/A,N/A,unavailable,1102.0,N/A,N/A,10304.0,S18_3320,Hidden,95.24,11.0,N/A,N/A,N/A,N/A,None,unavailable,N/A,N/A,N/A,None,None,N/A,N/A,N/A,N/A,None,Hidden,N/A,N/A
orderdetails,0.0,N/A,N/A,N/A,N/A,N/A,N/A,N/A,N/A,unavailable,N/A,0.0,N/A,0.0,N/A,N/A,N/A,N/A,unavailable,1102.0,N/A,N/A,10304.0,S18_4668,Hidden,44.27,4.0,N/A,N/A,N/A,N/A,None,unavailable,N/A,N/A,N/A,None,None,N/A,N/A,N/A,N/A,None,Hidden,N/A,N/A
orderdetails,0.0,N/A,N/A,N/A,N/A,N/A,N/A,N/A,N/A,unavailable,N/A,0.0,N/A,0.0,N/A,N/A,N/A,N/A,unavailable,1102.0,N/A,N/A,10304.0,S24_1937,Hidden,29.21,16.0,N/A,N/A,N/A,N/A,None,unavailable,N/A,N/A,N/A,None,None,N/A,N/A,N/A,N/A,None,Hidden,N/A,N/A
orderdetails,0.0,N/A,N/A,N/A,N/A,N/A,N/A,N/A,N/A,unavailable,N/A,0.0,N/A,0.0,N/A,N/A,N/A,N/A,unavailable,1102.0,N/A,N/A,10304.0,S24_2022,Hidden,42.11,15.0,N/A,N/A,N/A,N/A,None,unavailable,N/A,N/A,N/A,None,None,N/A,N/A,N/A,N/A,None,Hidden,N/A,N/A
orderdetails,0.0,N/A,N/A,N/A,N/A,N/A,N/A,N/A,N/A,unavailable,N/A,0.0,N/A,0.0,N/A,N/A,N/A,N/A,unavailable,1102.0,N/A,N/A,10304.0,S24_4258,Hidden,80.83,10.0,N/A,N/A,N/A,N/A,None,unavailable,N/A,N/A,N/A,None,None,N/A,N/A,N/A,N/A,None,Hidden,N/A,N/A
orderdetails,0.0,N/A,N/A,N/A,N/A,N/A,N/A,N/A,N/A,unavailable,N/A,0.0,N/A,0.0,N/A,N/A,N/A,N/A,unavailable,1102.0,N/A,N/A,10304.0,S32_3522,Hidden,52.36,2.0,N/A,N/A,N/A,N/A,None,unavailable,N/A,N/A,N/A,None,None,N/A,N/A,N/A,N/A,None,Hidden,N/A,N/A
orderdetails,0.0,N/A,N/A,N/A,N/A,N/A,N/A,N/A,N/A,unavailable,N/A,0.0,N/A,0.0,N/A,N/A,N/A,N/A,unavailable,1102.0,N/A,N/A,10304.0,S700_2824,Hidden,80.92,1.0,N/A,N/A,N/A,N/A,None,unavailable,N/A,N/A,N/A,None,None,N/A,N/A,N/A,N/A,None,Hidden,N/A,N/A
orderdetails,0.0,N/A,N/A,N/A,N/A,N/A,N/A,N/A,N/A,unavailable,N/A,0.0,N/A,0.0,N/A,N/A,N/A,N/A,unavailable,1102.0,N/A,N/A,10305.0,S10_4962,Hidden,130.01,13.0,N/A,N/A,N/A,N/A,None,unavailable,N/A,N/A,N/A,None,None,N/A,N/A,N/A,N/A,None,Hidden,N/A,N/A
orderdetails,0.0,N/A,N/A,N/A,N/A,N/A,N/A,N/A,N/A,unavailable,N/A,0.0,N/A,0.0,N/A,N/A,N/A,N/A,unavailable,1102.0,N/A,N/A,10305.0,S12_4473,Hidden,107.84,5.0,N/A,N/A,N/A,N/A,None,unavailable,N/A,N/A,N/A,None,None,N/A,N/A,N/A,N/A,None,Hidden,N/A,N/A
orderdetails,0.0,N/A,N/A,N/A,N/A,N/A,N/A,N/A,N/A,unavailable,N/A,0.0,N/A,0.0,N/A,N/A,N/A,N/A,unavailable,1102.0,N/A,N/A,10305.0,S18_2238,Hidden,132.62,4.0,N/A,N/A,N/A,N/A,None,unavailable,N/A,N/A,N/A,None,None,N/A,N/A,N/A,N/A,None,Hidden,N/A,N/A
orderdetails,0.0,N/A,N/A,N/A,N/A,N/A,N/A,N/A,N/A,unavailable,N/A,0.0,N/A,0.0,N/A,N/A,N/A,N/A,unavailable,1102.0,N/A,N/A,10305.0,S18_2319,Hidden,117.82,8.0,N/A,N/A,N/A,N/A,None,unavailable,N/A,N/A,N/A,None,None,N/A,N/A,N/A,N/A,None,Hidden,N/A,N/A
orderdetails,0.0,N/A,N/A,N/A,N/A,N/A,N/A,N/A,N/A,unavailable,N/A,0.0,N/A,0.0,N/A,N/A,N/A,N/A,unavailable,1102.0,N/A,N/A,10305.0,S18_2432,Hidden,58.95,11.0,N/A,N/A,N/A,N/A,None,unavailable,N/A,N/A,N/A,None,None,N/A,N/A,N/A,N/A,None,Hidden,N/A,N/A
orderdetails,0.0,N/A,N/A,N/A,N/A,N/A,N/A,N/A,N/A,unavailable,N/A,0.0,N/A,0.0,N/A,N/A,N/A,N/A,unavailable,1102.0,N/A,N/A,10305.0,S18_3232,Hidden,160.87,9.0,N/A,N/A,N/A,N/A,None,unavailable,N/A,N/A,N/A,None,None,N/A,N/A,N/A,N/A,None,Hidden,N/A,N/A
orderdetails,0.0,N/A,N/A,N/A,N/A,N/A,N/A,N/A,N/A,unavailable,N/A,0.0,N/A,0.0,N/A,N/A,N/A,N/A,unavailable,1102.0,N/A,N/A,10305.0,S18_4600,Hidden,112.60,14.0,N/A,N/A,N/A,N/A,None,unavailable,N/A,N/A,N/A,None,None,N/A,N/A,N/A,N/A,None,Hidden,N/A,N/A
orderdetails,0.0,N/A,N/A,N/A,N/A,N/A,N/A,N/A,N/A,unavailable,N/A,0.0,N/A,0.0,N/A,N/A,N/A,N/A,unavailable,1102.0,N/A,N/A,10305.0,S24_1444,Hidden,48.55,2.0,N/A,N/A,N/A,N/A,None,unavailable,N/A,N/A,N/A,None,None,N/A,N/A,N/A,N/A,None,Hidden,N/A,N/A
orderdetails,0.0,N/A,N/A,N/A,N/A,N/A,N/A,N/A,N/A,unavailable,N/A,0.0,N/A,0.0,N/A,N/A,N/A,N/A,unavailable,1102.0,N/A,N/A,10305.0,S24_2300,Hidden,107.34,10.0,N/A,N/A,N/A,N/A,None,unavailable,N/A,N/A,N/A,None,None,N/A,N/A,N/A,N/A,None,Hidden,N/A,N/A
orderdetails,0.0,N/A,N/A,N/A,N/A,N/A,N/A,N/A,N/A,unavailable,N/A,0.0,N/A,0.0,N/A,N/A,N/A,N/A,unavailable,1102.0,N/A,N/A,10305.0,S24_2840,Hidden,30.76,6.0,N/A,N/A,N/A,N/A,None,unavailable,N/A,N/A,N/A,None,None,N/A,N/A,N/A,N/A,None,Hidden,N/A,N/A
orderdetails,0.0,N/A,N/A,N/A,N/A,N/A,N/A,N/A,N/A,unavailable,N/A,0.0,N/A,0.0,N/A,N/A,N/A,N/A,unavailable,1102.0,N/A,N/A,10305.0,S24_4048,Hidden,118.28,1.0,N/A,N/A,N/A,N/A,None,unavailable,N/A,N/A,N/A,None,None,N/A,N/A,N/A,N/A,None,Hidden,N/A,N/A
orderdetails,0.0,N/A,N/A,N/A,N/A,N/A,N/A,N/A,N/A,unavailable,N/A,0.0,N/A,0.0,N/A,N/A,N/A,N/A,unavailable,1102.0,N/A,N/A,10305.0,S32_1268,Hidden,94.38,12.0,N/A,N/A,N/A,N/A,None,unavailable,N/A,N/A,N/A,None,None,N/A,N/A,N/A,N/A,None,Hidden,N/A,N/A
orderdetails,0.0,N/A,N/A,N/A,N/A,N/A,N/A,N/A,N/A,unavailable,N/A,0.0,N/A,0.0,N/A,N/A,N/A,N/A,unavailable,1102.0,N/A,N/A,10305.0,S32_2509,Hidden,48.70,7.0,N/A,N/A,N/A,N/A,None,unavailable,N/A,N/A,N/A,None,None,N/A,N/A,N/A,N/A,None,Hidden,N/A,N/A
orderdetails,0.0,N/A,N/A,N/A,N/A,N/A,N/A,N/A,N/A,unavailable,N/A,0.0,N/A,0.0,N/A,N/A,N/A,N/A,unavailable,1102.0,N/A,N/A,10305.0,S50_1392,Hidden,109.96,3.0,N/A,N/A,N/A,N/A,None,unavailable,N/A,N/A,N/A,None,None,N/A,N/A,N/A,N/A,None,Hidden,N/A,N/A
orderdetails,0.0,N/A,N/A,N/A,N/A,N/A,N/A,N/A,N/A,unavailable,N/A,0.0,N/A,0.0,N/A,N/A,N/A,N/A,unavailable,1102.0,N/A,N/A,10306.0,S12_1108,Hidden,182.86,13.0,N/A,N/A,N/A,N/A,None,unavailable,N/A,N/A,N/A,None,None,N/A,N/A,N/A,N/A,None,Hidden,N/A,N/A
orderdetails,0.0,N/A,N/A,N/A,N/A,N/A,N/A,N/A,N/A,unavailable,N/A,0.0,N/A,0.0,N/A,N/A,N/A,N/A,unavailable,1102.0,N/A,N/A,10306.0,S12_3148,Hidden,145.04,14.0,N/A,N/A,N/A,N/A,None,unavailable,N/A,N/A,N/A,None,None,N/A,N/A,N/A,N/A,None,Hidden,N/A,N/A
orderdetails,0.0,N/A,N/A,N/A,N/A,N/A,N/A,N/A,N/A,unavailable,N/A,0.0,N/A,0.0,N/A,N/A,N/A,N/A,unavailable,1102.0,N/A,N/A,10306.0,S12_3891,Hidden,145.34,12.0,N/A,N/A,N/A,N/A,None,unavailable,N/A,N/A,N/A,None,None,N/A,N/A,N/A,N/A,None,Hidden,N/A,N/A
orderdetails,0.0,N/A,N/A,N/A,N/A,N/A,N/A,N/A,N/A,unavailable,N/A,0.0,N/A,0.0,N/A,N/A,N/A,N/A,unavailable,1102.0,N/A,N/A,10306.0,S18_3140,Hidden,114.74,9.0,N/A,N/A,N/A,N/A,None,unavailable,N/A,N/A,N/A,None,None,N/A,N/A,N/A,N/A,None,Hidden,N/A,N/A
orderdetails,0.0,N/A,N/A,N/A,N/A,N/A,N/A,N/A,N/A,unavailable,N/A,0.0,N/A,0.0,N/A,N/A,N/A,N/A,unavailable,1102.0,N/A,N/A,10306.0,S18_3259,Hidden,83.70,11.0,N/A,N/A,N/A,N/A,None,unavailable,N/A,N/A,N/A,None,None,N/A,N/A,N/A,N/A,None,Hidden,N/A,N/A
orderdetails,0.0,N/A,N/A,N/A,N/A,N/A,N/A,N/A,N/A,unavailable,N/A,0.0,N/A,0.0,N/A,N/A,N/A,N/A,unavailable,1102.0,N/A,N/A,10306.0,S18_4027,Hidden,126.39,16.0,N/A,N/A,N/A,N/A,None,unavailable,N/A,N/A,N/A,None,None,N/A,N/A,N/A,N/A,None,Hidden,N/A,N/A
orderdetails,0.0,N/A,N/A,N/A,N/A,N/A,N/A,N/A,N/A,unavailable,N/A,0.0,N/A,0.0,N/A,N/A,N/A,N/A,unavailable,1102.0,N/A,N/A,10306.0,S18_4522,Hidden,85.14,8.0,N/A,N/A,N/A,N/A,None,unavailable,N/A,N/A,N/A,None,None,N/A,N/A,N/A,N/A,None,Hidden,N/A,N/A
orderdetails,0.0,N/A,N/A,N/A,N/A,N/A,N/A,N/A,N/A,unavailable,N/A,0.0,N/A,0.0,N/A,N/A,N/A,N/A,unavailable,1102.0,N/A,N/A,10306.0,S24_2011,Hidden,109.37,7.0,N/A,N/A,N/A,N/A,None,unavailable,N/A,N/A,N/A,None,None,N/A,N/A,N/A,N/A,None,Hidden,N/A,N/A
orderdetails,0.0,N/A,N/A,N/A,N/A,N/A,N/A,N/A,N/A,unavailable,N/A,0.0,N/A,0.0,N/A,N/A,N/A,N/A,unavailable,1102.0,N/A,N/A,10306.0,S24_3151,Hidden,76.12,2.0,N/A,N/A,N/A,N/A,None,unavailable,N/A,N/A,N/A,None,None,N/A,N/A,N/A,N/A,None,Hidden,N/A,N/A
orderdetails,0.0,N/A,N/A,N/A,N/A,N/A,N/A,N/A,N/A,unavailable,N/A,0.0,N/A,0.0,N/A,N/A,N/A,N/A,unavailable,1102.0,N/A,N/A,10306.0,S32_3207,Hidden,60.28,17.0,N/A,N/A,N/A,N/A,None,unavailable,N/A,N/A,N/A,None,None,N/A,N/A,N/A,N/A,None,Hidden,N/A,N/A
orderdetails,0.0,N/A,N/A,N/A,N/A,N/A,N/A,N/A,N/A,unavailable,N/A,0.0,N/A,0.0,N/A,N/A,N/A,N/A,unavailable,1102.0,N/A,N/A,10306.0,S50_1514,Hidden,51.55,15.0,N/A,N/A,N/A,N/A,None,unavailable,N/A,N/A,N/A,None,None,N/A,N/A,N/A,N/A,None,Hidden,N/A,N/A
orderdetails,0.0,N/A,N/A,N/A,N/A,N/A,N/A,N/A,N/A,unavailable,N/A,0.0,N/A,0.0,N/A,N/A,N/A,N/A,unavailable,1102.0,N/A,N/A,10306.0,S700_1138,Hidden,61.34,3.0,N/A,N/A,N/A,N/A,None,unavailable,N/A,N/A,N/A,None,None,N/A,N/A,N/A,N/A,None,Hidden,N/A,N/A
orderdetails,0.0,N/A,N/A,N/A,N/A,N/A,N/A,N/A,N/A,unavailable,N/A,0.0,N/A,0.0,N/A,N/A,N/A,N/A,unavailable,1102.0,N/A,N/A,10306.0,S700_1938,Hidden,73.62,10.0,N/A,N/A,N/A,N/A,None,unavailable,N/A,N/A,N/A,None,None,N/A,N/A,N/A,N/A,None,Hidden,N/A,N/A
orderdetails,0.0,N/A,N/A,N/A,N/A,N/A,N/A,N/A,N/A,unavailable,N/A,0.0,N/A,0.0,N/A,N/A,N/A,N/A,unavailable,1102.0,N/A,N/A,10306.0,S700_2610,Hidden,62.16,1.0,N/A,N/A,N/A,N/A,None,unavailable,N/A,N/A,N/A,None,None,N/A,N/A,N/A,N/A,None,Hidden,N/A,N/A
orderdetails,0.0,N/A,N/A,N/A,N/A,N/A,N/A,N/A,N/A,unavailable,N/A,0.0,N/A,0.0,N/A,N/A,N/A,N/A,unavailable,1102.0,N/A,N/A,10306.0,S700_3505,Hidden,99.17,4.0,N/A,N/A,N/A,N/A,None,unavailable,N/A,N/A,N/A,None,None,N/A,N/A,N/A,N/A,None,Hidden,N/A,N/A
orderdetails,0.0,N/A,N/A,N/A,N/A,N/A,N/A,N/A,N/A,unavailable,N/A,0.0,N/A,0.0,N/A,N/A,N/A,N/A,unavailable,1102.0,N/A,N/A,10306.0,S700_3962,Hidden,87.39,5.0,N/A,N/A,N/A,N/A,None,unavailable,N/A,N/A,N/A,None,None,N/A,N/A,N/A,N/A,None,Hidden,N/A,N/A
orderdetails,0.0,N/A,N/A,N/A,N/A,N/A,N/A,N/A,N/A,unavailable,N/A,0.0,N/A,0.0,N/A,N/A,N/A,N/A,unavailable,1102.0,N/A,N/A,10306.0,S72_3212,Hidden,48.05,6.0,N/A,N/A,N/A,N/A,None,unavailable,N/A,N/A,N/A,None,None,N/A,N/A,N/A,N/A,None,Hidden,N/A,N/A
orderdetails,0.0,N/A,N/A,N/A,N/A,N/A,N/A,N/A,N/A,unavailable,N/A,0.0,N/A,0.0,N/A,N/A,N/A,N/A,unavailable,1102.0,N/A,N/A,10307.0,S10_4757,Hidden,118.32,9.0,N/A,N/A,N/A,N/A,None,unavailable,N/A,N/A,N/A,None,None,N/A,N/A,N/A,N/A,None,Hidden,N/A,N/A
orderdetails,0.0,N/A,N/A,N/A,N/A,N/A,N/A,N/A,N/A,unavailable,N/A,0.0,N/A,0.0,N/A,N/A,N/A,N/A,unavailable,1102.0,N/A,N/A,10307.0,S18_1662,Hidden,135.61,1.0,N/A,N/A,N/A,N/A,None,unavailable,N/A,N/A,N/A,None,None,N/A,N/A,N/A,N/A,None,Hidden,N/A,N/A
orderdetails,0.0,N/A,N/A,N/A,N/A,N/A,N/A,N/A,N/A,unavailable,N/A,0.0,N/A,0.0,N/A,N/A,N/A,N/A,unavailable,1102.0,N/A,N/A,10307.0,S18_3029,Hidden,71.40,7.0,N/A,N/A,N/A,N/A,None,unavailable,N/A,N/A,N/A,None,None,N/A,N/A,N/A,N/A,None,Hidden,N/A,N/A
orderdetails,0.0,N/A,N/A,N/A,N/A,N/A,N/A,N/A,N/A,unavailable,N/A,0.0,N/A,0.0,N/A,N/A,N/A,N/A,unavailable,1102.0,N/A,N/A,10307.0,S18_3856,Hidden,92.11,6.0,N/A,N/A,N/A,N/A,None,unavailable,N/A,N/A,N/A,None,None,N/A,N/A,N/A,N/A,None,Hidden,N/A,N/A
orderdetails,0.0,N/A,N/A,N/A,N/A,N/A,N/A,N/A,N/A,unavailable,N/A,0.0,N/A,0.0,N/A,N/A,N/A,N/A,unavailable,1102.0,N/A,N/A,10307.0,S24_2841,Hidden,58.23,2.0,N/A,N/A,N/A,N/A,None,unavailable,N/A,N/A,N/A,None,None,N/A,N/A,N/A,N/A,None,Hidden,N/A,N/A
orderdetails,0.0,N/A,N/A,N/A,N/A,N/A,N/A,N/A,N/A,unavailable,N/A,0.0,N/A,0.0,N/A,N/A,N/A,N/A,unavailable,1102.0,N/A,N/A,10307.0,S24_3420,Hidden,64.44,3.0,N/A,N/A,N/A,N/A,None,unavailable,N/A,N/A,N/A,None,None,N/A,N/A,N/A,N/A,None,Hidden,N/A,N/A
orderdetails,0.0,N/A,N/A,N/A,N/A,N/A,N/A,N/A,N/A,unavailable,N/A,0.0,N/A,0.0,N/A,N/A,N/A,N/A,unavailable,1102.0,N/A,N/A,10307.0,S24_3816,Hidden,75.47,8.0,N/A,N/A,N/A,N/A,None,unavailable,N/A,N/A,N/A,None,None,N/A,N/A,N/A,N/A,None,Hidden,N/A,N/A
orderdetails,0.0,N/A,N/A,N/A,N/A,N/A,N/A,N/A,N/A,unavailable,N/A,0.0,N/A,0.0,N/A,N/A,N/A,N/A,unavailable,1102.0,N/A,N/A,10307.0,S700_2047,Hidden,81.47,5.0,N/A,N/A,N/A,N/A,None,unavailable,N/A,N/A,N/A,None,None,N/A,N/A,N/A,N/A,None,Hidden,N/A,N/A
orderdetails,0.0,N/A,N/A,N/A,N/A,N/A,N/A,N/A,N/A,unavailable,N/A,0.0,N/A,0.0,N/A,N/A,N/A,N/A,unavailable,1102.0,N/A,N/A,10307.0,S72_1253,Hidden,44.20,4.0,N/A,N/A,N/A,N/A,None,unavailable,N/A,N/A,N/A,None,None,N/A,N/A,N/A,N/A,None,Hidden,N/A,N/A
orderdetails,0.0,N/A,N/A,N/A,N/A,N/A,N/A,N/A,N/A,unavailable,N/A,0.0,N/A,0.0,N/A,N/A,N/A,N/A,unavailable,1102.0,N/A,N/A,10308.0,S10_2016,Hidden,115.37,2.0,N/A,N/A,N/A,N/A,None,unavailable,N/A,N/A,N/A,None,None,N/A,N/A,N/A,N/A,None,Hidden,N/A,N/A
orderdetails,0.0,N/A,N/A,N/A,N/A,N/A,N/A,N/A,N/A,unavailable,N/A,0.0,N/A,0.0,N/A,N/A,N/A,N/A,unavailable,1102.0,N/A,N/A,10308.0,S10_4698,Hidden,187.85,1.0,N/A,N/A,N/A,N/A,None,unavailable,N/A,N/A,N/A,None,None,N/A,N/A,N/A,N/A,None,Hidden,N/A,N/A
orderdetails,0.0,N/A,N/A,N/A,N/A,N/A,N/A,N/A,N/A,unavailable,N/A,0.0,N/A,0.0,N/A,N/A,N/A,N/A,unavailable,1102.0,N/A,N/A,10308.0,S18_2581,Hidden,81.95,7.0,N/A,N/A,N/A,N/A,None,unavailable,N/A,N/A,N/A,None,None,N/A,N/A,N/A,N/A,None,Hidden,N/A,N/A
orderdetails,0.0,N/A,N/A,N/A,N/A,N/A,N/A,N/A,N/A,unavailable,N/A,0.0,N/A,0.0,N/A,N/A,N/A,N/A,unavailable,1102.0,N/A,N/A,10308.0,S18_2625,Hidden,48.46,3.0,N/A,N/A,N/A,N/A,None,unavailable,N/A,N/A,N/A,None,None,N/A,N/A,N/A,N/A,None,Hidden,N/A,N/A
orderdetails,0.0,N/A,N/A,N/A,N/A,N/A,N/A,N/A,N/A,unavailable,N/A,0.0,N/A,0.0,N/A,N/A,N/A,N/A,unavailable,1102.0,N/A,N/A,10308.0,S24_1785,Hidden,99.57,9.0,N/A,N/A,N/A,N/A,None,unavailable,N/A,N/A,N/A,None,None,N/A,N/A,N/A,N/A,None,Hidden,N/A,N/A
orderdetails,0.0,N/A,N/A,N/A,N/A,N/A,N/A,N/A,N/A,unavailable,N/A,0.0,N/A,0.0,N/A,N/A,N/A,N/A,unavailable,1102.0,N/A,N/A,10308.0,S24_2000,Hidden,68.55,4.0,N/A,N/A,N/A,N/A,None,unavailable,N/A,N/A,N/A,None,None,N/A,N/A,N/A,N/A,None,Hidden,N/A,N/A
orderdetails,0.0,N/A,N/A,N/A,N/A,N/A,N/A,N/A,N/A,unavailable,N/A,0.0,N/A,0.0,N/A,N/A,N/A,N/A,unavailable,1102.0,N/A,N/A,10308.0,S24_3949,Hidden,58.00,16.0,N/A,N/A,N/A,N/A,None,unavailable,N/A,N/A,N/A,None,None,N/A,N/A,N/A,N/A,None,Hidden,N/A,N/A
orderdetails,0.0,N/A,N/A,N/A,N/A,N/A,N/A,N/A,N/A,unavailable,N/A,0.0,N/A,0.0,N/A,N/A,N/A,N/A,unavailable,1102.0,N/A,N/A,10308.0,S24_4278,Hidden,71.73,8.0,N/A,N/A,N/A,N/A,None,unavailable,N/A,N/A,N/A,None,None,N/A,N/A,N/A,N/A,None,Hidden,N/A,N/A
orderdetails,0.0,N/A,N/A,N/A,N/A,N/A,N/A,N/A,N/A,unavailable,N/A,0.0,N/A,0.0,N/A,N/A,N/A,N/A,unavailable,1102.0,N/A,N/A,10308.0,S32_1374,Hidden,99.89,5.0,N/A,N/A,N/A,N/A,None,unavailable,N/A,N/A,N/A,None,None,N/A,N/A,N/A,N/A,None,Hidden,N/A,N/A
orderdetails,0.0,N/A,N/A,N/A,N/A,N/A,N/A,N/A,N/A,unavailable,N/A,0.0,N/A,0.0,N/A,N/A,N/A,N/A,unavailable,1102.0,N/A,N/A,10308.0,S32_4289,Hidden,61.22,10.0,N/A,N/A,N/A,N/A,None,unavailable,N/A,N/A,N/A,None,None,N/A,N/A,N/A,N/A,None,Hidden,N/A,N/A
orderdetails,0.0,N/A,N/A,N/A,N/A,N/A,N/A,N/A,N/A,unavailable,N/A,0.0,N/A,0.0,N/A,N/A,N/A,N/A,unavailable,1102.0,N/A,N/A,10308.0,S50_1341,Hidden,37.09,11.0,N/A,N/A,N/A,N/A,None,unavailable,N/A,N/A,N/A,None,None,N/A,N/A,N/A,N/A,None,Hidden,N/A,N/A
orderdetails,0.0,N/A,N/A,N/A,N/A,N/A,N/A,N/A,N/A,unavailable,N/A,0.0,N/A,0.0,N/A,N/A,N/A,N/A,unavailable,1102.0,N/A,N/A,10308.0,S700_1691,Hidden,73.07,12.0,N/A,N/A,N/A,N/A,None,unavailable,N/A,N/A,N/A,None,None,N/A,N/A,N/A,N/A,None,Hidden,N/A,N/A
orderdetails,0.0,N/A,N/A,N/A,N/A,N/A,N/A,N/A,N/A,unavailable,N/A,0.0,N/A,0.0,N/A,N/A,N/A,N/A,unavailable,1102.0,N/A,N/A,10308.0,S700_2466,Hidden,88.75,14.0,N/A,N/A,N/A,N/A,None,unavailable,N/A,N/A,N/A,None,None,N/A,N/A,N/A,N/A,None,Hidden,N/A,N/A
orderdetails,0.0,N/A,N/A,N/A,N/A,N/A,N/A,N/A,N/A,unavailable,N/A,0.0,N/A,0.0,N/A,N/A,N/A,N/A,unavailable,1102.0,N/A,N/A,10308.0,S700_2834,Hidden,100.85,6.0,N/A,N/A,N/A,N/A,None,unavailable,N/A,N/A,N/A,None,None,N/A,N/A,N/A,N/A,None,Hidden,N/A,N/A
orderdetails,0.0,N/A,N/A,N/A,N/A,N/A,N/A,N/A,N/A,unavailable,N/A,0.0,N/A,0.0,N/A,N/A,N/A,N/A,unavailable,1102.0,N/A,N/A,10308.0,S700_3167,Hidden,79.20,13.0,N/A,N/A,N/A,N/A,None,unavailable,N/A,N/A,N/A,None,None,N/A,N/A,N/A,N/A,None,Hidden,N/A,N/A
orderdetails,0.0,N/A,N/A,N/A,N/A,N/A,N/A,N/A,N/A,unavailable,N/A,0.0,N/A,0.0,N/A,N/A,N/A,N/A,unavailable,1102.0,N/A,N/A,10308.0,S700_4002,Hidden,62.93,15.0,N/A,N/A,N/A,N/A,None,unavailable,N/A,N/A,N/A,None,None,N/A,N/A,N/A,N/A,None,Hidden,N/A,N/A
orderdetails,0.0,N/A,N/A,N/A,N/A,N/A,N/A,N/A,N/A,unavailable,N/A,0.0,N/A,0.0,N/A,N/A,N/A,N/A,unavailable,1102.0,N/A,N/A,10309.0,S10_1678,Hidden,94.74,5.0,N/A,N/A,N/A,N/A,None,unavailable,N/A,N/A,N/A,None,None,N/A,N/A,N/A,N/A,None,Hidden,N/A,N/A
orderdetails,0.0,N/A,N/A,N/A,N/A,N/A,N/A,N/A,N/A,unavailable,N/A,0.0,N/A,0.0,N/A,N/A,N/A,N/A,unavailable,1102.0,N/A,N/A,10309.0,S12_2823,Hidden,144.60,4.0,N/A,N/A,N/A,N/A,None,unavailable,N/A,N/A,N/A,None,None,N/A,N/A,N/A,N/A,None,Hidden,N/A,N/A
orderdetails,0.0,N/A,N/A,N/A,N/A,N/A,N/A,N/A,N/A,unavailable,N/A,0.0,N/A,0.0,N/A,N/A,N/A,N/A,unavailable,1102.0,N/A,N/A,10309.0,S24_1578,Hidden,96.92,6.0,N/A,N/A,N/A,N/A,None,unavailable,N/A,N/A,N/A,None,None,N/A,N/A,N/A,N/A,None,Hidden,N/A,N/A
orderdetails,0.0,N/A,N/A,N/A,N/A,N/A,N/A,N/A,N/A,unavailable,N/A,0.0,N/A,0.0,N/A,N/A,N/A,N/A,unavailable,1102.0,N/A,N/A,10309.0,S24_2360,Hidden,59.56,2.0,N/A,N/A,N/A,N/A,None,unavailable,N/A,N/A,N/A,None,None,N/A,N/A,N/A,N/A,None,Hidden,N/A,N/A
orderdetails,0.0,N/A,N/A,N/A,N/A,N/A,N/A,N/A,N/A,unavailable,N/A,0.0,N/A,0.0,N/A,N/A,N/A,N/A,unavailable,1102.0,N/A,N/A,10309.0,S32_4485,Hidden,93.89,3.0,N/A,N/A,N/A,N/A,None,unavailable,N/A,N/A,N/A,None,None,N/A,N/A,N/A,N/A,None,Hidden,N/A,N/A
orderdetails,0.0,N/A,N/A,N/A,N/A,N/A,N/A,N/A,N/A,unavailable,N/A,0.0,N/A,0.0,N/A,N/A,N/A,N/A,unavailable,1102.0,N/A,N/A,10309.0,S50_4713,Hidden,74.04,1.0,N/A,N/A,N/A,N/A,None,unavailable,N/A,N/A,N/A,None,None,N/A,N/A,N/A,N/A,None,Hidden,N/A,N/A
orderdetails,0.0,N/A,N/A,N/A,N/A,N/A,N/A,N/A,N/A,unavailable,N/A,0.0,N/A,0.0,N/A,N/A,N/A,N/A,unavailable,1102.0,N/A,N/A,10310.0,S12_1099,Hidden,165.38,10.0,N/A,N/A,N/A,N/A,None,unavailable,N/A,N/A,N/A,None,None,N/A,N/A,N/A,N/A,None,Hidden,N/A,N/A
orderdetails,0.0,N/A,N/A,N/A,N/A,N/A,N/A,N/A,N/A,unavailable,N/A,0.0,N/A,0.0,N/A,N/A,N/A,N/A,unavailable,1102.0,N/A,N/A,10310.0,S12_3380,Hidden,105.70,8.0,N/A,N/A,N/A,N/A,None,unavailable,N/A,N/A,N/A,None,None,N/A,N/A,N/A,N/A,None,Hidden,N/A,N/A
orderdetails,0.0,N/A,N/A,N/A,N/A,N/A,N/A,N/A,N/A,unavailable,N/A,0.0,N/A,0.0,N/A,N/A,N/A,N/A,unavailable,1102.0,N/A,N/A,10310.0,S12_3990,Hidden,77.41,11.0,N/A,N/A,N/A,N/A,None,unavailable,N/A,N/A,N/A,None,None,N/A,N/A,N/A,N/A,None,Hidden,N/A,N/A
orderdetails,0.0,N/A,N/A,N/A,N/A,N/A,N/A,N/A,N/A,unavailable,N/A,0.0,N/A,0.0,N/A,N/A,N/A,N/A,unavailable,1102.0,N/A,N/A,10310.0,S12_4675,Hidden,101.34,7.0,N/A,N/A,N/A,N/A,None,unavailable,N/A,N/A,N/A,None,None,N/A,N/A,N/A,N/A,None,Hidden,N/A,N/A
orderdetails,0.0,N/A,N/A,N/A,N/A,N/A,N/A,N/A,N/A,unavailable,N/A,0.0,N/A,0.0,N/A,N/A,N/A,N/A,unavailable,1102.0,N/A,N/A,10310.0,S18_1129,Hidden,128.80,2.0,N/A,N/A,N/A,N/A,None,unavailable,N/A,N/A,N/A,None,None,N/A,N/A,N/A,N/A,None,Hidden,N/A,N/A
orderdetails,0.0,N/A,N/A,N/A,N/A,N/A,N/A,N/A,N/A,unavailable,N/A,0.0,N/A,0.0,N/A,N/A,N/A,N/A,unavailable,1102.0,N/A,N/A,10310.0,S18_1889,Hidden,66.99,6.0,N/A,N/A,N/A,N/A,None,unavailable,N/A,N/A,N/A,None,None,N/A,N/A,N/A,N/A,None,Hidden,N/A,N/A
orderdetails,0.0,N/A,N/A,N/A,N/A,N/A,N/A,N/A,N/A,unavailable,N/A,0.0,N/A,0.0,N/A,N/A,N/A,N/A,unavailable,1102.0,N/A,N/A,10310.0,S18_1984,Hidden,129.45,1.0,N/A,N/A,N/A,N/A,None,unavailable,N/A,N/A,N/A,None,None,N/A,N/A,N/A,N/A,None,Hidden,N/A,N/A
orderdetails,0.0,N/A,N/A,N/A,N/A,N/A,N/A,N/A,N/A,unavailable,N/A,0.0,N/A,0.0,N/A,N/A,N/A,N/A,unavailable,1102.0,N/A,N/A,10310.0,S18_3232,Hidden,159.18,3.0,N/A,N/A,N/A,N/A,None,unavailable,N/A,N/A,N/A,None,None,N/A,N/A,N/A,N/A,None,Hidden,N/A,N/A
orderdetails,0.0,N/A,N/A,N/A,N/A,N/A,N/A,N/A,N/A,unavailable,N/A,0.0,N/A,0.0,N/A,N/A,N/A,N/A,unavailable,1102.0,N/A,N/A,10310.0,S18_3278,Hidden,70.76,13.0,N/A,N/A,N/A,N/A,None,unavailable,N/A,N/A,N/A,None,None,N/A,N/A,N/A,N/A,None,Hidden,N/A,N/A
orderdetails,0.0,N/A,N/A,N/A,N/A,N/A,N/A,N/A,N/A,unavailable,N/A,0.0,N/A,0.0,N/A,N/A,N/A,N/A,unavailable,1102.0,N/A,N/A,10310.0,S18_3482,Hidden,122.00,12.0,N/A,N/A,N/A,N/A,None,unavailable,N/A,N/A,N/A,None,None,N/A,N/A,N/A,N/A,None,Hidden,N/A,N/A
orderdetails,0.0,N/A,N/A,N/A,N/A,N/A,N/A,N/A,N/A,unavailable,N/A,0.0,N/A,0.0,N/A,N/A,N/A,N/A,unavailable,1102.0,N/A,N/A,10310.0,S18_3782,Hidden,59.06,16.0,N/A,N/A,N/A,N/A,None,unavailable,N/A,N/A,N/A,None,None,N/A,N/A,N/A,N/A,None,Hidden,N/A,N/A
orderdetails,0.0,N/A,N/A,N/A,N/A,N/A,N/A,N/A,N/A,unavailable,N/A,0.0,N/A,0.0,N/A,N/A,N/A,N/A,unavailable,1102.0,N/A,N/A,10310.0,S18_4721,Hidden,133.92,15.0,N/A,N/A,N/A,N/A,None,unavailable,N/A,N/A,N/A,None,None,N/A,N/A,N/A,N/A,None,Hidden,N/A,N/A
orderdetails,0.0,N/A,N/A,N/A,N/A,N/A,N/A,N/A,N/A,unavailable,N/A,0.0,N/A,0.0,N/A,N/A,N/A,N/A,unavailable,1102.0,N/A,N/A,10310.0,S24_2972,Hidden,33.23,4.0,N/A,N/A,N/A,N/A,None,unavailable,N/A,N/A,N/A,None,None,N/A,N/A,N/A,N/A,None,Hidden,N/A,N/A
orderdetails,0.0,N/A,N/A,N/A,N/A,N/A,N/A,N/A,N/A,unavailable,N/A,0.0,N/A,0.0,N/A,N/A,N/A,N/A,unavailable,1102.0,N/A,N/A,10310.0,S24_3371,Hidden,50.21,9.0,N/A,N/A,N/A,N/A,None,unavailable,N/A,N/A,N/A,None,None,N/A,N/A,N/A,N/A,None,Hidden,N/A,N/A
orderdetails,0.0,N/A,N/A,N/A,N/A,N/A,N/A,N/A,N/A,unavailable,N/A,0.0,N/A,0.0,N/A,N/A,N/A,N/A,unavailable,1102.0,N/A,N/A,10310.0,S24_3856,Hidden,139.03,5.0,N/A,N/A,N/A,N/A,None,unavailable,N/A,N/A,N/A,None,None,N/A,N/A,N/A,N/A,None,Hidden,N/A,N/A
orderdetails,0.0,N/A,N/A,N/A,N/A,N/A,N/A,N/A,N/A,unavailable,N/A,0.0,N/A,0.0,N/A,N/A,N/A,N/A,unavailable,1102.0,N/A,N/A,10310.0,S24_4620,Hidden,75.18,14.0,N/A,N/A,N/A,N/A,None,unavailable,N/A,N/A,N/A,None,None,N/A,N/A,N/A,N/A,None,Hidden,N/A,N/A
orderdetails,0.0,N/A,N/A,N/A,N/A,N/A,N/A,N/A,N/A,unavailable,N/A,0.0,N/A,0.0,N/A,N/A,N/A,N/A,unavailable,1102.0,N/A,N/A,10310.0,S32_2206,Hidden,38.62,17.0,N/A,N/A,N/A,N/A,None,unavailable,N/A,N/A,N/A,None,None,N/A,N/A,N/A,N/A,None,Hidden,N/A,N/A
orderdetails,0.0,N/A,N/A,N/A,N/A,N/A,N/A,N/A,N/A,unavailable,N/A,0.0,N/A,0.0,N/A,N/A,N/A,N/A,unavailable,1102.0,N/A,N/A,10311.0,S18_1589,Hidden,124.44,9.0,N/A,N/A,N/A,N/A,None,unavailable,N/A,N/A,N/A,None,None,N/A,N/A,N/A,N/A,None,Hidden,N/A,N/A
orderdetails,0.0,N/A,N/A,N/A,N/A,N/A,N/A,N/A,N/A,unavailable,N/A,0.0,N/A,0.0,N/A,N/A,N/A,N/A,unavailable,1102.0,N/A,N/A,10311.0,S18_2870,Hidden,114.84,10.0,N/A,N/A,N/A,N/A,None,unavailable,N/A,N/A,N/A,None,None,N/A,N/A,N/A,N/A,None,Hidden,N/A,N/A
orderdetails,0.0,N/A,N/A,N/A,N/A,N/A,N/A,N/A,N/A,unavailable,N/A,0.0,N/A,0.0,N/A,N/A,N/A,N/A,unavailable,1102.0,N/A,N/A,10311.0,S18_3685,Hidden,134.22,11.0,N/A,N/A,N/A,N/A,None,unavailable,N/A,N/A,N/A,None,None,N/A,N/A,N/A,N/A,None,Hidden,N/A,N/A
orderdetails,0.0,N/A,N/A,N/A,N/A,N/A,N/A,N/A,N/A,unavailable,N/A,0.0,N/A,0.0,N/A,N/A,N/A,N/A,unavailable,1102.0,N/A,N/A,10311.0,S18_4409,Hidden,92.03,1.0,N/A,N/A,N/A,N/A,None,unavailable,N/A,N/A,N/A,None,None,N/A,N/A,N/A,N/A,None,Hidden,N/A,N/A
orderdetails,0.0,N/A,N/A,N/A,N/A,N/A,N/A,N/A,N/A,unavailable,N/A,0.0,N/A,0.0,N/A,N/A,N/A,N/A,unavailable,1102.0,N/A,N/A,10311.0,S18_4933,Hidden,66.99,2.0,N/A,N/A,N/A,N/A,None,unavailable,N/A,N/A,N/A,None,None,N/A,N/A,N/A,N/A,None,Hidden,N/A,N/A
orderdetails,0.0,N/A,N/A,N/A,N/A,N/A,N/A,N/A,N/A,unavailable,N/A,0.0,N/A,0.0,N/A,N/A,N/A,N/A,unavailable,1102.0,N/A,N/A,10311.0,S24_1046,Hidden,70.55,6.0,N/A,N/A,N/A,N/A,None,unavailable,N/A,N/A,N/A,None,None,N/A,N/A,N/A,N/A,None,Hidden,N/A,N/A
orderdetails,0.0,N/A,N/A,N/A,N/A,N/A,N/A,N/A,N/A,unavailable,N/A,0.0,N/A,0.0,N/A,N/A,N/A,N/A,unavailable,1102.0,N/A,N/A,10311.0,S24_1628,Hidden,48.80,8.0,N/A,N/A,N/A,N/A,None,unavailable,N/A,N/A,N/A,None,None,N/A,N/A,N/A,N/A,None,Hidden,N/A,N/A
orderdetails,0.0,N/A,N/A,N/A,N/A,N/A,N/A,N/A,N/A,unavailable,N/A,0.0,N/A,0.0,N/A,N/A,N/A,N/A,unavailable,1102.0,N/A,N/A,10311.0,S24_2766,Hidden,89.05,4.0,N/A,N/A,N/A,N/A,None,unavailable,N/A,N/A,N/A,None,None,N/A,N/A,N/A,N/A,None,Hidden,N/A,N/A
orderdetails,0.0,N/A,N/A,N/A,N/A,N/A,N/A,N/A,N/A,unavailable,N/A,0.0,N/A,0.0,N/A,N/A,N/A,N/A,unavailable,1102.0,N/A,N/A,10311.0,S24_2887,Hidden,116.27,3.0,N/A,N/A,N/A,N/A,None,unavailable,N/A,N/A,N/A,None,None,N/A,N/A,N/A,N/A,None,Hidden,N/A,N/A
orderdetails,0.0,N/A,N/A,N/A,N/A,N/A,N/A,N/A,N/A,unavailable,N/A,0.0,N/A,0.0,N/A,N/A,N/A,N/A,unavailable,1102.0,N/A,N/A,10311.0,S24_3191,Hidden,85.61,5.0,N/A,N/A,N/A,N/A,None,unavailable,N/A,N/A,N/A,None,None,N/A,N/A,N/A,N/A,None,Hidden,N/A,N/A
orderdetails,0.0,N/A,N/A,N/A,N/A,N/A,N/A,N/A,N/A,unavailable,N/A,0.0,N/A,0.0,N/A,N/A,N/A,N/A,unavailable,1102.0,N/A,N/A,10311.0,S24_3432,Hidden,91.02,7.0,N/A,N/A,N/A,N/A,None,unavailable,N/A,N/A,N/A,None,None,N/A,N/A,N/A,N/A,None,Hidden,N/A,N/A
orderdetails,0.0,N/A,N/A,N/A,N/A,N/A,N/A,N/A,N/A,unavailable,N/A,0.0,N/A,0.0,N/A,N/A,N/A,N/A,unavailable,1102.0,N/A,N/A,10312.0,S10_1949,Hidden,214.30,3.0,N/A,N/A,N/A,N/A,None,unavailable,N/A,N/A,N/A,None,None,N/A,N/A,N/A,N/A,None,Hidden,N/A,N/A
orderdetails,0.0,N/A,N/A,N/A,N/A,N/A,N/A,N/A,N/A,unavailable,N/A,0.0,N/A,0.0,N/A,N/A,N/A,N/A,unavailable,1102.0,N/A,N/A,10312.0,S18_1097,Hidden,101.50,2.0,N/A,N/A,N/A,N/A,None,unavailable,N/A,N/A,N/A,None,None,N/A,N/A,N/A,N/A,None,Hidden,N/A,N/A
orderdetails,0.0,N/A,N/A,N/A,N/A,N/A,N/A,N/A,N/A,unavailable,N/A,0.0,N/A,0.0,N/A,N/A,N/A,N/A,unavailable,1102.0,N/A,N/A,10312.0,S18_1342,Hidden,102.74,10.0,N/A,N/A,N/A,N/A,None,unavailable,N/A,N/A,N/A,None,None,N/A,N/A,N/A,N/A,None,Hidden,N/A,N/A
orderdetails,0.0,N/A,N/A,N/A,N/A,N/A,N/A,N/A,N/A,unavailable,N/A,0.0,N/A,0.0,N/A,N/A,N/A,N/A,unavailable,1102.0,N/A,N/A,10312.0,S18_1367,Hidden,43.67,9.0,N/A,N/A,N/A,N/A,None,unavailable,N/A,N/A,N/A,None,None,N/A,N/A,N/A,N/A,None,Hidden,N/A,N/A
orderdetails,0.0,N/A,N/A,N/A,N/A,N/A,N/A,N/A,N/A,unavailable,N/A,0.0,N/A,0.0,N/A,N/A,N/A,N/A,unavailable,1102.0,N/A,N/A,10312.0,S18_1749,Hidden,146.20,17.0,N/A,N/A,N/A,N/A,None,unavailable,N/A,N/A,N/A,None,None,N/A,N/A,N/A,N/A,None,Hidden,N/A,N/A
orderdetails,0.0,N/A,N/A,N/A,N/A,N/A,N/A,N/A,N/A,unavailable,N/A,0.0,N/A,0.0,N/A,N/A,N/A,N/A,unavailable,1102.0,N/A,N/A,10312.0,S18_2248,Hidden,48.43,16.0,N/A,N/A,N/A,N/A,None,unavailable,N/A,N/A,N/A,None,None,N/A,N/A,N/A,N/A,None,Hidden,N/A,N/A
orderdetails,0.0,N/A,N/A,N/A,N/A,N/A,N/A,N/A,N/A,unavailable,N/A,0.0,N/A,0.0,N/A,N/A,N/A,N/A,unavailable,1102.0,N/A,N/A,10312.0,S18_2325,Hidden,111.87,14.0,N/A,N/A,N/A,N/A,None,unavailable,N/A,N/A,N/A,None,None,N/A,N/A,N/A,N/A,None,Hidden,N/A,N/A
orderdetails,0.0,N/A,N/A,N/A,N/A,N/A,N/A,N/A,N/A,unavailable,N/A,0.0,N/A,0.0,N/A,N/A,N/A,N/A,unavailable,1102.0,N/A,N/A,10312.0,S18_2795,Hidden,150.19,11.0,N/A,N/A,N/A,N/A,None,unavailable,N/A,N/A,N/A,None,None,N/A,N/A,N/A,N/A,None,Hidden,N/A,N/A
orderdetails,0.0,N/A,N/A,N/A,N/A,N/A,N/A,N/A,N/A,unavailable,N/A,0.0,N/A,0.0,N/A,N/A,N/A,N/A,unavailable,1102.0,N/A,N/A,10312.0,S18_2949,Hidden,91.18,4.0,N/A,N/A,N/A,N/A,None,unavailable,N/A,N/A,N/A,None,None,N/A,N/A,N/A,N/A,None,Hidden,N/A,N/A
orderdetails,0.0,N/A,N/A,N/A,N/A,N/A,N/A,N/A,N/A,unavailable,N/A,0.0,N/A,0.0,N/A,N/A,N/A,N/A,unavailable,1102.0,N/A,N/A,10312.0,S18_2957,Hidden,54.34,6.0,N/A,N/A,N/A,N/A,None,unavailable,N/A,N/A,N/A,None,None,N/A,N/A,N/A,N/A,None,Hidden,N/A,N/A
orderdetails,0.0,N/A,N/A,N/A,N/A,N/A,N/A,N/A,N/A,unavailable,N/A,0.0,N/A,0.0,N/A,N/A,N/A,N/A,unavailable,1102.0,N/A,N/A,10312.0,S18_3136,Hidden,93.20,5.0,N/A,N/A,N/A,N/A,None,unavailable,N/A,N/A,N/A,None,None,N/A,N/A,N/A,N/A,None,Hidden,N/A,N/A
orderdetails,0.0,N/A,N/A,N/A,N/A,N/A,N/A,N/A,N/A,unavailable,N/A,0.0,N/A,0.0,N/A,N/A,N/A,N/A,unavailable,1102.0,N/A,N/A,10312.0,S18_3320,Hidden,84.33,8.0,N/A,N/A,N/A,N/A,None,unavailable,N/A,N/A,N/A,None,None,N/A,N/A,N/A,N/A,None,Hidden,N/A,N/A
orderdetails,0.0,N/A,N/A,N/A,N/A,N/A,N/A,N/A,N/A,unavailable,N/A,0.0,N/A,0.0,N/A,N/A,N/A,N/A,unavailable,1102.0,N/A,N/A,10312.0,S18_4668,Hidden,44.27,1.0,N/A,N/A,N/A,N/A,None,unavailable,N/A,N/A,N/A,None,None,N/A,N/A,N/A,N/A,None,Hidden,N/A,N/A
orderdetails,0.0,N/A,N/A,N/A,N/A,N/A,N/A,N/A,N/A,unavailable,N/A,0.0,N/A,0.0,N/A,N/A,N/A,N/A,unavailable,1102.0,N/A,N/A,10312.0,S24_1937,Hidden,27.88,13.0,N/A,N/A,N/A,N/A,None,unavailable,N/A,N/A,N/A,None,None,N/A,N/A,N/A,N/A,None,Hidden,N/A,N/A
orderdetails,0.0,N/A,N/A,N/A,N/A,N/A,N/A,N/A,N/A,unavailable,N/A,0.0,N/A,0.0,N/A,N/A,N/A,N/A,unavailable,1102.0,N/A,N/A,10312.0,S24_2022,Hidden,43.46,12.0,N/A,N/A,N/A,N/A,None,unavailable,N/A,N/A,N/A,None,None,N/A,N/A,N/A,N/A,None,Hidden,N/A,N/A
orderdetails,0.0,N/A,N/A,N/A,N/A,N/A,N/A,N/A,N/A,unavailable,N/A,0.0,N/A,0.0,N/A,N/A,N/A,N/A,unavailable,1102.0,N/A,N/A,10312.0,S24_3969,Hidden,40.21,15.0,N/A,N/A,N/A,N/A,None,unavailable,N/A,N/A,N/A,None,None,N/A,N/A,N/A,N/A,None,Hidden,N/A,N/A
orderdetails,0.0,N/A,N/A,N/A,N/A,N/A,N/A,N/A,N/A,unavailable,N/A,0.0,N/A,0.0,N/A,N/A,N/A,N/A,unavailable,1102.0,N/A,N/A,10312.0,S24_4258,Hidden,96.42,7.0,N/A,N/A,N/A,N/A,None,unavailable,N/A,N/A,N/A,None,None,N/A,N/A,N/A,N/A,None,Hidden,N/A,N/A
orderdetails,0.0,N/A,N/A,N/A,N/A,N/A,N/A,N/A,N/A,unavailable,N/A,0.0,N/A,0.0,N/A,N/A,N/A,N/A,unavailable,1102.0,N/A,N/A,10313.0,S10_4962,Hidden,141.83,7.0,N/A,N/A,N/A,N/A,None,unavailable,N/A,N/A,N/A,None,None,N/A,N/A,N/A,N/A,None,Hidden,N/A,N/A
orderdetails,0.0,N/A,N/A,N/A,N/A,N/A,N/A,N/A,N/A,unavailable,N/A,0.0,N/A,0.0,N/A,N/A,N/A,N/A,unavailable,1102.0,N/A,N/A,10313.0,S12_1666,Hidden,131.20,11.0,N/A,N/A,N/A,N/A,None,unavailable,N/A,N/A,N/A,None,None,N/A,N/A,N/A,N/A,None,Hidden,N/A,N/A
orderdetails,0.0,N/A,N/A,N/A,N/A,N/A,N/A,N/A,N/A,unavailable,N/A,0.0,N/A,0.0,N/A,N/A,N/A,N/A,unavailable,1102.0,N/A,N/A,10313.0,S18_2319,Hidden,109.23,2.0,N/A,N/A,N/A,N/A,None,unavailable,N/A,N/A,N/A,None,None,N/A,N/A,N/A,N/A,None,Hidden,N/A,N/A
orderdetails,0.0,N/A,N/A,N/A,N/A,N/A,N/A,N/A,N/A,unavailable,N/A,0.0,N/A,0.0,N/A,N/A,N/A,N/A,unavailable,1102.0,N/A,N/A,10313.0,S18_2432,Hidden,52.87,5.0,N/A,N/A,N/A,N/A,None,unavailable,N/A,N/A,N/A,None,None,N/A,N/A,N/A,N/A,None,Hidden,N/A,N/A
orderdetails,0.0,N/A,N/A,N/A,N/A,N/A,N/A,N/A,N/A,unavailable,N/A,0.0,N/A,0.0,N/A,N/A,N/A,N/A,unavailable,1102.0,N/A,N/A,10313.0,S18_3232,Hidden,143.94,3.0,N/A,N/A,N/A,N/A,None,unavailable,N/A,N/A,N/A,None,None,N/A,N/A,N/A,N/A,None,Hidden,N/A,N/A
orderdetails,0.0,N/A,N/A,N/A,N/A,N/A,N/A,N/A,N/A,unavailable,N/A,0.0,N/A,0.0,N/A,N/A,N/A,N/A,unavailable,1102.0,N/A,N/A,10313.0,S18_4600,Hidden,110.18,8.0,N/A,N/A,N/A,N/A,None,unavailable,N/A,N/A,N/A,None,None,N/A,N/A,N/A,N/A,None,Hidden,N/A,N/A
orderdetails,0.0,N/A,N/A,N/A,N/A,N/A,N/A,N/A,N/A,unavailable,N/A,0.0,N/A,0.0,N/A,N/A,N/A,N/A,unavailable,1102.0,N/A,N/A,10313.0,S24_2300,Hidden,102.23,4.0,N/A,N/A,N/A,N/A,None,unavailable,N/A,N/A,N/A,None,None,N/A,N/A,N/A,N/A,None,Hidden,N/A,N/A
orderdetails,0.0,N/A,N/A,N/A,N/A,N/A,N/A,N/A,N/A,unavailable,N/A,0.0,N/A,0.0,N/A,N/A,N/A,N/A,unavailable,1102.0,N/A,N/A,10313.0,S32_1268,Hidden,96.31,6.0,N/A,N/A,N/A,N/A,None,unavailable,N/A,N/A,N/A,None,None,N/A,N/A,N/A,N/A,None,Hidden,N/A,N/A
orderdetails,0.0,N/A,N/A,N/A,N/A,N/A,N/A,N/A,N/A,unavailable,N/A,0.0,N/A,0.0,N/A,N/A,N/A,N/A,unavailable,1102.0,N/A,N/A,10313.0,S32_2509,Hidden,48.70,1.0,N/A,N/A,N/A,N/A,None,unavailable,N/A,N/A,N/A,None,None,N/A,N/A,N/A,N/A,None,Hidden,N/A,N/A
orderdetails,0.0,N/A,N/A,N/A,N/A,N/A,N/A,N/A,N/A,unavailable,N/A,0.0,N/A,0.0,N/A,N/A,N/A,N/A,unavailable,1102.0,N/A,N/A,10313.0,S32_3522,Hidden,55.59,10.0,N/A,N/A,N/A,N/A,None,unavailable,N/A,N/A,N/A,None,None,N/A,N/A,N/A,N/A,None,Hidden,N/A,N/A
orderdetails,0.0,N/A,N/A,N/A,N/A,N/A,N/A,N/A,N/A,unavailable,N/A,0.0,N/A,0.0,N/A,N/A,N/A,N/A,unavailable,1102.0,N/A,N/A,10313.0,S700_2824,Hidden,96.09,9.0,N/A,N/A,N/A,N/A,None,unavailable,N/A,N/A,N/A,None,None,N/A,N/A,N/A,N/A,None,Hidden,N/A,N/A
orderdetails,0.0,N/A,N/A,N/A,N/A,N/A,N/A,N/A,N/A,unavailable,N/A,0.0,N/A,0.0,N/A,N/A,N/A,N/A,unavailable,1102.0,N/A,N/A,10314.0,S12_1108,Hidden,176.63,5.0,N/A,N/A,N/A,N/A,None,unavailable,N/A,N/A,N/A,None,None,N/A,N/A,N/A,N/A,None,Hidden,N/A,N/A
orderdetails,0.0,N/A,N/A,N/A,N/A,N/A,N/A,N/A,N/A,unavailable,N/A,0.0,N/A,0.0,N/A,N/A,N/A,N/A,unavailable,1102.0,N/A,N/A,10314.0,S12_3148,Hidden,125.40,6.0,N/A,N/A,N/A,N/A,None,unavailable,N/A,N/A,N/A,None,None,N/A,N/A,N/A,N/A,None,Hidden,N/A,N/A
orderdetails,0.0,N/A,N/A,N/A,N/A,N/A,N/A,N/A,N/A,unavailable,N/A,0.0,N/A,0.0,N/A,N/A,N/A,N/A,unavailable,1102.0,N/A,N/A,10314.0,S12_3891,Hidden,169.56,4.0,N/A,N/A,N/A,N/A,None,unavailable,N/A,N/A,N/A,None,None,N/A,N/A,N/A,N/A,None,Hidden,N/A,N/A
orderdetails,0.0,N/A,N/A,N/A,N/A,N/A,N/A,N/A,N/A,unavailable,N/A,0.0,N/A,0.0,N/A,N/A,N/A,N/A,unavailable,1102.0,N/A,N/A,10314.0,S12_4473,Hidden,95.99,14.0,N/A,N/A,N/A,N/A,None,unavailable,N/A,N/A,N/A,None,None,N/A,N/A,N/A,N/A,None,Hidden,N/A,N/A
orderdetails,0.0,N/A,N/A,N/A,N/A,N/A,N/A,N/A,N/A,unavailable,N/A,0.0,N/A,0.0,N/A,N/A,N/A,N/A,unavailable,1102.0,N/A,N/A,10314.0,S18_2238,Hidden,135.90,13.0,N/A,N/A,N/A,N/A,None,unavailable,N/A,N/A,N/A,None,None,N/A,N/A,N/A,N/A,None,Hidden,N/A,N/A
orderdetails,0.0,N/A,N/A,N/A,N/A,N/A,N/A,N/A,N/A,unavailable,N/A,0.0,N/A,0.0,N/A,N/A,N/A,N/A,unavailable,1102.0,N/A,N/A,10314.0,S18_3140,Hidden,129.76,1.0,N/A,N/A,N/A,N/A,None,unavailable,N/A,N/A,N/A,None,None,N/A,N/A,N/A,N/A,None,Hidden,N/A,N/A
orderdetails,0.0,N/A,N/A,N/A,N/A,N/A,N/A,N/A,N/A,unavailable,N/A,0.0,N/A,0.0,N/A,N/A,N/A,N/A,unavailable,1102.0,N/A,N/A,10314.0,S18_3259,Hidden,84.71,3.0,N/A,N/A,N/A,N/A,None,unavailable,N/A,N/A,N/A,None,None,N/A,N/A,N/A,N/A,None,Hidden,N/A,N/A
orderdetails,0.0,N/A,N/A,N/A,N/A,N/A,N/A,N/A,N/A,unavailable,N/A,0.0,N/A,0.0,N/A,N/A,N/A,N/A,unavailable,1102.0,N/A,N/A,10314.0,S18_4027,Hidden,129.26,8.0,N/A,N/A,N/A,N/A,None,unavailable,N/A,N/A,N/A,None,None,N/A,N/A,N/A,N/A,None,Hidden,N/A,N/A
orderdetails,0.0,N/A,N/A,N/A,N/A,N/A,N/A,N/A,N/A,unavailable,N/A,0.0,N/A,0.0,N/A,N/A,N/A,N/A,unavailable,1102.0,N/A,N/A,10314.0,S24_1444,Hidden,51.44,11.0,N/A,N/A,N/A,N/A,None,unavailable,N/A,N/A,N/A,None,None,N/A,N/A,N/A,N/A,None,Hidden,N/A,N/A
orderdetails,0.0,N/A,N/A,N/A,N/A,N/A,N/A,N/A,N/A,unavailable,N/A,0.0,N/A,0.0,N/A,N/A,N/A,N/A,unavailable,1102.0,N/A,N/A,10314.0,S24_2840,Hidden,31.82,15.0,N/A,N/A,N/A,N/A,None,unavailable,N/A,N/A,N/A,None,None,N/A,N/A,N/A,N/A,None,Hidden,N/A,N/A
orderdetails,0.0,N/A,N/A,N/A,N/A,N/A,N/A,N/A,N/A,unavailable,N/A,0.0,N/A,0.0,N/A,N/A,N/A,N/A,unavailable,1102.0,N/A,N/A,10314.0,S24_4048,Hidden,111.18,10.0,N/A,N/A,N/A,N/A,None,unavailable,N/A,N/A,N/A,None,None,N/A,N/A,N/A,N/A,None,Hidden,N/A,N/A
orderdetails,0.0,N/A,N/A,N/A,N/A,N/A,N/A,N/A,N/A,unavailable,N/A,0.0,N/A,0.0,N/A,N/A,N/A,N/A,unavailable,1102.0,N/A,N/A,10314.0,S32_3207,Hidden,58.41,9.0,N/A,N/A,N/A,N/A,None,unavailable,N/A,N/A,N/A,None,None,N/A,N/A,N/A,N/A,None,Hidden,N/A,N/A
orderdetails,0.0,N/A,N/A,N/A,N/A,N/A,N/A,N/A,N/A,unavailable,N/A,0.0,N/A,0.0,N/A,N/A,N/A,N/A,unavailable,1102.0,N/A,N/A,10314.0,S50_1392,Hidden,115.75,12.0,N/A,N/A,N/A,N/A,None,unavailable,N/A,N/A,N/A,None,None,N/A,N/A,N/A,N/A,None,Hidden,N/A,N/A
orderdetails,0.0,N/A,N/A,N/A,N/A,N/A,N/A,N/A,N/A,unavailable,N/A,0.0,N/A,0.0,N/A,N/A,N/A,N/A,unavailable,1102.0,N/A,N/A,10314.0,S50_1514,Hidden,50.38,7.0,N/A,N/A,N/A,N/A,None,unavailable,N/A,N/A,N/A,None,None,N/A,N/A,N/A,N/A,None,Hidden,N/A,N/A
orderdetails,0.0,N/A,N/A,N/A,N/A,N/A,N/A,N/A,N/A,unavailable,N/A,0.0,N/A,0.0,N/A,N/A,N/A,N/A,unavailable,1102.0,N/A,N/A,10314.0,S700_1938,Hidden,83.15,2.0,N/A,N/A,N/A,N/A,None,unavailable,N/A,N/A,N/A,None,None,N/A,N/A,N/A,N/A,None,Hidden,N/A,N/A
orderdetails,0.0,N/A,N/A,N/A,N/A,N/A,N/A,N/A,N/A,unavailable,N/A,0.0,N/A,0.0,N/A,N/A,N/A,N/A,unavailable,1102.0,N/A,N/A,10315.0,S18_4522,Hidden,78.12,7.0,N/A,N/A,N/A,N/A,None,unavailable,N/A,N/A,N/A,None,None,N/A,N/A,N/A,N/A,None,Hidden,N/A,N/A
orderdetails,0.0,N/A,N/A,N/A,N/A,N/A,N/A,N/A,N/A,unavailable,N/A,0.0,N/A,0.0,N/A,N/A,N/A,N/A,unavailable,1102.0,N/A,N/A,10315.0,S24_2011,Hidden,111.83,6.0,N/A,N/A,N/A,N/A,None,unavailable,N/A,N/A,N/A,None,None,N/A,N/A,N/A,N/A,None,Hidden,N/A,N/A
orderdetails,0.0,N/A,N/A,N/A,N/A,N/A,N/A,N/A,N/A,unavailable,N/A,0.0,N/A,0.0,N/A,N/A,N/A,N/A,unavailable,1102.0,N/A,N/A,10315.0,S24_3151,Hidden,78.77,1.0,N/A,N/A,N/A,N/A,None,unavailable,N/A,N/A,N/A,None,None,N/A,N/A,N/A,N/A,None,Hidden,N/A,N/A
orderdetails,0.0,N/A,N/A,N/A,N/A,N/A,N/A,N/A,N/A,unavailable,N/A,0.0,N/A,0.0,N/A,N/A,N/A,N/A,unavailable,1102.0,N/A,N/A,10315.0,S700_1138,Hidden,60.67,2.0,N/A,N/A,N/A,N/A,None,unavailable,N/A,N/A,N/A,None,None,N/A,N/A,N/A,N/A,None,Hidden,N/A,N/A
orderdetails,0.0,N/A,N/A,N/A,N/A,N/A,N/A,N/A,N/A,unavailable,N/A,0.0,N/A,0.0,N/A,N/A,N/A,N/A,unavailable,1102.0,N/A,N/A,10315.0,S700_3505,Hidden,99.17,3.0,N/A,N/A,N/A,N/A,None,unavailable,N/A,N/A,N/A,None,None,N/A,N/A,N/A,N/A,None,Hidden,N/A,N/A
orderdetails,0.0,N/A,N/A,N/A,N/A,N/A,N/A,N/A,N/A,unavailable,N/A,0.0,N/A,0.0,N/A,N/A,N/A,N/A,unavailable,1102.0,N/A,N/A,10315.0,S700_3962,Hidden,88.39,4.0,N/A,N/A,N/A,N/A,None,unavailable,N/A,N/A,N/A,None,None,N/A,N/A,N/A,N/A,None,Hidden,N/A,N/A
orderdetails,0.0,N/A,N/A,N/A,N/A,N/A,N/A,N/A,N/A,unavailable,N/A,0.0,N/A,0.0,N/A,N/A,N/A,N/A,unavailable,1102.0,N/A,N/A,10315.0,S72_3212,Hidden,51.32,5.0,N/A,N/A,N/A,N/A,None,unavailable,N/A,N/A,N/A,None,None,N/A,N/A,N/A,N/A,None,Hidden,N/A,N/A
orderdetails,0.0,N/A,N/A,N/A,N/A,N/A,N/A,N/A,N/A,unavailable,N/A,0.0,N/A,0.0,N/A,N/A,N/A,N/A,unavailable,1102.0,N/A,N/A,10316.0,S10_4757,Hidden,126.48,17.0,N/A,N/A,N/A,N/A,None,unavailable,N/A,N/A,N/A,None,None,N/A,N/A,N/A,N/A,None,Hidden,N/A,N/A
orderdetails,0.0,N/A,N/A,N/A,N/A,N/A,N/A,N/A,N/A,unavailable,N/A,0.0,N/A,0.0,N/A,N/A,N/A,N/A,unavailable,1102.0,N/A,N/A,10316.0,S18_1662,Hidden,140.34,9.0,N/A,N/A,N/A,N/A,None,unavailable,N/A,N/A,N/A,None,None,N/A,N/A,N/A,N/A,None,Hidden,N/A,N/A
orderdetails,0.0,N/A,N/A,N/A,N/A,N/A,N/A,N/A,N/A,unavailable,N/A,0.0,N/A,0.0,N/A,N/A,N/A,N/A,unavailable,1102.0,N/A,N/A,10316.0,S18_3029,Hidden,72.26,15.0,N/A,N/A,N/A,N/A,None,unavailable,N/A,N/A,N/A,None,None,N/A,N/A,N/A,N/A,None,Hidden,N/A,N/A
orderdetails,0.0,N/A,N/A,N/A,N/A,N/A,N/A,N/A,N/A,unavailable,N/A,0.0,N/A,0.0,N/A,N/A,N/A,N/A,unavailable,1102.0,N/A,N/A,10316.0,S18_3856,Hidden,89.99,14.0,N/A,N/A,N/A,N/A,None,unavailable,N/A,N/A,N/A,None,None,N/A,N/A,N/A,N/A,None,Hidden,N/A,N/A
orderdetails,0.0,N/A,N/A,N/A,N/A,N/A,N/A,N/A,N/A,unavailable,N/A,0.0,N/A,0.0,N/A,N/A,N/A,N/A,unavailable,1102.0,N/A,N/A,10316.0,S24_1785,Hidden,93.01,1.0,N/A,N/A,N/A,N/A,None,unavailable,N/A,N/A,N/A,None,None,N/A,N/A,N/A,N/A,None,Hidden,N/A,N/A
orderdetails,0.0,N/A,N/A,N/A,N/A,N/A,N/A,N/A,N/A,unavailable,N/A,0.0,N/A,0.0,N/A,N/A,N/A,N/A,unavailable,1102.0,N/A,N/A,10316.0,S24_2841,Hidden,67.14,10.0,N/A,N/A,N/A,N/A,None,unavailable,N/A,N/A,N/A,None,None,N/A,N/A,N/A,N/A,None,Hidden,N/A,N/A
orderdetails,0.0,N/A,N/A,N/A,N/A,N/A,N/A,N/A,N/A,unavailable,N/A,0.0,N/A,0.0,N/A,N/A,N/A,N/A,unavailable,1102.0,N/A,N/A,10316.0,S24_3420,Hidden,55.23,11.0,N/A,N/A,N/A,N/A,None,unavailable,N/A,N/A,N/A,None,None,N/A,N/A,N/A,N/A,None,Hidden,N/A,N/A
orderdetails,0.0,N/A,N/A,N/A,N/A,N/A,N/A,N/A,N/A,unavailable,N/A,0.0,N/A,0.0,N/A,N/A,N/A,N/A,unavailable,1102.0,N/A,N/A,10316.0,S24_3816,Hidden,77.15,16.0,N/A,N/A,N/A,N/A,None,unavailable,N/A,N/A,N/A,None,None,N/A,N/A,N/A,N/A,None,Hidden,N/A,N/A
orderdetails,0.0,N/A,N/A,N/A,N/A,N/A,N/A,N/A,N/A,unavailable,N/A,0.0,N/A,0.0,N/A,N/A,N/A,N/A,unavailable,1102.0,N/A,N/A,10316.0,S24_3949,Hidden,67.56,8.0,N/A,N/A,N/A,N/A,None,unavailable,N/A,N/A,N/A,None,None,N/A,N/A,N/A,N/A,None,Hidden,N/A,N/A
orderdetails,0.0,N/A,N/A,N/A,N/A,N/A,N/A,N/A,N/A,unavailable,N/A,0.0,N/A,0.0,N/A,N/A,N/A,N/A,unavailable,1102.0,N/A,N/A,10316.0,S32_4289,Hidden,59.16,2.0,N/A,N/A,N/A,N/A,None,unavailable,N/A,N/A,N/A,None,None,N/A,N/A,N/A,N/A,None,Hidden,N/A,N/A
orderdetails,0.0,N/A,N/A,N/A,N/A,N/A,N/A,N/A,N/A,unavailable,N/A,0.0,N/A,0.0,N/A,N/A,N/A,N/A,unavailable,1102.0,N/A,N/A,10316.0,S50_1341,Hidden,36.66,3.0,N/A,N/A,N/A,N/A,None,unavailable,N/A,N/A,N/A,None,None,N/A,N/A,N/A,N/A,None,Hidden,N/A,N/A
orderdetails,0.0,N/A,N/A,N/A,N/A,N/A,N/A,N/A,N/A,unavailable,N/A,0.0,N/A,0.0,N/A,N/A,N/A,N/A,unavailable,1102.0,N/A,N/A,10316.0,S700_1691,Hidden,74.90,4.0,N/A,N/A,N/A,N/A,None,unavailable,N/A,N/A,N/A,None,None,N/A,N/A,N/A,N/A,None,Hidden,N/A,N/A
orderdetails,0.0,N/A,N/A,N/A,N/A,N/A,N/A,N/A,N/A,unavailable,N/A,0.0,N/A,0.0,N/A,N/A,N/A,N/A,unavailable,1102.0,N/A,N/A,10316.0,S700_2047,Hidden,73.32,13.0,N/A,N/A,N/A,N/A,None,unavailable,N/A,N/A,N/A,None,None,N/A,N/A,N/A,N/A,None,Hidden,N/A,N/A
orderdetails,0.0,N/A,N/A,N/A,N/A,N/A,N/A,N/A,N/A,unavailable,N/A,0.0,N/A,0.0,N/A,N/A,N/A,N/A,unavailable,1102.0,N/A,N/A,10316.0,S700_2466,Hidden,85.76,6.0,N/A,N/A,N/A,N/A,None,unavailable,N/A,N/A,N/A,None,None,N/A,N/A,N/A,N/A,None,Hidden,N/A,N/A
orderdetails,0.0,N/A,N/A,N/A,N/A,N/A,N/A,N/A,N/A,unavailable,N/A,0.0,N/A,0.0,N/A,N/A,N/A,N/A,unavailable,1102.0,N/A,N/A,10316.0,S700_2610,Hidden,67.22,18.0,N/A,N/A,N/A,N/A,None,unavailable,N/A,N/A,N/A,None,None,N/A,N/A,N/A,N/A,None,Hidden,N/A,N/A
orderdetails,0.0,N/A,N/A,N/A,N/A,N/A,N/A,N/A,N/A,unavailable,N/A,0.0,N/A,0.0,N/A,N/A,N/A,N/A,unavailable,1102.0,N/A,N/A,10316.0,S700_3167,Hidden,77.60,5.0,N/A,N/A,N/A,N/A,None,unavailable,N/A,N/A,N/A,None,None,N/A,N/A,N/A,N/A,None,Hidden,N/A,N/A
orderdetails,0.0,N/A,N/A,N/A,N/A,N/A,N/A,N/A,N/A,unavailable,N/A,0.0,N/A,0.0,N/A,N/A,N/A,N/A,unavailable,1102.0,N/A,N/A,10316.0,S700_4002,Hidden,68.11,7.0,N/A,N/A,N/A,N/A,None,unavailable,N/A,N/A,N/A,None,None,N/A,N/A,N/A,N/A,None,Hidden,N/A,N/A
orderdetails,0.0,N/A,N/A,N/A,N/A,N/A,N/A,N/A,N/A,unavailable,N/A,0.0,N/A,0.0,N/A,N/A,N/A,N/A,unavailable,1102.0,N/A,N/A,10316.0,S72_1253,Hidden,43.70,12.0,N/A,N/A,N/A,N/A,None,unavailable,N/A,N/A,N/A,None,None,N/A,N/A,N/A,N/A,None,Hidden,N/A,N/A
orderdetails,0.0,N/A,N/A,N/A,N/A,N/A,N/A,N/A,N/A,unavailable,N/A,0.0,N/A,0.0,N/A,N/A,N/A,N/A,unavailable,1102.0,N/A,N/A,10317.0,S24_4278,Hidden,69.55,1.0,N/A,N/A,N/A,N/A,None,unavailable,N/A,N/A,N/A,None,None,N/A,N/A,N/A,N/A,None,Hidden,N/A,N/A
orderdetails,0.0,N/A,N/A,N/A,N/A,N/A,N/A,N/A,N/A,unavailable,N/A,0.0,N/A,0.0,N/A,N/A,N/A,N/A,unavailable,1102.0,N/A,N/A,10318.0,S10_1678,Hidden,84.22,1.0,N/A,N/A,N/A,N/A,None,unavailable,N/A,N/A,N/A,None,None,N/A,N/A,N/A,N/A,None,Hidden,N/A,N/A
orderdetails,0.0,N/A,N/A,N/A,N/A,N/A,N/A,N/A,N/A,unavailable,N/A,0.0,N/A,0.0,N/A,N/A,N/A,N/A,unavailable,1102.0,N/A,N/A,10318.0,S10_2016,Hidden,102.29,4.0,N/A,N/A,N/A,N/A,None,unavailable,N/A,N/A,N/A,None,None,N/A,N/A,N/A,N/A,None,Hidden,N/A,N/A
orderdetails,0.0,N/A,N/A,N/A,N/A,N/A,N/A,N/A,N/A,unavailable,N/A,0.0,N/A,0.0,N/A,N/A,N/A,N/A,unavailable,1102.0,N/A,N/A,10318.0,S10_4698,Hidden,189.79,3.0,N/A,N/A,N/A,N/A,None,unavailable,N/A,N/A,N/A,None,None,N/A,N/A,N/A,N/A,None,Hidden,N/A,N/A
orderdetails,0.0,N/A,N/A,N/A,N/A,N/A,N/A,N/A,N/A,unavailable,N/A,0.0,N/A,0.0,N/A,N/A,N/A,N/A,unavailable,1102.0,N/A,N/A,10318.0,S18_2581,Hidden,81.95,9.0,N/A,N/A,N/A,N/A,None,unavailable,N/A,N/A,N/A,None,None,N/A,N/A,N/A,N/A,None,Hidden,N/A,N/A
orderdetails,0.0,N/A,N/A,N/A,N/A,N/A,N/A,N/A,N/A,unavailable,N/A,0.0,N/A,0.0,N/A,N/A,N/A,N/A,unavailable,1102.0,N/A,N/A,10318.0,S18_2625,Hidden,49.67,5.0,N/A,N/A,N/A,N/A,None,unavailable,N/A,N/A,N/A,None,None,N/A,N/A,N/A,N/A,None,Hidden,N/A,N/A
orderdetails,0.0,N/A,N/A,N/A,N/A,N/A,N/A,N/A,N/A,unavailable,N/A,0.0,N/A,0.0,N/A,N/A,N/A,N/A,unavailable,1102.0,N/A,N/A,10318.0,S24_1578,Hidden,93.54,2.0,N/A,N/A,N/A,N/A,None,unavailable,N/A,N/A,N/A,None,None,N/A,N/A,N/A,N/A,None,Hidden,N/A,N/A
orderdetails,0.0,N/A,N/A,N/A,N/A,N/A,N/A,N/A,N/A,unavailable,N/A,0.0,N/A,0.0,N/A,N/A,N/A,N/A,unavailable,1102.0,N/A,N/A,10318.0,S24_2000,Hidden,60.94,6.0,N/A,N/A,N/A,N/A,None,unavailable,N/A,N/A,N/A,None,None,N/A,N/A,N/A,N/A,None,Hidden,N/A,N/A
orderdetails,0.0,N/A,N/A,N/A,N/A,N/A,N/A,N/A,N/A,unavailable,N/A,0.0,N/A,0.0,N/A,N/A,N/A,N/A,unavailable,1102.0,N/A,N/A,10318.0,S32_1374,Hidden,81.91,7.0,N/A,N/A,N/A,N/A,None,unavailable,N/A,N/A,N/A,None,None,N/A,N/A,N/A,N/A,None,Hidden,N/A,N/A
orderdetails,0.0,N/A,N/A,N/A,N/A,N/A,N/A,N/A,N/A,unavailable,N/A,0.0,N/A,0.0,N/A,N/A,N/A,N/A,unavailable,1102.0,N/A,N/A,10318.0,S700_2834,Hidden,102.04,8.0,N/A,N/A,N/A,N/A,None,unavailable,N/A,N/A,N/A,None,None,N/A,N/A,N/A,N/A,None,Hidden,N/A,N/A
orderdetails,0.0,N/A,N/A,N/A,N/A,N/A,N/A,N/A,N/A,unavailable,N/A,0.0,N/A,0.0,N/A,N/A,N/A,N/A,unavailable,1102.0,N/A,N/A,10319.0,S12_2823,Hidden,134.05,9.0,N/A,N/A,N/A,N/A,None,unavailable,N/A,N/A,N/A,None,None,N/A,N/A,N/A,N/A,None,Hidden,N/A,N/A
orderdetails,0.0,N/A,N/A,N/A,N/A,N/A,N/A,N/A,N/A,unavailable,N/A,0.0,N/A,0.0,N/A,N/A,N/A,N/A,unavailable,1102.0,N/A,N/A,10319.0,S18_3278,Hidden,77.19,1.0,N/A,N/A,N/A,N/A,None,unavailable,N/A,N/A,N/A,None,None,N/A,N/A,N/A,N/A,None,Hidden,N/A,N/A
orderdetails,0.0,N/A,N/A,N/A,N/A,N/A,N/A,N/A,N/A,unavailable,N/A,0.0,N/A,0.0,N/A,N/A,N/A,N/A,unavailable,1102.0,N/A,N/A,10319.0,S18_3782,Hidden,54.71,4.0,N/A,N/A,N/A,N/A,None,unavailable,N/A,N/A,N/A,None,None,N/A,N/A,N/A,N/A,None,Hidden,N/A,N/A
orderdetails,0.0,N/A,N/A,N/A,N/A,N/A,N/A,N/A,N/A,unavailable,N/A,0.0,N/A,0.0,N/A,N/A,N/A,N/A,unavailable,1102.0,N/A,N/A,10319.0,S18_4721,Hidden,120.53,3.0,N/A,N/A,N/A,N/A,None,unavailable,N/A,N/A,N/A,None,None,N/A,N/A,N/A,N/A,None,Hidden,N/A,N/A
orderdetails,0.0,N/A,N/A,N/A,N/A,N/A,N/A,N/A,N/A,unavailable,N/A,0.0,N/A,0.0,N/A,N/A,N/A,N/A,unavailable,1102.0,N/A,N/A,10319.0,S24_2360,Hidden,65.80,7.0,N/A,N/A,N/A,N/A,None,unavailable,N/A,N/A,N/A,None,None,N/A,N/A,N/A,N/A,None,Hidden,N/A,N/A
orderdetails,0.0,N/A,N/A,N/A,N/A,N/A,N/A,N/A,N/A,unavailable,N/A,0.0,N/A,0.0,N/A,N/A,N/A,N/A,unavailable,1102.0,N/A,N/A,10319.0,S24_4620,Hidden,78.41,2.0,N/A,N/A,N/A,N/A,None,unavailable,N/A,N/A,N/A,None,None,N/A,N/A,N/A,N/A,None,Hidden,N/A,N/A
orderdetails,0.0,N/A,N/A,N/A,N/A,N/A,N/A,N/A,N/A,unavailable,N/A,0.0,N/A,0.0,N/A,N/A,N/A,N/A,unavailable,1102.0,N/A,N/A,10319.0,S32_2206,Hidden,35.00,5.0,N/A,N/A,N/A,N/A,None,unavailable,N/A,N/A,N/A,None,None,N/A,N/A,N/A,N/A,None,Hidden,N/A,N/A
orderdetails,0.0,N/A,N/A,N/A,N/A,N/A,N/A,N/A,N/A,unavailable,N/A,0.0,N/A,0.0,N/A,N/A,N/A,N/A,unavailable,1102.0,N/A,N/A,10319.0,S32_4485,Hidden,96.95,8.0,N/A,N/A,N/A,N/A,None,unavailable,N/A,N/A,N/A,None,None,N/A,N/A,N/A,N/A,None,Hidden,N/A,N/A
orderdetails,0.0,N/A,N/A,N/A,N/A,N/A,N/A,N/A,N/A,unavailable,N/A,0.0,N/A,0.0,N/A,N/A,N/A,N/A,unavailable,1102.0,N/A,N/A,10319.0,S50_4713,Hidden,79.73,6.0,N/A,N/A,N/A,N/A,None,unavailable,N/A,N/A,N/A,None,None,N/A,N/A,N/A,N/A,None,Hidden,N/A,N/A
orderdetails,0.0,N/A,N/A,N/A,N/A,N/A,N/A,N/A,N/A,unavailable,N/A,0.0,N/A,0.0,N/A,N/A,N/A,N/A,unavailable,1102.0,N/A,N/A,10320.0,S12_1099,Hidden,184.84,3.0,N/A,N/A,N/A,N/A,None,unavailable,N/A,N/A,N/A,None,None,N/A,N/A,N/A,N/A,None,Hidden,N/A,N/A
orderdetails,0.0,N/A,N/A,N/A,N/A,N/A,N/A,N/A,N/A,unavailable,N/A,0.0,N/A,0.0,N/A,N/A,N/A,N/A,unavailable,1102.0,N/A,N/A,10320.0,S12_3380,Hidden,102.17,1.0,N/A,N/A,N/A,N/A,None,unavailable,N/A,N/A,N/A,None,None,N/A,N/A,N/A,N/A,None,Hidden,N/A,N/A
orderdetails,0.0,N/A,N/A,N/A,N/A,N/A,N/A,N/A,N/A,unavailable,N/A,0.0,N/A,0.0,N/A,N/A,N/A,N/A,unavailable,1102.0,N/A,N/A,10320.0,S12_3990,Hidden,63.84,4.0,N/A,N/A,N/A,N/A,None,unavailable,N/A,N/A,N/A,None,None,N/A,N/A,N/A,N/A,None,Hidden,N/A,N/A
orderdetails,0.0,N/A,N/A,N/A,N/A,N/A,N/A,N/A,N/A,unavailable,N/A,0.0,N/A,0.0,N/A,N/A,N/A,N/A,unavailable,1102.0,N/A,N/A,10320.0,S18_3482,Hidden,139.64,5.0,N/A,N/A,N/A,N/A,None,unavailable,N/A,N/A,N/A,None,None,N/A,N/A,N/A,N/A,None,Hidden,N/A,N/A
orderdetails,0.0,N/A,N/A,N/A,N/A,N/A,N/A,N/A,N/A,unavailable,N/A,0.0,N/A,0.0,N/A,N/A,N/A,N/A,unavailable,1102.0,N/A,N/A,10320.0,S24_3371,Hidden,60.62,2.0,N/A,N/A,N/A,N/A,None,unavailable,N/A,N/A,N/A,None,None,N/A,N/A,N/A,N/A,None,Hidden,N/A,N/A
orderdetails,0.0,N/A,N/A,N/A,N/A,N/A,N/A,N/A,N/A,unavailable,N/A,0.0,N/A,0.0,N/A,N/A,N/A,N/A,unavailable,1102.0,N/A,N/A,10321.0,S12_4675,Hidden,105.95,15.0,N/A,N/A,N/A,N/A,None,unavailable,N/A,N/A,N/A,None,None,N/A,N/A,N/A,N/A,None,Hidden,N/A,N/A
orderdetails,0.0,N/A,N/A,N/A,N/A,N/A,N/A,N/A,N/A,unavailable,N/A,0.0,N/A,0.0,N/A,N/A,N/A,N/A,unavailable,1102.0,N/A,N/A,10321.0,S18_1129,Hidden,123.14,10.0,N/A,N/A,N/A,N/A,None,unavailable,N/A,N/A,N/A,None,None,N/A,N/A,N/A,N/A,None,Hidden,N/A,N/A
orderdetails,0.0,N/A,N/A,N/A,N/A,N/A,N/A,N/A,N/A,unavailable,N/A,0.0,N/A,0.0,N/A,N/A,N/A,N/A,unavailable,1102.0,N/A,N/A,10321.0,S18_1589,Hidden,120.71,6.0,N/A,N/A,N/A,N/A,None,unavailable,N/A,N/A,N/A,None,None,N/A,N/A,N/A,N/A,None,Hidden,N/A,N/A
orderdetails,0.0,N/A,N/A,N/A,N/A,N/A,N/A,N/A,N/A,unavailable,N/A,0.0,N/A,0.0,N/A,N/A,N/A,N/A,unavailable,1102.0,N/A,N/A,10321.0,S18_1889,Hidden,73.92,14.0,N/A,N/A,N/A,N/A,None,unavailable,N/A,N/A,N/A,None,None,N/A,N/A,N/A,N/A,None,Hidden,N/A,N/A
orderdetails,0.0,N/A,N/A,N/A,N/A,N/A,N/A,N/A,N/A,unavailable,N/A,0.0,N/A,0.0,N/A,N/A,N/A,N/A,unavailable,1102.0,N/A,N/A,10321.0,S18_1984,Hidden,142.25,9.0,N/A,N/A,N/A,N/A,None,unavailable,N/A,N/A,N/A,None,None,N/A,N/A,N/A,N/A,None,Hidden,N/A,N/A
orderdetails,0.0,N/A,N/A,N/A,N/A,N/A,N/A,N/A,N/A,unavailable,N/A,0.0,N/A,0.0,N/A,N/A,N/A,N/A,unavailable,1102.0,N/A,N/A,10321.0,S18_2870,Hidden,126.72,7.0,N/A,N/A,N/A,N/A,None,unavailable,N/A,N/A,N/A,None,None,N/A,N/A,N/A,N/A,None,Hidden,N/A,N/A
orderdetails,0.0,N/A,N/A,N/A,N/A,N/A,N/A,N/A,N/A,unavailable,N/A,0.0,N/A,0.0,N/A,N/A,N/A,N/A,unavailable,1102.0,N/A,N/A,10321.0,S18_3232,Hidden,164.26,11.0,N/A,N/A,N/A,N/A,None,unavailable,N/A,N/A,N/A,None,None,N/A,N/A,N/A,N/A,None,Hidden,N/A,N/A
orderdetails,0.0,N/A,N/A,N/A,N/A,N/A,N/A,N/A,N/A,unavailable,N/A,0.0,N/A,0.0,N/A,N/A,N/A,N/A,unavailable,1102.0,N/A,N/A,10321.0,S18_3685,Hidden,138.45,8.0,N/A,N/A,N/A,N/A,None,unavailable,N/A,N/A,N/A,None,None,N/A,N/A,N/A,N/A,None,Hidden,N/A,N/A
orderdetails,0.0,N/A,N/A,N/A,N/A,N/A,N/A,N/A,N/A,unavailable,N/A,0.0,N/A,0.0,N/A,N/A,N/A,N/A,unavailable,1102.0,N/A,N/A,10321.0,S24_1046,Hidden,68.35,3.0,N/A,N/A,N/A,N/A,None,unavailable,N/A,N/A,N/A,None,None,N/A,N/A,N/A,N/A,None,Hidden,N/A,N/A
orderdetails,0.0,N/A,N/A,N/A,N/A,N/A,N/A,N/A,N/A,unavailable,N/A,0.0,N/A,0.0,N/A,N/A,N/A,N/A,unavailable,1102.0,N/A,N/A,10321.0,S24_1628,Hidden,42.76,5.0,N/A,N/A,N/A,N/A,None,unavailable,N/A,N/A,N/A,None,None,N/A,N/A,N/A,N/A,None,Hidden,N/A,N/A
orderdetails,0.0,N/A,N/A,N/A,N/A,N/A,N/A,N/A,N/A,unavailable,N/A,0.0,N/A,0.0,N/A,N/A,N/A,N/A,unavailable,1102.0,N/A,N/A,10321.0,S24_2766,Hidden,74.51,1.0,N/A,N/A,N/A,N/A,None,unavailable,N/A,N/A,N/A,None,None,N/A,N/A,N/A,N/A,None,Hidden,N/A,N/A
orderdetails,0.0,N/A,N/A,N/A,N/A,N/A,N/A,N/A,N/A,unavailable,N/A,0.0,N/A,0.0,N/A,N/A,N/A,N/A,unavailable,1102.0,N/A,N/A,10321.0,S24_2972,Hidden,31.72,12.0,N/A,N/A,N/A,N/A,None,unavailable,N/A,N/A,N/A,None,None,N/A,N/A,N/A,N/A,None,Hidden,N/A,N/A
orderdetails,0.0,N/A,N/A,N/A,N/A,N/A,N/A,N/A,N/A,unavailable,N/A,0.0,N/A,0.0,N/A,N/A,N/A,N/A,unavailable,1102.0,N/A,N/A,10321.0,S24_3191,Hidden,81.33,2.0,N/A,N/A,N/A,N/A,None,unavailable,N/A,N/A,N/A,None,None,N/A,N/A,N/A,N/A,None,Hidden,N/A,N/A
orderdetails,0.0,N/A,N/A,N/A,N/A,N/A,N/A,N/A,N/A,unavailable,N/A,0.0,N/A,0.0,N/A,N/A,N/A,N/A,unavailable,1102.0,N/A,N/A,10321.0,S24_3432,Hidden,103.87,4.0,N/A,N/A,N/A,N/A,None,unavailable,N/A,N/A,N/A,None,None,N/A,N/A,N/A,N/A,None,Hidden,N/A,N/A
orderdetails,0.0,N/A,N/A,N/A,N/A,N/A,N/A,N/A,N/A,unavailable,N/A,0.0,N/A,0.0,N/A,N/A,N/A,N/A,unavailable,1102.0,N/A,N/A,10321.0,S24_3856,Hidden,137.62,13.0,N/A,N/A,N/A,N/A,None,unavailable,N/A,N/A,N/A,None,None,N/A,N/A,N/A,N/A,None,Hidden,N/A,N/A
orderdetails,0.0,N/A,N/A,N/A,N/A,N/A,N/A,N/A,N/A,unavailable,N/A,0.0,N/A,0.0,N/A,N/A,N/A,N/A,unavailable,1102.0,N/A,N/A,10322.0,S10_1949,Hidden,180.01,1.0,N/A,N/A,N/A,N/A,None,unavailable,N/A,N/A,N/A,None,None,N/A,N/A,N/A,N/A,None,Hidden,N/A,N/A
orderdetails,0.0,N/A,N/A,N/A,N/A,N/A,N/A,N/A,N/A,unavailable,N/A,0.0,N/A,0.0,N/A,N/A,N/A,N/A,unavailable,1102.0,N/A,N/A,10322.0,S10_4962,Hidden,141.83,8.0,N/A,N/A,N/A,N/A,None,unavailable,N/A,N/A,N/A,None,None,N/A,N/A,N/A,N/A,None,Hidden,N/A,N/A
orderdetails,0.0,N/A,N/A,N/A,N/A,N/A,N/A,N/A,N/A,unavailable,N/A,0.0,N/A,0.0,N/A,N/A,N/A,N/A,unavailable,1102.0,N/A,N/A,10322.0,S12_1666,Hidden,136.67,9.0,N/A,N/A,N/A,N/A,None,unavailable,N/A,N/A,N/A,None,None,N/A,N/A,N/A,N/A,None,Hidden,N/A,N/A
orderdetails,0.0,N/A,N/A,N/A,N/A,N/A,N/A,N/A,N/A,unavailable,N/A,0.0,N/A,0.0,N/A,N/A,N/A,N/A,unavailable,1102.0,N/A,N/A,10322.0,S18_1097,Hidden,101.50,10.0,N/A,N/A,N/A,N/A,None,unavailable,N/A,N/A,N/A,None,None,N/A,N/A,N/A,N/A,None,Hidden,N/A,N/A
orderdetails,0.0,N/A,N/A,N/A,N/A,N/A,N/A,N/A,N/A,unavailable,N/A,0.0,N/A,0.0,N/A,N/A,N/A,N/A,unavailable,1102.0,N/A,N/A,10322.0,S18_1342,Hidden,92.47,14.0,N/A,N/A,N/A,N/A,None,unavailable,N/A,N/A,N/A,None,None,N/A,N/A,N/A,N/A,None,Hidden,N/A,N/A
orderdetails,0.0,N/A,N/A,N/A,N/A,N/A,N/A,N/A,N/A,unavailable,N/A,0.0,N/A,0.0,N/A,N/A,N/A,N/A,unavailable,1102.0,N/A,N/A,10322.0,S18_1367,Hidden,44.21,5.0,N/A,N/A,N/A,N/A,None,unavailable,N/A,N/A,N/A,None,None,N/A,N/A,N/A,N/A,None,Hidden,N/A,N/A
orderdetails,0.0,N/A,N/A,N/A,N/A,N/A,N/A,N/A,N/A,unavailable,N/A,0.0,N/A,0.0,N/A,N/A,N/A,N/A,unavailable,1102.0,N/A,N/A,10322.0,S18_2325,Hidden,120.77,6.0,N/A,N/A,N/A,N/A,None,unavailable,N/A,N/A,N/A,None,None,N/A,N/A,N/A,N/A,None,Hidden,N/A,N/A
orderdetails,0.0,N/A,N/A,N/A,N/A,N/A,N/A,N/A,N/A,unavailable,N/A,0.0,N/A,0.0,N/A,N/A,N/A,N/A,unavailable,1102.0,N/A,N/A,10322.0,S18_2432,Hidden,57.12,11.0,N/A,N/A,N/A,N/A,None,unavailable,N/A,N/A,N/A,None,None,N/A,N/A,N/A,N/A,None,Hidden,N/A,N/A
orderdetails,0.0,N/A,N/A,N/A,N/A,N/A,N/A,N/A,N/A,unavailable,N/A,0.0,N/A,0.0,N/A,N/A,N/A,N/A,unavailable,1102.0,N/A,N/A,10322.0,S18_2795,Hidden,158.63,2.0,N/A,N/A,N/A,N/A,None,unavailable,N/A,N/A,N/A,None,None,N/A,N/A,N/A,N/A,None,Hidden,N/A,N/A
orderdetails,0.0,N/A,N/A,N/A,N/A,N/A,N/A,N/A,N/A,unavailable,N/A,0.0,N/A,0.0,N/A,N/A,N/A,N/A,unavailable,1102.0,N/A,N/A,10322.0,S18_2949,Hidden,100.30,12.0,N/A,N/A,N/A,N/A,None,unavailable,N/A,N/A,N/A,None,None,N/A,N/A,N/A,N/A,None,Hidden,N/A,N/A
orderdetails,0.0,N/A,N/A,N/A,N/A,N/A,N/A,N/A,N/A,unavailable,N/A,0.0,N/A,0.0,N/A,N/A,N/A,N/A,unavailable,1102.0,N/A,N/A,10322.0,S18_2957,Hidden,54.34,13.0,N/A,N/A,N/A,N/A,None,unavailable,N/A,N/A,N/A,None,None,N/A,N/A,N/A,N/A,None,Hidden,N/A,N/A
orderdetails,0.0,N/A,N/A,N/A,N/A,N/A,N/A,N/A,N/A,unavailable,N/A,0.0,N/A,0.0,N/A,N/A,N/A,N/A,unavailable,1102.0,N/A,N/A,10322.0,S18_3136,Hidden,90.06,7.0,N/A,N/A,N/A,N/A,None,unavailable,N/A,N/A,N/A,None,None,N/A,N/A,N/A,N/A,None,Hidden,N/A,N/A
orderdetails,0.0,N/A,N/A,N/A,N/A,N/A,N/A,N/A,N/A,unavailable,N/A,0.0,N/A,0.0,N/A,N/A,N/A,N/A,unavailable,1102.0,N/A,N/A,10322.0,S24_1937,Hidden,26.55,3.0,N/A,N/A,N/A,N/A,None,unavailable,N/A,N/A,N/A,None,None,N/A,N/A,N/A,N/A,None,Hidden,N/A,N/A
orderdetails,0.0,N/A,N/A,N/A,N/A,N/A,N/A,N/A,N/A,unavailable,N/A,0.0,N/A,0.0,N/A,N/A,N/A,N/A,unavailable,1102.0,N/A,N/A,10322.0,S24_2022,Hidden,40.77,4.0,N/A,N/A,N/A,N/A,None,unavailable,N/A,N/A,N/A,None,None,N/A,N/A,N/A,N/A,None,Hidden,N/A,N/A
orderdetails,0.0,N/A,N/A,N/A,N/A,N/A,N/A,N/A,N/A,unavailable,N/A,0.0,N/A,0.0,N/A,N/A,N/A,N/A,unavailable,1102.0,N/A,N/A,10323.0,S18_3320,Hidden,88.30,2.0,N/A,N/A,N/A,N/A,None,unavailable,N/A,N/A,N/A,None,None,N/A,N/A,N/A,N/A,None,Hidden,N/A,N/A
orderdetails,0.0,N/A,N/A,N/A,N/A,N/A,N/A,N/A,N/A,unavailable,N/A,0.0,N/A,0.0,N/A,N/A,N/A,N/A,unavailable,1102.0,N/A,N/A,10323.0,S18_4600,Hidden,96.86,1.0,N/A,N/A,N/A,N/A,None,unavailable,N/A,N/A,N/A,None,None,N/A,N/A,N/A,N/A,None,Hidden,N/A,N/A
orderdetails,0.0,N/A,N/A,N/A,N/A,N/A,N/A,N/A,N/A,unavailable,N/A,0.0,N/A,0.0,N/A,N/A,N/A,N/A,unavailable,1102.0,N/A,N/A,10324.0,S12_3148,Hidden,148.06,1.0,N/A,N/A,N/A,N/A,None,unavailable,N/A,N/A,N/A,None,None,N/A,N/A,N/A,N/A,None,Hidden,N/A,N/A
orderdetails,0.0,N/A,N/A,N/A,N/A,N/A,N/A,N/A,N/A,unavailable,N/A,0.0,N/A,0.0,N/A,N/A,N/A,N/A,unavailable,1102.0,N/A,N/A,10324.0,S12_4473,Hidden,100.73,7.0,N/A,N/A,N/A,N/A,None,unavailable,N/A,N/A,N/A,None,None,N/A,N/A,N/A,N/A,None,Hidden,N/A,N/A
orderdetails,0.0,N/A,N/A,N/A,N/A,N/A,N/A,N/A,N/A,unavailable,N/A,0.0,N/A,0.0,N/A,N/A,N/A,N/A,unavailable,1102.0,N/A,N/A,10324.0,S18_2238,Hidden,142.45,8.0,N/A,N/A,N/A,N/A,None,unavailable,N/A,N/A,N/A,None,None,N/A,N/A,N/A,N/A,None,Hidden,N/A,N/A
orderdetails,0.0,N/A,N/A,N/A,N/A,N/A,N/A,N/A,N/A,unavailable,N/A,0.0,N/A,0.0,N/A,N/A,N/A,N/A,unavailable,1102.0,N/A,N/A,10324.0,S18_2319,Hidden,105.55,10.0,N/A,N/A,N/A,N/A,None,unavailable,N/A,N/A,N/A,None,None,N/A,N/A,N/A,N/A,None,Hidden,N/A,N/A
orderdetails,0.0,N/A,N/A,N/A,N/A,N/A,N/A,N/A,N/A,unavailable,N/A,0.0,N/A,0.0,N/A,N/A,N/A,N/A,unavailable,1102.0,N/A,N/A,10324.0,S18_3232,Hidden,137.17,12.0,N/A,N/A,N/A,N/A,None,unavailable,N/A,N/A,N/A,None,None,N/A,N/A,N/A,N/A,None,Hidden,N/A,N/A
orderdetails,0.0,N/A,N/A,N/A,N/A,N/A,N/A,N/A,N/A,unavailable,N/A,0.0,N/A,0.0,N/A,N/A,N/A,N/A,unavailable,1102.0,N/A,N/A,10324.0,S18_4027,Hidden,120.64,13.0,N/A,N/A,N/A,N/A,None,unavailable,N/A,N/A,N/A,None,None,N/A,N/A,N/A,N/A,None,Hidden,N/A,N/A
orderdetails,0.0,N/A,N/A,N/A,N/A,N/A,N/A,N/A,N/A,unavailable,N/A,0.0,N/A,0.0,N/A,N/A,N/A,N/A,unavailable,1102.0,N/A,N/A,10324.0,S18_4668,Hidden,49.81,6.0,N/A,N/A,N/A,N/A,None,unavailable,N/A,N/A,N/A,None,None,N/A,N/A,N/A,N/A,None,Hidden,N/A,N/A
orderdetails,0.0,N/A,N/A,N/A,N/A,N/A,N/A,N/A,N/A,unavailable,N/A,0.0,N/A,0.0,N/A,N/A,N/A,N/A,unavailable,1102.0,N/A,N/A,10324.0,S24_1444,Hidden,49.71,14.0,N/A,N/A,N/A,N/A,None,unavailable,N/A,N/A,N/A,None,None,N/A,N/A,N/A,N/A,None,Hidden,N/A,N/A
orderdetails,0.0,N/A,N/A,N/A,N/A,N/A,N/A,N/A,N/A,unavailable,N/A,0.0,N/A,0.0,N/A,N/A,N/A,N/A,unavailable,1102.0,N/A,N/A,10324.0,S24_2300,Hidden,107.34,2.0,N/A,N/A,N/A,N/A,None,unavailable,N/A,N/A,N/A,None,None,N/A,N/A,N/A,N/A,None,Hidden,N/A,N/A
orderdetails,0.0,N/A,N/A,N/A,N/A,N/A,N/A,N/A,N/A,unavailable,N/A,0.0,N/A,0.0,N/A,N/A,N/A,N/A,unavailable,1102.0,N/A,N/A,10324.0,S24_2840,Hidden,29.35,9.0,N/A,N/A,N/A,N/A,None,unavailable,N/A,N/A,N/A,None,None,N/A,N/A,N/A,N/A,None,Hidden,N/A,N/A
orderdetails,0.0,N/A,N/A,N/A,N/A,N/A,N/A,N/A,N/A,unavailable,N/A,0.0,N/A,0.0,N/A,N/A,N/A,N/A,unavailable,1102.0,N/A,N/A,10324.0,S24_4258,Hidden,95.44,3.0,N/A,N/A,N/A,N/A,None,unavailable,N/A,N/A,N/A,None,None,N/A,N/A,N/A,N/A,None,Hidden,N/A,N/A
orderdetails,0.0,N/A,N/A,N/A,N/A,N/A,N/A,N/A,N/A,unavailable,N/A,0.0,N/A,0.0,N/A,N/A,N/A,N/A,unavailable,1102.0,N/A,N/A,10324.0,S32_1268,Hidden,91.49,11.0,N/A,N/A,N/A,N/A,None,unavailable,N/A,N/A,N/A,None,None,N/A,N/A,N/A,N/A,None,Hidden,N/A,N/A
orderdetails,0.0,N/A,N/A,N/A,N/A,N/A,N/A,N/A,N/A,unavailable,N/A,0.0,N/A,0.0,N/A,N/A,N/A,N/A,unavailable,1102.0,N/A,N/A,10324.0,S32_3522,Hidden,60.76,4.0,N/A,N/A,N/A,N/A,None,unavailable,N/A,N/A,N/A,None,None,N/A,N/A,N/A,N/A,None,Hidden,N/A,N/A
orderdetails,0.0,N/A,N/A,N/A,N/A,N/A,N/A,N/A,N/A,unavailable,N/A,0.0,N/A,0.0,N/A,N/A,N/A,N/A,unavailable,1102.0,N/A,N/A,10324.0,S700_2824,Hidden,80.92,5.0,N/A,N/A,N/A,N/A,None,unavailable,N/A,N/A,N/A,None,None,N/A,N/A,N/A,N/A,None,Hidden,N/A,N/A
orderdetails,0.0,N/A,N/A,N/A,N/A,N/A,N/A,N/A,N/A,unavailable,N/A,0.0,N/A,0.0,N/A,N/A,N/A,N/A,unavailable,1102.0,N/A,N/A,10325.0,S10_4757,Hidden,111.52,6.0,N/A,N/A,N/A,N/A,None,unavailable,N/A,N/A,N/A,None,None,N/A,N/A,N/A,N/A,None,Hidden,N/A,N/A
orderdetails,0.0,N/A,N/A,N/A,N/A,N/A,N/A,N/A,N/A,unavailable,N/A,0.0,N/A,0.0,N/A,N/A,N/A,N/A,unavailable,1102.0,N/A,N/A,10325.0,S12_1108,Hidden,193.25,8.0,N/A,N/A,N/A,N/A,None,unavailable,N/A,N/A,N/A,None,None,N/A,N/A,N/A,N/A,None,Hidden,N/A,N/A
orderdetails,0.0,N/A,N/A,N/A,N/A,N/A,N/A,N/A,N/A,unavailable,N/A,0.0,N/A,0.0,N/A,N/A,N/A,N/A,unavailable,1102.0,N/A,N/A,10325.0,S12_3891,Hidden,166.10,1.0,N/A,N/A,N/A,N/A,None,unavailable,N/A,N/A,N/A,None,None,N/A,N/A,N/A,N/A,None,Hidden,N/A,N/A
orderdetails,0.0,N/A,N/A,N/A,N/A,N/A,N/A,N/A,N/A,unavailable,N/A,0.0,N/A,0.0,N/A,N/A,N/A,N/A,unavailable,1102.0,N/A,N/A,10325.0,S18_3140,Hidden,114.74,9.0,N/A,N/A,N/A,N/A,None,unavailable,N/A,N/A,N/A,None,None,N/A,N/A,N/A,N/A,None,Hidden,N/A,N/A
orderdetails,0.0,N/A,N/A,N/A,N/A,N/A,N/A,N/A,N/A,unavailable,N/A,0.0,N/A,0.0,N/A,N/A,N/A,N/A,unavailable,1102.0,N/A,N/A,10325.0,S24_4048,Hidden,114.73,5.0,N/A,N/A,N/A,N/A,None,unavailable,N/A,N/A,N/A,None,None,N/A,N/A,N/A,N/A,None,Hidden,N/A,N/A
orderdetails,0.0,N/A,N/A,N/A,N/A,N/A,N/A,N/A,N/A,unavailable,N/A,0.0,N/A,0.0,N/A,N/A,N/A,N/A,unavailable,1102.0,N/A,N/A,10325.0,S32_2509,Hidden,44.37,3.0,N/A,N/A,N/A,N/A,None,unavailable,N/A,N/A,N/A,None,None,N/A,N/A,N/A,N/A,None,Hidden,N/A,N/A
orderdetails,0.0,N/A,N/A,N/A,N/A,N/A,N/A,N/A,N/A,unavailable,N/A,0.0,N/A,0.0,N/A,N/A,N/A,N/A,unavailable,1102.0,N/A,N/A,10325.0,S32_3207,Hidden,55.30,2.0,N/A,N/A,N/A,N/A,None,unavailable,N/A,N/A,N/A,None,None,N/A,N/A,N/A,N/A,None,Hidden,N/A,N/A
orderdetails,0.0,N/A,N/A,N/A,N/A,N/A,N/A,N/A,N/A,unavailable,N/A,0.0,N/A,0.0,N/A,N/A,N/A,N/A,unavailable,1102.0,N/A,N/A,10325.0,S50_1392,Hidden,99.55,4.0,N/A,N/A,N/A,N/A,None,unavailable,N/A,N/A,N/A,None,None,N/A,N/A,N/A,N/A,None,Hidden,N/A,N/A
orderdetails,0.0,N/A,N/A,N/A,N/A,N/A,N/A,N/A,N/A,unavailable,N/A,0.0,N/A,0.0,N/A,N/A,N/A,N/A,unavailable,1102.0,N/A,N/A,10325.0,S50_1514,Hidden,56.24,7.0,N/A,N/A,N/A,N/A,None,unavailable,N/A,N/A,N/A,None,None,N/A,N/A,N/A,N/A,None,Hidden,N/A,N/A
orderdetails,0.0,N/A,N/A,N/A,N/A,N/A,N/A,N/A,N/A,unavailable,N/A,0.0,N/A,0.0,N/A,N/A,N/A,N/A,unavailable,1102.0,N/A,N/A,10326.0,S18_3259,Hidden,94.79,6.0,N/A,N/A,N/A,N/A,None,unavailable,N/A,N/A,N/A,None,None,N/A,N/A,N/A,N/A,None,Hidden,N/A,N/A
orderdetails,0.0,N/A,N/A,N/A,N/A,N/A,N/A,N/A,N/A,unavailable,N/A,0.0,N/A,0.0,N/A,N/A,N/A,N/A,unavailable,1102.0,N/A,N/A,10326.0,S18_4522,Hidden,73.73,5.0,N/A,N/A,N/A,N/A,None,unavailable,N/A,N/A,N/A,None,None,N/A,N/A,N/A,N/A,None,Hidden,N/A,N/A
orderdetails,0.0,N/A,N/A,N/A,N/A,N/A,N/A,N/A,N/A,unavailable,N/A,0.0,N/A,0.0,N/A,N/A,N/A,N/A,unavailable,1102.0,N/A,N/A,10326.0,S24_2011,Hidden,120.43,4.0,N/A,N/A,N/A,N/A,None,unavailable,N/A,N/A,N/A,None,None,N/A,N/A,N/A,N/A,None,Hidden,N/A,N/A
orderdetails,0.0,N/A,N/A,N/A,N/A,N/A,N/A,N/A,N/A,unavailable,N/A,0.0,N/A,0.0,N/A,N/A,N/A,N/A,unavailable,1102.0,N/A,N/A,10326.0,S24_3151,Hidden,86.74,3.0,N/A,N/A,N/A,N/A,None,unavailable,N/A,N/A,N/A,None,None,N/A,N/A,N/A,N/A,None,Hidden,N/A,N/A
orderdetails,0.0,N/A,N/A,N/A,N/A,N/A,N/A,N/A,N/A,unavailable,N/A,0.0,N/A,0.0,N/A,N/A,N/A,N/A,unavailable,1102.0,N/A,N/A,10326.0,S24_3816,Hidden,81.34,2.0,N/A,N/A,N/A,N/A,None,unavailable,N/A,N/A,N/A,None,None,N/A,N/A,N/A,N/A,None,Hidden,N/A,N/A
orderdetails,0.0,N/A,N/A,N/A,N/A,N/A,N/A,N/A,N/A,unavailable,N/A,0.0,N/A,0.0,N/A,N/A,N/A,N/A,unavailable,1102.0,N/A,N/A,10326.0,S700_1138,Hidden,60.67,1.0,N/A,N/A,N/A,N/A,None,unavailable,N/A,N/A,N/A,None,None,N/A,N/A,N/A,N/A,None,Hidden,N/A,N/A
orderdetails,0.0,N/A,N/A,N/A,N/A,N/A,N/A,N/A,N/A,unavailable,N/A,0.0,N/A,0.0,N/A,N/A,N/A,N/A,unavailable,1102.0,N/A,N/A,10327.0,S18_1662,Hidden,154.54,6.0,N/A,N/A,N/A,N/A,None,unavailable,N/A,N/A,N/A,None,None,N/A,N/A,N/A,N/A,None,Hidden,N/A,N/A
orderdetails,0.0,N/A,N/A,N/A,N/A,N/A,N/A,N/A,N/A,unavailable,N/A,0.0,N/A,0.0,N/A,N/A,N/A,N/A,unavailable,1102.0,N/A,N/A,10327.0,S18_2581,Hidden,74.34,8.0,N/A,N/A,N/A,N/A,None,unavailable,N/A,N/A,N/A,None,None,N/A,N/A,N/A,N/A,None,Hidden,N/A,N/A
orderdetails,0.0,N/A,N/A,N/A,N/A,N/A,N/A,N/A,N/A,unavailable,N/A,0.0,N/A,0.0,N/A,N/A,N/A,N/A,unavailable,1102.0,N/A,N/A,10327.0,S18_3029,Hidden,74.84,5.0,N/A,N/A,N/A,N/A,None,unavailable,N/A,N/A,N/A,None,None,N/A,N/A,N/A,N/A,None,Hidden,N/A,N/A
orderdetails,0.0,N/A,N/A,N/A,N/A,N/A,N/A,N/A,N/A,unavailable,N/A,0.0,N/A,0.0,N/A,N/A,N/A,N/A,unavailable,1102.0,N/A,N/A,10327.0,S700_1938,Hidden,79.68,7.0,N/A,N/A,N/A,N/A,None,unavailable,N/A,N/A,N/A,None,None,N/A,N/A,N/A,N/A,None,Hidden,N/A,N/A
orderdetails,0.0,N/A,N/A,N/A,N/A,N/A,N/A,N/A,N/A,unavailable,N/A,0.0,N/A,0.0,N/A,N/A,N/A,N/A,unavailable,1102.0,N/A,N/A,10327.0,S700_2610,Hidden,65.05,1.0,N/A,N/A,N/A,N/A,None,unavailable,N/A,N/A,N/A,None,None,N/A,N/A,N/A,N/A,None,Hidden,N/A,N/A
orderdetails,0.0,N/A,N/A,N/A,N/A,N/A,N/A,N/A,N/A,unavailable,N/A,0.0,N/A,0.0,N/A,N/A,N/A,N/A,unavailable,1102.0,N/A,N/A,10327.0,S700_3505,Hidden,85.14,2.0,N/A,N/A,N/A,N/A,None,unavailable,N/A,N/A,N/A,None,None,N/A,N/A,N/A,N/A,None,Hidden,N/A,N/A
orderdetails,0.0,N/A,N/A,N/A,N/A,N/A,N/A,N/A,N/A,unavailable,N/A,0.0,N/A,0.0,N/A,N/A,N/A,N/A,unavailable,1102.0,N/A,N/A,10327.0,S700_3962,Hidden,83.42,3.0,N/A,N/A,N/A,N/A,None,unavailable,N/A,N/A,N/A,None,None,N/A,N/A,N/A,N/A,None,Hidden,N/A,N/A
orderdetails,0.0,N/A,N/A,N/A,N/A,N/A,N/A,N/A,N/A,unavailable,N/A,0.0,N/A,0.0,N/A,N/A,N/A,N/A,unavailable,1102.0,N/A,N/A,10327.0,S72_3212,Hidden,48.05,4.0,N/A,N/A,N/A,N/A,None,unavailable,N/A,N/A,N/A,None,None,N/A,N/A,N/A,N/A,None,Hidden,N/A,N/A
orderdetails,0.0,N/A,N/A,N/A,N/A,N/A,N/A,N/A,N/A,unavailable,N/A,0.0,N/A,0.0,N/A,N/A,N/A,N/A,unavailable,1102.0,N/A,N/A,10328.0,S18_3856,Hidden,104.81,6.0,N/A,N/A,N/A,N/A,None,unavailable,N/A,N/A,N/A,None,None,N/A,N/A,N/A,N/A,None,Hidden,N/A,N/A
orderdetails,0.0,N/A,N/A,N/A,N/A,N/A,N/A,N/A,N/A,unavailable,N/A,0.0,N/A,0.0,N/A,N/A,N/A,N/A,unavailable,1102.0,N/A,N/A,10328.0,S24_1785,Hidden,87.54,14.0,N/A,N/A,N/A,N/A,None,unavailable,N/A,N/A,N/A,None,None,N/A,N/A,N/A,N/A,None,Hidden,N/A,N/A
orderdetails,0.0,N/A,N/A,N/A,N/A,N/A,N/A,N/A,N/A,unavailable,N/A,0.0,N/A,0.0,N/A,N/A,N/A,N/A,unavailable,1102.0,N/A,N/A,10328.0,S24_2841,Hidden,67.82,1.0,N/A,N/A,N/A,N/A,None,unavailable,N/A,N/A,N/A,None,None,N/A,N/A,N/A,N/A,None,Hidden,N/A,N/A
orderdetails,0.0,N/A,N/A,N/A,N/A,N/A,N/A,N/A,N/A,unavailable,N/A,0.0,N/A,0.0,N/A,N/A,N/A,N/A,unavailable,1102.0,N/A,N/A,10328.0,S24_3420,Hidden,56.55,2.0,N/A,N/A,N/A,N/A,None,unavailable,N/A,N/A,N/A,None,None,N/A,N/A,N/A,N/A,None,Hidden,N/A,N/A
orderdetails,0.0,N/A,N/A,N/A,N/A,N/A,N/A,N/A,N/A,unavailable,N/A,0.0,N/A,0.0,N/A,N/A,N/A,N/A,unavailable,1102.0,N/A,N/A,10328.0,S24_3949,Hidden,55.96,3.0,N/A,N/A,N/A,N/A,None,unavailable,N/A,N/A,N/A,None,None,N/A,N/A,N/A,N/A,None,Hidden,N/A,N/A
orderdetails,0.0,N/A,N/A,N/A,N/A,N/A,N/A,N/A,N/A,unavailable,N/A,0.0,N/A,0.0,N/A,N/A,N/A,N/A,unavailable,1102.0,N/A,N/A,10328.0,S24_4278,Hidden,69.55,4.0,N/A,N/A,N/A,N/A,None,unavailable,N/A,N/A,N/A,None,None,N/A,N/A,N/A,N/A,None,Hidden,N/A,N/A
orderdetails,0.0,N/A,N/A,N/A,N/A,N/A,N/A,N/A,N/A,unavailable,N/A,0.0,N/A,0.0,N/A,N/A,N/A,N/A,unavailable,1102.0,N/A,N/A,10328.0,S32_4289,Hidden,57.10,5.0,N/A,N/A,N/A,N/A,None,unavailable,N/A,N/A,N/A,None,None,N/A,N/A,N/A,N/A,None,Hidden,N/A,N/A
orderdetails,0.0,N/A,N/A,N/A,N/A,N/A,N/A,N/A,N/A,unavailable,N/A,0.0,N/A,0.0,N/A,N/A,N/A,N/A,unavailable,1102.0,N/A,N/A,10328.0,S50_1341,Hidden,42.33,7.0,N/A,N/A,N/A,N/A,None,unavailable,N/A,N/A,N/A,None,None,N/A,N/A,N/A,N/A,None,Hidden,N/A,N/A
orderdetails,0.0,N/A,N/A,N/A,N/A,N/A,N/A,N/A,N/A,unavailable,N/A,0.0,N/A,0.0,N/A,N/A,N/A,N/A,unavailable,1102.0,N/A,N/A,10328.0,S700_1691,Hidden,84.03,8.0,N/A,N/A,N/A,N/A,None,unavailable,N/A,N/A,N/A,None,None,N/A,N/A,N/A,N/A,None,Hidden,N/A,N/A
orderdetails,0.0,N/A,N/A,N/A,N/A,N/A,N/A,N/A,N/A,unavailable,N/A,0.0,N/A,0.0,N/A,N/A,N/A,N/A,unavailable,1102.0,N/A,N/A,10328.0,S700_2047,Hidden,75.13,9.0,N/A,N/A,N/A,N/A,None,unavailable,N/A,N/A,N/A,None,None,N/A,N/A,N/A,N/A,None,Hidden,N/A,N/A
orderdetails,0.0,N/A,N/A,N/A,N/A,N/A,N/A,N/A,N/A,unavailable,N/A,0.0,N/A,0.0,N/A,N/A,N/A,N/A,unavailable,1102.0,N/A,N/A,10328.0,S700_2466,Hidden,95.73,10.0,N/A,N/A,N/A,N/A,None,unavailable,N/A,N/A,N/A,None,None,N/A,N/A,N/A,N/A,None,Hidden,N/A,N/A
orderdetails,0.0,N/A,N/A,N/A,N/A,N/A,N/A,N/A,N/A,unavailable,N/A,0.0,N/A,0.0,N/A,N/A,N/A,N/A,unavailable,1102.0,N/A,N/A,10328.0,S700_2834,Hidden,117.46,11.0,N/A,N/A,N/A,N/A,None,unavailable,N/A,N/A,N/A,None,None,N/A,N/A,N/A,N/A,None,Hidden,N/A,N/A
orderdetails,0.0,N/A,N/A,N/A,N/A,N/A,N/A,N/A,N/A,unavailable,N/A,0.0,N/A,0.0,N/A,N/A,N/A,N/A,unavailable,1102.0,N/A,N/A,10328.0,S700_3167,Hidden,71.20,13.0,N/A,N/A,N/A,N/A,None,unavailable,N/A,N/A,N/A,None,None,N/A,N/A,N/A,N/A,None,Hidden,N/A,N/A
orderdetails,0.0,N/A,N/A,N/A,N/A,N/A,N/A,N/A,N/A,unavailable,N/A,0.0,N/A,0.0,N/A,N/A,N/A,N/A,unavailable,1102.0,N/A,N/A,10328.0,S700_4002,Hidden,69.59,12.0,N/A,N/A,N/A,N/A,None,unavailable,N/A,N/A,N/A,None,None,N/A,N/A,N/A,N/A,None,Hidden,N/A,N/A
orderdetails,0.0,N/A,N/A,N/A,N/A,N/A,N/A,N/A,N/A,unavailable,N/A,0.0,N/A,0.0,N/A,N/A,N/A,N/A,unavailable,1102.0,N/A,N/A,10329.0,S10_1678,Hidden,80.39,1.0,N/A,N/A,N/A,N/A,None,unavailable,N/A,N/A,N/A,None,None,N/A,N/A,N/A,N/A,None,Hidden,N/A,N/A
orderdetails,0.0,N/A,N/A,N/A,N/A,N/A,N/A,N/A,N/A,unavailable,N/A,0.0,N/A,0.0,N/A,N/A,N/A,N/A,unavailable,1102.0,N/A,N/A,10329.0,S10_2016,Hidden,109.42,2.0,N/A,N/A,N/A,N/A,None,unavailable,N/A,N/A,N/A,None,None,N/A,N/A,N/A,N/A,None,Hidden,N/A,N/A
orderdetails,0.0,N/A,N/A,N/A,N/A,N/A,N/A,N/A,N/A,unavailable,N/A,0.0,N/A,0.0,N/A,N/A,N/A,N/A,unavailable,1102.0,N/A,N/A,10329.0,S10_4698,Hidden,164.61,3.0,N/A,N/A,N/A,N/A,None,unavailable,N/A,N/A,N/A,None,None,N/A,N/A,N/A,N/A,None,Hidden,N/A,N/A
orderdetails,0.0,N/A,N/A,N/A,N/A,N/A,N/A,N/A,N/A,unavailable,N/A,0.0,N/A,0.0,N/A,N/A,N/A,N/A,unavailable,1102.0,N/A,N/A,10329.0,S12_1099,Hidden,182.90,5.0,N/A,N/A,N/A,N/A,None,unavailable,N/A,N/A,N/A,None,None,N/A,N/A,N/A,N/A,None,Hidden,N/A,N/A
orderdetails,0.0,N/A,N/A,N/A,N/A,N/A,N/A,N/A,N/A,unavailable,N/A,0.0,N/A,0.0,N/A,N/A,N/A,N/A,unavailable,1102.0,N/A,N/A,10329.0,S12_2823,Hidden,128.03,6.0,N/A,N/A,N/A,N/A,None,unavailable,N/A,N/A,N/A,None,None,N/A,N/A,N/A,N/A,None,Hidden,N/A,N/A
orderdetails,0.0,N/A,N/A,N/A,N/A,N/A,N/A,N/A,N/A,unavailable,N/A,0.0,N/A,0.0,N/A,N/A,N/A,N/A,unavailable,1102.0,N/A,N/A,10329.0,S12_3380,Hidden,117.44,13.0,N/A,N/A,N/A,N/A,None,unavailable,N/A,N/A,N/A,None,None,N/A,N/A,N/A,N/A,None,Hidden,N/A,N/A
orderdetails,0.0,N/A,N/A,N/A,N/A,N/A,N/A,N/A,N/A,unavailable,N/A,0.0,N/A,0.0,N/A,N/A,N/A,N/A,unavailable,1102.0,N/A,N/A,10329.0,S12_3990,Hidden,74.21,14.0,N/A,N/A,N/A,N/A,None,unavailable,N/A,N/A,N/A,None,None,N/A,N/A,N/A,N/A,None,Hidden,N/A,N/A
orderdetails,0.0,N/A,N/A,N/A,N/A,N/A,N/A,N/A,N/A,unavailable,N/A,0.0,N/A,0.0,N/A,N/A,N/A,N/A,unavailable,1102.0,N/A,N/A,10329.0,S12_4675,Hidden,102.49,15.0,N/A,N/A,N/A,N/A,None,unavailable,N/A,N/A,N/A,None,None,N/A,N/A,N/A,N/A,None,Hidden,N/A,N/A
orderdetails,0.0,N/A,N/A,N/A,N/A,N/A,N/A,N/A,N/A,unavailable,N/A,0.0,N/A,0.0,N/A,N/A,N/A,N/A,unavailable,1102.0,N/A,N/A,10329.0,S18_1889,Hidden,66.22,9.0,N/A,N/A,N/A,N/A,None,unavailable,N/A,N/A,N/A,None,None,N/A,N/A,N/A,N/A,None,Hidden,N/A,N/A
orderdetails,0.0,N/A,N/A,N/A,N/A,N/A,N/A,N/A,N/A,unavailable,N/A,0.0,N/A,0.0,N/A,N/A,N/A,N/A,unavailable,1102.0,N/A,N/A,10329.0,S18_2625,Hidden,55.72,12.0,N/A,N/A,N/A,N/A,None,unavailable,N/A,N/A,N/A,None,None,N/A,N/A,N/A,N/A,None,Hidden,N/A,N/A
orderdetails,0.0,N/A,N/A,N/A,N/A,N/A,N/A,N/A,N/A,unavailable,N/A,0.0,N/A,0.0,N/A,N/A,N/A,N/A,unavailable,1102.0,N/A,N/A,10329.0,S18_3278,Hidden,65.13,10.0,N/A,N/A,N/A,N/A,None,unavailable,N/A,N/A,N/A,None,None,N/A,N/A,N/A,N/A,None,Hidden,N/A,N/A
orderdetails,0.0,N/A,N/A,N/A,N/A,N/A,N/A,N/A,N/A,unavailable,N/A,0.0,N/A,0.0,N/A,N/A,N/A,N/A,unavailable,1102.0,N/A,N/A,10329.0,S24_1578,Hidden,104.81,7.0,N/A,N/A,N/A,N/A,None,unavailable,N/A,N/A,N/A,None,None,N/A,N/A,N/A,N/A,None,Hidden,N/A,N/A
orderdetails,0.0,N/A,N/A,N/A,N/A,N/A,N/A,N/A,N/A,unavailable,N/A,0.0,N/A,0.0,N/A,N/A,N/A,N/A,unavailable,1102.0,N/A,N/A,10329.0,S24_2000,Hidden,71.60,4.0,N/A,N/A,N/A,N/A,None,unavailable,N/A,N/A,N/A,None,None,N/A,N/A,N/A,N/A,None,Hidden,N/A,N/A
orderdetails,0.0,N/A,N/A,N/A,N/A,N/A,N/A,N/A,N/A,unavailable,N/A,0.0,N/A,0.0,N/A,N/A,N/A,N/A,unavailable,1102.0,N/A,N/A,10329.0,S32_1374,Hidden,80.91,11.0,N/A,N/A,N/A,N/A,None,unavailable,N/A,N/A,N/A,None,None,N/A,N/A,N/A,N/A,None,Hidden,N/A,N/A
orderdetails,0.0,N/A,N/A,N/A,N/A,N/A,N/A,N/A,N/A,unavailable,N/A,0.0,N/A,0.0,N/A,N/A,N/A,N/A,unavailable,1102.0,N/A,N/A,10329.0,S72_1253,Hidden,41.22,8.0,N/A,N/A,N/A,N/A,None,unavailable,N/A,N/A,N/A,None,None,N/A,N/A,N/A,N/A,None,Hidden,N/A,N/A
orderdetails,0.0,N/A,N/A,N/A,N/A,N/A,N/A,N/A,N/A,unavailable,N/A,0.0,N/A,0.0,N/A,N/A,N/A,N/A,unavailable,1102.0,N/A,N/A,10330.0,S18_3482,Hidden,136.70,3.0,N/A,N/A,N/A,N/A,None,unavailable,N/A,N/A,N/A,None,None,N/A,N/A,N/A,N/A,None,Hidden,N/A,N/A
orderdetails,0.0,N/A,N/A,N/A,N/A,N/A,N/A,N/A,N/A,unavailable,N/A,0.0,N/A,0.0,N/A,N/A,N/A,N/A,unavailable,1102.0,N/A,N/A,10330.0,S18_3782,Hidden,59.06,2.0,N/A,N/A,N/A,N/A,None,unavailable,N/A,N/A,N/A,None,None,N/A,N/A,N/A,N/A,None,Hidden,N/A,N/A
orderdetails,0.0,N/A,N/A,N/A,N/A,N/A,N/A,N/A,N/A,unavailable,N/A,0.0,N/A,0.0,N/A,N/A,N/A,N/A,unavailable,1102.0,N/A,N/A,10330.0,S18_4721,Hidden,133.92,4.0,N/A,N/A,N/A,N/A,None,unavailable,N/A,N/A,N/A,None,None,N/A,N/A,N/A,N/A,None,Hidden,N/A,N/A
orderdetails,0.0,N/A,N/A,N/A,N/A,N/A,N/A,N/A,N/A,unavailable,N/A,0.0,N/A,0.0,N/A,N/A,N/A,N/A,unavailable,1102.0,N/A,N/A,10330.0,S24_2360,Hidden,56.10,1.0,N/A,N/A,N/A,N/A,None,unavailable,N/A,N/A,N/A,None,None,N/A,N/A,N/A,N/A,None,Hidden,N/A,N/A
orderdetails,0.0,N/A,N/A,N/A,N/A,N/A,N/A,N/A,N/A,unavailable,N/A,0.0,N/A,0.0,N/A,N/A,N/A,N/A,unavailable,1102.0,N/A,N/A,10331.0,S18_1129,Hidden,120.31,6.0,N/A,N/A,N/A,N/A,None,unavailable,N/A,N/A,N/A,None,None,N/A,N/A,N/A,N/A,None,Hidden,N/A,N/A
orderdetails,0.0,N/A,N/A,N/A,N/A,N/A,N/A,N/A,N/A,unavailable,N/A,0.0,N/A,0.0,N/A,N/A,N/A,N/A,unavailable,1102.0,N/A,N/A,10331.0,S18_1589,Hidden,99.55,14.0,N/A,N/A,N/A,N/A,None,unavailable,N/A,N/A,N/A,None,None,N/A,N/A,N/A,N/A,None,Hidden,N/A,N/A
orderdetails,0.0,N/A,N/A,N/A,N/A,N/A,N/A,N/A,N/A,unavailable,N/A,0.0,N/A,0.0,N/A,N/A,N/A,N/A,unavailable,1102.0,N/A,N/A,10331.0,S18_1749,Hidden,154.70,7.0,N/A,N/A,N/A,N/A,None,unavailable,N/A,N/A,N/A,None,None,N/A,N/A,N/A,N/A,None,Hidden,N/A,N/A
orderdetails,0.0,N/A,N/A,N/A,N/A,N/A,N/A,N/A,N/A,unavailable,N/A,0.0,N/A,0.0,N/A,N/A,N/A,N/A,unavailable,1102.0,N/A,N/A,10331.0,S18_1984,Hidden,135.14,8.0,N/A,N/A,N/A,N/A,None,unavailable,N/A,N/A,N/A,None,None,N/A,N/A,N/A,N/A,None,Hidden,N/A,N/A
orderdetails,0.0,N/A,N/A,N/A,N/A,N/A,N/A,N/A,N/A,unavailable,N/A,0.0,N/A,0.0,N/A,N/A,N/A,N/A,unavailable,1102.0,N/A,N/A,10331.0,S18_2870,Hidden,130.68,10.0,N/A,N/A,N/A,N/A,None,unavailable,N/A,N/A,N/A,None,None,N/A,N/A,N/A,N/A,None,Hidden,N/A,N/A
orderdetails,0.0,N/A,N/A,N/A,N/A,N/A,N/A,N/A,N/A,unavailable,N/A,0.0,N/A,0.0,N/A,N/A,N/A,N/A,unavailable,1102.0,N/A,N/A,10331.0,S18_3232,Hidden,169.34,11.0,N/A,N/A,N/A,N/A,None,unavailable,N/A,N/A,N/A,None,None,N/A,N/A,N/A,N/A,None,Hidden,N/A,N/A
orderdetails,0.0,N/A,N/A,N/A,N/A,N/A,N/A,N/A,N/A,unavailable,N/A,0.0,N/A,0.0,N/A,N/A,N/A,N/A,unavailable,1102.0,N/A,N/A,10331.0,S18_3685,Hidden,132.80,12.0,N/A,N/A,N/A,N/A,None,unavailable,N/A,N/A,N/A,None,None,N/A,N/A,N/A,N/A,None,Hidden,N/A,N/A
orderdetails,0.0,N/A,N/A,N/A,N/A,N/A,N/A,N/A,N/A,unavailable,N/A,0.0,N/A,0.0,N/A,N/A,N/A,N/A,unavailable,1102.0,N/A,N/A,10331.0,S24_2972,Hidden,37.00,13.0,N/A,N/A,N/A,N/A,None,unavailable,N/A,N/A,N/A,None,None,N/A,N/A,N/A,N/A,None,Hidden,N/A,N/A
orderdetails,0.0,N/A,N/A,N/A,N/A,N/A,N/A,N/A,N/A,unavailable,N/A,0.0,N/A,0.0,N/A,N/A,N/A,N/A,unavailable,1102.0,N/A,N/A,10331.0,S24_3371,Hidden,55.11,9.0,N/A,N/A,N/A,N/A,None,unavailable,N/A,N/A,N/A,None,None,N/A,N/A,N/A,N/A,None,Hidden,N/A,N/A
orderdetails,0.0,N/A,N/A,N/A,N/A,N/A,N/A,N/A,N/A,unavailable,N/A,0.0,N/A,0.0,N/A,N/A,N/A,N/A,unavailable,1102.0,N/A,N/A,10331.0,S24_3856,Hidden,139.03,1.0,N/A,N/A,N/A,N/A,None,unavailable,N/A,N/A,N/A,None,None,N/A,N/A,N/A,N/A,None,Hidden,N/A,N/A
orderdetails,0.0,N/A,N/A,N/A,N/A,N/A,N/A,N/A,N/A,unavailable,N/A,0.0,N/A,0.0,N/A,N/A,N/A,N/A,unavailable,1102.0,N/A,N/A,10331.0,S24_4620,Hidden,70.33,2.0,N/A,N/A,N/A,N/A,None,unavailable,N/A,N/A,N/A,None,None,N/A,N/A,N/A,N/A,None,Hidden,N/A,N/A
orderdetails,0.0,N/A,N/A,N/A,N/A,N/A,N/A,N/A,N/A,unavailable,N/A,0.0,N/A,0.0,N/A,N/A,N/A,N/A,unavailable,1102.0,N/A,N/A,10331.0,S32_2206,Hidden,33.39,3.0,N/A,N/A,N/A,N/A,None,unavailable,N/A,N/A,N/A,None,None,N/A,N/A,N/A,N/A,None,Hidden,N/A,N/A
orderdetails,0.0,N/A,N/A,N/A,N/A,N/A,N/A,N/A,N/A,unavailable,N/A,0.0,N/A,0.0,N/A,N/A,N/A,N/A,unavailable,1102.0,N/A,N/A,10331.0,S32_4485,Hidden,100.01,4.0,N/A,N/A,N/A,N/A,None,unavailable,N/A,N/A,N/A,None,None,N/A,N/A,N/A,N/A,None,Hidden,N/A,N/A
orderdetails,0.0,N/A,N/A,N/A,N/A,N/A,N/A,N/A,N/A,unavailable,N/A,0.0,N/A,0.0,N/A,N/A,N/A,N/A,unavailable,1102.0,N/A,N/A,10331.0,S50_4713,Hidden,74.04,5.0,N/A,N/A,N/A,N/A,None,unavailable,N/A,N/A,N/A,None,None,N/A,N/A,N/A,N/A,None,Hidden,N/A,N/A
orderdetails,0.0,N/A,N/A,N/A,N/A,N/A,N/A,N/A,N/A,unavailable,N/A,0.0,N/A,0.0,N/A,N/A,N/A,N/A,unavailable,1102.0,N/A,N/A,10332.0,S18_1342,Hidden,89.38,15.0,N/A,N/A,N/A,N/A,None,unavailable,N/A,N/A,N/A,None,None,N/A,N/A,N/A,N/A,None,Hidden,N/A,N/A
orderdetails,0.0,N/A,N/A,N/A,N/A,N/A,N/A,N/A,N/A,unavailable,N/A,0.0,N/A,0.0,N/A,N/A,N/A,N/A,unavailable,1102.0,N/A,N/A,10332.0,S18_1367,Hidden,51.21,16.0,N/A,N/A,N/A,N/A,None,unavailable,N/A,N/A,N/A,None,None,N/A,N/A,N/A,N/A,None,Hidden,N/A,N/A
orderdetails,0.0,N/A,N/A,N/A,N/A,N/A,N/A,N/A,N/A,unavailable,N/A,0.0,N/A,0.0,N/A,N/A,N/A,N/A,unavailable,1102.0,N/A,N/A,10332.0,S18_2248,Hidden,53.88,9.0,N/A,N/A,N/A,N/A,None,unavailable,N/A,N/A,N/A,None,None,N/A,N/A,N/A,N/A,None,Hidden,N/A,N/A
orderdetails,0.0,N/A,N/A,N/A,N/A,N/A,N/A,N/A,N/A,unavailable,N/A,0.0,N/A,0.0,N/A,N/A,N/A,N/A,unavailable,1102.0,N/A,N/A,10332.0,S18_2325,Hidden,116.96,8.0,N/A,N/A,N/A,N/A,None,unavailable,N/A,N/A,N/A,None,None,N/A,N/A,N/A,N/A,None,Hidden,N/A,N/A
orderdetails,0.0,N/A,N/A,N/A,N/A,N/A,N/A,N/A,N/A,unavailable,N/A,0.0,N/A,0.0,N/A,N/A,N/A,N/A,unavailable,1102.0,N/A,N/A,10332.0,S18_2795,Hidden,138.38,1.0,N/A,N/A,N/A,N/A,None,unavailable,N/A,N/A,N/A,None,None,N/A,N/A,N/A,N/A,None,Hidden,N/A,N/A
orderdetails,0.0,N/A,N/A,N/A,N/A,N/A,N/A,N/A,N/A,unavailable,N/A,0.0,N/A,0.0,N/A,N/A,N/A,N/A,unavailable,1102.0,N/A,N/A,10332.0,S18_2957,Hidden,53.09,17.0,N/A,N/A,N/A,N/A,None,unavailable,N/A,N/A,N/A,None,None,N/A,N/A,N/A,N/A,None,Hidden,N/A,N/A
orderdetails,0.0,N/A,N/A,N/A,N/A,N/A,N/A,N/A,N/A,unavailable,N/A,0.0,N/A,0.0,N/A,N/A,N/A,N/A,unavailable,1102.0,N/A,N/A,10332.0,S18_3136,Hidden,100.53,18.0,N/A,N/A,N/A,N/A,None,unavailable,N/A,N/A,N/A,None,None,N/A,N/A,N/A,N/A,None,Hidden,N/A,N/A
orderdetails,0.0,N/A,N/A,N/A,N/A,N/A,N/A,N/A,N/A,unavailable,N/A,0.0,N/A,0.0,N/A,N/A,N/A,N/A,unavailable,1102.0,N/A,N/A,10332.0,S18_4409,Hidden,92.03,2.0,N/A,N/A,N/A,N/A,None,unavailable,N/A,N/A,N/A,None,None,N/A,N/A,N/A,N/A,None,Hidden,N/A,N/A
orderdetails,0.0,N/A,N/A,N/A,N/A,N/A,N/A,N/A,N/A,unavailable,N/A,0.0,N/A,0.0,N/A,N/A,N/A,N/A,unavailable,1102.0,N/A,N/A,10332.0,S18_4933,Hidden,70.56,3.0,N/A,N/A,N/A,N/A,None,unavailable,N/A,N/A,N/A,None,None,N/A,N/A,N/A,N/A,None,Hidden,N/A,N/A
orderdetails,0.0,N/A,N/A,N/A,N/A,N/A,N/A,N/A,N/A,unavailable,N/A,0.0,N/A,0.0,N/A,N/A,N/A,N/A,unavailable,1102.0,N/A,N/A,10332.0,S24_1046,Hidden,61.73,4.0,N/A,N/A,N/A,N/A,None,unavailable,N/A,N/A,N/A,None,None,N/A,N/A,N/A,N/A,None,Hidden,N/A,N/A
orderdetails,0.0,N/A,N/A,N/A,N/A,N/A,N/A,N/A,N/A,unavailable,N/A,0.0,N/A,0.0,N/A,N/A,N/A,N/A,unavailable,1102.0,N/A,N/A,10332.0,S24_1628,Hidden,47.29,5.0,N/A,N/A,N/A,N/A,None,unavailable,N/A,N/A,N/A,None,None,N/A,N/A,N/A,N/A,None,Hidden,N/A,N/A
orderdetails,0.0,N/A,N/A,N/A,N/A,N/A,N/A,N/A,N/A,unavailable,N/A,0.0,N/A,0.0,N/A,N/A,N/A,N/A,unavailable,1102.0,N/A,N/A,10332.0,S24_1937,Hidden,29.87,6.0,N/A,N/A,N/A,N/A,None,unavailable,N/A,N/A,N/A,None,None,N/A,N/A,N/A,N/A,None,Hidden,N/A,N/A
orderdetails,0.0,N/A,N/A,N/A,N/A,N/A,N/A,N/A,N/A,unavailable,N/A,0.0,N/A,0.0,N/A,N/A,N/A,N/A,unavailable,1102.0,N/A,N/A,10332.0,S24_2022,Hidden,43.01,10.0,N/A,N/A,N/A,N/A,None,unavailable,N/A,N/A,N/A,None,None,N/A,N/A,N/A,N/A,None,Hidden,N/A,N/A
orderdetails,0.0,N/A,N/A,N/A,N/A,N/A,N/A,N/A,N/A,unavailable,N/A,0.0,N/A,0.0,N/A,N/A,N/A,N/A,unavailable,1102.0,N/A,N/A,10332.0,S24_2766,Hidden,84.51,7.0,N/A,N/A,N/A,N/A,None,unavailable,N/A,N/A,N/A,None,None,N/A,N/A,N/A,N/A,None,Hidden,N/A,N/A
orderdetails,0.0,N/A,N/A,N/A,N/A,N/A,N/A,N/A,N/A,unavailable,N/A,0.0,N/A,0.0,N/A,N/A,N/A,N/A,unavailable,1102.0,N/A,N/A,10332.0,S24_2887,Hidden,108.04,11.0,N/A,N/A,N/A,N/A,None,unavailable,N/A,N/A,N/A,None,None,N/A,N/A,N/A,N/A,None,Hidden,N/A,N/A
orderdetails,0.0,N/A,N/A,N/A,N/A,N/A,N/A,N/A,N/A,unavailable,N/A,0.0,N/A,0.0,N/A,N/A,N/A,N/A,unavailable,1102.0,N/A,N/A,10332.0,S24_3191,Hidden,77.91,12.0,N/A,N/A,N/A,N/A,None,unavailable,N/A,N/A,N/A,None,None,N/A,N/A,N/A,N/A,None,Hidden,N/A,N/A
orderdetails,0.0,N/A,N/A,N/A,N/A,N/A,N/A,N/A,N/A,unavailable,N/A,0.0,N/A,0.0,N/A,N/A,N/A,N/A,unavailable,1102.0,N/A,N/A,10332.0,S24_3432,Hidden,94.23,13.0,N/A,N/A,N/A,N/A,None,unavailable,N/A,N/A,N/A,None,None,N/A,N/A,N/A,N/A,None,Hidden,N/A,N/A
orderdetails,0.0,N/A,N/A,N/A,N/A,N/A,N/A,N/A,N/A,unavailable,N/A,0.0,N/A,0.0,N/A,N/A,N/A,N/A,unavailable,1102.0,N/A,N/A,10332.0,S24_3969,Hidden,34.47,14.0,N/A,N/A,N/A,N/A,None,unavailable,N/A,N/A,N/A,None,None,N/A,N/A,N/A,N/A,None,Hidden,N/A,N/A
orderdetails,0.0,N/A,N/A,N/A,N/A,N/A,N/A,N/A,N/A,unavailable,N/A,0.0,N/A,0.0,N/A,N/A,N/A,N/A,unavailable,1102.0,N/A,N/A,10333.0,S10_1949,Hidden,188.58,3.0,N/A,N/A,N/A,N/A,None,unavailable,N/A,N/A,N/A,None,None,N/A,N/A,N/A,N/A,None,Hidden,N/A,N/A
orderdetails,0.0,N/A,N/A,N/A,N/A,N/A,N/A,N/A,N/A,unavailable,N/A,0.0,N/A,0.0,N/A,N/A,N/A,N/A,unavailable,1102.0,N/A,N/A,10333.0,S12_1666,Hidden,121.64,6.0,N/A,N/A,N/A,N/A,None,unavailable,N/A,N/A,N/A,None,None,N/A,N/A,N/A,N/A,None,Hidden,N/A,N/A
orderdetails,0.0,N/A,N/A,N/A,N/A,N/A,N/A,N/A,N/A,unavailable,N/A,0.0,N/A,0.0,N/A,N/A,N/A,N/A,unavailable,1102.0,N/A,N/A,10333.0,S18_1097,Hidden,110.84,7.0,N/A,N/A,N/A,N/A,None,unavailable,N/A,N/A,N/A,None,None,N/A,N/A,N/A,N/A,None,Hidden,N/A,N/A
orderdetails,0.0,N/A,N/A,N/A,N/A,N/A,N/A,N/A,N/A,unavailable,N/A,0.0,N/A,0.0,N/A,N/A,N/A,N/A,unavailable,1102.0,N/A,N/A,10333.0,S18_2949,Hidden,95.23,5.0,N/A,N/A,N/A,N/A,None,unavailable,N/A,N/A,N/A,None,None,N/A,N/A,N/A,N/A,None,Hidden,N/A,N/A
orderdetails,0.0,N/A,N/A,N/A,N/A,N/A,N/A,N/A,N/A,unavailable,N/A,0.0,N/A,0.0,N/A,N/A,N/A,N/A,unavailable,1102.0,N/A,N/A,10333.0,S18_3320,Hidden,95.24,2.0,N/A,N/A,N/A,N/A,None,unavailable,N/A,N/A,N/A,None,None,N/A,N/A,N/A,N/A,None,Hidden,N/A,N/A
orderdetails,0.0,N/A,N/A,N/A,N/A,N/A,N/A,N/A,N/A,unavailable,N/A,0.0,N/A,0.0,N/A,N/A,N/A,N/A,unavailable,1102.0,N/A,N/A,10333.0,S18_4668,Hidden,42.26,8.0,N/A,N/A,N/A,N/A,None,unavailable,N/A,N/A,N/A,None,None,N/A,N/A,N/A,N/A,None,Hidden,N/A,N/A
orderdetails,0.0,N/A,N/A,N/A,N/A,N/A,N/A,N/A,N/A,unavailable,N/A,0.0,N/A,0.0,N/A,N/A,N/A,N/A,unavailable,1102.0,N/A,N/A,10333.0,S24_4258,Hidden,95.44,1.0,N/A,N/A,N/A,N/A,None,unavailable,N/A,N/A,N/A,None,None,N/A,N/A,N/A,N/A,None,Hidden,N/A,N/A
orderdetails,0.0,N/A,N/A,N/A,N/A,N/A,N/A,N/A,N/A,unavailable,N/A,0.0,N/A,0.0,N/A,N/A,N/A,N/A,unavailable,1102.0,N/A,N/A,10333.0,S32_3522,Hidden,62.05,4.0,N/A,N/A,N/A,N/A,None,unavailable,N/A,N/A,N/A,None,None,N/A,N/A,N/A,N/A,None,Hidden,N/A,N/A
orderdetails,0.0,N/A,N/A,N/A,N/A,N/A,N/A,N/A,N/A,unavailable,N/A,0.0,N/A,0.0,N/A,N/A,N/A,N/A,unavailable,1102.0,N/A,N/A,10334.0,S10_4962,Hidden,130.01,2.0,N/A,N/A,N/A,N/A,None,unavailable,N/A,N/A,N/A,None,None,N/A,N/A,N/A,N/A,None,Hidden,N/A,N/A
orderdetails,0.0,N/A,N/A,N/A,N/A,N/A,N/A,N/A,N/A,unavailable,N/A,0.0,N/A,0.0,N/A,N/A,N/A,N/A,unavailable,1102.0,N/A,N/A,10334.0,S18_2319,Hidden,108.00,6.0,N/A,N/A,N/A,N/A,None,unavailable,N/A,N/A,N/A,None,None,N/A,N/A,N/A,N/A,None,Hidden,N/A,N/A
orderdetails,0.0,N/A,N/A,N/A,N/A,N/A,N/A,N/A,N/A,unavailable,N/A,0.0,N/A,0.0,N/A,N/A,N/A,N/A,unavailable,1102.0,N/A,N/A,10334.0,S18_2432,Hidden,52.87,1.0,N/A,N/A,N/A,N/A,None,unavailable,N/A,N/A,N/A,None,None,N/A,N/A,N/A,N/A,None,Hidden,N/A,N/A
orderdetails,0.0,N/A,N/A,N/A,N/A,N/A,N/A,N/A,N/A,unavailable,N/A,0.0,N/A,0.0,N/A,N/A,N/A,N/A,unavailable,1102.0,N/A,N/A,10334.0,S18_3232,Hidden,147.33,3.0,N/A,N/A,N/A,N/A,None,unavailable,N/A,N/A,N/A,None,None,N/A,N/A,N/A,N/A,None,Hidden,N/A,N/A
orderdetails,0.0,N/A,N/A,N/A,N/A,N/A,N/A,N/A,N/A,unavailable,N/A,0.0,N/A,0.0,N/A,N/A,N/A,N/A,unavailable,1102.0,N/A,N/A,10334.0,S18_4600,Hidden,101.71,4.0,N/A,N/A,N/A,N/A,None,unavailable,N/A,N/A,N/A,None,None,N/A,N/A,N/A,N/A,None,Hidden,N/A,N/A
orderdetails,0.0,N/A,N/A,N/A,N/A,N/A,N/A,N/A,N/A,unavailable,N/A,0.0,N/A,0.0,N/A,N/A,N/A,N/A,unavailable,1102.0,N/A,N/A,10334.0,S24_2300,Hidden,117.57,5.0,N/A,N/A,N/A,N/A,None,unavailable,N/A,N/A,N/A,None,None,N/A,N/A,N/A,N/A,None,Hidden,N/A,N/A
orderdetails,0.0,N/A,N/A,N/A,N/A,N/A,N/A,N/A,N/A,unavailable,N/A,0.0,N/A,0.0,N/A,N/A,N/A,N/A,unavailable,1102.0,N/A,N/A,10335.0,S24_2840,Hidden,32.88,2.0,N/A,N/A,N/A,N/A,None,unavailable,N/A,N/A,N/A,None,None,N/A,N/A,N/A,N/A,None,Hidden,N/A,N/A
orderdetails,0.0,N/A,N/A,N/A,N/A,N/A,N/A,N/A,N/A,unavailable,N/A,0.0,N/A,0.0,N/A,N/A,N/A,N/A,unavailable,1102.0,N/A,N/A,10335.0,S32_1268,Hidden,77.05,1.0,N/A,N/A,N/A,N/A,None,unavailable,N/A,N/A,N/A,None,None,N/A,N/A,N/A,N/A,None,Hidden,N/A,N/A
orderdetails,0.0,N/A,N/A,N/A,N/A,N/A,N/A,N/A,N/A,unavailable,N/A,0.0,N/A,0.0,N/A,N/A,N/A,N/A,unavailable,1102.0,N/A,N/A,10335.0,S32_2509,Hidden,49.78,3.0,N/A,N/A,N/A,N/A,None,unavailable,N/A,N/A,N/A,None,None,N/A,N/A,N/A,N/A,None,Hidden,N/A,N/A
orderdetails,0.0,N/A,N/A,N/A,N/A,N/A,N/A,N/A,N/A,unavailable,N/A,0.0,N/A,0.0,N/A,N/A,N/A,N/A,unavailable,1102.0,N/A,N/A,10336.0,S12_1108,Hidden,176.63,10.0,N/A,N/A,N/A,N/A,None,unavailable,N/A,N/A,N/A,None,None,N/A,N/A,N/A,N/A,None,Hidden,N/A,N/A
orderdetails,0.0,N/A,N/A,N/A,N/A,N/A,N/A,N/A,N/A,unavailable,N/A,0.0,N/A,0.0,N/A,N/A,N/A,N/A,unavailable,1102.0,N/A,N/A,10336.0,S12_3148,Hidden,126.91,11.0,N/A,N/A,N/A,N/A,None,unavailable,N/A,N/A,N/A,None,None,N/A,N/A,N/A,N/A,None,Hidden,N/A,N/A
orderdetails,0.0,N/A,N/A,N/A,N/A,N/A,N/A,N/A,N/A,unavailable,N/A,0.0,N/A,0.0,N/A,N/A,N/A,N/A,unavailable,1102.0,N/A,N/A,10336.0,S12_3891,Hidden,141.88,1.0,N/A,N/A,N/A,N/A,None,unavailable,N/A,N/A,N/A,None,None,N/A,N/A,N/A,N/A,None,Hidden,N/A,N/A
orderdetails,0.0,N/A,N/A,N/A,N/A,N/A,N/A,N/A,N/A,unavailable,N/A,0.0,N/A,0.0,N/A,N/A,N/A,N/A,unavailable,1102.0,N/A,N/A,10336.0,S12_4473,Hidden,95.99,3.0,N/A,N/A,N/A,N/A,None,unavailable,N/A,N/A,N/A,None,None,N/A,N/A,N/A,N/A,None,Hidden,N/A,N/A
orderdetails,0.0,N/A,N/A,N/A,N/A,N/A,N/A,N/A,N/A,unavailable,N/A,0.0,N/A,0.0,N/A,N/A,N/A,N/A,unavailable,1102.0,N/A,N/A,10336.0,S18_2238,Hidden,153.91,6.0,N/A,N/A,N/A,N/A,None,unavailable,N/A,N/A,N/A,None,None,N/A,N/A,N/A,N/A,None,Hidden,N/A,N/A
orderdetails,0.0,N/A,N/A,N/A,N/A,N/A,N/A,N/A,N/A,unavailable,N/A,0.0,N/A,0.0,N/A,N/A,N/A,N/A,unavailable,1102.0,N/A,N/A,10336.0,S18_3140,Hidden,135.22,12.0,N/A,N/A,N/A,N/A,None,unavailable,N/A,N/A,N/A,None,None,N/A,N/A,N/A,N/A,None,Hidden,N/A,N/A
orderdetails,0.0,N/A,N/A,N/A,N/A,N/A,N/A,N/A,N/A,unavailable,N/A,0.0,N/A,0.0,N/A,N/A,N/A,N/A,unavailable,1102.0,N/A,N/A,10336.0,S18_3259,Hidden,100.84,7.0,N/A,N/A,N/A,N/A,None,unavailable,N/A,N/A,N/A,None,None,N/A,N/A,N/A,N/A,None,Hidden,N/A,N/A
orderdetails,0.0,N/A,N/A,N/A,N/A,N/A,N/A,N/A,N/A,unavailable,N/A,0.0,N/A,0.0,N/A,N/A,N/A,N/A,unavailable,1102.0,N/A,N/A,10336.0,S24_1444,Hidden,49.71,4.0,N/A,N/A,N/A,N/A,None,unavailable,N/A,N/A,N/A,None,None,N/A,N/A,N/A,N/A,None,Hidden,N/A,N/A
orderdetails,0.0,N/A,N/A,N/A,N/A,N/A,N/A,N/A,N/A,unavailable,N/A,0.0,N/A,0.0,N/A,N/A,N/A,N/A,unavailable,1102.0,N/A,N/A,10336.0,S24_4048,Hidden,113.55,5.0,N/A,N/A,N/A,N/A,None,unavailable,N/A,N/A,N/A,None,None,N/A,N/A,N/A,N/A,None,Hidden,N/A,N/A
orderdetails,0.0,N/A,N/A,N/A,N/A,N/A,N/A,N/A,N/A,unavailable,N/A,0.0,N/A,0.0,N/A,N/A,N/A,N/A,unavailable,1102.0,N/A,N/A,10336.0,S32_3207,Hidden,59.03,9.0,N/A,N/A,N/A,N/A,None,unavailable,N/A,N/A,N/A,None,None,N/A,N/A,N/A,N/A,None,Hidden,N/A,N/A
orderdetails,0.0,N/A,N/A,N/A,N/A,N/A,N/A,N/A,N/A,unavailable,N/A,0.0,N/A,0.0,N/A,N/A,N/A,N/A,unavailable,1102.0,N/A,N/A,10336.0,S50_1392,Hidden,109.96,8.0,N/A,N/A,N/A,N/A,None,unavailable,N/A,N/A,N/A,None,None,N/A,N/A,N/A,N/A,None,Hidden,N/A,N/A
orderdetails,0.0,N/A,N/A,N/A,N/A,N/A,N/A,N/A,N/A,unavailable,N/A,0.0,N/A,0.0,N/A,N/A,N/A,N/A,unavailable,1102.0,N/A,N/A,10336.0,S700_2824,Hidden,94.07,2.0,N/A,N/A,N/A,N/A,None,unavailable,N/A,N/A,N/A,None,None,N/A,N/A,N/A,N/A,None,Hidden,N/A,N/A
orderdetails,0.0,N/A,N/A,N/A,N/A,N/A,N/A,N/A,N/A,unavailable,N/A,0.0,N/A,0.0,N/A,N/A,N/A,N/A,unavailable,1102.0,N/A,N/A,10337.0,S10_4757,Hidden,131.92,8.0,N/A,N/A,N/A,N/A,None,unavailable,N/A,N/A,N/A,None,None,N/A,N/A,N/A,N/A,None,Hidden,N/A,N/A
orderdetails,0.0,N/A,N/A,N/A,N/A,N/A,N/A,N/A,N/A,unavailable,N/A,0.0,N/A,0.0,N/A,N/A,N/A,N/A,unavailable,1102.0,N/A,N/A,10337.0,S18_4027,Hidden,140.75,3.0,N/A,N/A,N/A,N/A,None,unavailable,N/A,N/A,N/A,None,None,N/A,N/A,N/A,N/A,None,Hidden,N/A,N/A
orderdetails,0.0,N/A,N/A,N/A,N/A,N/A,N/A,N/A,N/A,unavailable,N/A,0.0,N/A,0.0,N/A,N/A,N/A,N/A,unavailable,1102.0,N/A,N/A,10337.0,S18_4522,Hidden,76.36,2.0,N/A,N/A,N/A,N/A,None,unavailable,N/A,N/A,N/A,None,None,N/A,N/A,N/A,N/A,None,Hidden,N/A,N/A
orderdetails,0.0,N/A,N/A,N/A,N/A,N/A,N/A,N/A,N/A,unavailable,N/A,0.0,N/A,0.0,N/A,N/A,N/A,N/A,unavailable,1102.0,N/A,N/A,10337.0,S24_2011,Hidden,119.20,4.0,N/A,N/A,N/A,N/A,None,unavailable,N/A,N/A,N/A,None,None,N/A,N/A,N/A,N/A,None,Hidden,N/A,N/A
orderdetails,0.0,N/A,N/A,N/A,N/A,N/A,N/A,N/A,N/A,unavailable,N/A,0.0,N/A,0.0,N/A,N/A,N/A,N/A,unavailable,1102.0,N/A,N/A,10337.0,S50_1514,Hidden,54.48,6.0,N/A,N/A,N/A,N/A,None,unavailable,N/A,N/A,N/A,None,None,N/A,N/A,N/A,N/A,None,Hidden,N/A,N/A
orderdetails,0.0,N/A,N/A,N/A,N/A,N/A,N/A,N/A,N/A,unavailable,N/A,0.0,N/A,0.0,N/A,N/A,N/A,N/A,unavailable,1102.0,N/A,N/A,10337.0,S700_1938,Hidden,73.62,9.0,N/A,N/A,N/A,N/A,None,unavailable,N/A,N/A,N/A,None,None,N/A,N/A,N/A,N/A,None,Hidden,N/A,N/A
orderdetails,0.0,N/A,N/A,N/A,N/A,N/A,N/A,N/A,N/A,unavailable,N/A,0.0,N/A,0.0,N/A,N/A,N/A,N/A,unavailable,1102.0,N/A,N/A,10337.0,S700_3505,Hidden,84.14,1.0,N/A,N/A,N/A,N/A,None,unavailable,N/A,N/A,N/A,None,None,N/A,N/A,N/A,N/A,None,Hidden,N/A,N/A
orderdetails,0.0,N/A,N/A,N/A,N/A,N/A,N/A,N/A,N/A,unavailable,N/A,0.0,N/A,0.0,N/A,N/A,N/A,N/A,unavailable,1102.0,N/A,N/A,10337.0,S700_3962,Hidden,83.42,7.0,N/A,N/A,N/A,N/A,None,unavailable,N/A,N/A,N/A,None,None,N/A,N/A,N/A,N/A,None,Hidden,N/A,N/A
orderdetails,0.0,N/A,N/A,N/A,N/A,N/A,N/A,N/A,N/A,unavailable,N/A,0.0,N/A,0.0,N/A,N/A,N/A,N/A,unavailable,1102.0,N/A,N/A,10337.0,S72_3212,Hidden,49.14,5.0,N/A,N/A,N/A,N/A,None,unavailable,N/A,N/A,N/A,None,None,N/A,N/A,N/A,N/A,None,Hidden,N/A,N/A
orderdetails,0.0,N/A,N/A,N/A,N/A,N/A,N/A,N/A,N/A,unavailable,N/A,0.0,N/A,0.0,N/A,N/A,N/A,N/A,unavailable,1102.0,N/A,N/A,10338.0,S18_1662,Hidden,137.19,1.0,N/A,N/A,N/A,N/A,None,unavailable,N/A,N/A,N/A,None,None,N/A,N/A,N/A,N/A,None,Hidden,N/A,N/A
orderdetails,0.0,N/A,N/A,N/A,N/A,N/A,N/A,N/A,N/A,unavailable,N/A,0.0,N/A,0.0,N/A,N/A,N/A,N/A,unavailable,1102.0,N/A,N/A,10338.0,S18_3029,Hidden,80.86,3.0,N/A,N/A,N/A,N/A,None,unavailable,N/A,N/A,N/A,None,None,N/A,N/A,N/A,N/A,None,Hidden,N/A,N/A
orderdetails,0.0,N/A,N/A,N/A,N/A,N/A,N/A,N/A,N/A,unavailable,N/A,0.0,N/A,0.0,N/A,N/A,N/A,N/A,unavailable,1102.0,N/A,N/A,10338.0,S18_3856,Hidden,93.17,2.0,N/A,N/A,N/A,N/A,None,unavailable,N/A,N/A,N/A,None,None,N/A,N/A,N/A,N/A,None,Hidden,N/A,N/A
orderdetails,0.0,N/A,N/A,N/A,N/A,N/A,N/A,N/A,N/A,unavailable,N/A,0.0,N/A,0.0,N/A,N/A,N/A,N/A,unavailable,1102.0,N/A,N/A,10339.0,S10_2016,Hidden,117.75,4.0,N/A,N/A,N/A,N/A,None,unavailable,N/A,N/A,N/A,None,None,N/A,N/A,N/A,N/A,None,Hidden,N/A,N/A
orderdetails,0.0,N/A,N/A,N/A,N/A,N/A,N/A,N/A,N/A,unavailable,N/A,0.0,N/A,0.0,N/A,N/A,N/A,N/A,unavailable,1102.0,N/A,N/A,10339.0,S10_4698,Hidden,178.17,3.0,N/A,N/A,N/A,N/A,None,unavailable,N/A,N/A,N/A,None,None,N/A,N/A,N/A,N/A,None,Hidden,N/A,N/A
orderdetails,0.0,N/A,N/A,N/A,N/A,N/A,N/A,N/A,N/A,unavailable,N/A,0.0,N/A,0.0,N/A,N/A,N/A,N/A,unavailable,1102.0,N/A,N/A,10339.0,S18_2581,Hidden,79.41,2.0,N/A,N/A,N/A,N/A,None,unavailable,N/A,N/A,N/A,None,None,N/A,N/A,N/A,N/A,None,Hidden,N/A,N/A
orderdetails,0.0,N/A,N/A,N/A,N/A,N/A,N/A,N/A,N/A,unavailable,N/A,0.0,N/A,0.0,N/A,N/A,N/A,N/A,unavailable,1102.0,N/A,N/A,10339.0,S18_2625,Hidden,48.46,1.0,N/A,N/A,N/A,N/A,None,unavailable,N/A,N/A,N/A,None,None,N/A,N/A,N/A,N/A,None,Hidden,N/A,N/A
orderdetails,0.0,N/A,N/A,N/A,N/A,N/A,N/A,N/A,N/A,unavailable,N/A,0.0,N/A,0.0,N/A,N/A,N/A,N/A,unavailable,1102.0,N/A,N/A,10339.0,S24_1578,Hidden,96.92,10.0,N/A,N/A,N/A,N/A,None,unavailable,N/A,N/A,N/A,None,None,N/A,N/A,N/A,N/A,None,Hidden,N/A,N/A
orderdetails,0.0,N/A,N/A,N/A,N/A,N/A,N/A,N/A,N/A,unavailable,N/A,0.0,N/A,0.0,N/A,N/A,N/A,N/A,unavailable,1102.0,N/A,N/A,10339.0,S24_1785,Hidden,106.14,7.0,N/A,N/A,N/A,N/A,None,unavailable,N/A,N/A,N/A,None,None,N/A,N/A,N/A,N/A,None,Hidden,N/A,N/A
orderdetails,0.0,N/A,N/A,N/A,N/A,N/A,N/A,N/A,N/A,unavailable,N/A,0.0,N/A,0.0,N/A,N/A,N/A,N/A,unavailable,1102.0,N/A,N/A,10339.0,S24_2841,Hidden,67.82,12.0,N/A,N/A,N/A,N/A,None,unavailable,N/A,N/A,N/A,None,None,N/A,N/A,N/A,N/A,None,Hidden,N/A,N/A
orderdetails,0.0,N/A,N/A,N/A,N/A,N/A,N/A,N/A,N/A,unavailable,N/A,0.0,N/A,0.0,N/A,N/A,N/A,N/A,unavailable,1102.0,N/A,N/A,10339.0,S24_3151,Hidden,73.46,13.0,N/A,N/A,N/A,N/A,None,unavailable,N/A,N/A,N/A,None,None,N/A,N/A,N/A,N/A,None,Hidden,N/A,N/A
orderdetails,0.0,N/A,N/A,N/A,N/A,N/A,N/A,N/A,N/A,unavailable,N/A,0.0,N/A,0.0,N/A,N/A,N/A,N/A,unavailable,1102.0,N/A,N/A,10339.0,S24_3420,Hidden,57.86,14.0,N/A,N/A,N/A,N/A,None,unavailable,N/A,N/A,N/A,None,None,N/A,N/A,N/A,N/A,None,Hidden,N/A,N/A
orderdetails,0.0,N/A,N/A,N/A,N/A,N/A,N/A,N/A,N/A,unavailable,N/A,0.0,N/A,0.0,N/A,N/A,N/A,N/A,unavailable,1102.0,N/A,N/A,10339.0,S24_3816,Hidden,72.96,16.0,N/A,N/A,N/A,N/A,None,unavailable,N/A,N/A,N/A,None,None,N/A,N/A,N/A,N/A,None,Hidden,N/A,N/A
orderdetails,0.0,N/A,N/A,N/A,N/A,N/A,N/A,N/A,N/A,unavailable,N/A,0.0,N/A,0.0,N/A,N/A,N/A,N/A,unavailable,1102.0,N/A,N/A,10339.0,S24_3949,Hidden,57.32,11.0,N/A,N/A,N/A,N/A,None,unavailable,N/A,N/A,N/A,None,None,N/A,N/A,N/A,N/A,None,Hidden,N/A,N/A
orderdetails,0.0,N/A,N/A,N/A,N/A,N/A,N/A,N/A,N/A,unavailable,N/A,0.0,N/A,0.0,N/A,N/A,N/A,N/A,unavailable,1102.0,N/A,N/A,10339.0,S700_1138,Hidden,53.34,5.0,N/A,N/A,N/A,N/A,None,unavailable,N/A,N/A,N/A,None,None,N/A,N/A,N/A,N/A,None,Hidden,N/A,N/A
orderdetails,0.0,N/A,N/A,N/A,N/A,N/A,N/A,N/A,N/A,unavailable,N/A,0.0,N/A,0.0,N/A,N/A,N/A,N/A,unavailable,1102.0,N/A,N/A,10339.0,S700_2047,Hidden,86.90,15.0,N/A,N/A,N/A,N/A,None,unavailable,N/A,N/A,N/A,None,None,N/A,N/A,N/A,N/A,None,Hidden,N/A,N/A
orderdetails,0.0,N/A,N/A,N/A,N/A,N/A,N/A,N/A,N/A,unavailable,N/A,0.0,N/A,0.0,N/A,N/A,N/A,N/A,unavailable,1102.0,N/A,N/A,10339.0,S700_2610,Hidden,62.16,9.0,N/A,N/A,N/A,N/A,None,unavailable,N/A,N/A,N/A,None,None,N/A,N/A,N/A,N/A,None,Hidden,N/A,N/A
orderdetails,0.0,N/A,N/A,N/A,N/A,N/A,N/A,N/A,N/A,unavailable,N/A,0.0,N/A,0.0,N/A,N/A,N/A,N/A,unavailable,1102.0,N/A,N/A,10339.0,S700_4002,Hidden,66.63,8.0,N/A,N/A,N/A,N/A,None,unavailable,N/A,N/A,N/A,None,None,N/A,N/A,N/A,N/A,None,Hidden,N/A,N/A
orderdetails,0.0,N/A,N/A,N/A,N/A,N/A,N/A,N/A,N/A,unavailable,N/A,0.0,N/A,0.0,N/A,N/A,N/A,N/A,unavailable,1102.0,N/A,N/A,10339.0,S72_1253,Hidden,49.66,6.0,N/A,N/A,N/A,N/A,None,unavailable,N/A,N/A,N/A,None,None,N/A,N/A,N/A,N/A,None,Hidden,N/A,N/A
orderdetails,0.0,N/A,N/A,N/A,N/A,N/A,N/A,N/A,N/A,unavailable,N/A,0.0,N/A,0.0,N/A,N/A,N/A,N/A,unavailable,1102.0,N/A,N/A,10340.0,S24_2000,Hidden,62.46,8.0,N/A,N/A,N/A,N/A,None,unavailable,N/A,N/A,N/A,None,None,N/A,N/A,N/A,N/A,None,Hidden,N/A,N/A
orderdetails,0.0,N/A,N/A,N/A,N/A,N/A,N/A,N/A,N/A,unavailable,N/A,0.0,N/A,0.0,N/A,N/A,N/A,N/A,unavailable,1102.0,N/A,N/A,10340.0,S24_4278,Hidden,63.76,1.0,N/A,N/A,N/A,N/A,None,unavailable,N/A,N/A,N/A,None,None,N/A,N/A,N/A,N/A,None,Hidden,N/A,N/A
orderdetails,0.0,N/A,N/A,N/A,N/A,N/A,N/A,N/A,N/A,unavailable,N/A,0.0,N/A,0.0,N/A,N/A,N/A,N/A,unavailable,1102.0,N/A,N/A,10340.0,S32_1374,Hidden,95.89,2.0,N/A,N/A,N/A,N/A,None,unavailable,N/A,N/A,N/A,None,None,N/A,N/A,N/A,N/A,None,Hidden,N/A,N/A
orderdetails,0.0,N/A,N/A,N/A,N/A,N/A,N/A,N/A,N/A,unavailable,N/A,0.0,N/A,0.0,N/A,N/A,N/A,N/A,unavailable,1102.0,N/A,N/A,10340.0,S32_4289,Hidden,67.41,3.0,N/A,N/A,N/A,N/A,None,unavailable,N/A,N/A,N/A,None,None,N/A,N/A,N/A,N/A,None,Hidden,N/A,N/A
orderdetails,0.0,N/A,N/A,N/A,N/A,N/A,N/A,N/A,N/A,unavailable,N/A,0.0,N/A,0.0,N/A,N/A,N/A,N/A,unavailable,1102.0,N/A,N/A,10340.0,S50_1341,Hidden,37.09,4.0,N/A,N/A,N/A,N/A,None,unavailable,N/A,N/A,N/A,None,None,N/A,N/A,N/A,N/A,None,Hidden,N/A,N/A
orderdetails,0.0,N/A,N/A,N/A,N/A,N/A,N/A,N/A,N/A,unavailable,N/A,0.0,N/A,0.0,N/A,N/A,N/A,N/A,unavailable,1102.0,N/A,N/A,10340.0,S700_1691,Hidden,73.99,5.0,N/A,N/A,N/A,N/A,None,unavailable,N/A,N/A,N/A,None,None,N/A,N/A,N/A,N/A,None,Hidden,N/A,N/A
orderdetails,0.0,N/A,N/A,N/A,N/A,N/A,N/A,N/A,N/A,unavailable,N/A,0.0,N/A,0.0,N/A,N/A,N/A,N/A,unavailable,1102.0,N/A,N/A,10340.0,S700_2466,Hidden,81.77,7.0,N/A,N/A,N/A,N/A,None,unavailable,N/A,N/A,N/A,None,None,N/A,N/A,N/A,N/A,None,Hidden,N/A,N/A
orderdetails,0.0,N/A,N/A,N/A,N/A,N/A,N/A,N/A,N/A,unavailable,N/A,0.0,N/A,0.0,N/A,N/A,N/A,N/A,unavailable,1102.0,N/A,N/A,10340.0,S700_2834,Hidden,98.48,6.0,N/A,N/A,N/A,N/A,None,unavailable,N/A,N/A,N/A,None,None,N/A,N/A,N/A,N/A,None,Hidden,N/A,N/A
orderdetails,0.0,N/A,N/A,N/A,N/A,N/A,N/A,N/A,N/A,unavailable,N/A,0.0,N/A,0.0,N/A,N/A,N/A,N/A,unavailable,1102.0,N/A,N/A,10341.0,S10_1678,Hidden,84.22,9.0,N/A,N/A,N/A,N/A,None,unavailable,N/A,N/A,N/A,None,None,N/A,N/A,N/A,N/A,None,Hidden,N/A,N/A
orderdetails,0.0,N/A,N/A,N/A,N/A,N/A,N/A,N/A,N/A,unavailable,N/A,0.0,N/A,0.0,N/A,N/A,N/A,N/A,unavailable,1102.0,N/A,N/A,10341.0,S12_1099,Hidden,192.62,2.0,N/A,N/A,N/A,N/A,None,unavailable,N/A,N/A,N/A,None,None,N/A,N/A,N/A,N/A,None,Hidden,N/A,N/A
orderdetails,0.0,N/A,N/A,N/A,N/A,N/A,N/A,N/A,N/A,unavailable,N/A,0.0,N/A,0.0,N/A,N/A,N/A,N/A,unavailable,1102.0,N/A,N/A,10341.0,S12_2823,Hidden,120.50,8.0,N/A,N/A,N/A,N/A,None,unavailable,N/A,N/A,N/A,None,None,N/A,N/A,N/A,N/A,None,Hidden,N/A,N/A
orderdetails,0.0,N/A,N/A,N/A,N/A,N/A,N/A,N/A,N/A,unavailable,N/A,0.0,N/A,0.0,N/A,N/A,N/A,N/A,unavailable,1102.0,N/A,N/A,10341.0,S12_3380,Hidden,111.57,1.0,N/A,N/A,N/A,N/A,None,unavailable,N/A,N/A,N/A,None,None,N/A,N/A,N/A,N/A,None,Hidden,N/A,N/A
orderdetails,0.0,N/A,N/A,N/A,N/A,N/A,N/A,N/A,N/A,unavailable,N/A,0.0,N/A,0.0,N/A,N/A,N/A,N/A,unavailable,1102.0,N/A,N/A,10341.0,S12_3990,Hidden,77.41,10.0,N/A,N/A,N/A,N/A,None,unavailable,N/A,N/A,N/A,None,None,N/A,N/A,N/A,N/A,None,Hidden,N/A,N/A
orderdetails,0.0,N/A,N/A,N/A,N/A,N/A,N/A,N/A,N/A,unavailable,N/A,0.0,N/A,0.0,N/A,N/A,N/A,N/A,unavailable,1102.0,N/A,N/A,10341.0,S12_4675,Hidden,109.40,7.0,N/A,N/A,N/A,N/A,None,unavailable,N/A,N/A,N/A,None,None,N/A,N/A,N/A,N/A,None,Hidden,N/A,N/A
orderdetails,0.0,N/A,N/A,N/A,N/A,N/A,N/A,N/A,N/A,unavailable,N/A,0.0,N/A,0.0,N/A,N/A,N/A,N/A,unavailable,1102.0,N/A,N/A,10341.0,S24_2360,Hidden,63.03,6.0,N/A,N/A,N/A,N/A,None,unavailable,N/A,N/A,N/A,None,None,N/A,N/A,N/A,N/A,None,Hidden,N/A,N/A
orderdetails,0.0,N/A,N/A,N/A,N/A,N/A,N/A,N/A,N/A,unavailable,N/A,0.0,N/A,0.0,N/A,N/A,N/A,N/A,unavailable,1102.0,N/A,N/A,10341.0,S32_4485,Hidden,95.93,4.0,N/A,N/A,N/A,N/A,None,unavailable,N/A,N/A,N/A,None,None,N/A,N/A,N/A,N/A,None,Hidden,N/A,N/A
orderdetails,0.0,N/A,N/A,N/A,N/A,N/A,N/A,N/A,N/A,unavailable,N/A,0.0,N/A,0.0,N/A,N/A,N/A,N/A,unavailable,1102.0,N/A,N/A,10341.0,S50_4713,Hidden,78.11,3.0,N/A,N/A,N/A,N/A,None,unavailable,N/A,N/A,N/A,None,None,N/A,N/A,N/A,N/A,None,Hidden,N/A,N/A
orderdetails,0.0,N/A,N/A,N/A,N/A,N/A,N/A,N/A,N/A,unavailable,N/A,0.0,N/A,0.0,N/A,N/A,N/A,N/A,unavailable,1102.0,N/A,N/A,10341.0,S700_3167,Hidden,70.40,5.0,N/A,N/A,N/A,N/A,None,unavailable,N/A,N/A,N/A,None,None,N/A,N/A,N/A,N/A,None,Hidden,N/A,N/A
orderdetails,0.0,N/A,N/A,N/A,N/A,N/A,N/A,N/A,N/A,unavailable,N/A,0.0,N/A,0.0,N/A,N/A,N/A,N/A,unavailable,1102.0,N/A,N/A,10342.0,S18_1129,Hidden,118.89,2.0,N/A,N/A,N/A,N/A,None,unavailable,N/A,N/A,N/A,None,None,N/A,N/A,N/A,N/A,None,Hidden,N/A,N/A
orderdetails,0.0,N/A,N/A,N/A,N/A,N/A,N/A,N/A,N/A,unavailable,N/A,0.0,N/A,0.0,N/A,N/A,N/A,N/A,unavailable,1102.0,N/A,N/A,10342.0,S18_1889,Hidden,63.14,1.0,N/A,N/A,N/A,N/A,None,unavailable,N/A,N/A,N/A,None,None,N/A,N/A,N/A,N/A,None,Hidden,N/A,N/A
orderdetails,0.0,N/A,N/A,N/A,N/A,N/A,N/A,N/A,N/A,unavailable,N/A,0.0,N/A,0.0,N/A,N/A,N/A,N/A,unavailable,1102.0,N/A,N/A,10342.0,S18_1984,Hidden,115.22,3.0,N/A,N/A,N/A,N/A,None,unavailable,N/A,N/A,N/A,None,None,N/A,N/A,N/A,N/A,None,Hidden,N/A,N/A
orderdetails,0.0,N/A,N/A,N/A,N/A,N/A,N/A,N/A,N/A,unavailable,N/A,0.0,N/A,0.0,N/A,N/A,N/A,N/A,unavailable,1102.0,N/A,N/A,10342.0,S18_3232,Hidden,167.65,4.0,N/A,N/A,N/A,N/A,None,unavailable,N/A,N/A,N/A,None,None,N/A,N/A,N/A,N/A,None,Hidden,N/A,N/A
orderdetails,0.0,N/A,N/A,N/A,N/A,N/A,N/A,N/A,N/A,unavailable,N/A,0.0,N/A,0.0,N/A,N/A,N/A,N/A,unavailable,1102.0,N/A,N/A,10342.0,S18_3278,Hidden,76.39,5.0,N/A,N/A,N/A,N/A,None,unavailable,N/A,N/A,N/A,None,None,N/A,N/A,N/A,N/A,None,Hidden,N/A,N/A
orderdetails,0.0,N/A,N/A,N/A,N/A,N/A,N/A,N/A,N/A,unavailable,N/A,0.0,N/A,0.0,N/A,N/A,N/A,N/A,unavailable,1102.0,N/A,N/A,10342.0,S18_3482,Hidden,136.70,7.0,N/A,N/A,N/A,N/A,None,unavailable,N/A,N/A,N/A,None,None,N/A,N/A,N/A,N/A,None,Hidden,N/A,N/A
orderdetails,0.0,N/A,N/A,N/A,N/A,N/A,N/A,N/A,N/A,unavailable,N/A,0.0,N/A,0.0,N/A,N/A,N/A,N/A,unavailable,1102.0,N/A,N/A,10342.0,S18_3782,Hidden,57.82,8.0,N/A,N/A,N/A,N/A,None,unavailable,N/A,N/A,N/A,None,None,N/A,N/A,N/A,N/A,None,Hidden,N/A,N/A
orderdetails,0.0,N/A,N/A,N/A,N/A,N/A,N/A,N/A,N/A,unavailable,N/A,0.0,N/A,0.0,N/A,N/A,N/A,N/A,unavailable,1102.0,N/A,N/A,10342.0,S18_4721,Hidden,124.99,11.0,N/A,N/A,N/A,N/A,None,unavailable,N/A,N/A,N/A,None,None,N/A,N/A,N/A,N/A,None,Hidden,N/A,N/A
orderdetails,0.0,N/A,N/A,N/A,N/A,N/A,N/A,N/A,N/A,unavailable,N/A,0.0,N/A,0.0,N/A,N/A,N/A,N/A,unavailable,1102.0,N/A,N/A,10342.0,S24_2972,Hidden,30.59,9.0,N/A,N/A,N/A,N/A,None,unavailable,N/A,N/A,N/A,None,None,N/A,N/A,N/A,N/A,None,Hidden,N/A,N/A
orderdetails,0.0,N/A,N/A,N/A,N/A,N/A,N/A,N/A,N/A,unavailable,N/A,0.0,N/A,0.0,N/A,N/A,N/A,N/A,unavailable,1102.0,N/A,N/A,10342.0,S24_3371,Hidden,60.01,10.0,N/A,N/A,N/A,N/A,None,unavailable,N/A,N/A,N/A,None,None,N/A,N/A,N/A,N/A,None,Hidden,N/A,N/A
orderdetails,0.0,N/A,N/A,N/A,N/A,N/A,N/A,N/A,N/A,unavailable,N/A,0.0,N/A,0.0,N/A,N/A,N/A,N/A,unavailable,1102.0,N/A,N/A,10342.0,S24_3856,Hidden,112.34,6.0,N/A,N/A,N/A,N/A,None,unavailable,N/A,N/A,N/A,None,None,N/A,N/A,N/A,N/A,None,Hidden,N/A,N/A
orderdetails,0.0,N/A,N/A,N/A,N/A,N/A,N/A,N/A,N/A,unavailable,N/A,0.0,N/A,0.0,N/A,N/A,N/A,N/A,unavailable,1102.0,N/A,N/A,10343.0,S18_1589,Hidden,109.51,4.0,N/A,N/A,N/A,N/A,None,unavailable,N/A,N/A,N/A,None,None,N/A,N/A,N/A,N/A,None,Hidden,N/A,N/A
orderdetails,0.0,N/A,N/A,N/A,N/A,N/A,N/A,N/A,N/A,unavailable,N/A,0.0,N/A,0.0,N/A,N/A,N/A,N/A,unavailable,1102.0,N/A,N/A,10343.0,S18_2870,Hidden,118.80,3.0,N/A,N/A,N/A,N/A,None,unavailable,N/A,N/A,N/A,None,None,N/A,N/A,N/A,N/A,None,Hidden,N/A,N/A
orderdetails,0.0,N/A,N/A,N/A,N/A,N/A,N/A,N/A,N/A,unavailable,N/A,0.0,N/A,0.0,N/A,N/A,N/A,N/A,unavailable,1102.0,N/A,N/A,10343.0,S18_3685,Hidden,127.15,2.0,N/A,N/A,N/A,N/A,None,unavailable,N/A,N/A,N/A,None,None,N/A,N/A,N/A,N/A,None,Hidden,N/A,N/A
orderdetails,0.0,N/A,N/A,N/A,N/A,N/A,N/A,N/A,N/A,unavailable,N/A,0.0,N/A,0.0,N/A,N/A,N/A,N/A,unavailable,1102.0,N/A,N/A,10343.0,S24_1628,Hidden,44.78,6.0,N/A,N/A,N/A,N/A,None,unavailable,N/A,N/A,N/A,None,None,N/A,N/A,N/A,N/A,None,Hidden,N/A,N/A
orderdetails,0.0,N/A,N/A,N/A,N/A,N/A,N/A,N/A,N/A,unavailable,N/A,0.0,N/A,0.0,N/A,N/A,N/A,N/A,unavailable,1102.0,N/A,N/A,10343.0,S24_4620,Hidden,76.80,1.0,N/A,N/A,N/A,N/A,None,unavailable,N/A,N/A,N/A,None,None,N/A,N/A,N/A,N/A,None,Hidden,N/A,N/A
orderdetails,0.0,N/A,N/A,N/A,N/A,N/A,N/A,N/A,N/A,unavailable,N/A,0.0,N/A,0.0,N/A,N/A,N/A,N/A,unavailable,1102.0,N/A,N/A,10343.0,S32_2206,Hidden,37.41,5.0,N/A,N/A,N/A,N/A,None,unavailable,N/A,N/A,N/A,None,None,N/A,N/A,N/A,N/A,None,Hidden,N/A,N/A
orderdetails,0.0,N/A,N/A,N/A,N/A,N/A,N/A,N/A,N/A,unavailable,N/A,0.0,N/A,0.0,N/A,N/A,N/A,N/A,unavailable,1102.0,N/A,N/A,10344.0,S18_1749,Hidden,168.30,1.0,N/A,N/A,N/A,N/A,None,unavailable,N/A,N/A,N/A,None,None,N/A,N/A,N/A,N/A,None,Hidden,N/A,N/A
orderdetails,0.0,N/A,N/A,N/A,N/A,N/A,N/A,N/A,N/A,unavailable,N/A,0.0,N/A,0.0,N/A,N/A,N/A,N/A,unavailable,1102.0,N/A,N/A,10344.0,S18_2248,Hidden,49.04,2.0,N/A,N/A,N/A,N/A,None,unavailable,N/A,N/A,N/A,None,None,N/A,N/A,N/A,N/A,None,Hidden,N/A,N/A
orderdetails,0.0,N/A,N/A,N/A,N/A,N/A,N/A,N/A,N/A,unavailable,N/A,0.0,N/A,0.0,N/A,N/A,N/A,N/A,unavailable,1102.0,N/A,N/A,10344.0,S18_2325,Hidden,118.23,3.0,N/A,N/A,N/A,N/A,None,unavailable,N/A,N/A,N/A,None,None,N/A,N/A,N/A,N/A,None,Hidden,N/A,N/A
orderdetails,0.0,N/A,N/A,N/A,N/A,N/A,N/A,N/A,N/A,unavailable,N/A,0.0,N/A,0.0,N/A,N/A,N/A,N/A,unavailable,1102.0,N/A,N/A,10344.0,S18_4409,Hidden,80.99,4.0,N/A,N/A,N/A,N/A,None,unavailable,N/A,N/A,N/A,None,None,N/A,N/A,N/A,N/A,None,Hidden,N/A,N/A
orderdetails,0.0,N/A,N/A,N/A,N/A,N/A,N/A,N/A,N/A,unavailable,N/A,0.0,N/A,0.0,N/A,N/A,N/A,N/A,unavailable,1102.0,N/A,N/A,10344.0,S18_4933,Hidden,68.42,5.0,N/A,N/A,N/A,N/A,None,unavailable,N/A,N/A,N/A,None,None,N/A,N/A,N/A,N/A,None,Hidden,N/A,N/A
orderdetails,0.0,N/A,N/A,N/A,N/A,N/A,N/A,N/A,N/A,unavailable,N/A,0.0,N/A,0.0,N/A,N/A,N/A,N/A,unavailable,1102.0,N/A,N/A,10344.0,S24_1046,Hidden,61.00,7.0,N/A,N/A,N/A,N/A,None,unavailable,N/A,N/A,N/A,None,None,N/A,N/A,N/A,N/A,None,Hidden,N/A,N/A
orderdetails,0.0,N/A,N/A,N/A,N/A,N/A,N/A,N/A,N/A,unavailable,N/A,0.0,N/A,0.0,N/A,N/A,N/A,N/A,unavailable,1102.0,N/A,N/A,10344.0,S24_1937,Hidden,27.88,6.0,N/A,N/A,N/A,N/A,None,unavailable,N/A,N/A,N/A,None,None,N/A,N/A,N/A,N/A,None,Hidden,N/A,N/A
orderdetails,0.0,N/A,N/A,N/A,N/A,N/A,N/A,N/A,N/A,unavailable,N/A,0.0,N/A,0.0,N/A,N/A,N/A,N/A,unavailable,1102.0,N/A,N/A,10345.0,S24_2022,Hidden,38.98,1.0,N/A,N/A,N/A,N/A,None,unavailable,N/A,N/A,N/A,None,None,N/A,N/A,N/A,N/A,None,Hidden,N/A,N/A
orderdetails,0.0,N/A,N/A,N/A,N/A,N/A,N/A,N/A,N/A,unavailable,N/A,0.0,N/A,0.0,N/A,N/A,N/A,N/A,unavailable,1102.0,N/A,N/A,10346.0,S18_1342,Hidden,88.36,3.0,N/A,N/A,N/A,N/A,None,unavailable,N/A,N/A,N/A,None,None,N/A,N/A,N/A,N/A,None,Hidden,N/A,N/A
orderdetails,0.0,N/A,N/A,N/A,N/A,N/A,N/A,N/A,N/A,unavailable,N/A,0.0,N/A,0.0,N/A,N/A,N/A,N/A,unavailable,1102.0,N/A,N/A,10346.0,S24_2766,Hidden,87.24,1.0,N/A,N/A,N/A,N/A,None,unavailable,N/A,N/A,N/A,None,None,N/A,N/A,N/A,N/A,None,Hidden,N/A,N/A
orderdetails,0.0,N/A,N/A,N/A,N/A,N/A,N/A,N/A,N/A,unavailable,N/A,0.0,N/A,0.0,N/A,N/A,N/A,N/A,unavailable,1102.0,N/A,N/A,10346.0,S24_2887,Hidden,117.44,5.0,N/A,N/A,N/A,N/A,None,unavailable,N/A,N/A,N/A,None,None,N/A,N/A,N/A,N/A,None,Hidden,N/A,N/A
orderdetails,0.0,N/A,N/A,N/A,N/A,N/A,N/A,N/A,N/A,unavailable,N/A,0.0,N/A,0.0,N/A,N/A,N/A,N/A,unavailable,1102.0,N/A,N/A,10346.0,S24_3191,Hidden,80.47,2.0,N/A,N/A,N/A,N/A,None,unavailable,N/A,N/A,N/A,None,None,N/A,N/A,N/A,N/A,None,Hidden,N/A,N/A
orderdetails,0.0,N/A,N/A,N/A,N/A,N/A,N/A,N/A,N/A,unavailable,N/A,0.0,N/A,0.0,N/A,N/A,N/A,N/A,unavailable,1102.0,N/A,N/A,10346.0,S24_3432,Hidden,103.87,6.0,N/A,N/A,N/A,N/A,None,unavailable,N/A,N/A,N/A,None,None,N/A,N/A,N/A,N/A,None,Hidden,N/A,N/A
orderdetails,0.0,N/A,N/A,N/A,N/A,N/A,N/A,N/A,N/A,unavailable,N/A,0.0,N/A,0.0,N/A,N/A,N/A,N/A,unavailable,1102.0,N/A,N/A,10346.0,S24_3969,Hidden,38.57,4.0,N/A,N/A,N/A,N/A,None,unavailable,N/A,N/A,N/A,None,None,N/A,N/A,N/A,N/A,None,Hidden,N/A,N/A
orderdetails,0.0,N/A,N/A,N/A,N/A,N/A,N/A,N/A,N/A,unavailable,N/A,0.0,N/A,0.0,N/A,N/A,N/A,N/A,unavailable,1102.0,N/A,N/A,10347.0,S10_1949,Hidden,188.58,1.0,N/A,N/A,N/A,N/A,None,unavailable,N/A,N/A,N/A,None,None,N/A,N/A,N/A,N/A,None,Hidden,N/A,N/A
orderdetails,0.0,N/A,N/A,N/A,N/A,N/A,N/A,N/A,N/A,unavailable,N/A,0.0,N/A,0.0,N/A,N/A,N/A,N/A,unavailable,1102.0,N/A,N/A,10347.0,S10_4962,Hidden,132.97,2.0,N/A,N/A,N/A,N/A,None,unavailable,N/A,N/A,N/A,None,None,N/A,N/A,N/A,N/A,None,Hidden,N/A,N/A
orderdetails,0.0,N/A,N/A,N/A,N/A,N/A,N/A,N/A,N/A,unavailable,N/A,0.0,N/A,0.0,N/A,N/A,N/A,N/A,unavailable,1102.0,N/A,N/A,10347.0,S12_1666,Hidden,132.57,3.0,N/A,N/A,N/A,N/A,None,unavailable,N/A,N/A,N/A,None,None,N/A,N/A,N/A,N/A,None,Hidden,N/A,N/A
orderdetails,0.0,N/A,N/A,N/A,N/A,N/A,N/A,N/A,N/A,unavailable,N/A,0.0,N/A,0.0,N/A,N/A,N/A,N/A,unavailable,1102.0,N/A,N/A,10347.0,S18_1097,Hidden,113.17,5.0,N/A,N/A,N/A,N/A,None,unavailable,N/A,N/A,N/A,None,None,N/A,N/A,N/A,N/A,None,Hidden,N/A,N/A
orderdetails,0.0,N/A,N/A,N/A,N/A,N/A,N/A,N/A,N/A,unavailable,N/A,0.0,N/A,0.0,N/A,N/A,N/A,N/A,unavailable,1102.0,N/A,N/A,10347.0,S18_1367,Hidden,46.36,7.0,N/A,N/A,N/A,N/A,None,unavailable,N/A,N/A,N/A,None,None,N/A,N/A,N/A,N/A,None,Hidden,N/A,N/A
orderdetails,0.0,N/A,N/A,N/A,N/A,N/A,N/A,N/A,N/A,unavailable,N/A,0.0,N/A,0.0,N/A,N/A,N/A,N/A,unavailable,1102.0,N/A,N/A,10347.0,S18_2432,Hidden,51.05,8.0,N/A,N/A,N/A,N/A,None,unavailable,N/A,N/A,N/A,None,None,N/A,N/A,N/A,N/A,None,Hidden,N/A,N/A
orderdetails,0.0,N/A,N/A,N/A,N/A,N/A,N/A,N/A,N/A,unavailable,N/A,0.0,N/A,0.0,N/A,N/A,N/A,N/A,unavailable,1102.0,N/A,N/A,10347.0,S18_2795,Hidden,136.69,6.0,N/A,N/A,N/A,N/A,None,unavailable,N/A,N/A,N/A,None,None,N/A,N/A,N/A,N/A,None,Hidden,N/A,N/A
orderdetails,0.0,N/A,N/A,N/A,N/A,N/A,N/A,N/A,N/A,unavailable,N/A,0.0,N/A,0.0,N/A,N/A,N/A,N/A,unavailable,1102.0,N/A,N/A,10347.0,S18_2949,Hidden,84.09,9.0,N/A,N/A,N/A,N/A,None,unavailable,N/A,N/A,N/A,None,None,N/A,N/A,N/A,N/A,None,Hidden,N/A,N/A
orderdetails,0.0,N/A,N/A,N/A,N/A,N/A,N/A,N/A,N/A,unavailable,N/A,0.0,N/A,0.0,N/A,N/A,N/A,N/A,unavailable,1102.0,N/A,N/A,10347.0,S18_2957,Hidden,60.59,10.0,N/A,N/A,N/A,N/A,None,unavailable,N/A,N/A,N/A,None,None,N/A,N/A,N/A,N/A,None,Hidden,N/A,N/A
orderdetails,0.0,N/A,N/A,N/A,N/A,N/A,N/A,N/A,N/A,unavailable,N/A,0.0,N/A,0.0,N/A,N/A,N/A,N/A,unavailable,1102.0,N/A,N/A,10347.0,S18_3136,Hidden,95.30,11.0,N/A,N/A,N/A,N/A,None,unavailable,N/A,N/A,N/A,None,None,N/A,N/A,N/A,N/A,None,Hidden,N/A,N/A
orderdetails,0.0,N/A,N/A,N/A,N/A,N/A,N/A,N/A,N/A,unavailable,N/A,0.0,N/A,0.0,N/A,N/A,N/A,N/A,unavailable,1102.0,N/A,N/A,10347.0,S18_3320,Hidden,84.33,12.0,N/A,N/A,N/A,N/A,None,unavailable,N/A,N/A,N/A,None,None,N/A,N/A,N/A,N/A,None,Hidden,N/A,N/A
orderdetails,0.0,N/A,N/A,N/A,N/A,N/A,N/A,N/A,N/A,unavailable,N/A,0.0,N/A,0.0,N/A,N/A,N/A,N/A,unavailable,1102.0,N/A,N/A,10347.0,S18_4600,Hidden,115.03,4.0,N/A,N/A,N/A,N/A,None,unavailable,N/A,N/A,N/A,None,None,N/A,N/A,N/A,N/A,None,Hidden,N/A,N/A
orderdetails,0.0,N/A,N/A,N/A,N/A,N/A,N/A,N/A,N/A,unavailable,N/A,0.0,N/A,0.0,N/A,N/A,N/A,N/A,unavailable,1102.0,N/A,N/A,10348.0,S12_1108,Hidden,207.80,8.0,N/A,N/A,N/A,N/A,None,unavailable,N/A,N/A,N/A,None,None,N/A,N/A,N/A,N/A,None,Hidden,N/A,N/A
orderdetails,0.0,N/A,N/A,N/A,N/A,N/A,N/A,N/A,N/A,unavailable,N/A,0.0,N/A,0.0,N/A,N/A,N/A,N/A,unavailable,1102.0,N/A,N/A,10348.0,S12_3148,Hidden,122.37,4.0,N/A,N/A,N/A,N/A,None,unavailable,N/A,N/A,N/A,None,None,N/A,N/A,N/A,N/A,None,Hidden,N/A,N/A
orderdetails,0.0,N/A,N/A,N/A,N/A,N/A,N/A,N/A,N/A,unavailable,N/A,0.0,N/A,0.0,N/A,N/A,N/A,N/A,unavailable,1102.0,N/A,N/A,10348.0,S18_4668,Hidden,43.77,6.0,N/A,N/A,N/A,N/A,None,unavailable,N/A,N/A,N/A,None,None,N/A,N/A,N/A,N/A,None,Hidden,N/A,N/A
orderdetails,0.0,N/A,N/A,N/A,N/A,N/A,N/A,N/A,N/A,unavailable,N/A,0.0,N/A,0.0,N/A,N/A,N/A,N/A,unavailable,1102.0,N/A,N/A,10348.0,S24_2300,Hidden,107.34,1.0,N/A,N/A,N/A,N/A,None,unavailable,N/A,N/A,N/A,None,None,N/A,N/A,N/A,N/A,None,Hidden,N/A,N/A
orderdetails,0.0,N/A,N/A,N/A,N/A,N/A,N/A,N/A,N/A,unavailable,N/A,0.0,N/A,0.0,N/A,N/A,N/A,N/A,unavailable,1102.0,N/A,N/A,10348.0,S24_4258,Hidden,82.78,2.0,N/A,N/A,N/A,N/A,None,unavailable,N/A,N/A,N/A,None,None,N/A,N/A,N/A,N/A,None,Hidden,N/A,N/A
orderdetails,0.0,N/A,N/A,N/A,N/A,N/A,N/A,N/A,N/A,unavailable,N/A,0.0,N/A,0.0,N/A,N/A,N/A,N/A,unavailable,1102.0,N/A,N/A,10348.0,S32_1268,Hidden,90.53,3.0,N/A,N/A,N/A,N/A,None,unavailable,N/A,N/A,N/A,None,None,N/A,N/A,N/A,N/A,None,Hidden,N/A,N/A
orderdetails,0.0,N/A,N/A,N/A,N/A,N/A,N/A,N/A,N/A,unavailable,N/A,0.0,N/A,0.0,N/A,N/A,N/A,N/A,unavailable,1102.0,N/A,N/A,10348.0,S32_3522,Hidden,62.70,5.0,N/A,N/A,N/A,N/A,None,unavailable,N/A,N/A,N/A,None,None,N/A,N/A,N/A,N/A,None,Hidden,N/A,N/A
orderdetails,0.0,N/A,N/A,N/A,N/A,N/A,N/A,N/A,N/A,unavailable,N/A,0.0,N/A,0.0,N/A,N/A,N/A,N/A,unavailable,1102.0,N/A,N/A,10348.0,S700_2824,Hidden,100.14,7.0,N/A,N/A,N/A,N/A,None,unavailable,N/A,N/A,N/A,None,None,N/A,N/A,N/A,N/A,None,Hidden,N/A,N/A
orderdetails,0.0,N/A,N/A,N/A,N/A,N/A,N/A,N/A,N/A,unavailable,N/A,0.0,N/A,0.0,N/A,N/A,N/A,N/A,unavailable,1102.0,N/A,N/A,10349.0,S12_3891,Hidden,166.10,10.0,N/A,N/A,N/A,N/A,None,unavailable,N/A,N/A,N/A,None,None,N/A,N/A,N/A,N/A,None,Hidden,N/A,N/A
orderdetails,0.0,N/A,N/A,N/A,N/A,N/A,N/A,N/A,N/A,unavailable,N/A,0.0,N/A,0.0,N/A,N/A,N/A,N/A,unavailable,1102.0,N/A,N/A,10349.0,S12_4473,Hidden,114.95,9.0,N/A,N/A,N/A,N/A,None,unavailable,N/A,N/A,N/A,None,None,N/A,N/A,N/A,N/A,None,Hidden,N/A,N/A
orderdetails,0.0,N/A,N/A,N/A,N/A,N/A,N/A,N/A,N/A,unavailable,N/A,0.0,N/A,0.0,N/A,N/A,N/A,N/A,unavailable,1102.0,N/A,N/A,10349.0,S18_2238,Hidden,142.45,8.0,N/A,N/A,N/A,N/A,None,unavailable,N/A,N/A,N/A,None,None,N/A,N/A,N/A,N/A,None,Hidden,N/A,N/A
orderdetails,0.0,N/A,N/A,N/A,N/A,N/A,N/A,N/A,N/A,unavailable,N/A,0.0,N/A,0.0,N/A,N/A,N/A,N/A,unavailable,1102.0,N/A,N/A,10349.0,S18_2319,Hidden,117.82,7.0,N/A,N/A,N/A,N/A,None,unavailable,N/A,N/A,N/A,None,None,N/A,N/A,N/A,N/A,None,Hidden,N/A,N/A
orderdetails,0.0,N/A,N/A,N/A,N/A,N/A,N/A,N/A,N/A,unavailable,N/A,0.0,N/A,0.0,N/A,N/A,N/A,N/A,unavailable,1102.0,N/A,N/A,10349.0,S18_3232,Hidden,164.26,6.0,N/A,N/A,N/A,N/A,None,unavailable,N/A,N/A,N/A,None,None,N/A,N/A,N/A,N/A,None,Hidden,N/A,N/A
orderdetails,0.0,N/A,N/A,N/A,N/A,N/A,N/A,N/A,N/A,unavailable,N/A,0.0,N/A,0.0,N/A,N/A,N/A,N/A,unavailable,1102.0,N/A,N/A,10349.0,S18_4027,Hidden,140.75,5.0,N/A,N/A,N/A,N/A,None,unavailable,N/A,N/A,N/A,None,None,N/A,N/A,N/A,N/A,None,Hidden,N/A,N/A
orderdetails,0.0,N/A,N/A,N/A,N/A,N/A,N/A,N/A,N/A,unavailable,N/A,0.0,N/A,0.0,N/A,N/A,N/A,N/A,unavailable,1102.0,N/A,N/A,10349.0,S24_1444,Hidden,50.29,4.0,N/A,N/A,N/A,N/A,None,unavailable,N/A,N/A,N/A,None,None,N/A,N/A,N/A,N/A,None,Hidden,N/A,N/A
orderdetails,0.0,N/A,N/A,N/A,N/A,N/A,N/A,N/A,N/A,unavailable,N/A,0.0,N/A,0.0,N/A,N/A,N/A,N/A,unavailable,1102.0,N/A,N/A,10349.0,S24_2840,Hidden,31.47,3.0,N/A,N/A,N/A,N/A,None,unavailable,N/A,N/A,N/A,None,None,N/A,N/A,N/A,N/A,None,Hidden,N/A,N/A
orderdetails,0.0,N/A,N/A,N/A,N/A,N/A,N/A,N/A,N/A,unavailable,N/A,0.0,N/A,0.0,N/A,N/A,N/A,N/A,unavailable,1102.0,N/A,N/A,10349.0,S24_4048,Hidden,111.18,2.0,N/A,N/A,N/A,N/A,None,unavailable,N/A,N/A,N/A,None,None,N/A,N/A,N/A,N/A,None,Hidden,N/A,N/A
orderdetails,0.0,N/A,N/A,N/A,N/A,N/A,N/A,N/A,N/A,unavailable,N/A,0.0,N/A,0.0,N/A,N/A,N/A,N/A,unavailable,1102.0,N/A,N/A,10349.0,S32_2509,Hidden,44.37,1.0,N/A,N/A,N/A,N/A,None,unavailable,N/A,N/A,N/A,None,None,N/A,N/A,N/A,N/A,None,Hidden,N/A,N/A
orderdetails,0.0,N/A,N/A,N/A,N/A,N/A,N/A,N/A,N/A,unavailable,N/A,0.0,N/A,0.0,N/A,N/A,N/A,N/A,unavailable,1102.0,N/A,N/A,10350.0,S10_4757,Hidden,110.16,5.0,N/A,N/A,N/A,N/A,None,unavailable,N/A,N/A,N/A,None,None,N/A,N/A,N/A,N/A,None,Hidden,N/A,N/A
orderdetails,0.0,N/A,N/A,N/A,N/A,N/A,N/A,N/A,N/A,unavailable,N/A,0.0,N/A,0.0,N/A,N/A,N/A,N/A,unavailable,1102.0,N/A,N/A,10350.0,S18_3029,Hidden,84.30,6.0,N/A,N/A,N/A,N/A,None,unavailable,N/A,N/A,N/A,None,None,N/A,N/A,N/A,N/A,None,Hidden,N/A,N/A
orderdetails,0.0,N/A,N/A,N/A,N/A,N/A,N/A,N/A,N/A,unavailable,N/A,0.0,N/A,0.0,N/A,N/A,N/A,N/A,unavailable,1102.0,N/A,N/A,10350.0,S18_3140,Hidden,135.22,1.0,N/A,N/A,N/A,N/A,None,unavailable,N/A,N/A,N/A,None,None,N/A,N/A,N/A,N/A,None,Hidden,N/A,N/A
orderdetails,0.0,N/A,N/A,N/A,N/A,N/A,N/A,N/A,N/A,unavailable,N/A,0.0,N/A,0.0,N/A,N/A,N/A,N/A,unavailable,1102.0,N/A,N/A,10350.0,S18_3259,Hidden,94.79,2.0,N/A,N/A,N/A,N/A,None,unavailable,N/A,N/A,N/A,None,None,N/A,N/A,N/A,N/A,None,Hidden,N/A,N/A
orderdetails,0.0,N/A,N/A,N/A,N/A,N/A,N/A,N/A,N/A,unavailable,N/A,0.0,N/A,0.0,N/A,N/A,N/A,N/A,unavailable,1102.0,N/A,N/A,10350.0,S18_4522,Hidden,70.22,3.0,N/A,N/A,N/A,N/A,None,unavailable,N/A,N/A,N/A,None,None,N/A,N/A,N/A,N/A,None,Hidden,N/A,N/A
orderdetails,0.0,N/A,N/A,N/A,N/A,N/A,N/A,N/A,N/A,unavailable,N/A,0.0,N/A,0.0,N/A,N/A,N/A,N/A,unavailable,1102.0,N/A,N/A,10350.0,S24_2011,Hidden,98.31,7.0,N/A,N/A,N/A,N/A,None,unavailable,N/A,N/A,N/A,None,None,N/A,N/A,N/A,N/A,None,Hidden,N/A,N/A
orderdetails,0.0,N/A,N/A,N/A,N/A,N/A,N/A,N/A,N/A,unavailable,N/A,0.0,N/A,0.0,N/A,N/A,N/A,N/A,unavailable,1102.0,N/A,N/A,10350.0,S24_3151,Hidden,86.74,9.0,N/A,N/A,N/A,N/A,None,unavailable,N/A,N/A,N/A,None,None,N/A,N/A,N/A,N/A,None,Hidden,N/A,N/A
orderdetails,0.0,N/A,N/A,N/A,N/A,N/A,N/A,N/A,N/A,unavailable,N/A,0.0,N/A,0.0,N/A,N/A,N/A,N/A,unavailable,1102.0,N/A,N/A,10350.0,S24_3816,Hidden,77.15,10.0,N/A,N/A,N/A,N/A,None,unavailable,N/A,N/A,N/A,None,None,N/A,N/A,N/A,N/A,None,Hidden,N/A,N/A
orderdetails,0.0,N/A,N/A,N/A,N/A,N/A,N/A,N/A,N/A,unavailable,N/A,0.0,N/A,0.0,N/A,N/A,N/A,N/A,unavailable,1102.0,N/A,N/A,10350.0,S32_3207,Hidden,61.52,14.0,N/A,N/A,N/A,N/A,None,unavailable,N/A,N/A,N/A,None,None,N/A,N/A,N/A,N/A,None,Hidden,N/A,N/A
orderdetails,0.0,N/A,N/A,N/A,N/A,N/A,N/A,N/A,N/A,unavailable,N/A,0.0,N/A,0.0,N/A,N/A,N/A,N/A,unavailable,1102.0,N/A,N/A,10350.0,S50_1392,Hidden,104.18,8.0,N/A,N/A,N/A,N/A,None,unavailable,N/A,N/A,N/A,None,None,N/A,N/A,N/A,N/A,None,Hidden,N/A,N/A
orderdetails,0.0,N/A,N/A,N/A,N/A,N/A,N/A,N/A,N/A,unavailable,N/A,0.0,N/A,0.0,N/A,N/A,N/A,N/A,unavailable,1102.0,N/A,N/A,10350.0,S50_1514,Hidden,56.82,17.0,N/A,N/A,N/A,N/A,None,unavailable,N/A,N/A,N/A,None,None,N/A,N/A,N/A,N/A,None,Hidden,N/A,N/A
orderdetails,0.0,N/A,N/A,N/A,N/A,N/A,N/A,N/A,N/A,unavailable,N/A,0.0,N/A,0.0,N/A,N/A,N/A,N/A,unavailable,1102.0,N/A,N/A,10350.0,S700_1138,Hidden,56.00,11.0,N/A,N/A,N/A,N/A,None,unavailable,N/A,N/A,N/A,None,None,N/A,N/A,N/A,N/A,None,Hidden,N/A,N/A
orderdetails,0.0,N/A,N/A,N/A,N/A,N/A,N/A,N/A,N/A,unavailable,N/A,0.0,N/A,0.0,N/A,N/A,N/A,N/A,unavailable,1102.0,N/A,N/A,10350.0,S700_1938,Hidden,76.22,4.0,N/A,N/A,N/A,N/A,None,unavailable,N/A,N/A,N/A,None,None,N/A,N/A,N/A,N/A,None,Hidden,N/A,N/A
orderdetails,0.0,N/A,N/A,N/A,N/A,N/A,N/A,N/A,N/A,unavailable,N/A,0.0,N/A,0.0,N/A,N/A,N/A,N/A,unavailable,1102.0,N/A,N/A,10350.0,S700_2610,Hidden,68.67,12.0,N/A,N/A,N/A,N/A,None,unavailable,N/A,N/A,N/A,None,None,N/A,N/A,N/A,N/A,None,Hidden,N/A,N/A
orderdetails,0.0,N/A,N/A,N/A,N/A,N/A,N/A,N/A,N/A,unavailable,N/A,0.0,N/A,0.0,N/A,N/A,N/A,N/A,unavailable,1102.0,N/A,N/A,10350.0,S700_3505,Hidden,87.15,13.0,N/A,N/A,N/A,N/A,None,unavailable,N/A,N/A,N/A,None,None,N/A,N/A,N/A,N/A,None,Hidden,N/A,N/A
orderdetails,0.0,N/A,N/A,N/A,N/A,N/A,N/A,N/A,N/A,unavailable,N/A,0.0,N/A,0.0,N/A,N/A,N/A,N/A,unavailable,1102.0,N/A,N/A,10350.0,S700_3962,Hidden,97.32,16.0,N/A,N/A,N/A,N/A,None,unavailable,N/A,N/A,N/A,None,None,N/A,N/A,N/A,N/A,None,Hidden,N/A,N/A
orderdetails,0.0,N/A,N/A,N/A,N/A,N/A,N/A,N/A,N/A,unavailable,N/A,0.0,N/A,0.0,N/A,N/A,N/A,N/A,unavailable,1102.0,N/A,N/A,10350.0,S72_3212,Hidden,48.05,15.0,N/A,N/A,N/A,N/A,None,unavailable,N/A,N/A,N/A,None,None,N/A,N/A,N/A,N/A,None,Hidden,N/A,N/A
orderdetails,0.0,N/A,N/A,N/A,N/A,N/A,N/A,N/A,N/A,unavailable,N/A,0.0,N/A,0.0,N/A,N/A,N/A,N/A,unavailable,1102.0,N/A,N/A,10351.0,S18_1662,Hidden,143.50,1.0,N/A,N/A,N/A,N/A,None,unavailable,N/A,N/A,N/A,None,None,N/A,N/A,N/A,N/A,None,Hidden,N/A,N/A
orderdetails,0.0,N/A,N/A,N/A,N/A,N/A,N/A,N/A,N/A,unavailable,N/A,0.0,N/A,0.0,N/A,N/A,N/A,N/A,unavailable,1102.0,N/A,N/A,10351.0,S18_3856,Hidden,104.81,2.0,N/A,N/A,N/A,N/A,None,unavailable,N/A,N/A,N/A,None,None,N/A,N/A,N/A,N/A,None,Hidden,N/A,N/A
orderdetails,0.0,N/A,N/A,N/A,N/A,N/A,N/A,N/A,N/A,unavailable,N/A,0.0,N/A,0.0,N/A,N/A,N/A,N/A,unavailable,1102.0,N/A,N/A,10351.0,S24_2841,Hidden,64.40,5.0,N/A,N/A,N/A,N/A,None,unavailable,N/A,N/A,N/A,None,None,N/A,N/A,N/A,N/A,None,Hidden,N/A,N/A
orderdetails,0.0,N/A,N/A,N/A,N/A,N/A,N/A,N/A,N/A,unavailable,N/A,0.0,N/A,0.0,N/A,N/A,N/A,N/A,unavailable,1102.0,N/A,N/A,10351.0,S24_3420,Hidden,53.92,4.0,N/A,N/A,N/A,N/A,None,unavailable,N/A,N/A,N/A,None,None,N/A,N/A,N/A,N/A,None,Hidden,N/A,N/A
orderdetails,0.0,N/A,N/A,N/A,N/A,N/A,N/A,N/A,N/A,unavailable,N/A,0.0,N/A,0.0,N/A,N/A,N/A,N/A,unavailable,1102.0,N/A,N/A,10351.0,S24_3949,Hidden,68.24,3.0,N/A,N/A,N/A,N/A,None,unavailable,N/A,N/A,N/A,None,None,N/A,N/A,N/A,N/A,None,Hidden,N/A,N/A
orderdetails,0.0,N/A,N/A,N/A,N/A,N/A,N/A,N/A,N/A,unavailable,N/A,0.0,N/A,0.0,N/A,N/A,N/A,N/A,unavailable,1102.0,N/A,N/A,10352.0,S700_2047,Hidden,75.13,3.0,N/A,N/A,N/A,N/A,None,unavailable,N/A,N/A,N/A,None,None,N/A,N/A,N/A,N/A,None,Hidden,N/A,N/A
orderdetails,0.0,N/A,N/A,N/A,N/A,N/A,N/A,N/A,N/A,unavailable,N/A,0.0,N/A,0.0,N/A,N/A,N/A,N/A,unavailable,1102.0,N/A,N/A,10352.0,S700_2466,Hidden,87.75,2.0,N/A,N/A,N/A,N/A,None,unavailable,N/A,N/A,N/A,None,None,N/A,N/A,N/A,N/A,None,Hidden,N/A,N/A
orderdetails,0.0,N/A,N/A,N/A,N/A,N/A,N/A,N/A,N/A,unavailable,N/A,0.0,N/A,0.0,N/A,N/A,N/A,N/A,unavailable,1102.0,N/A,N/A,10352.0,S700_4002,Hidden,62.19,1.0,N/A,N/A,N/A,N/A,None,unavailable,N/A,N/A,N/A,None,None,N/A,N/A,N/A,N/A,None,Hidden,N/A,N/A
orderdetails,0.0,N/A,N/A,N/A,N/A,N/A,N/A,N/A,N/A,unavailable,N/A,0.0,N/A,0.0,N/A,N/A,N/A,N/A,unavailable,1102.0,N/A,N/A,10352.0,S72_1253,Hidden,46.18,4.0,N/A,N/A,N/A,N/A,None,unavailable,N/A,N/A,N/A,None,None,N/A,N/A,N/A,N/A,None,Hidden,N/A,N/A
orderdetails,0.0,N/A,N/A,N/A,N/A,N/A,N/A,N/A,N/A,unavailable,N/A,0.0,N/A,0.0,N/A,N/A,N/A,N/A,unavailable,1102.0,N/A,N/A,10353.0,S18_2581,Hidden,71.81,1.0,N/A,N/A,N/A,N/A,None,unavailable,N/A,N/A,N/A,None,None,N/A,N/A,N/A,N/A,None,Hidden,N/A,N/A
orderdetails,0.0,N/A,N/A,N/A,N/A,N/A,N/A,N/A,N/A,unavailable,N/A,0.0,N/A,0.0,N/A,N/A,N/A,N/A,unavailable,1102.0,N/A,N/A,10353.0,S24_1785,Hidden,107.23,2.0,N/A,N/A,N/A,N/A,None,unavailable,N/A,N/A,N/A,None,None,N/A,N/A,N/A,N/A,None,Hidden,N/A,N/A
orderdetails,0.0,N/A,N/A,N/A,N/A,N/A,N/A,N/A,N/A,unavailable,N/A,0.0,N/A,0.0,N/A,N/A,N/A,N/A,unavailable,1102.0,N/A,N/A,10353.0,S24_4278,Hidden,69.55,3.0,N/A,N/A,N/A,N/A,None,unavailable,N/A,N/A,N/A,None,None,N/A,N/A,N/A,N/A,None,Hidden,N/A,N/A
orderdetails,0.0,N/A,N/A,N/A,N/A,N/A,N/A,N/A,N/A,unavailable,N/A,0.0,N/A,0.0,N/A,N/A,N/A,N/A,unavailable,1102.0,N/A,N/A,10353.0,S32_1374,Hidden,86.90,5.0,N/A,N/A,N/A,N/A,None,unavailable,N/A,N/A,N/A,None,None,N/A,N/A,N/A,N/A,None,Hidden,N/A,N/A
orderdetails,0.0,N/A,N/A,N/A,N/A,N/A,N/A,N/A,N/A,unavailable,N/A,0.0,N/A,0.0,N/A,N/A,N/A,N/A,unavailable,1102.0,N/A,N/A,10353.0,S32_4289,Hidden,68.10,7.0,N/A,N/A,N/A,N/A,None,unavailable,N/A,N/A,N/A,None,None,N/A,N/A,N/A,N/A,None,Hidden,N/A,N/A
orderdetails,0.0,N/A,N/A,N/A,N/A,N/A,N/A,N/A,N/A,unavailable,N/A,0.0,N/A,0.0,N/A,N/A,N/A,N/A,unavailable,1102.0,N/A,N/A,10353.0,S50_1341,Hidden,35.78,8.0,N/A,N/A,N/A,N/A,None,unavailable,N/A,N/A,N/A,None,None,N/A,N/A,N/A,N/A,None,Hidden,N/A,N/A
orderdetails,0.0,N/A,N/A,N/A,N/A,N/A,N/A,N/A,N/A,unavailable,N/A,0.0,N/A,0.0,N/A,N/A,N/A,N/A,unavailable,1102.0,N/A,N/A,10353.0,S700_1691,Hidden,73.07,9.0,N/A,N/A,N/A,N/A,None,unavailable,N/A,N/A,N/A,None,None,N/A,N/A,N/A,N/A,None,Hidden,N/A,N/A
orderdetails,0.0,N/A,N/A,N/A,N/A,N/A,N/A,N/A,N/A,unavailable,N/A,0.0,N/A,0.0,N/A,N/A,N/A,N/A,unavailable,1102.0,N/A,N/A,10353.0,S700_2834,Hidden,98.48,4.0,N/A,N/A,N/A,N/A,None,unavailable,N/A,N/A,N/A,None,None,N/A,N/A,N/A,N/A,None,Hidden,N/A,N/A
orderdetails,0.0,N/A,N/A,N/A,N/A,N/A,N/A,N/A,N/A,unavailable,N/A,0.0,N/A,0.0,N/A,N/A,N/A,N/A,unavailable,1102.0,N/A,N/A,10353.0,S700_3167,Hidden,74.40,6.0,N/A,N/A,N/A,N/A,None,unavailable,N/A,N/A,N/A,None,None,N/A,N/A,N/A,N/A,None,Hidden,N/A,N/A
orderdetails,0.0,N/A,N/A,N/A,N/A,N/A,N/A,N/A,N/A,unavailable,N/A,0.0,N/A,0.0,N/A,N/A,N/A,N/A,unavailable,1102.0,N/A,N/A,10354.0,S10_1678,Hidden,84.22,6.0,N/A,N/A,N/A,N/A,None,unavailable,N/A,N/A,N/A,None,None,N/A,N/A,N/A,N/A,None,Hidden,N/A,N/A
orderdetails,0.0,N/A,N/A,N/A,N/A,N/A,N/A,N/A,N/A,unavailable,N/A,0.0,N/A,0.0,N/A,N/A,N/A,N/A,unavailable,1102.0,N/A,N/A,10354.0,S10_2016,Hidden,95.15,2.0,N/A,N/A,N/A,N/A,None,unavailable,N/A,N/A,N/A,None,None,N/A,N/A,N/A,N/A,None,Hidden,N/A,N/A
orderdetails,0.0,N/A,N/A,N/A,N/A,N/A,N/A,N/A,N/A,unavailable,N/A,0.0,N/A,0.0,N/A,N/A,N/A,N/A,unavailable,1102.0,N/A,N/A,10354.0,S10_4698,Hidden,178.17,3.0,N/A,N/A,N/A,N/A,None,unavailable,N/A,N/A,N/A,None,None,N/A,N/A,N/A,N/A,None,Hidden,N/A,N/A
orderdetails,0.0,N/A,N/A,N/A,N/A,N/A,N/A,N/A,N/A,unavailable,N/A,0.0,N/A,0.0,N/A,N/A,N/A,N/A,unavailable,1102.0,N/A,N/A,10354.0,S12_1099,Hidden,157.60,9.0,N/A,N/A,N/A,N/A,None,unavailable,N/A,N/A,N/A,None,None,N/A,N/A,N/A,N/A,None,Hidden,N/A,N/A
orderdetails,0.0,N/A,N/A,N/A,N/A,N/A,N/A,N/A,N/A,unavailable,N/A,0.0,N/A,0.0,N/A,N/A,N/A,N/A,unavailable,1102.0,N/A,N/A,10354.0,S12_2823,Hidden,141.58,4.0,N/A,N/A,N/A,N/A,None,unavailable,N/A,N/A,N/A,None,None,N/A,N/A,N/A,N/A,None,Hidden,N/A,N/A
orderdetails,0.0,N/A,N/A,N/A,N/A,N/A,N/A,N/A,N/A,unavailable,N/A,0.0,N/A,0.0,N/A,N/A,N/A,N/A,unavailable,1102.0,N/A,N/A,10354.0,S12_3380,Hidden,98.65,11.0,N/A,N/A,N/A,N/A,None,unavailable,N/A,N/A,N/A,None,None,N/A,N/A,N/A,N/A,None,Hidden,N/A,N/A
orderdetails,0.0,N/A,N/A,N/A,N/A,N/A,N/A,N/A,N/A,unavailable,N/A,0.0,N/A,0.0,N/A,N/A,N/A,N/A,unavailable,1102.0,N/A,N/A,10354.0,S12_3990,Hidden,76.61,12.0,N/A,N/A,N/A,N/A,None,unavailable,N/A,N/A,N/A,None,None,N/A,N/A,N/A,N/A,None,Hidden,N/A,N/A
orderdetails,0.0,N/A,N/A,N/A,N/A,N/A,N/A,N/A,N/A,unavailable,N/A,0.0,N/A,0.0,N/A,N/A,N/A,N/A,unavailable,1102.0,N/A,N/A,10354.0,S12_4675,Hidden,100.19,13.0,N/A,N/A,N/A,N/A,None,unavailable,N/A,N/A,N/A,None,None,N/A,N/A,N/A,N/A,None,Hidden,N/A,N/A
orderdetails,0.0,N/A,N/A,N/A,N/A,N/A,N/A,N/A,N/A,unavailable,N/A,0.0,N/A,0.0,N/A,N/A,N/A,N/A,unavailable,1102.0,N/A,N/A,10354.0,S18_1889,Hidden,76.23,8.0,N/A,N/A,N/A,N/A,None,unavailable,N/A,N/A,N/A,None,None,N/A,N/A,N/A,N/A,None,Hidden,N/A,N/A
orderdetails,0.0,N/A,N/A,N/A,N/A,N/A,N/A,N/A,N/A,unavailable,N/A,0.0,N/A,0.0,N/A,N/A,N/A,N/A,unavailable,1102.0,N/A,N/A,10354.0,S18_2625,Hidden,49.06,10.0,N/A,N/A,N/A,N/A,None,unavailable,N/A,N/A,N/A,None,None,N/A,N/A,N/A,N/A,None,Hidden,N/A,N/A
orderdetails,0.0,N/A,N/A,N/A,N/A,N/A,N/A,N/A,N/A,unavailable,N/A,0.0,N/A,0.0,N/A,N/A,N/A,N/A,unavailable,1102.0,N/A,N/A,10354.0,S18_3278,Hidden,69.15,7.0,N/A,N/A,N/A,N/A,None,unavailable,N/A,N/A,N/A,None,None,N/A,N/A,N/A,N/A,None,Hidden,N/A,N/A
orderdetails,0.0,N/A,N/A,N/A,N/A,N/A,N/A,N/A,N/A,unavailable,N/A,0.0,N/A,0.0,N/A,N/A,N/A,N/A,unavailable,1102.0,N/A,N/A,10354.0,S24_1578,Hidden,96.92,5.0,N/A,N/A,N/A,N/A,None,unavailable,N/A,N/A,N/A,None,None,N/A,N/A,N/A,N/A,None,Hidden,N/A,N/A
orderdetails,0.0,N/A,N/A,N/A,N/A,N/A,N/A,N/A,N/A,unavailable,N/A,0.0,N/A,0.0,N/A,N/A,N/A,N/A,unavailable,1102.0,N/A,N/A,10354.0,S24_2000,Hidden,62.46,1.0,N/A,N/A,N/A,N/A,None,unavailable,N/A,N/A,N/A,None,None,N/A,N/A,N/A,N/A,None,Hidden,N/A,N/A
orderdetails,0.0,N/A,N/A,N/A,N/A,N/A,N/A,N/A,N/A,unavailable,N/A,0.0,N/A,0.0,N/A,N/A,N/A,N/A,unavailable,1102.0,N/A,N/A,10355.0,S18_3482,Hidden,117.59,7.0,N/A,N/A,N/A,N/A,None,unavailable,N/A,N/A,N/A,None,None,N/A,N/A,N/A,N/A,None,Hidden,N/A,N/A
orderdetails,0.0,N/A,N/A,N/A,N/A,N/A,N/A,N/A,N/A,unavailable,N/A,0.0,N/A,0.0,N/A,N/A,N/A,N/A,unavailable,1102.0,N/A,N/A,10355.0,S18_3782,Hidden,60.30,1.0,N/A,N/A,N/A,N/A,None,unavailable,N/A,N/A,N/A,None,None,N/A,N/A,N/A,N/A,None,Hidden,N/A,N/A
orderdetails,0.0,N/A,N/A,N/A,N/A,N/A,N/A,N/A,N/A,unavailable,N/A,0.0,N/A,0.0,N/A,N/A,N/A,N/A,unavailable,1102.0,N/A,N/A,10355.0,S18_4721,Hidden,124.99,2.0,N/A,N/A,N/A,N/A,None,unavailable,N/A,N/A,N/A,None,None,N/A,N/A,N/A,N/A,None,Hidden,N/A,N/A
orderdetails,0.0,N/A,N/A,N/A,N/A,N/A,N/A,N/A,N/A,unavailable,N/A,0.0,N/A,0.0,N/A,N/A,N/A,N/A,unavailable,1102.0,N/A,N/A,10355.0,S24_2360,Hidden,56.10,3.0,N/A,N/A,N/A,N/A,None,unavailable,N/A,N/A,N/A,None,None,N/A,N/A,N/A,N/A,None,Hidden,N/A,N/A
orderdetails,0.0,N/A,N/A,N/A,N/A,N/A,N/A,N/A,N/A,unavailable,N/A,0.0,N/A,0.0,N/A,N/A,N/A,N/A,unavailable,1102.0,N/A,N/A,10355.0,S24_2972,Hidden,37.38,4.0,N/A,N/A,N/A,N/A,None,unavailable,N/A,N/A,N/A,None,None,N/A,N/A,N/A,N/A,None,Hidden,N/A,N/A
orderdetails,0.0,N/A,N/A,N/A,N/A,N/A,N/A,N/A,N/A,unavailable,N/A,0.0,N/A,0.0,N/A,N/A,N/A,N/A,unavailable,1102.0,N/A,N/A,10355.0,S24_3371,Hidden,60.62,6.0,N/A,N/A,N/A,N/A,None,unavailable,N/A,N/A,N/A,None,None,N/A,N/A,N/A,N/A,None,Hidden,N/A,N/A
orderdetails,0.0,N/A,N/A,N/A,N/A,N/A,N/A,N/A,N/A,unavailable,N/A,0.0,N/A,0.0,N/A,N/A,N/A,N/A,unavailable,1102.0,N/A,N/A,10355.0,S24_3856,Hidden,137.62,8.0,N/A,N/A,N/A,N/A,None,unavailable,N/A,N/A,N/A,None,None,N/A,N/A,N/A,N/A,None,Hidden,N/A,N/A
orderdetails,0.0,N/A,N/A,N/A,N/A,N/A,N/A,N/A,N/A,unavailable,N/A,0.0,N/A,0.0,N/A,N/A,N/A,N/A,unavailable,1102.0,N/A,N/A,10355.0,S24_4620,Hidden,75.18,9.0,N/A,N/A,N/A,N/A,None,unavailable,N/A,N/A,N/A,None,None,N/A,N/A,N/A,N/A,None,Hidden,N/A,N/A
orderdetails,0.0,N/A,N/A,N/A,N/A,N/A,N/A,N/A,N/A,unavailable,N/A,0.0,N/A,0.0,N/A,N/A,N/A,N/A,unavailable,1102.0,N/A,N/A,10355.0,S32_2206,Hidden,32.99,10.0,N/A,N/A,N/A,N/A,None,unavailable,N/A,N/A,N/A,None,None,N/A,N/A,N/A,N/A,None,Hidden,N/A,N/A
orderdetails,0.0,N/A,N/A,N/A,N/A,N/A,N/A,N/A,N/A,unavailable,N/A,0.0,N/A,0.0,N/A,N/A,N/A,N/A,unavailable,1102.0,N/A,N/A,10355.0,S32_4485,Hidden,93.89,5.0,N/A,N/A,N/A,N/A,None,unavailable,N/A,N/A,N/A,None,None,N/A,N/A,N/A,N/A,None,Hidden,N/A,N/A
orderdetails,0.0,N/A,N/A,N/A,N/A,N/A,N/A,N/A,N/A,unavailable,N/A,0.0,N/A,0.0,N/A,N/A,N/A,N/A,unavailable,1102.0,N/A,N/A,10356.0,S18_1129,Hidden,120.31,8.0,N/A,N/A,N/A,N/A,None,unavailable,N/A,N/A,N/A,None,None,N/A,N/A,N/A,N/A,None,Hidden,N/A,N/A
orderdetails,0.0,N/A,N/A,N/A,N/A,N/A,N/A,N/A,N/A,unavailable,N/A,0.0,N/A,0.0,N/A,N/A,N/A,N/A,unavailable,1102.0,N/A,N/A,10356.0,S18_1342,Hidden,82.19,9.0,N/A,N/A,N/A,N/A,None,unavailable,N/A,N/A,N/A,None,None,N/A,N/A,N/A,N/A,None,Hidden,N/A,N/A
orderdetails,0.0,N/A,N/A,N/A,N/A,N/A,N/A,N/A,N/A,unavailable,N/A,0.0,N/A,0.0,N/A,N/A,N/A,N/A,unavailable,1102.0,N/A,N/A,10356.0,S18_1367,Hidden,44.75,6.0,N/A,N/A,N/A,N/A,None,unavailable,N/A,N/A,N/A,None,None,N/A,N/A,N/A,N/A,None,Hidden,N/A,N/A
orderdetails,0.0,N/A,N/A,N/A,N/A,N/A,N/A,N/A,N/A,unavailable,N/A,0.0,N/A,0.0,N/A,N/A,N/A,N/A,unavailable,1102.0,N/A,N/A,10356.0,S18_1984,Hidden,130.87,2.0,N/A,N/A,N/A,N/A,None,unavailable,N/A,N/A,N/A,None,None,N/A,N/A,N/A,N/A,None,Hidden,N/A,N/A
orderdetails,0.0,N/A,N/A,N/A,N/A,N/A,N/A,N/A,N/A,unavailable,N/A,0.0,N/A,0.0,N/A,N/A,N/A,N/A,unavailable,1102.0,N/A,N/A,10356.0,S18_2325,Hidden,106.79,3.0,N/A,N/A,N/A,N/A,None,unavailable,N/A,N/A,N/A,None,None,N/A,N/A,N/A,N/A,None,Hidden,N/A,N/A
orderdetails,0.0,N/A,N/A,N/A,N/A,N/A,N/A,N/A,N/A,unavailable,N/A,0.0,N/A,0.0,N/A,N/A,N/A,N/A,unavailable,1102.0,N/A,N/A,10356.0,S18_2795,Hidden,158.63,1.0,N/A,N/A,N/A,N/A,None,unavailable,N/A,N/A,N/A,None,None,N/A,N/A,N/A,N/A,None,Hidden,N/A,N/A
orderdetails,0.0,N/A,N/A,N/A,N/A,N/A,N/A,N/A,N/A,unavailable,N/A,0.0,N/A,0.0,N/A,N/A,N/A,N/A,unavailable,1102.0,N/A,N/A,10356.0,S24_1937,Hidden,31.86,5.0,N/A,N/A,N/A,N/A,None,unavailable,N/A,N/A,N/A,None,None,N/A,N/A,N/A,N/A,None,Hidden,N/A,N/A
orderdetails,0.0,N/A,N/A,N/A,N/A,N/A,N/A,N/A,N/A,unavailable,N/A,0.0,N/A,0.0,N/A,N/A,N/A,N/A,unavailable,1102.0,N/A,N/A,10356.0,S24_2022,Hidden,42.11,7.0,N/A,N/A,N/A,N/A,None,unavailable,N/A,N/A,N/A,None,None,N/A,N/A,N/A,N/A,None,Hidden,N/A,N/A
orderdetails,0.0,N/A,N/A,N/A,N/A,N/A,N/A,N/A,N/A,unavailable,N/A,0.0,N/A,0.0,N/A,N/A,N/A,N/A,unavailable,1102.0,N/A,N/A,10356.0,S50_4713,Hidden,78.11,4.0,N/A,N/A,N/A,N/A,None,unavailable,N/A,N/A,N/A,None,None,N/A,N/A,N/A,N/A,None,Hidden,N/A,N/A
orderdetails,0.0,N/A,N/A,N/A,N/A,N/A,N/A,N/A,N/A,unavailable,N/A,0.0,N/A,0.0,N/A,N/A,N/A,N/A,unavailable,1102.0,N/A,N/A,10357.0,S10_1949,Hidden,199.30,10.0,N/A,N/A,N/A,N/A,None,unavailable,N/A,N/A,N/A,None,None,N/A,N/A,N/A,N/A,None,Hidden,N/A,N/A
orderdetails,0.0,N/A,N/A,N/A,N/A,N/A,N/A,N/A,N/A,unavailable,N/A,0.0,N/A,0.0,N/A,N/A,N/A,N/A,unavailable,1102.0,N/A,N/A,10357.0,S10_4962,Hidden,135.92,9.0,N/A,N/A,N/A,N/A,None,unavailable,N/A,N/A,N/A,None,None,N/A,N/A,N/A,N/A,None,Hidden,N/A,N/A
orderdetails,0.0,N/A,N/A,N/A,N/A,N/A,N/A,N/A,N/A,unavailable,N/A,0.0,N/A,0.0,N/A,N/A,N/A,N/A,unavailable,1102.0,N/A,N/A,10357.0,S12_1666,Hidden,109.34,8.0,N/A,N/A,N/A,N/A,None,unavailable,N/A,N/A,N/A,None,None,N/A,N/A,N/A,N/A,None,Hidden,N/A,N/A
orderdetails,0.0,N/A,N/A,N/A,N/A,N/A,N/A,N/A,N/A,unavailable,N/A,0.0,N/A,0.0,N/A,N/A,N/A,N/A,unavailable,1102.0,N/A,N/A,10357.0,S18_1097,Hidden,112.00,1.0,N/A,N/A,N/A,N/A,None,unavailable,N/A,N/A,N/A,None,None,N/A,N/A,N/A,N/A,None,Hidden,N/A,N/A
orderdetails,0.0,N/A,N/A,N/A,N/A,N/A,N/A,N/A,N/A,unavailable,N/A,0.0,N/A,0.0,N/A,N/A,N/A,N/A,unavailable,1102.0,N/A,N/A,10357.0,S18_2432,Hidden,58.95,7.0,N/A,N/A,N/A,N/A,None,unavailable,N/A,N/A,N/A,None,None,N/A,N/A,N/A,N/A,None,Hidden,N/A,N/A
orderdetails,0.0,N/A,N/A,N/A,N/A,N/A,N/A,N/A,N/A,unavailable,N/A,0.0,N/A,0.0,N/A,N/A,N/A,N/A,unavailable,1102.0,N/A,N/A,10357.0,S18_2949,Hidden,91.18,6.0,N/A,N/A,N/A,N/A,None,unavailable,N/A,N/A,N/A,None,None,N/A,N/A,N/A,N/A,None,Hidden,N/A,N/A
orderdetails,0.0,N/A,N/A,N/A,N/A,N/A,N/A,N/A,N/A,unavailable,N/A,0.0,N/A,0.0,N/A,N/A,N/A,N/A,unavailable,1102.0,N/A,N/A,10357.0,S18_2957,Hidden,59.34,5.0,N/A,N/A,N/A,N/A,None,unavailable,N/A,N/A,N/A,None,None,N/A,N/A,N/A,N/A,None,Hidden,N/A,N/A
orderdetails,0.0,N/A,N/A,N/A,N/A,N/A,N/A,N/A,N/A,unavailable,N/A,0.0,N/A,0.0,N/A,N/A,N/A,N/A,unavailable,1102.0,N/A,N/A,10357.0,S18_3136,Hidden,104.72,4.0,N/A,N/A,N/A,N/A,None,unavailable,N/A,N/A,N/A,None,None,N/A,N/A,N/A,N/A,None,Hidden,N/A,N/A
orderdetails,0.0,N/A,N/A,N/A,N/A,N/A,N/A,N/A,N/A,unavailable,N/A,0.0,N/A,0.0,N/A,N/A,N/A,N/A,unavailable,1102.0,N/A,N/A,10357.0,S18_3320,Hidden,84.33,3.0,N/A,N/A,N/A,N/A,None,unavailable,N/A,N/A,N/A,None,None,N/A,N/A,N/A,N/A,None,Hidden,N/A,N/A
orderdetails,0.0,N/A,N/A,N/A,N/A,N/A,N/A,N/A,N/A,unavailable,N/A,0.0,N/A,0.0,N/A,N/A,N/A,N/A,unavailable,1102.0,N/A,N/A,10357.0,S18_4600,Hidden,105.34,2.0,N/A,N/A,N/A,N/A,None,unavailable,N/A,N/A,N/A,None,None,N/A,N/A,N/A,N/A,None,Hidden,N/A,N/A
orderdetails,0.0,N/A,N/A,N/A,N/A,N/A,N/A,N/A,N/A,unavailable,N/A,0.0,N/A,0.0,N/A,N/A,N/A,N/A,unavailable,1102.0,N/A,N/A,10358.0,S12_3148,Hidden,129.93,5.0,N/A,N/A,N/A,N/A,None,unavailable,N/A,N/A,N/A,None,None,N/A,N/A,N/A,N/A,None,Hidden,N/A,N/A
orderdetails,0.0,N/A,N/A,N/A,N/A,N/A,N/A,N/A,N/A,unavailable,N/A,0.0,N/A,0.0,N/A,N/A,N/A,N/A,unavailable,1102.0,N/A,N/A,10358.0,S12_4473,Hidden,98.36,9.0,N/A,N/A,N/A,N/A,None,unavailable,N/A,N/A,N/A,None,None,N/A,N/A,N/A,N/A,None,Hidden,N/A,N/A
orderdetails,0.0,N/A,N/A,N/A,N/A,N/A,N/A,N/A,N/A,unavailable,N/A,0.0,N/A,0.0,N/A,N/A,N/A,N/A,unavailable,1102.0,N/A,N/A,10358.0,S18_2238,Hidden,142.45,10.0,N/A,N/A,N/A,N/A,None,unavailable,N/A,N/A,N/A,None,None,N/A,N/A,N/A,N/A,None,Hidden,N/A,N/A
orderdetails,0.0,N/A,N/A,N/A,N/A,N/A,N/A,N/A,N/A,unavailable,N/A,0.0,N/A,0.0,N/A,N/A,N/A,N/A,unavailable,1102.0,N/A,N/A,10358.0,S18_2319,Hidden,99.41,11.0,N/A,N/A,N/A,N/A,None,unavailable,N/A,N/A,N/A,None,None,N/A,N/A,N/A,N/A,None,Hidden,N/A,N/A
orderdetails,0.0,N/A,N/A,N/A,N/A,N/A,N/A,N/A,N/A,unavailable,N/A,0.0,N/A,0.0,N/A,N/A,N/A,N/A,unavailable,1102.0,N/A,N/A,10358.0,S18_3232,Hidden,137.17,12.0,N/A,N/A,N/A,N/A,None,unavailable,N/A,N/A,N/A,None,None,N/A,N/A,N/A,N/A,None,Hidden,N/A,N/A
orderdetails,0.0,N/A,N/A,N/A,N/A,N/A,N/A,N/A,N/A,unavailable,N/A,0.0,N/A,0.0,N/A,N/A,N/A,N/A,unavailable,1102.0,N/A,N/A,10358.0,S18_4027,Hidden,117.77,13.0,N/A,N/A,N/A,N/A,None,unavailable,N/A,N/A,N/A,None,None,N/A,N/A,N/A,N/A,None,Hidden,N/A,N/A
orderdetails,0.0,N/A,N/A,N/A,N/A,N/A,N/A,N/A,N/A,unavailable,N/A,0.0,N/A,0.0,N/A,N/A,N/A,N/A,unavailable,1102.0,N/A,N/A,10358.0,S18_4668,Hidden,46.29,8.0,N/A,N/A,N/A,N/A,None,unavailable,N/A,N/A,N/A,None,None,N/A,N/A,N/A,N/A,None,Hidden,N/A,N/A
orderdetails,0.0,N/A,N/A,N/A,N/A,N/A,N/A,N/A,N/A,unavailable,N/A,0.0,N/A,0.0,N/A,N/A,N/A,N/A,unavailable,1102.0,N/A,N/A,10358.0,S24_1444,Hidden,56.07,14.0,N/A,N/A,N/A,N/A,None,unavailable,N/A,N/A,N/A,None,None,N/A,N/A,N/A,N/A,None,Hidden,N/A,N/A
orderdetails,0.0,N/A,N/A,N/A,N/A,N/A,N/A,N/A,N/A,unavailable,N/A,0.0,N/A,0.0,N/A,N/A,N/A,N/A,unavailable,1102.0,N/A,N/A,10358.0,S24_2300,Hidden,127.79,7.0,N/A,N/A,N/A,N/A,None,unavailable,N/A,N/A,N/A,None,None,N/A,N/A,N/A,N/A,None,Hidden,N/A,N/A
orderdetails,0.0,N/A,N/A,N/A,N/A,N/A,N/A,N/A,N/A,unavailable,N/A,0.0,N/A,0.0,N/A,N/A,N/A,N/A,unavailable,1102.0,N/A,N/A,10358.0,S24_2840,Hidden,33.59,4.0,N/A,N/A,N/A,N/A,None,unavailable,N/A,N/A,N/A,None,None,N/A,N/A,N/A,N/A,None,Hidden,N/A,N/A
orderdetails,0.0,N/A,N/A,N/A,N/A,N/A,N/A,N/A,N/A,unavailable,N/A,0.0,N/A,0.0,N/A,N/A,N/A,N/A,unavailable,1102.0,N/A,N/A,10358.0,S24_4258,Hidden,88.62,6.0,N/A,N/A,N/A,N/A,None,unavailable,N/A,N/A,N/A,None,None,N/A,N/A,N/A,N/A,None,Hidden,N/A,N/A
orderdetails,0.0,N/A,N/A,N/A,N/A,N/A,N/A,N/A,N/A,unavailable,N/A,0.0,N/A,0.0,N/A,N/A,N/A,N/A,unavailable,1102.0,N/A,N/A,10358.0,S32_1268,Hidden,82.83,1.0,N/A,N/A,N/A,N/A,None,unavailable,N/A,N/A,N/A,None,None,N/A,N/A,N/A,N/A,None,Hidden,N/A,N/A
orderdetails,0.0,N/A,N/A,N/A,N/A,N/A,N/A,N/A,N/A,unavailable,N/A,0.0,N/A,0.0,N/A,N/A,N/A,N/A,unavailable,1102.0,N/A,N/A,10358.0,S32_3522,Hidden,51.71,2.0,N/A,N/A,N/A,N/A,None,unavailable,N/A,N/A,N/A,None,None,N/A,N/A,N/A,N/A,None,Hidden,N/A,N/A
orderdetails,0.0,N/A,N/A,N/A,N/A,N/A,N/A,N/A,N/A,unavailable,N/A,0.0,N/A,0.0,N/A,N/A,N/A,N/A,unavailable,1102.0,N/A,N/A,10358.0,S700_2824,Hidden,85.98,3.0,N/A,N/A,N/A,N/A,None,unavailable,N/A,N/A,N/A,None,None,N/A,N/A,N/A,N/A,None,Hidden,N/A,N/A
orderdetails,0.0,N/A,N/A,N/A,N/A,N/A,N/A,N/A,N/A,unavailable,N/A,0.0,N/A,0.0,N/A,N/A,N/A,N/A,unavailable,1102.0,N/A,N/A,10359.0,S10_4757,Hidden,122.40,6.0,N/A,N/A,N/A,N/A,None,unavailable,N/A,N/A,N/A,None,None,N/A,N/A,N/A,N/A,None,Hidden,N/A,N/A
orderdetails,0.0,N/A,N/A,N/A,N/A,N/A,N/A,N/A,N/A,unavailable,N/A,0.0,N/A,0.0,N/A,N/A,N/A,N/A,unavailable,1102.0,N/A,N/A,10359.0,S12_1108,Hidden,180.79,8.0,N/A,N/A,N/A,N/A,None,unavailable,N/A,N/A,N/A,None,None,N/A,N/A,N/A,N/A,None,Hidden,N/A,N/A
orderdetails,0.0,N/A,N/A,N/A,N/A,N/A,N/A,N/A,N/A,unavailable,N/A,0.0,N/A,0.0,N/A,N/A,N/A,N/A,unavailable,1102.0,N/A,N/A,10359.0,S12_3891,Hidden,162.64,5.0,N/A,N/A,N/A,N/A,None,unavailable,N/A,N/A,N/A,None,None,N/A,N/A,N/A,N/A,None,Hidden,N/A,N/A
orderdetails,0.0,N/A,N/A,N/A,N/A,N/A,N/A,N/A,N/A,unavailable,N/A,0.0,N/A,0.0,N/A,N/A,N/A,N/A,unavailable,1102.0,N/A,N/A,10359.0,S24_4048,Hidden,108.82,7.0,N/A,N/A,N/A,N/A,None,unavailable,N/A,N/A,N/A,None,None,N/A,N/A,N/A,N/A,None,Hidden,N/A,N/A
orderdetails,0.0,N/A,N/A,N/A,N/A,N/A,N/A,N/A,N/A,unavailable,N/A,0.0,N/A,0.0,N/A,N/A,N/A,N/A,unavailable,1102.0,N/A,N/A,10359.0,S32_2509,Hidden,45.45,3.0,N/A,N/A,N/A,N/A,None,unavailable,N/A,N/A,N/A,None,None,N/A,N/A,N/A,N/A,None,Hidden,N/A,N/A
orderdetails,0.0,N/A,N/A,N/A,N/A,N/A,N/A,N/A,N/A,unavailable,N/A,0.0,N/A,0.0,N/A,N/A,N/A,N/A,unavailable,1102.0,N/A,N/A,10359.0,S32_3207,Hidden,62.14,1.0,N/A,N/A,N/A,N/A,None,unavailable,N/A,N/A,N/A,None,None,N/A,N/A,N/A,N/A,None,Hidden,N/A,N/A
orderdetails,0.0,N/A,N/A,N/A,N/A,N/A,N/A,N/A,N/A,unavailable,N/A,0.0,N/A,0.0,N/A,N/A,N/A,N/A,unavailable,1102.0,N/A,N/A,10359.0,S50_1392,Hidden,99.55,2.0,N/A,N/A,N/A,N/A,None,unavailable,N/A,N/A,N/A,None,None,N/A,N/A,N/A,N/A,None,Hidden,N/A,N/A
orderdetails,0.0,N/A,N/A,N/A,N/A,N/A,N/A,N/A,N/A,unavailable,N/A,0.0,N/A,0.0,N/A,N/A,N/A,N/A,unavailable,1102.0,N/A,N/A,10359.0,S50_1514,Hidden,47.45,4.0,N/A,N/A,N/A,N/A,None,unavailable,N/A,N/A,N/A,None,None,N/A,N/A,N/A,N/A,None,Hidden,N/A,N/A
orderdetails,0.0,N/A,N/A,N/A,N/A,N/A,N/A,N/A,N/A,unavailable,N/A,0.0,N/A,0.0,N/A,N/A,N/A,N/A,unavailable,1102.0,N/A,N/A,10360.0,S18_1662,Hidden,126.15,12.0,N/A,N/A,N/A,N/A,None,unavailable,N/A,N/A,N/A,None,None,N/A,N/A,N/A,N/A,None,Hidden,N/A,N/A
orderdetails,0.0,N/A,N/A,N/A,N/A,N/A,N/A,N/A,N/A,unavailable,N/A,0.0,N/A,0.0,N/A,N/A,N/A,N/A,unavailable,1102.0,N/A,N/A,10360.0,S18_2581,Hidden,68.43,13.0,N/A,N/A,N/A,N/A,None,unavailable,N/A,N/A,N/A,None,None,N/A,N/A,N/A,N/A,None,Hidden,N/A,N/A
orderdetails,0.0,N/A,N/A,N/A,N/A,N/A,N/A,N/A,N/A,unavailable,N/A,0.0,N/A,0.0,N/A,N/A,N/A,N/A,unavailable,1102.0,N/A,N/A,10360.0,S18_3029,Hidden,71.40,14.0,N/A,N/A,N/A,N/A,None,unavailable,N/A,N/A,N/A,None,None,N/A,N/A,N/A,N/A,None,Hidden,N/A,N/A
orderdetails,0.0,N/A,N/A,N/A,N/A,N/A,N/A,N/A,N/A,unavailable,N/A,0.0,N/A,0.0,N/A,N/A,N/A,N/A,unavailable,1102.0,N/A,N/A,10360.0,S18_3140,Hidden,122.93,8.0,N/A,N/A,N/A,N/A,None,unavailable,N/A,N/A,N/A,None,None,N/A,N/A,N/A,N/A,None,Hidden,N/A,N/A
orderdetails,0.0,N/A,N/A,N/A,N/A,N/A,N/A,N/A,N/A,unavailable,N/A,0.0,N/A,0.0,N/A,N/A,N/A,N/A,unavailable,1102.0,N/A,N/A,10360.0,S18_3259,Hidden,94.79,18.0,N/A,N/A,N/A,N/A,None,unavailable,N/A,N/A,N/A,None,None,N/A,N/A,N/A,N/A,None,Hidden,N/A,N/A
orderdetails,0.0,N/A,N/A,N/A,N/A,N/A,N/A,N/A,N/A,unavailable,N/A,0.0,N/A,0.0,N/A,N/A,N/A,N/A,unavailable,1102.0,N/A,N/A,10360.0,S18_3856,Hidden,101.64,15.0,N/A,N/A,N/A,N/A,None,unavailable,N/A,N/A,N/A,None,None,N/A,N/A,N/A,N/A,None,Hidden,N/A,N/A
orderdetails,0.0,N/A,N/A,N/A,N/A,N/A,N/A,N/A,N/A,unavailable,N/A,0.0,N/A,0.0,N/A,N/A,N/A,N/A,unavailable,1102.0,N/A,N/A,10360.0,S18_4522,Hidden,76.36,1.0,N/A,N/A,N/A,N/A,None,unavailable,N/A,N/A,N/A,None,None,N/A,N/A,N/A,N/A,None,Hidden,N/A,N/A
orderdetails,0.0,N/A,N/A,N/A,N/A,N/A,N/A,N/A,N/A,unavailable,N/A,0.0,N/A,0.0,N/A,N/A,N/A,N/A,unavailable,1102.0,N/A,N/A,10360.0,S24_1785,Hidden,106.14,17.0,N/A,N/A,N/A,N/A,None,unavailable,N/A,N/A,N/A,None,None,N/A,N/A,N/A,N/A,None,Hidden,N/A,N/A
orderdetails,0.0,N/A,N/A,N/A,N/A,N/A,N/A,N/A,N/A,unavailable,N/A,0.0,N/A,0.0,N/A,N/A,N/A,N/A,unavailable,1102.0,N/A,N/A,10360.0,S24_2011,Hidden,100.77,2.0,N/A,N/A,N/A,N/A,None,unavailable,N/A,N/A,N/A,None,None,N/A,N/A,N/A,N/A,None,Hidden,N/A,N/A
orderdetails,0.0,N/A,N/A,N/A,N/A,N/A,N/A,N/A,N/A,unavailable,N/A,0.0,N/A,0.0,N/A,N/A,N/A,N/A,unavailable,1102.0,N/A,N/A,10360.0,S24_2841,Hidden,55.49,16.0,N/A,N/A,N/A,N/A,None,unavailable,N/A,N/A,N/A,None,None,N/A,N/A,N/A,N/A,None,Hidden,N/A,N/A
orderdetails,0.0,N/A,N/A,N/A,N/A,N/A,N/A,N/A,N/A,unavailable,N/A,0.0,N/A,0.0,N/A,N/A,N/A,N/A,unavailable,1102.0,N/A,N/A,10360.0,S24_3151,Hidden,70.81,3.0,N/A,N/A,N/A,N/A,None,unavailable,N/A,N/A,N/A,None,None,N/A,N/A,N/A,N/A,None,Hidden,N/A,N/A
orderdetails,0.0,N/A,N/A,N/A,N/A,N/A,N/A,N/A,N/A,unavailable,N/A,0.0,N/A,0.0,N/A,N/A,N/A,N/A,unavailable,1102.0,N/A,N/A,10360.0,S24_3816,Hidden,78.83,4.0,N/A,N/A,N/A,N/A,None,unavailable,N/A,N/A,N/A,None,None,N/A,N/A,N/A,N/A,None,Hidden,N/A,N/A
orderdetails,0.0,N/A,N/A,N/A,N/A,N/A,N/A,N/A,N/A,unavailable,N/A,0.0,N/A,0.0,N/A,N/A,N/A,N/A,unavailable,1102.0,N/A,N/A,10360.0,S700_1138,Hidden,64.67,5.0,N/A,N/A,N/A,N/A,None,unavailable,N/A,N/A,N/A,None,None,N/A,N/A,N/A,N/A,None,Hidden,N/A,N/A
orderdetails,0.0,N/A,N/A,N/A,N/A,N/A,N/A,N/A,N/A,unavailable,N/A,0.0,N/A,0.0,N/A,N/A,N/A,N/A,unavailable,1102.0,N/A,N/A,10360.0,S700_1938,Hidden,86.61,6.0,N/A,N/A,N/A,N/A,None,unavailable,N/A,N/A,N/A,None,None,N/A,N/A,N/A,N/A,None,Hidden,N/A,N/A
orderdetails,0.0,N/A,N/A,N/A,N/A,N/A,N/A,N/A,N/A,unavailable,N/A,0.0,N/A,0.0,N/A,N/A,N/A,N/A,unavailable,1102.0,N/A,N/A,10360.0,S700_2610,Hidden,70.11,7.0,N/A,N/A,N/A,N/A,None,unavailable,N/A,N/A,N/A,None,None,N/A,N/A,N/A,N/A,None,Hidden,N/A,N/A
orderdetails,0.0,N/A,N/A,N/A,N/A,N/A,N/A,N/A,N/A,unavailable,N/A,0.0,N/A,0.0,N/A,N/A,N/A,N/A,unavailable,1102.0,N/A,N/A,10360.0,S700_3505,Hidden,83.14,9.0,N/A,N/A,N/A,N/A,None,unavailable,N/A,N/A,N/A,None,None,N/A,N/A,N/A,N/A,None,Hidden,N/A,N/A
orderdetails,0.0,N/A,N/A,N/A,N/A,N/A,N/A,N/A,N/A,unavailable,N/A,0.0,N/A,0.0,N/A,N/A,N/A,N/A,unavailable,1102.0,N/A,N/A,10360.0,S700_3962,Hidden,92.36,10.0,N/A,N/A,N/A,N/A,None,unavailable,N/A,N/A,N/A,None,None,N/A,N/A,N/A,N/A,None,Hidden,N/A,N/A
orderdetails,0.0,N/A,N/A,N/A,N/A,N/A,N/A,N/A,N/A,unavailable,N/A,0.0,N/A,0.0,N/A,N/A,N/A,N/A,unavailable,1102.0,N/A,N/A,10360.0,S72_3212,Hidden,54.05,11.0,N/A,N/A,N/A,N/A,None,unavailable,N/A,N/A,N/A,None,None,N/A,N/A,N/A,N/A,None,Hidden,N/A,N/A
orderdetails,0.0,N/A,N/A,N/A,N/A,N/A,N/A,N/A,N/A,unavailable,N/A,0.0,N/A,0.0,N/A,N/A,N/A,N/A,unavailable,1102.0,N/A,N/A,10361.0,S10_1678,Hidden,92.83,13.0,N/A,N/A,N/A,N/A,None,unavailable,N/A,N/A,N/A,None,None,N/A,N/A,N/A,N/A,None,Hidden,N/A,N/A
orderdetails,0.0,N/A,N/A,N/A,N/A,N/A,N/A,N/A,N/A,unavailable,N/A,0.0,N/A,0.0,N/A,N/A,N/A,N/A,unavailable,1102.0,N/A,N/A,10361.0,S10_2016,Hidden,114.18,8.0,N/A,N/A,N/A,N/A,None,unavailable,N/A,N/A,N/A,None,None,N/A,N/A,N/A,N/A,None,Hidden,N/A,N/A
orderdetails,0.0,N/A,N/A,N/A,N/A,N/A,N/A,N/A,N/A,unavailable,N/A,0.0,N/A,0.0,N/A,N/A,N/A,N/A,unavailable,1102.0,N/A,N/A,10361.0,S24_3420,Hidden,62.46,6.0,N/A,N/A,N/A,N/A,None,unavailable,N/A,N/A,N/A,None,None,N/A,N/A,N/A,N/A,None,Hidden,N/A,N/A
orderdetails,0.0,N/A,N/A,N/A,N/A,N/A,N/A,N/A,N/A,unavailable,N/A,0.0,N/A,0.0,N/A,N/A,N/A,N/A,unavailable,1102.0,N/A,N/A,10361.0,S24_3949,Hidden,61.42,7.0,N/A,N/A,N/A,N/A,None,unavailable,N/A,N/A,N/A,None,None,N/A,N/A,N/A,N/A,None,Hidden,N/A,N/A
orderdetails,0.0,N/A,N/A,N/A,N/A,N/A,N/A,N/A,N/A,unavailable,N/A,0.0,N/A,0.0,N/A,N/A,N/A,N/A,unavailable,1102.0,N/A,N/A,10361.0,S24_4278,Hidden,68.83,1.0,N/A,N/A,N/A,N/A,None,unavailable,N/A,N/A,N/A,None,None,N/A,N/A,N/A,N/A,None,Hidden,N/A,N/A
orderdetails,0.0,N/A,N/A,N/A,N/A,N/A,N/A,N/A,N/A,unavailable,N/A,0.0,N/A,0.0,N/A,N/A,N/A,N/A,unavailable,1102.0,N/A,N/A,10361.0,S32_4289,Hidden,56.41,2.0,N/A,N/A,N/A,N/A,None,unavailable,N/A,N/A,N/A,None,None,N/A,N/A,N/A,N/A,None,Hidden,N/A,N/A
orderdetails,0.0,N/A,N/A,N/A,N/A,N/A,N/A,N/A,N/A,unavailable,N/A,0.0,N/A,0.0,N/A,N/A,N/A,N/A,unavailable,1102.0,N/A,N/A,10361.0,S50_1341,Hidden,35.78,3.0,N/A,N/A,N/A,N/A,None,unavailable,N/A,N/A,N/A,None,None,N/A,N/A,N/A,N/A,None,Hidden,N/A,N/A
orderdetails,0.0,N/A,N/A,N/A,N/A,N/A,N/A,N/A,N/A,unavailable,N/A,0.0,N/A,0.0,N/A,N/A,N/A,N/A,unavailable,1102.0,N/A,N/A,10361.0,S700_1691,Hidden,88.60,4.0,N/A,N/A,N/A,N/A,None,unavailable,N/A,N/A,N/A,None,None,N/A,N/A,N/A,N/A,None,Hidden,N/A,N/A
orderdetails,0.0,N/A,N/A,N/A,N/A,N/A,N/A,N/A,N/A,unavailable,N/A,0.0,N/A,0.0,N/A,N/A,N/A,N/A,unavailable,1102.0,N/A,N/A,10361.0,S700_2047,Hidden,85.99,14.0,N/A,N/A,N/A,N/A,None,unavailable,N/A,N/A,N/A,None,None,N/A,N/A,N/A,N/A,None,Hidden,N/A,N/A
orderdetails,0.0,N/A,N/A,N/A,N/A,N/A,N/A,N/A,N/A,unavailable,N/A,0.0,N/A,0.0,N/A,N/A,N/A,N/A,unavailable,1102.0,N/A,N/A,10361.0,S700_2466,Hidden,91.74,9.0,N/A,N/A,N/A,N/A,None,unavailable,N/A,N/A,N/A,None,None,N/A,N/A,N/A,N/A,None,Hidden,N/A,N/A
orderdetails,0.0,N/A,N/A,N/A,N/A,N/A,N/A,N/A,N/A,unavailable,N/A,0.0,N/A,0.0,N/A,N/A,N/A,N/A,unavailable,1102.0,N/A,N/A,10361.0,S700_2834,Hidden,107.97,5.0,N/A,N/A,N/A,N/A,None,unavailable,N/A,N/A,N/A,None,None,N/A,N/A,N/A,N/A,None,Hidden,N/A,N/A
orderdetails,0.0,N/A,N/A,N/A,N/A,N/A,N/A,N/A,N/A,unavailable,N/A,0.0,N/A,0.0,N/A,N/A,N/A,N/A,unavailable,1102.0,N/A,N/A,10361.0,S700_3167,Hidden,76.80,10.0,N/A,N/A,N/A,N/A,None,unavailable,N/A,N/A,N/A,None,None,N/A,N/A,N/A,N/A,None,Hidden,N/A,N/A
orderdetails,0.0,N/A,N/A,N/A,N/A,N/A,N/A,N/A,N/A,unavailable,N/A,0.0,N/A,0.0,N/A,N/A,N/A,N/A,unavailable,1102.0,N/A,N/A,10361.0,S700_4002,Hidden,62.19,11.0,N/A,N/A,N/A,N/A,None,unavailable,N/A,N/A,N/A,None,None,N/A,N/A,N/A,N/A,None,Hidden,N/A,N/A
orderdetails,0.0,N/A,N/A,N/A,N/A,N/A,N/A,N/A,N/A,unavailable,N/A,0.0,N/A,0.0,N/A,N/A,N/A,N/A,unavailable,1102.0,N/A,N/A,10361.0,S72_1253,Hidden,47.67,12.0,N/A,N/A,N/A,N/A,None,unavailable,N/A,N/A,N/A,None,None,N/A,N/A,N/A,N/A,None,Hidden,N/A,N/A
orderdetails,0.0,N/A,N/A,N/A,N/A,N/A,N/A,N/A,N/A,unavailable,N/A,0.0,N/A,0.0,N/A,N/A,N/A,N/A,unavailable,1102.0,N/A,N/A,10362.0,S10_4698,Hidden,182.04,4.0,N/A,N/A,N/A,N/A,None,unavailable,N/A,N/A,N/A,None,None,N/A,N/A,N/A,N/A,None,Hidden,N/A,N/A
orderdetails,0.0,N/A,N/A,N/A,N/A,N/A,N/A,N/A,N/A,unavailable,N/A,0.0,N/A,0.0,N/A,N/A,N/A,N/A,unavailable,1102.0,N/A,N/A,10362.0,S12_2823,Hidden,131.04,1.0,N/A,N/A,N/A,N/A,None,unavailable,N/A,N/A,N/A,None,None,N/A,N/A,N/A,N/A,None,Hidden,N/A,N/A
orderdetails,0.0,N/A,N/A,N/A,N/A,N/A,N/A,N/A,N/A,unavailable,N/A,0.0,N/A,0.0,N/A,N/A,N/A,N/A,unavailable,1102.0,N/A,N/A,10362.0,S18_2625,Hidden,53.91,3.0,N/A,N/A,N/A,N/A,None,unavailable,N/A,N/A,N/A,None,None,N/A,N/A,N/A,N/A,None,Hidden,N/A,N/A
orderdetails,0.0,N/A,N/A,N/A,N/A,N/A,N/A,N/A,N/A,unavailable,N/A,0.0,N/A,0.0,N/A,N/A,N/A,N/A,unavailable,1102.0,N/A,N/A,10362.0,S24_1578,Hidden,91.29,2.0,N/A,N/A,N/A,N/A,None,unavailable,N/A,N/A,N/A,None,None,N/A,N/A,N/A,N/A,None,Hidden,N/A,N/A
orderdetails,0.0,N/A,N/A,N/A,N/A,N/A,N/A,N/A,N/A,unavailable,N/A,0.0,N/A,0.0,N/A,N/A,N/A,N/A,unavailable,1102.0,N/A,N/A,10363.0,S12_1099,Hidden,180.95,3.0,N/A,N/A,N/A,N/A,None,unavailable,N/A,N/A,N/A,None,None,N/A,N/A,N/A,N/A,None,Hidden,N/A,N/A
orderdetails,0.0,N/A,N/A,N/A,N/A,N/A,N/A,N/A,N/A,unavailable,N/A,0.0,N/A,0.0,N/A,N/A,N/A,N/A,unavailable,1102.0,N/A,N/A,10363.0,S12_3380,Hidden,106.87,4.0,N/A,N/A,N/A,N/A,None,unavailable,N/A,N/A,N/A,None,None,N/A,N/A,N/A,N/A,None,Hidden,N/A,N/A
orderdetails,0.0,N/A,N/A,N/A,N/A,N/A,N/A,N/A,N/A,unavailable,N/A,0.0,N/A,0.0,N/A,N/A,N/A,N/A,unavailable,1102.0,N/A,N/A,10363.0,S12_3990,Hidden,68.63,5.0,N/A,N/A,N/A,N/A,None,unavailable,N/A,N/A,N/A,None,None,N/A,N/A,N/A,N/A,None,Hidden,N/A,N/A
orderdetails,0.0,N/A,N/A,N/A,N/A,N/A,N/A,N/A,N/A,unavailable,N/A,0.0,N/A,0.0,N/A,N/A,N/A,N/A,unavailable,1102.0,N/A,N/A,10363.0,S12_4675,Hidden,103.64,6.0,N/A,N/A,N/A,N/A,None,unavailable,N/A,N/A,N/A,None,None,N/A,N/A,N/A,N/A,None,Hidden,N/A,N/A
orderdetails,0.0,N/A,N/A,N/A,N/A,N/A,N/A,N/A,N/A,unavailable,N/A,0.0,N/A,0.0,N/A,N/A,N/A,N/A,unavailable,1102.0,N/A,N/A,10363.0,S18_1889,Hidden,61.60,7.0,N/A,N/A,N/A,N/A,None,unavailable,N/A,N/A,N/A,None,None,N/A,N/A,N/A,N/A,None,Hidden,N/A,N/A
orderdetails,0.0,N/A,N/A,N/A,N/A,N/A,N/A,N/A,N/A,unavailable,N/A,0.0,N/A,0.0,N/A,N/A,N/A,N/A,unavailable,1102.0,N/A,N/A,10363.0,S18_3278,Hidden,69.15,10.0,N/A,N/A,N/A,N/A,None,unavailable,N/A,N/A,N/A,None,None,N/A,N/A,N/A,N/A,None,Hidden,N/A,N/A
orderdetails,0.0,N/A,N/A,N/A,N/A,N/A,N/A,N/A,N/A,unavailable,N/A,0.0,N/A,0.0,N/A,N/A,N/A,N/A,unavailable,1102.0,N/A,N/A,10363.0,S18_3482,Hidden,124.94,11.0,N/A,N/A,N/A,N/A,None,unavailable,N/A,N/A,N/A,None,None,N/A,N/A,N/A,N/A,None,Hidden,N/A,N/A
orderdetails,0.0,N/A,N/A,N/A,N/A,N/A,N/A,N/A,N/A,unavailable,N/A,0.0,N/A,0.0,N/A,N/A,N/A,N/A,unavailable,1102.0,N/A,N/A,10363.0,S18_3782,Hidden,52.22,12.0,N/A,N/A,N/A,N/A,None,unavailable,N/A,N/A,N/A,None,None,N/A,N/A,N/A,N/A,None,Hidden,N/A,N/A
orderdetails,0.0,N/A,N/A,N/A,N/A,N/A,N/A,N/A,N/A,unavailable,N/A,0.0,N/A,0.0,N/A,N/A,N/A,N/A,unavailable,1102.0,N/A,N/A,10363.0,S18_4721,Hidden,123.50,13.0,N/A,N/A,N/A,N/A,None,unavailable,N/A,N/A,N/A,None,None,N/A,N/A,N/A,N/A,None,Hidden,N/A,N/A
orderdetails,0.0,N/A,N/A,N/A,N/A,N/A,N/A,N/A,N/A,unavailable,N/A,0.0,N/A,0.0,N/A,N/A,N/A,N/A,unavailable,1102.0,N/A,N/A,10363.0,S24_2000,Hidden,70.08,8.0,N/A,N/A,N/A,N/A,None,unavailable,N/A,N/A,N/A,None,None,N/A,N/A,N/A,N/A,None,Hidden,N/A,N/A
orderdetails,0.0,N/A,N/A,N/A,N/A,N/A,N/A,N/A,N/A,unavailable,N/A,0.0,N/A,0.0,N/A,N/A,N/A,N/A,unavailable,1102.0,N/A,N/A,10363.0,S24_2360,Hidden,56.10,14.0,N/A,N/A,N/A,N/A,None,unavailable,N/A,N/A,N/A,None,None,N/A,N/A,N/A,N/A,None,Hidden,N/A,N/A
orderdetails,0.0,N/A,N/A,N/A,N/A,N/A,N/A,N/A,N/A,unavailable,N/A,0.0,N/A,0.0,N/A,N/A,N/A,N/A,unavailable,1102.0,N/A,N/A,10363.0,S24_3371,Hidden,52.05,15.0,N/A,N/A,N/A,N/A,None,unavailable,N/A,N/A,N/A,None,None,N/A,N/A,N/A,N/A,None,Hidden,N/A,N/A
orderdetails,0.0,N/A,N/A,N/A,N/A,N/A,N/A,N/A,N/A,unavailable,N/A,0.0,N/A,0.0,N/A,N/A,N/A,N/A,unavailable,1102.0,N/A,N/A,10363.0,S24_3856,Hidden,113.75,1.0,N/A,N/A,N/A,N/A,None,unavailable,N/A,N/A,N/A,None,None,N/A,N/A,N/A,N/A,None,Hidden,N/A,N/A
orderdetails,0.0,N/A,N/A,N/A,N/A,N/A,N/A,N/A,N/A,unavailable,N/A,0.0,N/A,0.0,N/A,N/A,N/A,N/A,unavailable,1102.0,N/A,N/A,10363.0,S24_4620,Hidden,75.99,9.0,N/A,N/A,N/A,N/A,None,unavailable,N/A,N/A,N/A,None,None,N/A,N/A,N/A,N/A,None,Hidden,N/A,N/A
orderdetails,0.0,N/A,N/A,N/A,N/A,N/A,N/A,N/A,N/A,unavailable,N/A,0.0,N/A,0.0,N/A,N/A,N/A,N/A,unavailable,1102.0,N/A,N/A,10363.0,S32_1374,Hidden,92.90,2.0,N/A,N/A,N/A,N/A,None,unavailable,N/A,N/A,N/A,None,None,N/A,N/A,N/A,N/A,None,Hidden,N/A,N/A
orderdetails,0.0,N/A,N/A,N/A,N/A,N/A,N/A,N/A,N/A,unavailable,N/A,0.0,N/A,0.0,N/A,N/A,N/A,N/A,unavailable,1102.0,N/A,N/A,10364.0,S32_2206,Hidden,38.22,1.0,N/A,N/A,N/A,N/A,None,unavailable,N/A,N/A,N/A,None,None,N/A,N/A,N/A,N/A,None,Hidden,N/A,N/A
orderdetails,0.0,N/A,N/A,N/A,N/A,N/A,N/A,N/A,N/A,unavailable,N/A,0.0,N/A,0.0,N/A,N/A,N/A,N/A,unavailable,1102.0,N/A,N/A,10365.0,S18_1129,Hidden,116.06,1.0,N/A,N/A,N/A,N/A,None,unavailable,N/A,N/A,N/A,None,None,N/A,N/A,N/A,N/A,None,Hidden,N/A,N/A
orderdetails,0.0,N/A,N/A,N/A,N/A,N/A,N/A,N/A,N/A,unavailable,N/A,0.0,N/A,0.0,N/A,N/A,N/A,N/A,unavailable,1102.0,N/A,N/A,10365.0,S32_4485,Hidden,82.66,3.0,N/A,N/A,N/A,N/A,None,unavailable,N/A,N/A,N/A,None,None,N/A,N/A,N/A,N/A,None,Hidden,N/A,N/A
orderdetails,0.0,N/A,N/A,N/A,N/A,N/A,N/A,N/A,N/A,unavailable,N/A,0.0,N/A,0.0,N/A,N/A,N/A,N/A,unavailable,1102.0,N/A,N/A,10365.0,S50_4713,Hidden,68.34,2.0,N/A,N/A,N/A,N/A,None,unavailable,N/A,N/A,N/A,None,None,N/A,N/A,N/A,N/A,None,Hidden,N/A,N/A
orderdetails,0.0,N/A,N/A,N/A,N/A,N/A,N/A,N/A,N/A,unavailable,N/A,0.0,N/A,0.0,N/A,N/A,N/A,N/A,unavailable,1102.0,N/A,N/A,10366.0,S18_1984,Hidden,116.65,3.0,N/A,N/A,N/A,N/A,None,unavailable,N/A,N/A,N/A,None,None,N/A,N/A,N/A,N/A,None,Hidden,N/A,N/A
orderdetails,0.0,N/A,N/A,N/A,N/A,N/A,N/A,N/A,N/A,unavailable,N/A,0.0,N/A,0.0,N/A,N/A,N/A,N/A,unavailable,1102.0,N/A,N/A,10366.0,S18_2870,Hidden,105.60,2.0,N/A,N/A,N/A,N/A,None,unavailable,N/A,N/A,N/A,None,None,N/A,N/A,N/A,N/A,None,Hidden,N/A,N/A
orderdetails,0.0,N/A,N/A,N/A,N/A,N/A,N/A,N/A,N/A,unavailable,N/A,0.0,N/A,0.0,N/A,N/A,N/A,N/A,unavailable,1102.0,N/A,N/A,10366.0,S18_3232,Hidden,154.10,1.0,N/A,N/A,N/A,N/A,None,unavailable,N/A,N/A,N/A,None,None,N/A,N/A,N/A,N/A,None,Hidden,N/A,N/A
orderdetails,0.0,N/A,N/A,N/A,N/A,N/A,N/A,N/A,N/A,unavailable,N/A,0.0,N/A,0.0,N/A,N/A,N/A,N/A,unavailable,1102.0,N/A,N/A,10367.0,S18_1589,Hidden,105.77,1.0,N/A,N/A,N/A,N/A,None,unavailable,N/A,N/A,N/A,None,None,N/A,N/A,N/A,N/A,None,Hidden,N/A,N/A
orderdetails,0.0,N/A,N/A,N/A,N/A,N/A,N/A,N/A,N/A,unavailable,N/A,0.0,N/A,0.0,N/A,N/A,N/A,N/A,unavailable,1102.0,N/A,N/A,10367.0,S18_1749,Hidden,144.50,3.0,N/A,N/A,N/A,N/A,None,unavailable,N/A,N/A,N/A,None,None,N/A,N/A,N/A,N/A,None,Hidden,N/A,N/A
orderdetails,0.0,N/A,N/A,N/A,N/A,N/A,N/A,N/A,N/A,unavailable,N/A,0.0,N/A,0.0,N/A,N/A,N/A,N/A,unavailable,1102.0,N/A,N/A,10367.0,S18_2248,Hidden,50.25,4.0,N/A,N/A,N/A,N/A,None,unavailable,N/A,N/A,N/A,None,None,N/A,N/A,N/A,N/A,None,Hidden,N/A,N/A
orderdetails,0.0,N/A,N/A,N/A,N/A,N/A,N/A,N/A,N/A,unavailable,N/A,0.0,N/A,0.0,N/A,N/A,N/A,N/A,unavailable,1102.0,N/A,N/A,10367.0,S18_2325,Hidden,124.59,5.0,N/A,N/A,N/A,N/A,None,unavailable,N/A,N/A,N/A,None,None,N/A,N/A,N/A,N/A,None,Hidden,N/A,N/A
orderdetails,0.0,N/A,N/A,N/A,N/A,N/A,N/A,N/A,N/A,unavailable,N/A,0.0,N/A,0.0,N/A,N/A,N/A,N/A,unavailable,1102.0,N/A,N/A,10367.0,S18_2795,Hidden,140.06,7.0,N/A,N/A,N/A,N/A,None,unavailable,N/A,N/A,N/A,None,None,N/A,N/A,N/A,N/A,None,Hidden,N/A,N/A
orderdetails,0.0,N/A,N/A,N/A,N/A,N/A,N/A,N/A,N/A,unavailable,N/A,0.0,N/A,0.0,N/A,N/A,N/A,N/A,unavailable,1102.0,N/A,N/A,10367.0,S18_3685,Hidden,131.39,6.0,N/A,N/A,N/A,N/A,None,unavailable,N/A,N/A,N/A,None,None,N/A,N/A,N/A,N/A,None,Hidden,N/A,N/A
orderdetails,0.0,N/A,N/A,N/A,N/A,N/A,N/A,N/A,N/A,unavailable,N/A,0.0,N/A,0.0,N/A,N/A,N/A,N/A,unavailable,1102.0,N/A,N/A,10367.0,S18_4409,Hidden,77.31,8.0,N/A,N/A,N/A,N/A,None,unavailable,N/A,N/A,N/A,None,None,N/A,N/A,N/A,N/A,None,Hidden,N/A,N/A
orderdetails,0.0,N/A,N/A,N/A,N/A,N/A,N/A,N/A,N/A,unavailable,N/A,0.0,N/A,0.0,N/A,N/A,N/A,N/A,unavailable,1102.0,N/A,N/A,10367.0,S18_4933,Hidden,66.99,9.0,N/A,N/A,N/A,N/A,None,unavailable,N/A,N/A,N/A,None,None,N/A,N/A,N/A,N/A,None,Hidden,N/A,N/A
orderdetails,0.0,N/A,N/A,N/A,N/A,N/A,N/A,N/A,N/A,unavailable,N/A,0.0,N/A,0.0,N/A,N/A,N/A,N/A,unavailable,1102.0,N/A,N/A,10367.0,S24_1046,Hidden,72.76,10.0,N/A,N/A,N/A,N/A,None,unavailable,N/A,N/A,N/A,None,None,N/A,N/A,N/A,N/A,None,Hidden,N/A,N/A
orderdetails,0.0,N/A,N/A,N/A,N/A,N/A,N/A,N/A,N/A,unavailable,N/A,0.0,N/A,0.0,N/A,N/A,N/A,N/A,unavailable,1102.0,N/A,N/A,10367.0,S24_1628,Hidden,50.31,11.0,N/A,N/A,N/A,N/A,None,unavailable,N/A,N/A,N/A,None,None,N/A,N/A,N/A,N/A,None,Hidden,N/A,N/A
orderdetails,0.0,N/A,N/A,N/A,N/A,N/A,N/A,N/A,N/A,unavailable,N/A,0.0,N/A,0.0,N/A,N/A,N/A,N/A,unavailable,1102.0,N/A,N/A,10367.0,S24_1937,Hidden,29.54,13.0,N/A,N/A,N/A,N/A,None,unavailable,N/A,N/A,N/A,None,None,N/A,N/A,N/A,N/A,None,Hidden,N/A,N/A
orderdetails,0.0,N/A,N/A,N/A,N/A,N/A,N/A,N/A,N/A,unavailable,N/A,0.0,N/A,0.0,N/A,N/A,N/A,N/A,unavailable,1102.0,N/A,N/A,10367.0,S24_2022,Hidden,43.01,12.0,N/A,N/A,N/A,N/A,None,unavailable,N/A,N/A,N/A,None,None,N/A,N/A,N/A,N/A,None,Hidden,N/A,N/A
orderdetails,0.0,N/A,N/A,N/A,N/A,N/A,N/A,N/A,N/A,unavailable,N/A,0.0,N/A,0.0,N/A,N/A,N/A,N/A,unavailable,1102.0,N/A,N/A,10367.0,S24_2972,Hidden,36.25,2.0,N/A,N/A,N/A,N/A,None,unavailable,N/A,N/A,N/A,None,None,N/A,N/A,N/A,N/A,None,Hidden,N/A,N/A
orderdetails,0.0,N/A,N/A,N/A,N/A,N/A,N/A,N/A,N/A,unavailable,N/A,0.0,N/A,0.0,N/A,N/A,N/A,N/A,unavailable,1102.0,N/A,N/A,10368.0,S24_2766,Hidden,73.60,2.0,N/A,N/A,N/A,N/A,None,unavailable,N/A,N/A,N/A,None,None,N/A,N/A,N/A,N/A,None,Hidden,N/A,N/A
orderdetails,0.0,N/A,N/A,N/A,N/A,N/A,N/A,N/A,N/A,unavailable,N/A,0.0,N/A,0.0,N/A,N/A,N/A,N/A,unavailable,1102.0,N/A,N/A,10368.0,S24_2887,Hidden,115.09,5.0,N/A,N/A,N/A,N/A,None,unavailable,N/A,N/A,N/A,None,None,N/A,N/A,N/A,N/A,None,Hidden,N/A,N/A
orderdetails,0.0,N/A,N/A,N/A,N/A,N/A,N/A,N/A,N/A,unavailable,N/A,0.0,N/A,0.0,N/A,N/A,N/A,N/A,unavailable,1102.0,N/A,N/A,10368.0,S24_3191,Hidden,83.04,1.0,N/A,N/A,N/A,N/A,None,unavailable,N/A,N/A,N/A,None,None,N/A,N/A,N/A,N/A,None,Hidden,N/A,N/A
orderdetails,0.0,N/A,N/A,N/A,N/A,N/A,N/A,N/A,N/A,unavailable,N/A,0.0,N/A,0.0,N/A,N/A,N/A,N/A,unavailable,1102.0,N/A,N/A,10368.0,S24_3432,Hidden,93.16,4.0,N/A,N/A,N/A,N/A,None,unavailable,N/A,N/A,N/A,None,None,N/A,N/A,N/A,N/A,None,Hidden,N/A,N/A
orderdetails,0.0,N/A,N/A,N/A,N/A,N/A,N/A,N/A,N/A,unavailable,N/A,0.0,N/A,0.0,N/A,N/A,N/A,N/A,unavailable,1102.0,N/A,N/A,10368.0,S24_3969,Hidden,36.52,3.0,N/A,N/A,N/A,N/A,None,unavailable,N/A,N/A,N/A,None,None,N/A,N/A,N/A,N/A,None,Hidden,N/A,N/A
orderdetails,0.0,N/A,N/A,N/A,N/A,N/A,N/A,N/A,N/A,unavailable,N/A,0.0,N/A,0.0,N/A,N/A,N/A,N/A,unavailable,1102.0,N/A,N/A,10369.0,S10_1949,Hidden,195.01,2.0,N/A,N/A,N/A,N/A,None,unavailable,N/A,N/A,N/A,None,None,N/A,N/A,N/A,N/A,None,Hidden,N/A,N/A
orderdetails,0.0,N/A,N/A,N/A,N/A,N/A,N/A,N/A,N/A,unavailable,N/A,0.0,N/A,0.0,N/A,N/A,N/A,N/A,unavailable,1102.0,N/A,N/A,10369.0,S18_1342,Hidden,89.38,8.0,N/A,N/A,N/A,N/A,None,unavailable,N/A,N/A,N/A,None,None,N/A,N/A,N/A,N/A,None,Hidden,N/A,N/A
orderdetails,0.0,N/A,N/A,N/A,N/A,N/A,N/A,N/A,N/A,unavailable,N/A,0.0,N/A,0.0,N/A,N/A,N/A,N/A,unavailable,1102.0,N/A,N/A,10369.0,S18_1367,Hidden,46.36,7.0,N/A,N/A,N/A,N/A,None,unavailable,N/A,N/A,N/A,None,None,N/A,N/A,N/A,N/A,None,Hidden,N/A,N/A
orderdetails,0.0,N/A,N/A,N/A,N/A,N/A,N/A,N/A,N/A,unavailable,N/A,0.0,N/A,0.0,N/A,N/A,N/A,N/A,unavailable,1102.0,N/A,N/A,10369.0,S18_2949,Hidden,100.30,1.0,N/A,N/A,N/A,N/A,None,unavailable,N/A,N/A,N/A,None,None,N/A,N/A,N/A,N/A,None,Hidden,N/A,N/A
orderdetails,0.0,N/A,N/A,N/A,N/A,N/A,N/A,N/A,N/A,unavailable,N/A,0.0,N/A,0.0,N/A,N/A,N/A,N/A,unavailable,1102.0,N/A,N/A,10369.0,S18_2957,Hidden,51.84,6.0,N/A,N/A,N/A,N/A,None,unavailable,N/A,N/A,N/A,None,None,N/A,N/A,N/A,N/A,None,Hidden,N/A,N/A
orderdetails,0.0,N/A,N/A,N/A,N/A,N/A,N/A,N/A,N/A,unavailable,N/A,0.0,N/A,0.0,N/A,N/A,N/A,N/A,unavailable,1102.0,N/A,N/A,10369.0,S18_3136,Hidden,90.06,5.0,N/A,N/A,N/A,N/A,None,unavailable,N/A,N/A,N/A,None,None,N/A,N/A,N/A,N/A,None,Hidden,N/A,N/A
orderdetails,0.0,N/A,N/A,N/A,N/A,N/A,N/A,N/A,N/A,unavailable,N/A,0.0,N/A,0.0,N/A,N/A,N/A,N/A,unavailable,1102.0,N/A,N/A,10369.0,S18_3320,Hidden,80.36,4.0,N/A,N/A,N/A,N/A,None,unavailable,N/A,N/A,N/A,None,None,N/A,N/A,N/A,N/A,None,Hidden,N/A,N/A
orderdetails,0.0,N/A,N/A,N/A,N/A,N/A,N/A,N/A,N/A,unavailable,N/A,0.0,N/A,0.0,N/A,N/A,N/A,N/A,unavailable,1102.0,N/A,N/A,10369.0,S24_4258,Hidden,93.49,3.0,N/A,N/A,N/A,N/A,None,unavailable,N/A,N/A,N/A,None,None,N/A,N/A,N/A,N/A,None,Hidden,N/A,N/A
orderdetails,0.0,N/A,N/A,N/A,N/A,N/A,N/A,N/A,N/A,unavailable,N/A,0.0,N/A,0.0,N/A,N/A,N/A,N/A,unavailable,1102.0,N/A,N/A,10370.0,S10_4962,Hidden,128.53,4.0,N/A,N/A,N/A,N/A,None,unavailable,N/A,N/A,N/A,None,None,N/A,N/A,N/A,N/A,None,Hidden,N/A,N/A
orderdetails,0.0,N/A,N/A,N/A,N/A,N/A,N/A,N/A,N/A,unavailable,N/A,0.0,N/A,0.0,N/A,N/A,N/A,N/A,unavailable,1102.0,N/A,N/A,10370.0,S12_1666,Hidden,128.47,8.0,N/A,N/A,N/A,N/A,None,unavailable,N/A,N/A,N/A,None,None,N/A,N/A,N/A,N/A,None,Hidden,N/A,N/A
orderdetails,0.0,N/A,N/A,N/A,N/A,N/A,N/A,N/A,N/A,unavailable,N/A,0.0,N/A,0.0,N/A,N/A,N/A,N/A,unavailable,1102.0,N/A,N/A,10370.0,S18_1097,Hidden,100.34,1.0,N/A,N/A,N/A,N/A,None,unavailable,N/A,N/A,N/A,None,None,N/A,N/A,N/A,N/A,None,Hidden,N/A,N/A
orderdetails,0.0,N/A,N/A,N/A,N/A,N/A,N/A,N/A,N/A,unavailable,N/A,0.0,N/A,0.0,N/A,N/A,N/A,N/A,unavailable,1102.0,N/A,N/A,10370.0,S18_2319,Hidden,101.87,5.0,N/A,N/A,N/A,N/A,None,unavailable,N/A,N/A,N/A,None,None,N/A,N/A,N/A,N/A,None,Hidden,N/A,N/A
orderdetails,0.0,N/A,N/A,N/A,N/A,N/A,N/A,N/A,N/A,unavailable,N/A,0.0,N/A,0.0,N/A,N/A,N/A,N/A,unavailable,1102.0,N/A,N/A,10370.0,S18_2432,Hidden,60.16,7.0,N/A,N/A,N/A,N/A,None,unavailable,N/A,N/A,N/A,None,None,N/A,N/A,N/A,N/A,None,Hidden,N/A,N/A
orderdetails,0.0,N/A,N/A,N/A,N/A,N/A,N/A,N/A,N/A,unavailable,N/A,0.0,N/A,0.0,N/A,N/A,N/A,N/A,unavailable,1102.0,N/A,N/A,10370.0,S18_3232,Hidden,167.65,9.0,N/A,N/A,N/A,N/A,None,unavailable,N/A,N/A,N/A,None,None,N/A,N/A,N/A,N/A,None,Hidden,N/A,N/A
orderdetails,0.0,N/A,N/A,N/A,N/A,N/A,N/A,N/A,N/A,unavailable,N/A,0.0,N/A,0.0,N/A,N/A,N/A,N/A,unavailable,1102.0,N/A,N/A,10370.0,S18_4600,Hidden,105.34,6.0,N/A,N/A,N/A,N/A,None,unavailable,N/A,N/A,N/A,None,None,N/A,N/A,N/A,N/A,None,Hidden,N/A,N/A
orderdetails,0.0,N/A,N/A,N/A,N/A,N/A,N/A,N/A,N/A,unavailable,N/A,0.0,N/A,0.0,N/A,N/A,N/A,N/A,unavailable,1102.0,N/A,N/A,10370.0,S18_4668,Hidden,41.76,2.0,N/A,N/A,N/A,N/A,None,unavailable,N/A,N/A,N/A,None,None,N/A,N/A,N/A,N/A,None,Hidden,N/A,N/A
orderdetails,0.0,N/A,N/A,N/A,N/A,N/A,N/A,N/A,N/A,unavailable,N/A,0.0,N/A,0.0,N/A,N/A,N/A,N/A,unavailable,1102.0,N/A,N/A,10370.0,S32_3522,Hidden,63.99,3.0,N/A,N/A,N/A,N/A,None,unavailable,N/A,N/A,N/A,None,None,N/A,N/A,N/A,N/A,None,Hidden,N/A,N/A
orderdetails,0.0,N/A,N/A,N/A,N/A,N/A,N/A,N/A,N/A,unavailable,N/A,0.0,N/A,0.0,N/A,N/A,N/A,N/A,unavailable,1102.0,N/A,N/A,10371.0,S12_1108,Hidden,178.71,6.0,N/A,N/A,N/A,N/A,None,unavailable,N/A,N/A,N/A,None,None,N/A,N/A,N/A,N/A,None,Hidden,N/A,N/A
orderdetails,0.0,N/A,N/A,N/A,N/A,N/A,N/A,N/A,N/A,unavailable,N/A,0.0,N/A,0.0,N/A,N/A,N/A,N/A,unavailable,1102.0,N/A,N/A,10371.0,S12_4473,Hidden,104.28,4.0,N/A,N/A,N/A,N/A,None,unavailable,N/A,N/A,N/A,None,None,N/A,N/A,N/A,N/A,None,Hidden,N/A,N/A
orderdetails,0.0,N/A,N/A,N/A,N/A,N/A,N/A,N/A,N/A,unavailable,N/A,0.0,N/A,0.0,N/A,N/A,N/A,N/A,unavailable,1102.0,N/A,N/A,10371.0,S18_2238,Hidden,160.46,7.0,N/A,N/A,N/A,N/A,None,unavailable,N/A,N/A,N/A,None,None,N/A,N/A,N/A,N/A,None,Hidden,N/A,N/A
orderdetails,0.0,N/A,N/A,N/A,N/A,N/A,N/A,N/A,N/A,unavailable,N/A,0.0,N/A,0.0,N/A,N/A,N/A,N/A,unavailable,1102.0,N/A,N/A,10371.0,S24_1444,Hidden,53.75,12.0,N/A,N/A,N/A,N/A,None,unavailable,N/A,N/A,N/A,None,None,N/A,N/A,N/A,N/A,None,Hidden,N/A,N/A
orderdetails,0.0,N/A,N/A,N/A,N/A,N/A,N/A,N/A,N/A,unavailable,N/A,0.0,N/A,0.0,N/A,N/A,N/A,N/A,unavailable,1102.0,N/A,N/A,10371.0,S24_2300,Hidden,126.51,5.0,N/A,N/A,N/A,N/A,None,unavailable,N/A,N/A,N/A,None,None,N/A,N/A,N/A,N/A,None,Hidden,N/A,N/A
orderdetails,0.0,N/A,N/A,N/A,N/A,N/A,N/A,N/A,N/A,unavailable,N/A,0.0,N/A,0.0,N/A,N/A,N/A,N/A,unavailable,1102.0,N/A,N/A,10371.0,S24_2840,Hidden,35.01,8.0,N/A,N/A,N/A,N/A,None,unavailable,N/A,N/A,N/A,None,None,N/A,N/A,N/A,N/A,None,Hidden,N/A,N/A
orderdetails,0.0,N/A,N/A,N/A,N/A,N/A,N/A,N/A,N/A,unavailable,N/A,0.0,N/A,0.0,N/A,N/A,N/A,N/A,unavailable,1102.0,N/A,N/A,10371.0,S24_4048,Hidden,95.81,9.0,N/A,N/A,N/A,N/A,None,unavailable,N/A,N/A,N/A,None,None,N/A,N/A,N/A,N/A,None,Hidden,N/A,N/A
orderdetails,0.0,N/A,N/A,N/A,N/A,N/A,N/A,N/A,N/A,unavailable,N/A,0.0,N/A,0.0,N/A,N/A,N/A,N/A,unavailable,1102.0,N/A,N/A,10371.0,S32_1268,Hidden,82.83,1.0,N/A,N/A,N/A,N/A,None,unavailable,N/A,N/A,N/A,None,None,N/A,N/A,N/A,N/A,None,Hidden,N/A,N/A
orderdetails,0.0,N/A,N/A,N/A,N/A,N/A,N/A,N/A,N/A,unavailable,N/A,0.0,N/A,0.0,N/A,N/A,N/A,N/A,unavailable,1102.0,N/A,N/A,10371.0,S32_2509,Hidden,44.37,2.0,N/A,N/A,N/A,N/A,None,unavailable,N/A,N/A,N/A,None,None,N/A,N/A,N/A,N/A,None,Hidden,N/A,N/A
orderdetails,0.0,N/A,N/A,N/A,N/A,N/A,N/A,N/A,N/A,unavailable,N/A,0.0,N/A,0.0,N/A,N/A,N/A,N/A,unavailable,1102.0,N/A,N/A,10371.0,S32_3207,Hidden,53.44,11.0,N/A,N/A,N/A,N/A,None,unavailable,N/A,N/A,N/A,None,None,N/A,N/A,N/A,N/A,None,Hidden,N/A,N/A
orderdetails,0.0,N/A,N/A,N/A,N/A,N/A,N/A,N/A,N/A,unavailable,N/A,0.0,N/A,0.0,N/A,N/A,N/A,N/A,unavailable,1102.0,N/A,N/A,10371.0,S50_1392,Hidden,97.23,10.0,N/A,N/A,N/A,N/A,None,unavailable,N/A,N/A,N/A,None,None,N/A,N/A,N/A,N/A,None,Hidden,N/A,N/A
orderdetails,0.0,N/A,N/A,N/A,N/A,N/A,N/A,N/A,N/A,unavailable,N/A,0.0,N/A,0.0,N/A,N/A,N/A,N/A,unavailable,1102.0,N/A,N/A,10371.0,S700_2824,Hidden,83.95,3.0,N/A,N/A,N/A,N/A,None,unavailable,N/A,N/A,N/A,None,None,N/A,N/A,N/A,N/A,None,Hidden,N/A,N/A
orderdetails,0.0,N/A,N/A,N/A,N/A,N/A,N/A,N/A,N/A,unavailable,N/A,0.0,N/A,0.0,N/A,N/A,N/A,N/A,unavailable,1102.0,N/A,N/A,10372.0,S12_3148,Hidden,146.55,4.0,N/A,N/A,N/A,N/A,None,unavailable,N/A,N/A,N/A,None,None,N/A,N/A,N/A,N/A,None,Hidden,N/A,N/A
orderdetails,0.0,N/A,N/A,N/A,N/A,N/A,N/A,N/A,N/A,unavailable,N/A,0.0,N/A,0.0,N/A,N/A,N/A,N/A,unavailable,1102.0,N/A,N/A,10372.0,S12_3891,Hidden,140.15,1.0,N/A,N/A,N/A,N/A,None,unavailable,N/A,N/A,N/A,None,None,N/A,N/A,N/A,N/A,None,Hidden,N/A,N/A
orderdetails,0.0,N/A,N/A,N/A,N/A,N/A,N/A,N/A,N/A,unavailable,N/A,0.0,N/A,0.0,N/A,N/A,N/A,N/A,unavailable,1102.0,N/A,N/A,10372.0,S18_3140,Hidden,131.13,3.0,N/A,N/A,N/A,N/A,None,unavailable,N/A,N/A,N/A,None,None,N/A,N/A,N/A,N/A,None,Hidden,N/A,N/A
orderdetails,0.0,N/A,N/A,N/A,N/A,N/A,N/A,N/A,N/A,unavailable,N/A,0.0,N/A,0.0,N/A,N/A,N/A,N/A,unavailable,1102.0,N/A,N/A,10372.0,S18_3259,Hidden,91.76,5.0,N/A,N/A,N/A,N/A,None,unavailable,N/A,N/A,N/A,None,None,N/A,N/A,N/A,N/A,None,Hidden,N/A,N/A
orderdetails,0.0,N/A,N/A,N/A,N/A,N/A,N/A,N/A,N/A,unavailable,N/A,0.0,N/A,0.0,N/A,N/A,N/A,N/A,unavailable,1102.0,N/A,N/A,10372.0,S18_4027,Hidden,119.20,6.0,N/A,N/A,N/A,N/A,None,unavailable,N/A,N/A,N/A,None,None,N/A,N/A,N/A,N/A,None,Hidden,N/A,N/A
orderdetails,0.0,N/A,N/A,N/A,N/A,N/A,N/A,N/A,N/A,unavailable,N/A,0.0,N/A,0.0,N/A,N/A,N/A,N/A,unavailable,1102.0,N/A,N/A,10372.0,S18_4522,Hidden,78.99,7.0,N/A,N/A,N/A,N/A,None,unavailable,N/A,N/A,N/A,None,None,N/A,N/A,N/A,N/A,None,Hidden,N/A,N/A
orderdetails,0.0,N/A,N/A,N/A,N/A,N/A,N/A,N/A,N/A,unavailable,N/A,0.0,N/A,0.0,N/A,N/A,N/A,N/A,unavailable,1102.0,N/A,N/A,10372.0,S24_2011,Hidden,102.00,8.0,N/A,N/A,N/A,N/A,None,unavailable,N/A,N/A,N/A,None,None,N/A,N/A,N/A,N/A,None,Hidden,N/A,N/A
orderdetails,0.0,N/A,N/A,N/A,N/A,N/A,N/A,N/A,N/A,unavailable,N/A,0.0,N/A,0.0,N/A,N/A,N/A,N/A,unavailable,1102.0,N/A,N/A,10372.0,S50_1514,Hidden,56.82,9.0,N/A,N/A,N/A,N/A,None,unavailable,N/A,N/A,N/A,None,None,N/A,N/A,N/A,N/A,None,Hidden,N/A,N/A
orderdetails,0.0,N/A,N/A,N/A,N/A,N/A,N/A,N/A,N/A,unavailable,N/A,0.0,N/A,0.0,N/A,N/A,N/A,N/A,unavailable,1102.0,N/A,N/A,10372.0,S700_1938,Hidden,74.48,2.0,N/A,N/A,N/A,N/A,None,unavailable,N/A,N/A,N/A,None,None,N/A,N/A,N/A,N/A,None,Hidden,N/A,N/A
orderdetails,0.0,N/A,N/A,N/A,N/A,N/A,N/A,N/A,N/A,unavailable,N/A,0.0,N/A,0.0,N/A,N/A,N/A,N/A,unavailable,1102.0,N/A,N/A,10373.0,S10_4757,Hidden,118.32,3.0,N/A,N/A,N/A,N/A,None,unavailable,N/A,N/A,N/A,None,None,N/A,N/A,N/A,N/A,None,Hidden,N/A,N/A
orderdetails,0.0,N/A,N/A,N/A,N/A,N/A,N/A,N/A,N/A,unavailable,N/A,0.0,N/A,0.0,N/A,N/A,N/A,N/A,unavailable,1102.0,N/A,N/A,10373.0,S18_1662,Hidden,143.50,4.0,N/A,N/A,N/A,N/A,None,unavailable,N/A,N/A,N/A,None,None,N/A,N/A,N/A,N/A,None,Hidden,N/A,N/A
orderdetails,0.0,N/A,N/A,N/A,N/A,N/A,N/A,N/A,N/A,unavailable,N/A,0.0,N/A,0.0,N/A,N/A,N/A,N/A,unavailable,1102.0,N/A,N/A,10373.0,S18_3029,Hidden,75.70,5.0,N/A,N/A,N/A,N/A,None,unavailable,N/A,N/A,N/A,None,None,N/A,N/A,N/A,N/A,None,Hidden,N/A,N/A
orderdetails,0.0,N/A,N/A,N/A,N/A,N/A,N/A,N/A,N/A,unavailable,N/A,0.0,N/A,0.0,N/A,N/A,N/A,N/A,unavailable,1102.0,N/A,N/A,10373.0,S18_3856,Hidden,99.52,6.0,N/A,N/A,N/A,N/A,None,unavailable,N/A,N/A,N/A,None,None,N/A,N/A,N/A,N/A,None,Hidden,N/A,N/A
orderdetails,0.0,N/A,N/A,N/A,N/A,N/A,N/A,N/A,N/A,unavailable,N/A,0.0,N/A,0.0,N/A,N/A,N/A,N/A,unavailable,1102.0,N/A,N/A,10373.0,S24_2841,Hidden,58.92,7.0,N/A,N/A,N/A,N/A,None,unavailable,N/A,N/A,N/A,None,None,N/A,N/A,N/A,N/A,None,Hidden,N/A,N/A
orderdetails,0.0,N/A,N/A,N/A,N/A,N/A,N/A,N/A,N/A,unavailable,N/A,0.0,N/A,0.0,N/A,N/A,N/A,N/A,unavailable,1102.0,N/A,N/A,10373.0,S24_3151,Hidden,82.31,12.0,N/A,N/A,N/A,N/A,None,unavailable,N/A,N/A,N/A,None,None,N/A,N/A,N/A,N/A,None,Hidden,N/A,N/A
orderdetails,0.0,N/A,N/A,N/A,N/A,N/A,N/A,N/A,N/A,unavailable,N/A,0.0,N/A,0.0,N/A,N/A,N/A,N/A,unavailable,1102.0,N/A,N/A,10373.0,S24_3420,Hidden,53.92,11.0,N/A,N/A,N/A,N/A,None,unavailable,N/A,N/A,N/A,None,None,N/A,N/A,N/A,N/A,None,Hidden,N/A,N/A
orderdetails,0.0,N/A,N/A,N/A,N/A,N/A,N/A,N/A,N/A,unavailable,N/A,0.0,N/A,0.0,N/A,N/A,N/A,N/A,unavailable,1102.0,N/A,N/A,10373.0,S24_3816,Hidden,83.86,10.0,N/A,N/A,N/A,N/A,None,unavailable,N/A,N/A,N/A,None,None,N/A,N/A,N/A,N/A,None,Hidden,N/A,N/A
orderdetails,0.0,N/A,N/A,N/A,N/A,N/A,N/A,N/A,N/A,unavailable,N/A,0.0,N/A,0.0,N/A,N/A,N/A,N/A,unavailable,1102.0,N/A,N/A,10373.0,S24_3949,Hidden,62.10,13.0,N/A,N/A,N/A,N/A,None,unavailable,N/A,N/A,N/A,None,None,N/A,N/A,N/A,N/A,None,Hidden,N/A,N/A
orderdetails,0.0,N/A,N/A,N/A,N/A,N/A,N/A,N/A,N/A,unavailable,N/A,0.0,N/A,0.0,N/A,N/A,N/A,N/A,unavailable,1102.0,N/A,N/A,10373.0,S700_1138,Hidden,58.00,14.0,N/A,N/A,N/A,N/A,None,unavailable,N/A,N/A,N/A,None,None,N/A,N/A,N/A,N/A,None,Hidden,N/A,N/A
orderdetails,0.0,N/A,N/A,N/A,N/A,N/A,N/A,N/A,N/A,unavailable,N/A,0.0,N/A,0.0,N/A,N/A,N/A,N/A,unavailable,1102.0,N/A,N/A,10373.0,S700_2047,Hidden,76.94,15.0,N/A,N/A,N/A,N/A,None,unavailable,N/A,N/A,N/A,None,None,N/A,N/A,N/A,N/A,None,Hidden,N/A,N/A
orderdetails,0.0,N/A,N/A,N/A,N/A,N/A,N/A,N/A,N/A,unavailable,N/A,0.0,N/A,0.0,N/A,N/A,N/A,N/A,unavailable,1102.0,N/A,N/A,10373.0,S700_2610,Hidden,69.39,16.0,N/A,N/A,N/A,N/A,None,unavailable,N/A,N/A,N/A,None,None,N/A,N/A,N/A,N/A,None,Hidden,N/A,N/A
orderdetails,0.0,N/A,N/A,N/A,N/A,N/A,N/A,N/A,N/A,unavailable,N/A,0.0,N/A,0.0,N/A,N/A,N/A,N/A,unavailable,1102.0,N/A,N/A,10373.0,S700_3505,Hidden,94.16,2.0,N/A,N/A,N/A,N/A,None,unavailable,N/A,N/A,N/A,None,None,N/A,N/A,N/A,N/A,None,Hidden,N/A,N/A
orderdetails,0.0,N/A,N/A,N/A,N/A,N/A,N/A,N/A,N/A,unavailable,N/A,0.0,N/A,0.0,N/A,N/A,N/A,N/A,unavailable,1102.0,N/A,N/A,10373.0,S700_3962,Hidden,83.42,8.0,N/A,N/A,N/A,N/A,None,unavailable,N/A,N/A,N/A,None,None,N/A,N/A,N/A,N/A,None,Hidden,N/A,N/A
orderdetails,0.0,N/A,N/A,N/A,N/A,N/A,N/A,N/A,N/A,unavailable,N/A,0.0,N/A,0.0,N/A,N/A,N/A,N/A,unavailable,1102.0,N/A,N/A,10373.0,S700_4002,Hidden,68.11,17.0,N/A,N/A,N/A,N/A,None,unavailable,N/A,N/A,N/A,None,None,N/A,N/A,N/A,N/A,None,Hidden,N/A,N/A
orderdetails,0.0,N/A,N/A,N/A,N/A,N/A,N/A,N/A,N/A,unavailable,N/A,0.0,N/A,0.0,N/A,N/A,N/A,N/A,unavailable,1102.0,N/A,N/A,10373.0,S72_1253,Hidden,44.20,9.0,N/A,N/A,N/A,N/A,None,unavailable,N/A,N/A,N/A,None,None,N/A,N/A,N/A,N/A,None,Hidden,N/A,N/A
orderdetails,0.0,N/A,N/A,N/A,N/A,N/A,N/A,N/A,N/A,unavailable,N/A,0.0,N/A,0.0,N/A,N/A,N/A,N/A,unavailable,1102.0,N/A,N/A,10373.0,S72_3212,Hidden,48.05,1.0,N/A,N/A,N/A,N/A,None,unavailable,N/A,N/A,N/A,None,None,N/A,N/A,N/A,N/A,None,Hidden,N/A,N/A
orderdetails,0.0,N/A,N/A,N/A,N/A,N/A,N/A,N/A,N/A,unavailable,N/A,0.0,N/A,0.0,N/A,N/A,N/A,N/A,unavailable,1102.0,N/A,N/A,10374.0,S10_2016,Hidden,115.37,5.0,N/A,N/A,N/A,N/A,None,unavailable,N/A,N/A,N/A,None,None,N/A,N/A,N/A,N/A,None,Hidden,N/A,N/A
orderdetails,0.0,N/A,N/A,N/A,N/A,N/A,N/A,N/A,N/A,unavailable,N/A,0.0,N/A,0.0,N/A,N/A,N/A,N/A,unavailable,1102.0,N/A,N/A,10374.0,S10_4698,Hidden,158.80,1.0,N/A,N/A,N/A,N/A,None,unavailable,N/A,N/A,N/A,None,None,N/A,N/A,N/A,N/A,None,Hidden,N/A,N/A
orderdetails,0.0,N/A,N/A,N/A,N/A,N/A,N/A,N/A,N/A,unavailable,N/A,0.0,N/A,0.0,N/A,N/A,N/A,N/A,unavailable,1102.0,N/A,N/A,10374.0,S18_2581,Hidden,75.19,2.0,N/A,N/A,N/A,N/A,None,unavailable,N/A,N/A,N/A,None,None,N/A,N/A,N/A,N/A,None,Hidden,N/A,N/A
orderdetails,0.0,N/A,N/A,N/A,N/A,N/A,N/A,N/A,N/A,unavailable,N/A,0.0,N/A,0.0,N/A,N/A,N/A,N/A,unavailable,1102.0,N/A,N/A,10374.0,S18_2625,Hidden,48.46,4.0,N/A,N/A,N/A,N/A,None,unavailable,N/A,N/A,N/A,None,None,N/A,N/A,N/A,N/A,None,Hidden,N/A,N/A
orderdetails,0.0,N/A,N/A,N/A,N/A,N/A,N/A,N/A,N/A,unavailable,N/A,0.0,N/A,0.0,N/A,N/A,N/A,N/A,unavailable,1102.0,N/A,N/A,10374.0,S24_1578,Hidden,112.70,6.0,N/A,N/A,N/A,N/A,None,unavailable,N/A,N/A,N/A,None,None,N/A,N/A,N/A,N/A,None,Hidden,N/A,N/A
orderdetails,0.0,N/A,N/A,N/A,N/A,N/A,N/A,N/A,N/A,unavailable,N/A,0.0,N/A,0.0,N/A,N/A,N/A,N/A,unavailable,1102.0,N/A,N/A,10374.0,S24_1785,Hidden,107.23,3.0,N/A,N/A,N/A,N/A,None,unavailable,N/A,N/A,N/A,None,None,N/A,N/A,N/A,N/A,None,Hidden,N/A,N/A
orderdetails,0.0,N/A,N/A,N/A,N/A,N/A,N/A,N/A,N/A,unavailable,N/A,0.0,N/A,0.0,N/A,N/A,N/A,N/A,unavailable,1102.0,N/A,N/A,10375.0,S10_1678,Hidden,76.56,12.0,N/A,N/A,N/A,N/A,None,unavailable,N/A,N/A,N/A,None,None,N/A,N/A,N/A,N/A,None,Hidden,N/A,N/A
orderdetails,0.0,N/A,N/A,N/A,N/A,N/A,N/A,N/A,N/A,unavailable,N/A,0.0,N/A,0.0,N/A,N/A,N/A,N/A,unavailable,1102.0,N/A,N/A,10375.0,S12_1099,Hidden,184.84,7.0,N/A,N/A,N/A,N/A,None,unavailable,N/A,N/A,N/A,None,None,N/A,N/A,N/A,N/A,None,Hidden,N/A,N/A
orderdetails,0.0,N/A,N/A,N/A,N/A,N/A,N/A,N/A,N/A,unavailable,N/A,0.0,N/A,0.0,N/A,N/A,N/A,N/A,unavailable,1102.0,N/A,N/A,10375.0,S12_2823,Hidden,150.62,13.0,N/A,N/A,N/A,N/A,None,unavailable,N/A,N/A,N/A,None,None,N/A,N/A,N/A,N/A,None,Hidden,N/A,N/A
orderdetails,0.0,N/A,N/A,N/A,N/A,N/A,N/A,N/A,N/A,unavailable,N/A,0.0,N/A,0.0,N/A,N/A,N/A,N/A,unavailable,1102.0,N/A,N/A,10375.0,S24_2000,Hidden,67.03,9.0,N/A,N/A,N/A,N/A,None,unavailable,N/A,N/A,N/A,None,None,N/A,N/A,N/A,N/A,None,Hidden,N/A,N/A
orderdetails,0.0,N/A,N/A,N/A,N/A,N/A,N/A,N/A,N/A,unavailable,N/A,0.0,N/A,0.0,N/A,N/A,N/A,N/A,unavailable,1102.0,N/A,N/A,10375.0,S24_2360,Hidden,60.26,14.0,N/A,N/A,N/A,N/A,None,unavailable,N/A,N/A,N/A,None,None,N/A,N/A,N/A,N/A,None,Hidden,N/A,N/A
orderdetails,0.0,N/A,N/A,N/A,N/A,N/A,N/A,N/A,N/A,unavailable,N/A,0.0,N/A,0.0,N/A,N/A,N/A,N/A,unavailable,1102.0,N/A,N/A,10375.0,S24_4278,Hidden,60.13,2.0,N/A,N/A,N/A,N/A,None,unavailable,N/A,N/A,N/A,None,None,N/A,N/A,N/A,N/A,None,Hidden,N/A,N/A
orderdetails,0.0,N/A,N/A,N/A,N/A,N/A,N/A,N/A,N/A,unavailable,N/A,0.0,N/A,0.0,N/A,N/A,N/A,N/A,unavailable,1102.0,N/A,N/A,10375.0,S32_1374,Hidden,87.90,3.0,N/A,N/A,N/A,N/A,None,unavailable,N/A,N/A,N/A,None,None,N/A,N/A,N/A,N/A,None,Hidden,N/A,N/A
orderdetails,0.0,N/A,N/A,N/A,N/A,N/A,N/A,N/A,N/A,unavailable,N/A,0.0,N/A,0.0,N/A,N/A,N/A,N/A,unavailable,1102.0,N/A,N/A,10375.0,S32_4289,Hidden,59.85,4.0,N/A,N/A,N/A,N/A,None,unavailable,N/A,N/A,N/A,None,None,N/A,N/A,N/A,N/A,None,Hidden,N/A,N/A
orderdetails,0.0,N/A,N/A,N/A,N/A,N/A,N/A,N/A,N/A,unavailable,N/A,0.0,N/A,0.0,N/A,N/A,N/A,N/A,unavailable,1102.0,N/A,N/A,10375.0,S32_4485,Hidden,96.95,15.0,N/A,N/A,N/A,N/A,None,unavailable,N/A,N/A,N/A,None,None,N/A,N/A,N/A,N/A,None,Hidden,N/A,N/A
orderdetails,0.0,N/A,N/A,N/A,N/A,N/A,N/A,N/A,N/A,unavailable,N/A,0.0,N/A,0.0,N/A,N/A,N/A,N/A,unavailable,1102.0,N/A,N/A,10375.0,S50_1341,Hidden,36.22,5.0,N/A,N/A,N/A,N/A,None,unavailable,N/A,N/A,N/A,None,None,N/A,N/A,N/A,N/A,None,Hidden,N/A,N/A
orderdetails,0.0,N/A,N/A,N/A,N/A,N/A,N/A,N/A,N/A,unavailable,N/A,0.0,N/A,0.0,N/A,N/A,N/A,N/A,unavailable,1102.0,N/A,N/A,10375.0,S50_4713,Hidden,69.16,8.0,N/A,N/A,N/A,N/A,None,unavailable,N/A,N/A,N/A,None,None,N/A,N/A,N/A,N/A,None,Hidden,N/A,N/A
orderdetails,0.0,N/A,N/A,N/A,N/A,N/A,N/A,N/A,N/A,unavailable,N/A,0.0,N/A,0.0,N/A,N/A,N/A,N/A,unavailable,1102.0,N/A,N/A,10375.0,S700_1691,Hidden,86.77,6.0,N/A,N/A,N/A,N/A,None,unavailable,N/A,N/A,N/A,None,None,N/A,N/A,N/A,N/A,None,Hidden,N/A,N/A
orderdetails,0.0,N/A,N/A,N/A,N/A,N/A,N/A,N/A,N/A,unavailable,N/A,0.0,N/A,0.0,N/A,N/A,N/A,N/A,unavailable,1102.0,N/A,N/A,10375.0,S700_2466,Hidden,94.73,1.0,N/A,N/A,N/A,N/A,None,unavailable,N/A,N/A,N/A,None,None,N/A,N/A,N/A,N/A,None,Hidden,N/A,N/A
orderdetails,0.0,N/A,N/A,N/A,N/A,N/A,N/A,N/A,N/A,unavailable,N/A,0.0,N/A,0.0,N/A,N/A,N/A,N/A,unavailable,1102.0,N/A,N/A,10375.0,S700_2834,Hidden,98.48,10.0,N/A,N/A,N/A,N/A,None,unavailable,N/A,N/A,N/A,None,None,N/A,N/A,N/A,N/A,None,Hidden,N/A,N/A
orderdetails,0.0,N/A,N/A,N/A,N/A,N/A,N/A,N/A,N/A,unavailable,N/A,0.0,N/A,0.0,N/A,N/A,N/A,N/A,unavailable,1102.0,N/A,N/A,10375.0,S700_3167,Hidden,69.60,11.0,N/A,N/A,N/A,N/A,None,unavailable,N/A,N/A,N/A,None,None,N/A,N/A,N/A,N/A,None,Hidden,N/A,N/A
orderdetails,0.0,N/A,N/A,N/A,N/A,N/A,N/A,N/A,N/A,unavailable,N/A,0.0,N/A,0.0,N/A,N/A,N/A,N/A,unavailable,1102.0,N/A,N/A,10376.0,S12_3380,Hidden,98.65,1.0,N/A,N/A,N/A,N/A,None,unavailable,N/A,N/A,N/A,None,None,N/A,N/A,N/A,N/A,None,Hidden,N/A,N/A
orderdetails,0.0,N/A,N/A,N/A,N/A,N/A,N/A,N/A,N/A,unavailable,N/A,0.0,N/A,0.0,N/A,N/A,N/A,N/A,unavailable,1102.0,N/A,N/A,10377.0,S12_3990,Hidden,65.44,5.0,N/A,N/A,N/A,N/A,None,unavailable,N/A,N/A,N/A,None,None,N/A,N/A,N/A,N/A,None,Hidden,N/A,N/A
orderdetails,0.0,N/A,N/A,N/A,N/A,N/A,N/A,N/A,N/A,unavailable,N/A,0.0,N/A,0.0,N/A,N/A,N/A,N/A,unavailable,1102.0,N/A,N/A,10377.0,S12_4675,Hidden,112.86,1.0,N/A,N/A,N/A,N/A,None,unavailable,N/A,N/A,N/A,None,None,N/A,N/A,N/A,N/A,None,Hidden,N/A,N/A
orderdetails,0.0,N/A,N/A,N/A,N/A,N/A,N/A,N/A,N/A,unavailable,N/A,0.0,N/A,0.0,N/A,N/A,N/A,N/A,unavailable,1102.0,N/A,N/A,10377.0,S18_1129,Hidden,124.56,2.0,N/A,N/A,N/A,N/A,None,unavailable,N/A,N/A,N/A,None,None,N/A,N/A,N/A,N/A,None,Hidden,N/A,N/A
orderdetails,0.0,N/A,N/A,N/A,N/A,N/A,N/A,N/A,N/A,unavailable,N/A,0.0,N/A,0.0,N/A,N/A,N/A,N/A,unavailable,1102.0,N/A,N/A,10377.0,S18_1889,Hidden,61.60,4.0,N/A,N/A,N/A,N/A,None,unavailable,N/A,N/A,N/A,None,None,N/A,N/A,N/A,N/A,None,Hidden,N/A,N/A
orderdetails,0.0,N/A,N/A,N/A,N/A,N/A,N/A,N/A,N/A,unavailable,N/A,0.0,N/A,0.0,N/A,N/A,N/A,N/A,unavailable,1102.0,N/A,N/A,10377.0,S18_1984,Hidden,125.18,6.0,N/A,N/A,N/A,N/A,None,unavailable,N/A,N/A,N/A,None,None,N/A,N/A,N/A,N/A,None,Hidden,N/A,N/A
orderdetails,0.0,N/A,N/A,N/A,N/A,N/A,N/A,N/A,N/A,unavailable,N/A,0.0,N/A,0.0,N/A,N/A,N/A,N/A,unavailable,1102.0,N/A,N/A,10377.0,S18_3232,Hidden,143.94,3.0,N/A,N/A,N/A,N/A,None,unavailable,N/A,N/A,N/A,None,None,N/A,N/A,N/A,N/A,None,Hidden,N/A,N/A
orderdetails,0.0,N/A,N/A,N/A,N/A,N/A,N/A,N/A,N/A,unavailable,N/A,0.0,N/A,0.0,N/A,N/A,N/A,N/A,unavailable,1102.0,N/A,N/A,10378.0,S18_1589,Hidden,121.95,5.0,N/A,N/A,N/A,N/A,None,unavailable,N/A,N/A,N/A,None,None,N/A,N/A,N/A,N/A,None,Hidden,N/A,N/A
orderdetails,0.0,N/A,N/A,N/A,N/A,N/A,N/A,N/A,N/A,unavailable,N/A,0.0,N/A,0.0,N/A,N/A,N/A,N/A,unavailable,1102.0,N/A,N/A,10378.0,S18_3278,Hidden,66.74,4.0,N/A,N/A,N/A,N/A,None,unavailable,N/A,N/A,N/A,None,None,N/A,N/A,N/A,N/A,None,Hidden,N/A,N/A
orderdetails,0.0,N/A,N/A,N/A,N/A,N/A,N/A,N/A,N/A,unavailable,N/A,0.0,N/A,0.0,N/A,N/A,N/A,N/A,unavailable,1102.0,N/A,N/A,10378.0,S18_3482,Hidden,146.99,10.0,N/A,N/A,N/A,N/A,None,unavailable,N/A,N/A,N/A,None,None,N/A,N/A,N/A,N/A,None,Hidden,N/A,N/A
orderdetails,0.0,N/A,N/A,N/A,N/A,N/A,N/A,N/A,N/A,unavailable,N/A,0.0,N/A,0.0,N/A,N/A,N/A,N/A,unavailable,1102.0,N/A,N/A,10378.0,S18_3782,Hidden,60.30,9.0,N/A,N/A,N/A,N/A,None,unavailable,N/A,N/A,N/A,None,None,N/A,N/A,N/A,N/A,None,Hidden,N/A,N/A
orderdetails,0.0,N/A,N/A,N/A,N/A,N/A,N/A,N/A,N/A,unavailable,N/A,0.0,N/A,0.0,N/A,N/A,N/A,N/A,unavailable,1102.0,N/A,N/A,10378.0,S18_4721,Hidden,122.02,8.0,N/A,N/A,N/A,N/A,None,unavailable,N/A,N/A,N/A,None,None,N/A,N/A,N/A,N/A,None,Hidden,N/A,N/A
orderdetails,0.0,N/A,N/A,N/A,N/A,N/A,N/A,N/A,N/A,unavailable,N/A,0.0,N/A,0.0,N/A,N/A,N/A,N/A,unavailable,1102.0,N/A,N/A,10378.0,S24_2972,Hidden,30.59,7.0,N/A,N/A,N/A,N/A,None,unavailable,N/A,N/A,N/A,None,None,N/A,N/A,N/A,N/A,None,Hidden,N/A,N/A
orderdetails,0.0,N/A,N/A,N/A,N/A,N/A,N/A,N/A,N/A,unavailable,N/A,0.0,N/A,0.0,N/A,N/A,N/A,N/A,unavailable,1102.0,N/A,N/A,10378.0,S24_3371,Hidden,52.66,6.0,N/A,N/A,N/A,N/A,None,unavailable,N/A,N/A,N/A,None,None,N/A,N/A,N/A,N/A,None,Hidden,N/A,N/A
orderdetails,0.0,N/A,N/A,N/A,N/A,N/A,N/A,N/A,N/A,unavailable,N/A,0.0,N/A,0.0,N/A,N/A,N/A,N/A,unavailable,1102.0,N/A,N/A,10378.0,S24_3856,Hidden,129.20,3.0,N/A,N/A,N/A,N/A,None,unavailable,N/A,N/A,N/A,None,None,N/A,N/A,N/A,N/A,None,Hidden,N/A,N/A
orderdetails,0.0,N/A,N/A,N/A,N/A,N/A,N/A,N/A,N/A,unavailable,N/A,0.0,N/A,0.0,N/A,N/A,N/A,N/A,unavailable,1102.0,N/A,N/A,10378.0,S24_4620,Hidden,80.84,2.0,N/A,N/A,N/A,N/A,None,unavailable,N/A,N/A,N/A,None,None,N/A,N/A,N/A,N/A,None,Hidden,N/A,N/A
orderdetails,0.0,N/A,N/A,N/A,N/A,N/A,N/A,N/A,N/A,unavailable,N/A,0.0,N/A,0.0,N/A,N/A,N/A,N/A,unavailable,1102.0,N/A,N/A,10378.0,S32_2206,Hidden,35.80,1.0,N/A,N/A,N/A,N/A,None,unavailable,N/A,N/A,N/A,None,None,N/A,N/A,N/A,N/A,None,Hidden,N/A,N/A
orderdetails,0.0,N/A,N/A,N/A,N/A,N/A,N/A,N/A,N/A,unavailable,N/A,0.0,N/A,0.0,N/A,N/A,N/A,N/A,unavailable,1102.0,N/A,N/A,10379.0,S18_1749,Hidden,156.40,2.0,N/A,N/A,N/A,N/A,None,unavailable,N/A,N/A,N/A,None,None,N/A,N/A,N/A,N/A,None,Hidden,N/A,N/A
orderdetails,0.0,N/A,N/A,N/A,N/A,N/A,N/A,N/A,N/A,unavailable,N/A,0.0,N/A,0.0,N/A,N/A,N/A,N/A,unavailable,1102.0,N/A,N/A,10379.0,S18_2248,Hidden,50.85,1.0,N/A,N/A,N/A,N/A,None,unavailable,N/A,N/A,N/A,None,None,N/A,N/A,N/A,N/A,None,Hidden,N/A,N/A
orderdetails,0.0,N/A,N/A,N/A,N/A,N/A,N/A,N/A,N/A,unavailable,N/A,0.0,N/A,0.0,N/A,N/A,N/A,N/A,unavailable,1102.0,N/A,N/A,10379.0,S18_2870,Hidden,113.52,5.0,N/A,N/A,N/A,N/A,None,unavailable,N/A,N/A,N/A,None,None,N/A,N/A,N/A,N/A,None,Hidden,N/A,N/A
orderdetails,0.0,N/A,N/A,N/A,N/A,N/A,N/A,N/A,N/A,unavailable,N/A,0.0,N/A,0.0,N/A,N/A,N/A,N/A,unavailable,1102.0,N/A,N/A,10379.0,S18_3685,Hidden,134.22,4.0,N/A,N/A,N/A,N/A,None,unavailable,N/A,N/A,N/A,None,None,N/A,N/A,N/A,N/A,None,Hidden,N/A,N/A
orderdetails,0.0,N/A,N/A,N/A,N/A,N/A,N/A,N/A,N/A,unavailable,N/A,0.0,N/A,0.0,N/A,N/A,N/A,N/A,unavailable,1102.0,N/A,N/A,10379.0,S24_1628,Hidden,48.80,3.0,N/A,N/A,N/A,N/A,None,unavailable,N/A,N/A,N/A,None,None,N/A,N/A,N/A,N/A,None,Hidden,N/A,N/A
orderdetails,0.0,N/A,N/A,N/A,N/A,N/A,N/A,N/A,N/A,unavailable,N/A,0.0,N/A,0.0,N/A,N/A,N/A,N/A,unavailable,1102.0,N/A,N/A,10380.0,S18_1342,Hidden,88.36,13.0,N/A,N/A,N/A,N/A,None,unavailable,N/A,N/A,N/A,None,None,N/A,N/A,N/A,N/A,None,Hidden,N/A,N/A
orderdetails,0.0,N/A,N/A,N/A,N/A,N/A,N/A,N/A,N/A,unavailable,N/A,0.0,N/A,0.0,N/A,N/A,N/A,N/A,unavailable,1102.0,N/A,N/A,10380.0,S18_2325,Hidden,119.50,10.0,N/A,N/A,N/A,N/A,None,unavailable,N/A,N/A,N/A,None,None,N/A,N/A,N/A,N/A,None,Hidden,N/A,N/A
orderdetails,0.0,N/A,N/A,N/A,N/A,N/A,N/A,N/A,N/A,unavailable,N/A,0.0,N/A,0.0,N/A,N/A,N/A,N/A,unavailable,1102.0,N/A,N/A,10380.0,S18_2795,Hidden,156.94,8.0,N/A,N/A,N/A,N/A,None,unavailable,N/A,N/A,N/A,None,None,N/A,N/A,N/A,N/A,None,Hidden,N/A,N/A
orderdetails,0.0,N/A,N/A,N/A,N/A,N/A,N/A,N/A,N/A,unavailable,N/A,0.0,N/A,0.0,N/A,N/A,N/A,N/A,unavailable,1102.0,N/A,N/A,10380.0,S18_4409,Hidden,78.23,1.0,N/A,N/A,N/A,N/A,None,unavailable,N/A,N/A,N/A,None,None,N/A,N/A,N/A,N/A,None,Hidden,N/A,N/A
orderdetails,0.0,N/A,N/A,N/A,N/A,N/A,N/A,N/A,N/A,unavailable,N/A,0.0,N/A,0.0,N/A,N/A,N/A,N/A,unavailable,1102.0,N/A,N/A,10380.0,S18_4933,Hidden,66.99,2.0,N/A,N/A,N/A,N/A,None,unavailable,N/A,N/A,N/A,None,None,N/A,N/A,N/A,N/A,None,Hidden,N/A,N/A
orderdetails,0.0,N/A,N/A,N/A,N/A,N/A,N/A,N/A,N/A,unavailable,N/A,0.0,N/A,0.0,N/A,N/A,N/A,N/A,unavailable,1102.0,N/A,N/A,10380.0,S24_1046,Hidden,66.88,3.0,N/A,N/A,N/A,N/A,None,unavailable,N/A,N/A,N/A,None,None,N/A,N/A,N/A,N/A,None,Hidden,N/A,N/A
orderdetails,0.0,N/A,N/A,N/A,N/A,N/A,N/A,N/A,N/A,unavailable,N/A,0.0,N/A,0.0,N/A,N/A,N/A,N/A,unavailable,1102.0,N/A,N/A,10380.0,S24_1937,Hidden,29.87,4.0,N/A,N/A,N/A,N/A,None,unavailable,N/A,N/A,N/A,None,None,N/A,N/A,N/A,N/A,None,Hidden,N/A,N/A
orderdetails,0.0,N/A,N/A,N/A,N/A,N/A,N/A,N/A,N/A,unavailable,N/A,0.0,N/A,0.0,N/A,N/A,N/A,N/A,unavailable,1102.0,N/A,N/A,10380.0,S24_2022,Hidden,37.63,5.0,N/A,N/A,N/A,N/A,None,unavailable,N/A,N/A,N/A,None,None,N/A,N/A,N/A,N/A,None,Hidden,N/A,N/A
orderdetails,0.0,N/A,N/A,N/A,N/A,N/A,N/A,N/A,N/A,unavailable,N/A,0.0,N/A,0.0,N/A,N/A,N/A,N/A,unavailable,1102.0,N/A,N/A,10380.0,S24_2766,Hidden,77.24,6.0,N/A,N/A,N/A,N/A,None,unavailable,N/A,N/A,N/A,None,None,N/A,N/A,N/A,N/A,None,Hidden,N/A,N/A
orderdetails,0.0,N/A,N/A,N/A,N/A,N/A,N/A,N/A,N/A,unavailable,N/A,0.0,N/A,0.0,N/A,N/A,N/A,N/A,unavailable,1102.0,N/A,N/A,10380.0,S24_2887,Hidden,111.57,7.0,N/A,N/A,N/A,N/A,None,unavailable,N/A,N/A,N/A,None,None,N/A,N/A,N/A,N/A,None,Hidden,N/A,N/A
orderdetails,0.0,N/A,N/A,N/A,N/A,N/A,N/A,N/A,N/A,unavailable,N/A,0.0,N/A,0.0,N/A,N/A,N/A,N/A,unavailable,1102.0,N/A,N/A,10380.0,S24_3191,Hidden,77.05,9.0,N/A,N/A,N/A,N/A,None,unavailable,N/A,N/A,N/A,None,None,N/A,N/A,N/A,N/A,None,Hidden,N/A,N/A
orderdetails,0.0,N/A,N/A,N/A,N/A,N/A,N/A,N/A,N/A,unavailable,N/A,0.0,N/A,0.0,N/A,N/A,N/A,N/A,unavailable,1102.0,N/A,N/A,10380.0,S24_3432,Hidden,91.02,11.0,N/A,N/A,N/A,N/A,None,unavailable,N/A,N/A,N/A,None,None,N/A,N/A,N/A,N/A,None,Hidden,N/A,N/A
orderdetails,0.0,N/A,N/A,N/A,N/A,N/A,N/A,N/A,N/A,unavailable,N/A,0.0,N/A,0.0,N/A,N/A,N/A,N/A,unavailable,1102.0,N/A,N/A,10380.0,S24_3969,Hidden,32.82,12.0,N/A,N/A,N/A,N/A,None,unavailable,N/A,N/A,N/A,None,None,N/A,N/A,N/A,N/A,None,Hidden,N/A,N/A
orderdetails,0.0,N/A,N/A,N/A,N/A,N/A,N/A,N/A,N/A,unavailable,N/A,0.0,N/A,0.0,N/A,N/A,N/A,N/A,unavailable,1102.0,N/A,N/A,10381.0,S10_1949,Hidden,182.16,3.0,N/A,N/A,N/A,N/A,None,unavailable,N/A,N/A,N/A,None,None,N/A,N/A,N/A,N/A,None,Hidden,N/A,N/A
orderdetails,0.0,N/A,N/A,N/A,N/A,N/A,N/A,N/A,N/A,unavailable,N/A,0.0,N/A,0.0,N/A,N/A,N/A,N/A,unavailable,1102.0,N/A,N/A,10381.0,S10_4962,Hidden,138.88,6.0,N/A,N/A,N/A,N/A,None,unavailable,N/A,N/A,N/A,None,None,N/A,N/A,N/A,N/A,None,Hidden,N/A,N/A
orderdetails,0.0,N/A,N/A,N/A,N/A,N/A,N/A,N/A,N/A,unavailable,N/A,0.0,N/A,0.0,N/A,N/A,N/A,N/A,unavailable,1102.0,N/A,N/A,10381.0,S12_1666,Hidden,132.57,1.0,N/A,N/A,N/A,N/A,None,unavailable,N/A,N/A,N/A,None,None,N/A,N/A,N/A,N/A,None,Hidden,N/A,N/A
orderdetails,0.0,N/A,N/A,N/A,N/A,N/A,N/A,N/A,N/A,unavailable,N/A,0.0,N/A,0.0,N/A,N/A,N/A,N/A,unavailable,1102.0,N/A,N/A,10381.0,S18_1097,Hidden,114.34,2.0,N/A,N/A,N/A,N/A,None,unavailable,N/A,N/A,N/A,None,None,N/A,N/A,N/A,N/A,None,Hidden,N/A,N/A
orderdetails,0.0,N/A,N/A,N/A,N/A,N/A,N/A,N/A,N/A,unavailable,N/A,0.0,N/A,0.0,N/A,N/A,N/A,N/A,unavailable,1102.0,N/A,N/A,10381.0,S18_1367,Hidden,49.60,9.0,N/A,N/A,N/A,N/A,None,unavailable,N/A,N/A,N/A,None,None,N/A,N/A,N/A,N/A,None,Hidden,N/A,N/A
orderdetails,0.0,N/A,N/A,N/A,N/A,N/A,N/A,N/A,N/A,unavailable,N/A,0.0,N/A,0.0,N/A,N/A,N/A,N/A,unavailable,1102.0,N/A,N/A,10381.0,S18_2432,Hidden,60.77,7.0,N/A,N/A,N/A,N/A,None,unavailable,N/A,N/A,N/A,None,None,N/A,N/A,N/A,N/A,None,Hidden,N/A,N/A
orderdetails,0.0,N/A,N/A,N/A,N/A,N/A,N/A,N/A,N/A,unavailable,N/A,0.0,N/A,0.0,N/A,N/A,N/A,N/A,unavailable,1102.0,N/A,N/A,10381.0,S18_2949,Hidden,100.30,8.0,N/A,N/A,N/A,N/A,None,unavailable,N/A,N/A,N/A,None,None,N/A,N/A,N/A,N/A,None,Hidden,N/A,N/A
orderdetails,0.0,N/A,N/A,N/A,N/A,N/A,N/A,N/A,N/A,unavailable,N/A,0.0,N/A,0.0,N/A,N/A,N/A,N/A,unavailable,1102.0,N/A,N/A,10381.0,S18_2957,Hidden,51.22,4.0,N/A,N/A,N/A,N/A,None,unavailable,N/A,N/A,N/A,None,None,N/A,N/A,N/A,N/A,None,Hidden,N/A,N/A
orderdetails,0.0,N/A,N/A,N/A,N/A,N/A,N/A,N/A,N/A,unavailable,N/A,0.0,N/A,0.0,N/A,N/A,N/A,N/A,unavailable,1102.0,N/A,N/A,10381.0,S18_3136,Hidden,93.20,5.0,N/A,N/A,N/A,N/A,None,unavailable,N/A,N/A,N/A,None,None,N/A,N/A,N/A,N/A,None,Hidden,N/A,N/A
orderdetails,0.0,N/A,N/A,N/A,N/A,N/A,N/A,N/A,N/A,unavailable,N/A,0.0,N/A,0.0,N/A,N/A,N/A,N/A,unavailable,1102.0,N/A,N/A,10382.0,S12_1108,Hidden,166.24,10.0,N/A,N/A,N/A,N/A,None,unavailable,N/A,N/A,N/A,None,None,N/A,N/A,N/A,N/A,None,Hidden,N/A,N/A
orderdetails,0.0,N/A,N/A,N/A,N/A,N/A,N/A,N/A,N/A,unavailable,N/A,0.0,N/A,0.0,N/A,N/A,N/A,N/A,unavailable,1102.0,N/A,N/A,10382.0,S12_3148,Hidden,145.04,11.0,N/A,N/A,N/A,N/A,None,unavailable,N/A,N/A,N/A,None,None,N/A,N/A,N/A,N/A,None,Hidden,N/A,N/A
orderdetails,0.0,N/A,N/A,N/A,N/A,N/A,N/A,N/A,N/A,unavailable,N/A,0.0,N/A,0.0,N/A,N/A,N/A,N/A,unavailable,1102.0,N/A,N/A,10382.0,S12_3891,Hidden,143.61,12.0,N/A,N/A,N/A,N/A,None,unavailable,N/A,N/A,N/A,None,None,N/A,N/A,N/A,N/A,None,Hidden,N/A,N/A
orderdetails,0.0,N/A,N/A,N/A,N/A,N/A,N/A,N/A,N/A,unavailable,N/A,0.0,N/A,0.0,N/A,N/A,N/A,N/A,unavailable,1102.0,N/A,N/A,10382.0,S12_4473,Hidden,103.10,13.0,N/A,N/A,N/A,N/A,None,unavailable,N/A,N/A,N/A,None,None,N/A,N/A,N/A,N/A,None,Hidden,N/A,N/A
orderdetails,0.0,N/A,N/A,N/A,N/A,N/A,N/A,N/A,N/A,unavailable,N/A,0.0,N/A,0.0,N/A,N/A,N/A,N/A,unavailable,1102.0,N/A,N/A,10382.0,S18_2238,Hidden,160.46,5.0,N/A,N/A,N/A,N/A,None,unavailable,N/A,N/A,N/A,None,None,N/A,N/A,N/A,N/A,None,Hidden,N/A,N/A
orderdetails,0.0,N/A,N/A,N/A,N/A,N/A,N/A,N/A,N/A,unavailable,N/A,0.0,N/A,0.0,N/A,N/A,N/A,N/A,unavailable,1102.0,N/A,N/A,10382.0,S18_3320,Hidden,84.33,7.0,N/A,N/A,N/A,N/A,None,unavailable,N/A,N/A,N/A,None,None,N/A,N/A,N/A,N/A,None,Hidden,N/A,N/A
orderdetails,0.0,N/A,N/A,N/A,N/A,N/A,N/A,N/A,N/A,unavailable,N/A,0.0,N/A,0.0,N/A,N/A,N/A,N/A,unavailable,1102.0,N/A,N/A,10382.0,S18_4600,Hidden,115.03,1.0,N/A,N/A,N/A,N/A,None,unavailable,N/A,N/A,N/A,None,None,N/A,N/A,N/A,N/A,None,Hidden,N/A,N/A
orderdetails,0.0,N/A,N/A,N/A,N/A,N/A,N/A,N/A,N/A,unavailable,N/A,0.0,N/A,0.0,N/A,N/A,N/A,N/A,unavailable,1102.0,N/A,N/A,10382.0,S18_4668,Hidden,46.29,2.0,N/A,N/A,N/A,N/A,None,unavailable,N/A,N/A,N/A,None,None,N/A,N/A,N/A,N/A,None,Hidden,N/A,N/A
orderdetails,0.0,N/A,N/A,N/A,N/A,N/A,N/A,N/A,N/A,unavailable,N/A,0.0,N/A,0.0,N/A,N/A,N/A,N/A,unavailable,1102.0,N/A,N/A,10382.0,S24_2300,Hidden,120.12,3.0,N/A,N/A,N/A,N/A,None,unavailable,N/A,N/A,N/A,None,None,N/A,N/A,N/A,N/A,None,Hidden,N/A,N/A
orderdetails,0.0,N/A,N/A,N/A,N/A,N/A,N/A,N/A,N/A,unavailable,N/A,0.0,N/A,0.0,N/A,N/A,N/A,N/A,unavailable,1102.0,N/A,N/A,10382.0,S24_4258,Hidden,97.39,4.0,N/A,N/A,N/A,N/A,None,unavailable,N/A,N/A,N/A,None,None,N/A,N/A,N/A,N/A,None,Hidden,N/A,N/A
orderdetails,0.0,N/A,N/A,N/A,N/A,N/A,N/A,N/A,N/A,unavailable,N/A,0.0,N/A,0.0,N/A,N/A,N/A,N/A,unavailable,1102.0,N/A,N/A,10382.0,S32_1268,Hidden,85.72,6.0,N/A,N/A,N/A,N/A,None,unavailable,N/A,N/A,N/A,None,None,N/A,N/A,N/A,N/A,None,Hidden,N/A,N/A
orderdetails,0.0,N/A,N/A,N/A,N/A,N/A,N/A,N/A,N/A,unavailable,N/A,0.0,N/A,0.0,N/A,N/A,N/A,N/A,unavailable,1102.0,N/A,N/A,10382.0,S32_3522,Hidden,57.53,8.0,N/A,N/A,N/A,N/A,None,unavailable,N/A,N/A,N/A,None,None,N/A,N/A,N/A,N/A,None,Hidden,N/A,N/A
orderdetails,0.0,N/A,N/A,N/A,N/A,N/A,N/A,N/A,N/A,unavailable,N/A,0.0,N/A,0.0,N/A,N/A,N/A,N/A,unavailable,1102.0,N/A,N/A,10382.0,S700_2824,Hidden,101.15,9.0,N/A,N/A,N/A,N/A,None,unavailable,N/A,N/A,N/A,None,None,N/A,N/A,N/A,N/A,None,Hidden,N/A,N/A
orderdetails,0.0,N/A,N/A,N/A,N/A,N/A,N/A,N/A,N/A,unavailable,N/A,0.0,N/A,0.0,N/A,N/A,N/A,N/A,unavailable,1102.0,N/A,N/A,10383.0,S18_2319,Hidden,119.05,11.0,N/A,N/A,N/A,N/A,None,unavailable,N/A,N/A,N/A,None,None,N/A,N/A,N/A,N/A,None,Hidden,N/A,N/A
orderdetails,0.0,N/A,N/A,N/A,N/A,N/A,N/A,N/A,N/A,unavailable,N/A,0.0,N/A,0.0,N/A,N/A,N/A,N/A,unavailable,1102.0,N/A,N/A,10383.0,S18_3140,Hidden,125.66,9.0,N/A,N/A,N/A,N/A,None,unavailable,N/A,N/A,N/A,None,None,N/A,N/A,N/A,N/A,None,Hidden,N/A,N/A
orderdetails,0.0,N/A,N/A,N/A,N/A,N/A,N/A,N/A,N/A,unavailable,N/A,0.0,N/A,0.0,N/A,N/A,N/A,N/A,unavailable,1102.0,N/A,N/A,10383.0,S18_3232,Hidden,155.79,6.0,N/A,N/A,N/A,N/A,None,unavailable,N/A,N/A,N/A,None,None,N/A,N/A,N/A,N/A,None,Hidden,N/A,N/A
orderdetails,0.0,N/A,N/A,N/A,N/A,N/A,N/A,N/A,N/A,unavailable,N/A,0.0,N/A,0.0,N/A,N/A,N/A,N/A,unavailable,1102.0,N/A,N/A,10383.0,S18_3259,Hidden,83.70,12.0,N/A,N/A,N/A,N/A,None,unavailable,N/A,N/A,N/A,None,None,N/A,N/A,N/A,N/A,None,Hidden,N/A,N/A
orderdetails,0.0,N/A,N/A,N/A,N/A,N/A,N/A,N/A,N/A,unavailable,N/A,0.0,N/A,0.0,N/A,N/A,N/A,N/A,unavailable,1102.0,N/A,N/A,10383.0,S18_4027,Hidden,137.88,1.0,N/A,N/A,N/A,N/A,None,unavailable,N/A,N/A,N/A,None,None,N/A,N/A,N/A,N/A,None,Hidden,N/A,N/A
orderdetails,0.0,N/A,N/A,N/A,N/A,N/A,N/A,N/A,N/A,unavailable,N/A,0.0,N/A,0.0,N/A,N/A,N/A,N/A,unavailable,1102.0,N/A,N/A,10383.0,S18_4522,Hidden,77.24,7.0,N/A,N/A,N/A,N/A,None,unavailable,N/A,N/A,N/A,None,None,N/A,N/A,N/A,N/A,None,Hidden,N/A,N/A
orderdetails,0.0,N/A,N/A,N/A,N/A,N/A,N/A,N/A,N/A,unavailable,N/A,0.0,N/A,0.0,N/A,N/A,N/A,N/A,unavailable,1102.0,N/A,N/A,10383.0,S24_1444,Hidden,52.60,2.0,N/A,N/A,N/A,N/A,None,unavailable,N/A,N/A,N/A,None,None,N/A,N/A,N/A,N/A,None,Hidden,N/A,N/A
orderdetails,0.0,N/A,N/A,N/A,N/A,N/A,N/A,N/A,N/A,unavailable,N/A,0.0,N/A,0.0,N/A,N/A,N/A,N/A,unavailable,1102.0,N/A,N/A,10383.0,S24_2840,Hidden,33.24,3.0,N/A,N/A,N/A,N/A,None,unavailable,N/A,N/A,N/A,None,None,N/A,N/A,N/A,N/A,None,Hidden,N/A,N/A
orderdetails,0.0,N/A,N/A,N/A,N/A,N/A,N/A,N/A,N/A,unavailable,N/A,0.0,N/A,0.0,N/A,N/A,N/A,N/A,unavailable,1102.0,N/A,N/A,10383.0,S24_4048,Hidden,117.10,4.0,N/A,N/A,N/A,N/A,None,unavailable,N/A,N/A,N/A,None,None,N/A,N/A,N/A,N/A,None,Hidden,N/A,N/A
orderdetails,0.0,N/A,N/A,N/A,N/A,N/A,N/A,N/A,N/A,unavailable,N/A,0.0,N/A,0.0,N/A,N/A,N/A,N/A,unavailable,1102.0,N/A,N/A,10383.0,S32_2509,Hidden,53.57,5.0,N/A,N/A,N/A,N/A,None,unavailable,N/A,N/A,N/A,None,None,N/A,N/A,N/A,N/A,None,Hidden,N/A,N/A
orderdetails,0.0,N/A,N/A,N/A,N/A,N/A,N/A,N/A,N/A,unavailable,N/A,0.0,N/A,0.0,N/A,N/A,N/A,N/A,unavailable,1102.0,N/A,N/A,10383.0,S32_3207,Hidden,55.93,8.0,N/A,N/A,N/A,N/A,None,unavailable,N/A,N/A,N/A,None,None,N/A,N/A,N/A,N/A,None,Hidden,N/A,N/A
orderdetails,0.0,N/A,N/A,N/A,N/A,N/A,N/A,N/A,N/A,unavailable,N/A,0.0,N/A,0.0,N/A,N/A,N/A,N/A,unavailable,1102.0,N/A,N/A,10383.0,S50_1392,Hidden,94.92,13.0,N/A,N/A,N/A,N/A,None,unavailable,N/A,N/A,N/A,None,None,N/A,N/A,N/A,N/A,None,Hidden,N/A,N/A
orderdetails,0.0,N/A,N/A,N/A,N/A,N/A,N/A,N/A,N/A,unavailable,N/A,0.0,N/A,0.0,N/A,N/A,N/A,N/A,unavailable,1102.0,N/A,N/A,10383.0,S50_1514,Hidden,48.62,10.0,N/A,N/A,N/A,N/A,None,unavailable,N/A,N/A,N/A,None,None,N/A,N/A,N/A,N/A,None,Hidden,N/A,N/A
orderdetails,0.0,N/A,N/A,N/A,N/A,N/A,N/A,N/A,N/A,unavailable,N/A,0.0,N/A,0.0,N/A,N/A,N/A,N/A,unavailable,1102.0,N/A,N/A,10384.0,S10_4757,Hidden,129.20,4.0,N/A,N/A,N/A,N/A,None,unavailable,N/A,N/A,N/A,None,None,N/A,N/A,N/A,N/A,None,Hidden,N/A,N/A
orderdetails,0.0,N/A,N/A,N/A,N/A,N/A,N/A,N/A,N/A,unavailable,N/A,0.0,N/A,0.0,N/A,N/A,N/A,N/A,unavailable,1102.0,N/A,N/A,10384.0,S24_2011,Hidden,114.29,3.0,N/A,N/A,N/A,N/A,None,unavailable,N/A,N/A,N/A,None,None,N/A,N/A,N/A,N/A,None,Hidden,N/A,N/A
orderdetails,0.0,N/A,N/A,N/A,N/A,N/A,N/A,N/A,N/A,unavailable,N/A,0.0,N/A,0.0,N/A,N/A,N/A,N/A,unavailable,1102.0,N/A,N/A,10384.0,S24_3151,Hidden,71.69,2.0,N/A,N/A,N/A,N/A,None,unavailable,N/A,N/A,N/A,None,None,N/A,N/A,N/A,N/A,None,Hidden,N/A,N/A
orderdetails,0.0,N/A,N/A,N/A,N/A,N/A,N/A,N/A,N/A,unavailable,N/A,0.0,N/A,0.0,N/A,N/A,N/A,N/A,unavailable,1102.0,N/A,N/A,10384.0,S700_1938,Hidden,71.02,1.0,N/A,N/A,N/A,N/A,None,unavailable,N/A,N/A,N/A,None,None,N/A,N/A,N/A,N/A,None,Hidden,N/A,N/A
orderdetails,0.0,N/A,N/A,N/A,N/A,N/A,N/A,N/A,N/A,unavailable,N/A,0.0,N/A,0.0,N/A,N/A,N/A,N/A,unavailable,1102.0,N/A,N/A,10385.0,S24_3816,Hidden,78.83,2.0,N/A,N/A,N/A,N/A,None,unavailable,N/A,N/A,N/A,None,None,N/A,N/A,N/A,N/A,None,Hidden,N/A,N/A
orderdetails,0.0,N/A,N/A,N/A,N/A,N/A,N/A,N/A,N/A,unavailable,N/A,0.0,N/A,0.0,N/A,N/A,N/A,N/A,unavailable,1102.0,N/A,N/A,10385.0,S700_1138,Hidden,62.00,1.0,N/A,N/A,N/A,N/A,None,unavailable,N/A,N/A,N/A,None,None,N/A,N/A,N/A,N/A,None,Hidden,N/A,N/A
orderdetails,0.0,N/A,N/A,N/A,N/A,N/A,N/A,N/A,N/A,unavailable,N/A,0.0,N/A,0.0,N/A,N/A,N/A,N/A,unavailable,1102.0,N/A,N/A,10386.0,S18_1662,Hidden,130.88,7.0,N/A,N/A,N/A,N/A,None,unavailable,N/A,N/A,N/A,None,None,N/A,N/A,N/A,N/A,None,Hidden,N/A,N/A
orderdetails,0.0,N/A,N/A,N/A,N/A,N/A,N/A,N/A,N/A,unavailable,N/A,0.0,N/A,0.0,N/A,N/A,N/A,N/A,unavailable,1102.0,N/A,N/A,10386.0,S18_2581,Hidden,72.65,18.0,N/A,N/A,N/A,N/A,None,unavailable,N/A,N/A,N/A,None,None,N/A,N/A,N/A,N/A,None,Hidden,N/A,N/A
orderdetails,0.0,N/A,N/A,N/A,N/A,N/A,N/A,N/A,N/A,unavailable,N/A,0.0,N/A,0.0,N/A,N/A,N/A,N/A,unavailable,1102.0,N/A,N/A,10386.0,S18_3029,Hidden,73.12,5.0,N/A,N/A,N/A,N/A,None,unavailable,N/A,N/A,N/A,None,None,N/A,N/A,N/A,N/A,None,Hidden,N/A,N/A
orderdetails,0.0,N/A,N/A,N/A,N/A,N/A,N/A,N/A,N/A,unavailable,N/A,0.0,N/A,0.0,N/A,N/A,N/A,N/A,unavailable,1102.0,N/A,N/A,10386.0,S18_3856,Hidden,100.58,6.0,N/A,N/A,N/A,N/A,None,unavailable,N/A,N/A,N/A,None,None,N/A,N/A,N/A,N/A,None,Hidden,N/A,N/A
orderdetails,0.0,N/A,N/A,N/A,N/A,N/A,N/A,N/A,N/A,unavailable,N/A,0.0,N/A,0.0,N/A,N/A,N/A,N/A,unavailable,1102.0,N/A,N/A,10386.0,S24_1785,Hidden,101.76,11.0,N/A,N/A,N/A,N/A,None,unavailable,N/A,N/A,N/A,None,None,N/A,N/A,N/A,N/A,None,Hidden,N/A,N/A
orderdetails,0.0,N/A,N/A,N/A,N/A,N/A,N/A,N/A,N/A,unavailable,N/A,0.0,N/A,0.0,N/A,N/A,N/A,N/A,unavailable,1102.0,N/A,N/A,10386.0,S24_2841,Hidden,56.86,1.0,N/A,N/A,N/A,N/A,None,unavailable,N/A,N/A,N/A,None,None,N/A,N/A,N/A,N/A,None,Hidden,N/A,N/A
orderdetails,0.0,N/A,N/A,N/A,N/A,N/A,N/A,N/A,N/A,unavailable,N/A,0.0,N/A,0.0,N/A,N/A,N/A,N/A,unavailable,1102.0,N/A,N/A,10386.0,S24_3420,Hidden,54.57,9.0,N/A,N/A,N/A,N/A,None,unavailable,N/A,N/A,N/A,None,None,N/A,N/A,N/A,N/A,None,Hidden,N/A,N/A
orderdetails,0.0,N/A,N/A,N/A,N/A,N/A,N/A,N/A,N/A,unavailable,N/A,0.0,N/A,0.0,N/A,N/A,N/A,N/A,unavailable,1102.0,N/A,N/A,10386.0,S24_3949,Hidden,55.96,12.0,N/A,N/A,N/A,N/A,None,unavailable,N/A,N/A,N/A,None,None,N/A,N/A,N/A,N/A,None,Hidden,N/A,N/A
orderdetails,0.0,N/A,N/A,N/A,N/A,N/A,N/A,N/A,N/A,unavailable,N/A,0.0,N/A,0.0,N/A,N/A,N/A,N/A,unavailable,1102.0,N/A,N/A,10386.0,S24_4278,Hidden,71.73,8.0,N/A,N/A,N/A,N/A,None,unavailable,N/A,N/A,N/A,None,None,N/A,N/A,N/A,N/A,None,Hidden,N/A,N/A
orderdetails,0.0,N/A,N/A,N/A,N/A,N/A,N/A,N/A,N/A,unavailable,N/A,0.0,N/A,0.0,N/A,N/A,N/A,N/A,unavailable,1102.0,N/A,N/A,10386.0,S700_2047,Hidden,85.09,13.0,N/A,N/A,N/A,N/A,None,unavailable,N/A,N/A,N/A,None,None,N/A,N/A,N/A,N/A,None,Hidden,N/A,N/A
orderdetails,0.0,N/A,N/A,N/A,N/A,N/A,N/A,N/A,N/A,unavailable,N/A,0.0,N/A,0.0,N/A,N/A,N/A,N/A,unavailable,1102.0,N/A,N/A,10386.0,S700_2466,Hidden,90.75,14.0,N/A,N/A,N/A,N/A,None,unavailable,N/A,N/A,N/A,None,None,N/A,N/A,N/A,N/A,None,Hidden,N/A,N/A
orderdetails,0.0,N/A,N/A,N/A,N/A,N/A,N/A,N/A,N/A,unavailable,N/A,0.0,N/A,0.0,N/A,N/A,N/A,N/A,unavailable,1102.0,N/A,N/A,10386.0,S700_2610,Hidden,67.22,10.0,N/A,N/A,N/A,N/A,None,unavailable,N/A,N/A,N/A,None,None,N/A,N/A,N/A,N/A,None,Hidden,N/A,N/A
orderdetails,0.0,N/A,N/A,N/A,N/A,N/A,N/A,N/A,N/A,unavailable,N/A,0.0,N/A,0.0,N/A,N/A,N/A,N/A,unavailable,1102.0,N/A,N/A,10386.0,S700_3167,Hidden,68.00,17.0,N/A,N/A,N/A,N/A,None,unavailable,N/A,N/A,N/A,None,None,N/A,N/A,N/A,N/A,None,Hidden,N/A,N/A
orderdetails,0.0,N/A,N/A,N/A,N/A,N/A,N/A,N/A,N/A,unavailable,N/A,0.0,N/A,0.0,N/A,N/A,N/A,N/A,unavailable,1102.0,N/A,N/A,10386.0,S700_3505,Hidden,83.14,2.0,N/A,N/A,N/A,N/A,None,unavailable,N/A,N/A,N/A,None,None,N/A,N/A,N/A,N/A,None,Hidden,N/A,N/A
orderdetails,0.0,N/A,N/A,N/A,N/A,N/A,N/A,N/A,N/A,unavailable,N/A,0.0,N/A,0.0,N/A,N/A,N/A,N/A,unavailable,1102.0,N/A,N/A,10386.0,S700_3962,Hidden,80.44,3.0,N/A,N/A,N/A,N/A,None,unavailable,N/A,N/A,N/A,None,None,N/A,N/A,N/A,N/A,None,Hidden,N/A,N/A
orderdetails,0.0,N/A,N/A,N/A,N/A,N/A,N/A,N/A,N/A,unavailable,N/A,0.0,N/A,0.0,N/A,N/A,N/A,N/A,unavailable,1102.0,N/A,N/A,10386.0,S700_4002,Hidden,59.22,15.0,N/A,N/A,N/A,N/A,None,unavailable,N/A,N/A,N/A,None,None,N/A,N/A,N/A,N/A,None,Hidden,N/A,N/A
orderdetails,0.0,N/A,N/A,N/A,N/A,N/A,N/A,N/A,N/A,unavailable,N/A,0.0,N/A,0.0,N/A,N/A,N/A,N/A,unavailable,1102.0,N/A,N/A,10386.0,S72_1253,Hidden,47.67,16.0,N/A,N/A,N/A,N/A,None,unavailable,N/A,N/A,N/A,None,None,N/A,N/A,N/A,N/A,None,Hidden,N/A,N/A
orderdetails,0.0,N/A,N/A,N/A,N/A,N/A,N/A,N/A,N/A,unavailable,N/A,0.0,N/A,0.0,N/A,N/A,N/A,N/A,unavailable,1102.0,N/A,N/A,10386.0,S72_3212,Hidden,52.42,4.0,N/A,N/A,N/A,N/A,None,unavailable,N/A,N/A,N/A,None,None,N/A,N/A,N/A,N/A,None,Hidden,N/A,N/A
orderdetails,0.0,N/A,N/A,N/A,N/A,N/A,N/A,N/A,N/A,unavailable,N/A,0.0,N/A,0.0,N/A,N/A,N/A,N/A,unavailable,1102.0,N/A,N/A,10387.0,S32_1374,Hidden,79.91,1.0,N/A,N/A,N/A,N/A,None,unavailable,N/A,N/A,N/A,None,None,N/A,N/A,N/A,N/A,None,Hidden,N/A,N/A
orderdetails,0.0,N/A,N/A,N/A,N/A,N/A,N/A,N/A,N/A,unavailable,N/A,0.0,N/A,0.0,N/A,N/A,N/A,N/A,unavailable,1102.0,N/A,N/A,10388.0,S10_1678,Hidden,80.39,4.0,N/A,N/A,N/A,N/A,None,unavailable,N/A,N/A,N/A,None,None,N/A,N/A,N/A,N/A,None,Hidden,N/A,N/A
orderdetails,0.0,N/A,N/A,N/A,N/A,N/A,N/A,N/A,N/A,unavailable,N/A,0.0,N/A,0.0,N/A,N/A,N/A,N/A,unavailable,1102.0,N/A,N/A,10388.0,S10_2016,Hidden,118.94,5.0,N/A,N/A,N/A,N/A,None,unavailable,N/A,N/A,N/A,None,None,N/A,N/A,N/A,N/A,None,Hidden,N/A,N/A
orderdetails,0.0,N/A,N/A,N/A,N/A,N/A,N/A,N/A,N/A,unavailable,N/A,0.0,N/A,0.0,N/A,N/A,N/A,N/A,unavailable,1102.0,N/A,N/A,10388.0,S10_4698,Hidden,156.86,7.0,N/A,N/A,N/A,N/A,None,unavailable,N/A,N/A,N/A,None,None,N/A,N/A,N/A,N/A,None,Hidden,N/A,N/A
orderdetails,0.0,N/A,N/A,N/A,N/A,N/A,N/A,N/A,N/A,unavailable,N/A,0.0,N/A,0.0,N/A,N/A,N/A,N/A,unavailable,1102.0,N/A,N/A,10388.0,S12_2823,Hidden,125.01,6.0,N/A,N/A,N/A,N/A,None,unavailable,N/A,N/A,N/A,None,None,N/A,N/A,N/A,N/A,None,Hidden,N/A,N/A
orderdetails,0.0,N/A,N/A,N/A,N/A,N/A,N/A,N/A,N/A,unavailable,N/A,0.0,N/A,0.0,N/A,N/A,N/A,N/A,unavailable,1102.0,N/A,N/A,10388.0,S32_4289,Hidden,58.47,8.0,N/A,N/A,N/A,N/A,None,unavailable,N/A,N/A,N/A,None,None,N/A,N/A,N/A,N/A,None,Hidden,N/A,N/A
orderdetails,0.0,N/A,N/A,N/A,N/A,N/A,N/A,N/A,N/A,unavailable,N/A,0.0,N/A,0.0,N/A,N/A,N/A,N/A,unavailable,1102.0,N/A,N/A,10388.0,S50_1341,Hidden,41.02,1.0,N/A,N/A,N/A,N/A,None,unavailable,N/A,N/A,N/A,None,None,N/A,N/A,N/A,N/A,None,Hidden,N/A,N/A
orderdetails,0.0,N/A,N/A,N/A,N/A,N/A,N/A,N/A,N/A,unavailable,N/A,0.0,N/A,0.0,N/A,N/A,N/A,N/A,unavailable,1102.0,N/A,N/A,10388.0,S700_1691,Hidden,74.90,2.0,N/A,N/A,N/A,N/A,None,unavailable,N/A,N/A,N/A,None,None,N/A,N/A,N/A,N/A,None,Hidden,N/A,N/A
orderdetails,0.0,N/A,N/A,N/A,N/A,N/A,N/A,N/A,N/A,unavailable,N/A,0.0,N/A,0.0,N/A,N/A,N/A,N/A,unavailable,1102.0,N/A,N/A,10388.0,S700_2834,Hidden,111.53,3.0,N/A,N/A,N/A,N/A,None,unavailable,N/A,N/A,N/A,None,None,N/A,N/A,N/A,N/A,None,Hidden,N/A,N/A
orderdetails,0.0,N/A,N/A,N/A,N/A,N/A,N/A,N/A,N/A,unavailable,N/A,0.0,N/A,0.0,N/A,N/A,N/A,N/A,unavailable,1102.0,N/A,N/A,10389.0,S12_1099,Hidden,182.90,4.0,N/A,N/A,N/A,N/A,None,unavailable,N/A,N/A,N/A,None,None,N/A,N/A,N/A,N/A,None,Hidden,N/A,N/A
orderdetails,0.0,N/A,N/A,N/A,N/A,N/A,N/A,N/A,N/A,unavailable,N/A,0.0,N/A,0.0,N/A,N/A,N/A,N/A,unavailable,1102.0,N/A,N/A,10389.0,S12_3380,Hidden,95.13,6.0,N/A,N/A,N/A,N/A,None,unavailable,N/A,N/A,N/A,None,None,N/A,N/A,N/A,N/A,None,Hidden,N/A,N/A
orderdetails,0.0,N/A,N/A,N/A,N/A,N/A,N/A,N/A,N/A,unavailable,N/A,0.0,N/A,0.0,N/A,N/A,N/A,N/A,unavailable,1102.0,N/A,N/A,10389.0,S12_3990,Hidden,76.61,7.0,N/A,N/A,N/A,N/A,None,unavailable,N/A,N/A,N/A,None,None,N/A,N/A,N/A,N/A,None,Hidden,N/A,N/A
orderdetails,0.0,N/A,N/A,N/A,N/A,N/A,N/A,N/A,N/A,unavailable,N/A,0.0,N/A,0.0,N/A,N/A,N/A,N/A,unavailable,1102.0,N/A,N/A,10389.0,S12_4675,Hidden,102.49,8.0,N/A,N/A,N/A,N/A,None,unavailable,N/A,N/A,N/A,None,None,N/A,N/A,N/A,N/A,None,Hidden,N/A,N/A
orderdetails,0.0,N/A,N/A,N/A,N/A,N/A,N/A,N/A,N/A,unavailable,N/A,0.0,N/A,0.0,N/A,N/A,N/A,N/A,unavailable,1102.0,N/A,N/A,10389.0,S18_1889,Hidden,63.91,3.0,N/A,N/A,N/A,N/A,None,unavailable,N/A,N/A,N/A,None,None,N/A,N/A,N/A,N/A,None,Hidden,N/A,N/A
orderdetails,0.0,N/A,N/A,N/A,N/A,N/A,N/A,N/A,N/A,unavailable,N/A,0.0,N/A,0.0,N/A,N/A,N/A,N/A,unavailable,1102.0,N/A,N/A,10389.0,S18_2625,Hidden,52.09,5.0,N/A,N/A,N/A,N/A,None,unavailable,N/A,N/A,N/A,None,None,N/A,N/A,N/A,N/A,None,Hidden,N/A,N/A
orderdetails,0.0,N/A,N/A,N/A,N/A,N/A,N/A,N/A,N/A,unavailable,N/A,0.0,N/A,0.0,N/A,N/A,N/A,N/A,unavailable,1102.0,N/A,N/A,10389.0,S24_1578,Hidden,112.70,1.0,N/A,N/A,N/A,N/A,None,unavailable,N/A,N/A,N/A,None,None,N/A,N/A,N/A,N/A,None,Hidden,N/A,N/A
orderdetails,0.0,N/A,N/A,N/A,N/A,N/A,N/A,N/A,N/A,unavailable,N/A,0.0,N/A,0.0,N/A,N/A,N/A,N/A,unavailable,1102.0,N/A,N/A,10389.0,S24_2000,Hidden,61.70,2.0,N/A,N/A,N/A,N/A,None,unavailable,N/A,N/A,N/A,None,None,N/A,N/A,N/A,N/A,None,Hidden,N/A,N/A
orderdetails,0.0,N/A,N/A,N/A,N/A,N/A,N/A,N/A,N/A,unavailable,N/A,0.0,N/A,0.0,N/A,N/A,N/A,N/A,unavailable,1102.0,N/A,N/A,10390.0,S18_1129,Hidden,117.48,14.0,N/A,N/A,N/A,N/A,None,unavailable,N/A,N/A,N/A,None,None,N/A,N/A,N/A,N/A,None,Hidden,N/A,N/A
orderdetails,0.0,N/A,N/A,N/A,N/A,N/A,N/A,N/A,N/A,unavailable,N/A,0.0,N/A,0.0,N/A,N/A,N/A,N/A,unavailable,1102.0,N/A,N/A,10390.0,S18_1984,Hidden,132.29,15.0,N/A,N/A,N/A,N/A,None,unavailable,N/A,N/A,N/A,None,None,N/A,N/A,N/A,N/A,None,Hidden,N/A,N/A
orderdetails,0.0,N/A,N/A,N/A,N/A,N/A,N/A,N/A,N/A,unavailable,N/A,0.0,N/A,0.0,N/A,N/A,N/A,N/A,unavailable,1102.0,N/A,N/A,10390.0,S18_2325,Hidden,102.98,16.0,N/A,N/A,N/A,N/A,None,unavailable,N/A,N/A,N/A,None,None,N/A,N/A,N/A,N/A,None,Hidden,N/A,N/A
orderdetails,0.0,N/A,N/A,N/A,N/A,N/A,N/A,N/A,N/A,unavailable,N/A,0.0,N/A,0.0,N/A,N/A,N/A,N/A,unavailable,1102.0,N/A,N/A,10390.0,S18_2795,Hidden,162.00,7.0,N/A,N/A,N/A,N/A,None,unavailable,N/A,N/A,N/A,None,None,N/A,N/A,N/A,N/A,None,Hidden,N/A,N/A
orderdetails,0.0,N/A,N/A,N/A,N/A,N/A,N/A,N/A,N/A,unavailable,N/A,0.0,N/A,0.0,N/A,N/A,N/A,N/A,unavailable,1102.0,N/A,N/A,10390.0,S18_3278,Hidden,75.59,9.0,N/A,N/A,N/A,N/A,None,unavailable,N/A,N/A,N/A,None,None,N/A,N/A,N/A,N/A,None,Hidden,N/A,N/A
orderdetails,0.0,N/A,N/A,N/A,N/A,N/A,N/A,N/A,N/A,unavailable,N/A,0.0,N/A,0.0,N/A,N/A,N/A,N/A,unavailable,1102.0,N/A,N/A,10390.0,S18_3482,Hidden,135.23,1.0,N/A,N/A,N/A,N/A,None,unavailable,N/A,N/A,N/A,None,None,N/A,N/A,N/A,N/A,None,Hidden,N/A,N/A
orderdetails,0.0,N/A,N/A,N/A,N/A,N/A,N/A,N/A,N/A,unavailable,N/A,0.0,N/A,0.0,N/A,N/A,N/A,N/A,unavailable,1102.0,N/A,N/A,10390.0,S18_3782,Hidden,54.09,2.0,N/A,N/A,N/A,N/A,None,unavailable,N/A,N/A,N/A,None,None,N/A,N/A,N/A,N/A,None,Hidden,N/A,N/A
orderdetails,0.0,N/A,N/A,N/A,N/A,N/A,N/A,N/A,N/A,unavailable,N/A,0.0,N/A,0.0,N/A,N/A,N/A,N/A,unavailable,1102.0,N/A,N/A,10390.0,S18_4721,Hidden,122.02,3.0,N/A,N/A,N/A,N/A,None,unavailable,N/A,N/A,N/A,None,None,N/A,N/A,N/A,N/A,None,Hidden,N/A,N/A
orderdetails,0.0,N/A,N/A,N/A,N/A,N/A,N/A,N/A,N/A,unavailable,N/A,0.0,N/A,0.0,N/A,N/A,N/A,N/A,unavailable,1102.0,N/A,N/A,10390.0,S24_2360,Hidden,67.87,4.0,N/A,N/A,N/A,N/A,None,unavailable,N/A,N/A,N/A,None,None,N/A,N/A,N/A,N/A,None,Hidden,N/A,N/A
orderdetails,0.0,N/A,N/A,N/A,N/A,N/A,N/A,N/A,N/A,unavailable,N/A,0.0,N/A,0.0,N/A,N/A,N/A,N/A,unavailable,1102.0,N/A,N/A,10390.0,S24_2972,Hidden,35.87,5.0,N/A,N/A,N/A,N/A,None,unavailable,N/A,N/A,N/A,None,None,N/A,N/A,N/A,N/A,None,Hidden,N/A,N/A
orderdetails,0.0,N/A,N/A,N/A,N/A,N/A,N/A,N/A,N/A,unavailable,N/A,0.0,N/A,0.0,N/A,N/A,N/A,N/A,unavailable,1102.0,N/A,N/A,10390.0,S24_3371,Hidden,51.43,6.0,N/A,N/A,N/A,N/A,None,unavailable,N/A,N/A,N/A,None,None,N/A,N/A,N/A,N/A,None,Hidden,N/A,N/A
orderdetails,0.0,N/A,N/A,N/A,N/A,N/A,N/A,N/A,N/A,unavailable,N/A,0.0,N/A,0.0,N/A,N/A,N/A,N/A,unavailable,1102.0,N/A,N/A,10390.0,S24_3856,Hidden,134.81,8.0,N/A,N/A,N/A,N/A,None,unavailable,N/A,N/A,N/A,None,None,N/A,N/A,N/A,N/A,None,Hidden,N/A,N/A
orderdetails,0.0,N/A,N/A,N/A,N/A,N/A,N/A,N/A,N/A,unavailable,N/A,0.0,N/A,0.0,N/A,N/A,N/A,N/A,unavailable,1102.0,N/A,N/A,10390.0,S24_4620,Hidden,66.29,10.0,N/A,N/A,N/A,N/A,None,unavailable,N/A,N/A,N/A,None,None,N/A,N/A,N/A,N/A,None,Hidden,N/A,N/A
orderdetails,0.0,N/A,N/A,N/A,N/A,N/A,N/A,N/A,N/A,unavailable,N/A,0.0,N/A,0.0,N/A,N/A,N/A,N/A,unavailable,1102.0,N/A,N/A,10390.0,S32_2206,Hidden,39.02,11.0,N/A,N/A,N/A,N/A,None,unavailable,N/A,N/A,N/A,None,None,N/A,N/A,N/A,N/A,None,Hidden,N/A,N/A
orderdetails,0.0,N/A,N/A,N/A,N/A,N/A,N/A,N/A,N/A,unavailable,N/A,0.0,N/A,0.0,N/A,N/A,N/A,N/A,unavailable,1102.0,N/A,N/A,10390.0,S32_4485,Hidden,101.03,12.0,N/A,N/A,N/A,N/A,None,unavailable,N/A,N/A,N/A,None,None,N/A,N/A,N/A,N/A,None,Hidden,N/A,N/A
orderdetails,0.0,N/A,N/A,N/A,N/A,N/A,N/A,N/A,N/A,unavailable,N/A,0.0,N/A,0.0,N/A,N/A,N/A,N/A,unavailable,1102.0,N/A,N/A,10390.0,S50_4713,Hidden,81.36,13.0,N/A,N/A,N/A,N/A,None,unavailable,N/A,N/A,N/A,None,None,N/A,N/A,N/A,N/A,None,Hidden,N/A,N/A
orderdetails,0.0,N/A,N/A,N/A,N/A,N/A,N/A,N/A,N/A,unavailable,N/A,0.0,N/A,0.0,N/A,N/A,N/A,N/A,unavailable,1102.0,N/A,N/A,10391.0,S10_1949,Hidden,195.01,4.0,N/A,N/A,N/A,N/A,None,unavailable,N/A,N/A,N/A,None,None,N/A,N/A,N/A,N/A,None,Hidden,N/A,N/A
orderdetails,0.0,N/A,N/A,N/A,N/A,N/A,N/A,N/A,N/A,unavailable,N/A,0.0,N/A,0.0,N/A,N/A,N/A,N/A,unavailable,1102.0,N/A,N/A,10391.0,S10_4962,Hidden,121.15,7.0,N/A,N/A,N/A,N/A,None,unavailable,N/A,N/A,N/A,None,None,N/A,N/A,N/A,N/A,None,Hidden,N/A,N/A
orderdetails,0.0,N/A,N/A,N/A,N/A,N/A,N/A,N/A,N/A,unavailable,N/A,0.0,N/A,0.0,N/A,N/A,N/A,N/A,unavailable,1102.0,N/A,N/A,10391.0,S12_1666,Hidden,110.70,9.0,N/A,N/A,N/A,N/A,None,unavailable,N/A,N/A,N/A,None,None,N/A,N/A,N/A,N/A,None,Hidden,N/A,N/A
orderdetails,0.0,N/A,N/A,N/A,N/A,N/A,N/A,N/A,N/A,unavailable,N/A,0.0,N/A,0.0,N/A,N/A,N/A,N/A,unavailable,1102.0,N/A,N/A,10391.0,S18_1097,Hidden,114.34,10.0,N/A,N/A,N/A,N/A,None,unavailable,N/A,N/A,N/A,None,None,N/A,N/A,N/A,N/A,None,Hidden,N/A,N/A
orderdetails,0.0,N/A,N/A,N/A,N/A,N/A,N/A,N/A,N/A,unavailable,N/A,0.0,N/A,0.0,N/A,N/A,N/A,N/A,unavailable,1102.0,N/A,N/A,10391.0,S18_1342,Hidden,102.74,2.0,N/A,N/A,N/A,N/A,None,unavailable,N/A,N/A,N/A,None,None,N/A,N/A,N/A,N/A,None,Hidden,N/A,N/A
orderdetails,0.0,N/A,N/A,N/A,N/A,N/A,N/A,N/A,N/A,unavailable,N/A,0.0,N/A,0.0,N/A,N/A,N/A,N/A,unavailable,1102.0,N/A,N/A,10391.0,S18_1367,Hidden,47.44,3.0,N/A,N/A,N/A,N/A,None,unavailable,N/A,N/A,N/A,None,None,N/A,N/A,N/A,N/A,None,Hidden,N/A,N/A
orderdetails,0.0,N/A,N/A,N/A,N/A,N/A,N/A,N/A,N/A,unavailable,N/A,0.0,N/A,0.0,N/A,N/A,N/A,N/A,unavailable,1102.0,N/A,N/A,10391.0,S18_2432,Hidden,57.73,5.0,N/A,N/A,N/A,N/A,None,unavailable,N/A,N/A,N/A,None,None,N/A,N/A,N/A,N/A,None,Hidden,N/A,N/A
orderdetails,0.0,N/A,N/A,N/A,N/A,N/A,N/A,N/A,N/A,unavailable,N/A,0.0,N/A,0.0,N/A,N/A,N/A,N/A,unavailable,1102.0,N/A,N/A,10391.0,S18_2949,Hidden,99.28,6.0,N/A,N/A,N/A,N/A,None,unavailable,N/A,N/A,N/A,None,None,N/A,N/A,N/A,N/A,None,Hidden,N/A,N/A
orderdetails,0.0,N/A,N/A,N/A,N/A,N/A,N/A,N/A,N/A,unavailable,N/A,0.0,N/A,0.0,N/A,N/A,N/A,N/A,unavailable,1102.0,N/A,N/A,10391.0,S24_1937,Hidden,26.55,8.0,N/A,N/A,N/A,N/A,None,unavailable,N/A,N/A,N/A,None,None,N/A,N/A,N/A,N/A,None,Hidden,N/A,N/A
orderdetails,0.0,N/A,N/A,N/A,N/A,N/A,N/A,N/A,N/A,unavailable,N/A,0.0,N/A,0.0,N/A,N/A,N/A,N/A,unavailable,1102.0,N/A,N/A,10391.0,S24_2022,Hidden,36.29,1.0,N/A,N/A,N/A,N/A,None,unavailable,N/A,N/A,N/A,None,None,N/A,N/A,N/A,N/A,None,Hidden,N/A,N/A
orderdetails,0.0,N/A,N/A,N/A,N/A,N/A,N/A,N/A,N/A,unavailable,N/A,0.0,N/A,0.0,N/A,N/A,N/A,N/A,unavailable,1102.0,N/A,N/A,10392.0,S18_2957,Hidden,61.21,3.0,N/A,N/A,N/A,N/A,None,unavailable,N/A,N/A,N/A,None,None,N/A,N/A,N/A,N/A,None,Hidden,N/A,N/A
orderdetails,0.0,N/A,N/A,N/A,N/A,N/A,N/A,N/A,N/A,unavailable,N/A,0.0,N/A,0.0,N/A,N/A,N/A,N/A,unavailable,1102.0,N/A,N/A,10392.0,S18_3136,Hidden,103.67,2.0,N/A,N/A,N/A,N/A,None,unavailable,N/A,N/A,N/A,None,None,N/A,N/A,N/A,N/A,None,Hidden,N/A,N/A
orderdetails,0.0,N/A,N/A,N/A,N/A,N/A,N/A,N/A,N/A,unavailable,N/A,0.0,N/A,0.0,N/A,N/A,N/A,N/A,unavailable,1102.0,N/A,N/A,10392.0,S18_3320,Hidden,98.22,1.0,N/A,N/A,N/A,N/A,None,unavailable,N/A,N/A,N/A,None,None,N/A,N/A,N/A,N/A,None,Hidden,N/A,N/A
orderdetails,0.0,N/A,N/A,N/A,N/A,N/A,N/A,N/A,N/A,unavailable,N/A,0.0,N/A,0.0,N/A,N/A,N/A,N/A,unavailable,1102.0,N/A,N/A,10393.0,S12_3148,Hidden,145.04,8.0,N/A,N/A,N/A,N/A,None,unavailable,N/A,N/A,N/A,None,None,N/A,N/A,N/A,N/A,None,Hidden,N/A,N/A
orderdetails,0.0,N/A,N/A,N/A,N/A,N/A,N/A,N/A,N/A,unavailable,N/A,0.0,N/A,0.0,N/A,N/A,N/A,N/A,unavailable,1102.0,N/A,N/A,10393.0,S12_4473,Hidden,99.54,10.0,N/A,N/A,N/A,N/A,None,unavailable,N/A,N/A,N/A,None,None,N/A,N/A,N/A,N/A,None,Hidden,N/A,N/A
orderdetails,0.0,N/A,N/A,N/A,N/A,N/A,N/A,N/A,N/A,unavailable,N/A,0.0,N/A,0.0,N/A,N/A,N/A,N/A,unavailable,1102.0,N/A,N/A,10393.0,S18_2238,Hidden,137.53,11.0,N/A,N/A,N/A,N/A,None,unavailable,N/A,N/A,N/A,None,None,N/A,N/A,N/A,N/A,None,Hidden,N/A,N/A
orderdetails,0.0,N/A,N/A,N/A,N/A,N/A,N/A,N/A,N/A,unavailable,N/A,0.0,N/A,0.0,N/A,N/A,N/A,N/A,unavailable,1102.0,N/A,N/A,10393.0,S18_2319,Hidden,104.32,7.0,N/A,N/A,N/A,N/A,None,unavailable,N/A,N/A,N/A,None,None,N/A,N/A,N/A,N/A,None,Hidden,N/A,N/A
orderdetails,0.0,N/A,N/A,N/A,N/A,N/A,N/A,N/A,N/A,unavailable,N/A,0.0,N/A,0.0,N/A,N/A,N/A,N/A,unavailable,1102.0,N/A,N/A,10393.0,S18_4600,Hidden,106.55,9.0,N/A,N/A,N/A,N/A,None,unavailable,N/A,N/A,N/A,None,None,N/A,N/A,N/A,N/A,None,Hidden,N/A,N/A
orderdetails,0.0,N/A,N/A,N/A,N/A,N/A,N/A,N/A,N/A,unavailable,N/A,0.0,N/A,0.0,N/A,N/A,N/A,N/A,unavailable,1102.0,N/A,N/A,10393.0,S18_4668,Hidden,41.76,1.0,N/A,N/A,N/A,N/A,None,unavailable,N/A,N/A,N/A,None,None,N/A,N/A,N/A,N/A,None,Hidden,N/A,N/A
orderdetails,0.0,N/A,N/A,N/A,N/A,N/A,N/A,N/A,N/A,unavailable,N/A,0.0,N/A,0.0,N/A,N/A,N/A,N/A,unavailable,1102.0,N/A,N/A,10393.0,S24_2300,Hidden,112.46,2.0,N/A,N/A,N/A,N/A,None,unavailable,N/A,N/A,N/A,None,None,N/A,N/A,N/A,N/A,None,Hidden,N/A,N/A
orderdetails,0.0,N/A,N/A,N/A,N/A,N/A,N/A,N/A,N/A,unavailable,N/A,0.0,N/A,0.0,N/A,N/A,N/A,N/A,unavailable,1102.0,N/A,N/A,10393.0,S24_4258,Hidden,88.62,3.0,N/A,N/A,N/A,N/A,None,unavailable,N/A,N/A,N/A,None,None,N/A,N/A,N/A,N/A,None,Hidden,N/A,N/A
orderdetails,0.0,N/A,N/A,N/A,N/A,N/A,N/A,N/A,N/A,unavailable,N/A,0.0,N/A,0.0,N/A,N/A,N/A,N/A,unavailable,1102.0,N/A,N/A,10393.0,S32_1268,Hidden,84.75,4.0,N/A,N/A,N/A,N/A,None,unavailable,N/A,N/A,N/A,None,None,N/A,N/A,N/A,N/A,None,Hidden,N/A,N/A
orderdetails,0.0,N/A,N/A,N/A,N/A,N/A,N/A,N/A,N/A,unavailable,N/A,0.0,N/A,0.0,N/A,N/A,N/A,N/A,unavailable,1102.0,N/A,N/A,10393.0,S32_3522,Hidden,63.35,5.0,N/A,N/A,N/A,N/A,None,unavailable,N/A,N/A,N/A,None,None,N/A,N/A,N/A,N/A,None,Hidden,N/A,N/A
orderdetails,0.0,N/A,N/A,N/A,N/A,N/A,N/A,N/A,N/A,unavailable,N/A,0.0,N/A,0.0,N/A,N/A,N/A,N/A,unavailable,1102.0,N/A,N/A,10393.0,S700_2824,Hidden,83.95,6.0,N/A,N/A,N/A,N/A,None,unavailable,N/A,N/A,N/A,None,None,N/A,N/A,N/A,N/A,None,Hidden,N/A,N/A
orderdetails,0.0,N/A,N/A,N/A,N/A,N/A,N/A,N/A,N/A,unavailable,N/A,0.0,N/A,0.0,N/A,N/A,N/A,N/A,unavailable,1102.0,N/A,N/A,10394.0,S18_3232,Hidden,135.47,5.0,N/A,N/A,N/A,N/A,None,unavailable,N/A,N/A,N/A,None,None,N/A,N/A,N/A,N/A,None,Hidden,N/A,N/A
orderdetails,0.0,N/A,N/A,N/A,N/A,N/A,N/A,N/A,N/A,unavailable,N/A,0.0,N/A,0.0,N/A,N/A,N/A,N/A,unavailable,1102.0,N/A,N/A,10394.0,S18_4027,Hidden,124.95,1.0,N/A,N/A,N/A,N/A,None,unavailable,N/A,N/A,N/A,None,None,N/A,N/A,N/A,N/A,None,Hidden,N/A,N/A
orderdetails,0.0,N/A,N/A,N/A,N/A,N/A,N/A,N/A,N/A,unavailable,N/A,0.0,N/A,0.0,N/A,N/A,N/A,N/A,unavailable,1102.0,N/A,N/A,10394.0,S24_1444,Hidden,53.18,2.0,N/A,N/A,N/A,N/A,None,unavailable,N/A,N/A,N/A,None,None,N/A,N/A,N/A,N/A,None,Hidden,N/A,N/A
orderdetails,0.0,N/A,N/A,N/A,N/A,N/A,N/A,N/A,N/A,unavailable,N/A,0.0,N/A,0.0,N/A,N/A,N/A,N/A,unavailable,1102.0,N/A,N/A,10394.0,S24_2840,Hidden,35.36,6.0,N/A,N/A,N/A,N/A,None,unavailable,N/A,N/A,N/A,None,None,N/A,N/A,N/A,N/A,None,Hidden,N/A,N/A
orderdetails,0.0,N/A,N/A,N/A,N/A,N/A,N/A,N/A,N/A,unavailable,N/A,0.0,N/A,0.0,N/A,N/A,N/A,N/A,unavailable,1102.0,N/A,N/A,10394.0,S24_4048,Hidden,104.09,7.0,N/A,N/A,N/A,N/A,None,unavailable,N/A,N/A,N/A,None,None,N/A,N/A,N/A,N/A,None,Hidden,N/A,N/A
orderdetails,0.0,N/A,N/A,N/A,N/A,N/A,N/A,N/A,N/A,unavailable,N/A,0.0,N/A,0.0,N/A,N/A,N/A,N/A,unavailable,1102.0,N/A,N/A,10394.0,S32_2509,Hidden,47.08,3.0,N/A,N/A,N/A,N/A,None,unavailable,N/A,N/A,N/A,None,None,N/A,N/A,N/A,N/A,None,Hidden,N/A,N/A
orderdetails,0.0,N/A,N/A,N/A,N/A,N/A,N/A,N/A,N/A,unavailable,N/A,0.0,N/A,0.0,N/A,N/A,N/A,N/A,unavailable,1102.0,N/A,N/A,10394.0,S32_3207,Hidden,55.93,4.0,N/A,N/A,N/A,N/A,None,unavailable,N/A,N/A,N/A,None,None,N/A,N/A,N/A,N/A,None,Hidden,N/A,N/A
orderdetails,0.0,N/A,N/A,N/A,N/A,N/A,N/A,N/A,N/A,unavailable,N/A,0.0,N/A,0.0,N/A,N/A,N/A,N/A,unavailable,1102.0,N/A,N/A,10395.0,S10_4757,Hidden,125.12,2.0,N/A,N/A,N/A,N/A,None,unavailable,N/A,N/A,N/A,None,None,N/A,N/A,N/A,N/A,None,Hidden,N/A,N/A
orderdetails,0.0,N/A,N/A,N/A,N/A,N/A,N/A,N/A,N/A,unavailable,N/A,0.0,N/A,0.0,N/A,N/A,N/A,N/A,unavailable,1102.0,N/A,N/A,10395.0,S12_1108,Hidden,205.72,1.0,N/A,N/A,N/A,N/A,None,unavailable,N/A,N/A,N/A,None,None,N/A,N/A,N/A,N/A,None,Hidden,N/A,N/A
orderdetails,0.0,N/A,N/A,N/A,N/A,N/A,N/A,N/A,N/A,unavailable,N/A,0.0,N/A,0.0,N/A,N/A,N/A,N/A,unavailable,1102.0,N/A,N/A,10395.0,S50_1392,Hidden,98.39,4.0,N/A,N/A,N/A,N/A,None,unavailable,N/A,N/A,N/A,None,None,N/A,N/A,N/A,N/A,None,Hidden,N/A,N/A
orderdetails,0.0,N/A,N/A,N/A,N/A,N/A,N/A,N/A,N/A,unavailable,N/A,0.0,N/A,0.0,N/A,N/A,N/A,N/A,unavailable,1102.0,N/A,N/A,10395.0,S50_1514,Hidden,57.99,3.0,N/A,N/A,N/A,N/A,None,unavailable,N/A,N/A,N/A,None,None,N/A,N/A,N/A,N/A,None,Hidden,N/A,N/A
orderdetails,0.0,N/A,N/A,N/A,N/A,N/A,N/A,N/A,N/A,unavailable,N/A,0.0,N/A,0.0,N/A,N/A,N/A,N/A,unavailable,1102.0,N/A,N/A,10396.0,S12_3891,Hidden,155.72,3.0,N/A,N/A,N/A,N/A,None,unavailable,N/A,N/A,N/A,None,None,N/A,N/A,N/A,N/A,None,Hidden,N/A,N/A
orderdetails,0.0,N/A,N/A,N/A,N/A,N/A,N/A,N/A,N/A,unavailable,N/A,0.0,N/A,0.0,N/A,N/A,N/A,N/A,unavailable,1102.0,N/A,N/A,10396.0,S18_3140,Hidden,129.76,2.0,N/A,N/A,N/A,N/A,None,unavailable,N/A,N/A,N/A,None,None,N/A,N/A,N/A,N/A,None,Hidden,N/A,N/A
orderdetails,0.0,N/A,N/A,N/A,N/A,N/A,N/A,N/A,N/A,unavailable,N/A,0.0,N/A,0.0,N/A,N/A,N/A,N/A,unavailable,1102.0,N/A,N/A,10396.0,S18_3259,Hidden,91.76,4.0,N/A,N/A,N/A,N/A,None,unavailable,N/A,N/A,N/A,None,None,N/A,N/A,N/A,N/A,None,Hidden,N/A,N/A
orderdetails,0.0,N/A,N/A,N/A,N/A,N/A,N/A,N/A,N/A,unavailable,N/A,0.0,N/A,0.0,N/A,N/A,N/A,N/A,unavailable,1102.0,N/A,N/A,10396.0,S18_4522,Hidden,83.38,5.0,N/A,N/A,N/A,N/A,None,unavailable,N/A,N/A,N/A,None,None,N/A,N/A,N/A,N/A,None,Hidden,N/A,N/A
orderdetails,0.0,N/A,N/A,N/A,N/A,N/A,N/A,N/A,N/A,unavailable,N/A,0.0,N/A,0.0,N/A,N/A,N/A,N/A,unavailable,1102.0,N/A,N/A,10396.0,S24_2011,Hidden,100.77,6.0,N/A,N/A,N/A,N/A,None,unavailable,N/A,N/A,N/A,None,None,N/A,N/A,N/A,N/A,None,Hidden,N/A,N/A
orderdetails,0.0,N/A,N/A,N/A,N/A,N/A,N/A,N/A,N/A,unavailable,N/A,0.0,N/A,0.0,N/A,N/A,N/A,N/A,unavailable,1102.0,N/A,N/A,10396.0,S24_3151,Hidden,77.00,7.0,N/A,N/A,N/A,N/A,None,unavailable,N/A,N/A,N/A,None,None,N/A,N/A,N/A,N/A,None,Hidden,N/A,N/A
orderdetails,0.0,N/A,N/A,N/A,N/A,N/A,N/A,N/A,N/A,unavailable,N/A,0.0,N/A,0.0,N/A,N/A,N/A,N/A,unavailable,1102.0,N/A,N/A,10396.0,S24_3816,Hidden,77.99,8.0,N/A,N/A,N/A,N/A,None,unavailable,N/A,N/A,N/A,None,None,N/A,N/A,N/A,N/A,None,Hidden,N/A,N/A
orderdetails,0.0,N/A,N/A,N/A,N/A,N/A,N/A,N/A,N/A,unavailable,N/A,0.0,N/A,0.0,N/A,N/A,N/A,N/A,unavailable,1102.0,N/A,N/A,10396.0,S700_1138,Hidden,62.00,1.0,N/A,N/A,N/A,N/A,None,unavailable,N/A,N/A,N/A,None,None,N/A,N/A,N/A,N/A,None,Hidden,N/A,N/A
orderdetails,0.0,N/A,N/A,N/A,N/A,N/A,N/A,N/A,N/A,unavailable,N/A,0.0,N/A,0.0,N/A,N/A,N/A,N/A,unavailable,1102.0,N/A,N/A,10397.0,S700_1938,Hidden,69.29,5.0,N/A,N/A,N/A,N/A,None,unavailable,N/A,N/A,N/A,None,None,N/A,N/A,N/A,N/A,None,Hidden,N/A,N/A
orderdetails,0.0,N/A,N/A,N/A,N/A,N/A,N/A,N/A,N/A,unavailable,N/A,0.0,N/A,0.0,N/A,N/A,N/A,N/A,unavailable,1102.0,N/A,N/A,10397.0,S700_2610,Hidden,62.88,4.0,N/A,N/A,N/A,N/A,None,unavailable,N/A,N/A,N/A,None,None,N/A,N/A,N/A,N/A,None,Hidden,N/A,N/A
orderdetails,0.0,N/A,N/A,N/A,N/A,N/A,N/A,N/A,N/A,unavailable,N/A,0.0,N/A,0.0,N/A,N/A,N/A,N/A,unavailable,1102.0,N/A,N/A,10397.0,S700_3505,Hidden,86.15,3.0,N/A,N/A,N/A,N/A,None,unavailable,N/A,N/A,N/A,None,None,N/A,N/A,N/A,N/A,None,Hidden,N/A,N/A
orderdetails,0.0,N/A,N/A,N/A,N/A,N/A,N/A,N/A,N/A,unavailable,N/A,0.0,N/A,0.0,N/A,N/A,N/A,N/A,unavailable,1102.0,N/A,N/A,10397.0,S700_3962,Hidden,80.44,2.0,N/A,N/A,N/A,N/A,None,unavailable,N/A,N/A,N/A,None,None,N/A,N/A,N/A,N/A,None,Hidden,N/A,N/A
orderdetails,0.0,N/A,N/A,N/A,N/A,N/A,N/A,N/A,N/A,unavailable,N/A,0.0,N/A,0.0,N/A,N/A,N/A,N/A,unavailable,1102.0,N/A,N/A,10397.0,S72_3212,Hidden,52.96,1.0,N/A,N/A,N/A,N/A,None,unavailable,N/A,N/A,N/A,None,None,N/A,N/A,N/A,N/A,None,Hidden,N/A,N/A
orderdetails,0.0,N/A,N/A,N/A,N/A,N/A,N/A,N/A,N/A,unavailable,N/A,0.0,N/A,0.0,N/A,N/A,N/A,N/A,unavailable,1102.0,N/A,N/A,10398.0,S18_1662,Hidden,130.88,11.0,N/A,N/A,N/A,N/A,None,unavailable,N/A,N/A,N/A,None,None,N/A,N/A,N/A,N/A,None,Hidden,N/A,N/A
orderdetails,0.0,N/A,N/A,N/A,N/A,N/A,N/A,N/A,N/A,unavailable,N/A,0.0,N/A,0.0,N/A,N/A,N/A,N/A,unavailable,1102.0,N/A,N/A,10398.0,S18_2581,Hidden,82.79,15.0,N/A,N/A,N/A,N/A,None,unavailable,N/A,N/A,N/A,None,None,N/A,N/A,N/A,N/A,None,Hidden,N/A,N/A
orderdetails,0.0,N/A,N/A,N/A,N/A,N/A,N/A,N/A,N/A,unavailable,N/A,0.0,N/A,0.0,N/A,N/A,N/A,N/A,unavailable,1102.0,N/A,N/A,10398.0,S18_3029,Hidden,70.54,18.0,N/A,N/A,N/A,N/A,None,unavailable,N/A,N/A,N/A,None,None,N/A,N/A,N/A,N/A,None,Hidden,N/A,N/A
orderdetails,0.0,N/A,N/A,N/A,N/A,N/A,N/A,N/A,N/A,unavailable,N/A,0.0,N/A,0.0,N/A,N/A,N/A,N/A,unavailable,1102.0,N/A,N/A,10398.0,S18_3856,Hidden,92.11,17.0,N/A,N/A,N/A,N/A,None,unavailable,N/A,N/A,N/A,None,None,N/A,N/A,N/A,N/A,None,Hidden,N/A,N/A
orderdetails,0.0,N/A,N/A,N/A,N/A,N/A,N/A,N/A,N/A,unavailable,N/A,0.0,N/A,0.0,N/A,N/A,N/A,N/A,unavailable,1102.0,N/A,N/A,10398.0,S24_1785,Hidden,100.67,16.0,N/A,N/A,N/A,N/A,None,unavailable,N/A,N/A,N/A,None,None,N/A,N/A,N/A,N/A,None,Hidden,N/A,N/A
orderdetails,0.0,N/A,N/A,N/A,N/A,N/A,N/A,N/A,N/A,unavailable,N/A,0.0,N/A,0.0,N/A,N/A,N/A,N/A,unavailable,1102.0,N/A,N/A,10398.0,S24_2841,Hidden,60.29,3.0,N/A,N/A,N/A,N/A,None,unavailable,N/A,N/A,N/A,None,None,N/A,N/A,N/A,N/A,None,Hidden,N/A,N/A
orderdetails,0.0,N/A,N/A,N/A,N/A,N/A,N/A,N/A,N/A,unavailable,N/A,0.0,N/A,0.0,N/A,N/A,N/A,N/A,unavailable,1102.0,N/A,N/A,10398.0,S24_3420,Hidden,61.15,13.0,N/A,N/A,N/A,N/A,None,unavailable,N/A,N/A,N/A,None,None,N/A,N/A,N/A,N/A,None,Hidden,N/A,N/A
orderdetails,0.0,N/A,N/A,N/A,N/A,N/A,N/A,N/A,N/A,unavailable,N/A,0.0,N/A,0.0,N/A,N/A,N/A,N/A,unavailable,1102.0,N/A,N/A,10398.0,S24_3949,Hidden,56.64,2.0,N/A,N/A,N/A,N/A,None,unavailable,N/A,N/A,N/A,None,None,N/A,N/A,N/A,N/A,None,Hidden,N/A,N/A
orderdetails,0.0,N/A,N/A,N/A,N/A,N/A,N/A,N/A,N/A,unavailable,N/A,0.0,N/A,0.0,N/A,N/A,N/A,N/A,unavailable,1102.0,N/A,N/A,10398.0,S24_4278,Hidden,65.93,14.0,N/A,N/A,N/A,N/A,None,unavailable,N/A,N/A,N/A,None,None,N/A,N/A,N/A,N/A,None,Hidden,N/A,N/A
orderdetails,0.0,N/A,N/A,N/A,N/A,N/A,N/A,N/A,N/A,unavailable,N/A,0.0,N/A,0.0,N/A,N/A,N/A,N/A,unavailable,1102.0,N/A,N/A,10398.0,S32_4289,Hidden,60.54,4.0,N/A,N/A,N/A,N/A,None,unavailable,N/A,N/A,N/A,None,None,N/A,N/A,N/A,N/A,None,Hidden,N/A,N/A
orderdetails,0.0,N/A,N/A,N/A,N/A,N/A,N/A,N/A,N/A,unavailable,N/A,0.0,N/A,0.0,N/A,N/A,N/A,N/A,unavailable,1102.0,N/A,N/A,10398.0,S50_1341,Hidden,38.84,5.0,N/A,N/A,N/A,N/A,None,unavailable,N/A,N/A,N/A,None,None,N/A,N/A,N/A,N/A,None,Hidden,N/A,N/A
orderdetails,0.0,N/A,N/A,N/A,N/A,N/A,N/A,N/A,N/A,unavailable,N/A,0.0,N/A,0.0,N/A,N/A,N/A,N/A,unavailable,1102.0,N/A,N/A,10398.0,S700_1691,Hidden,78.55,6.0,N/A,N/A,N/A,N/A,None,unavailable,N/A,N/A,N/A,None,None,N/A,N/A,N/A,N/A,None,Hidden,N/A,N/A
orderdetails,0.0,N/A,N/A,N/A,N/A,N/A,N/A,N/A,N/A,unavailable,N/A,0.0,N/A,0.0,N/A,N/A,N/A,N/A,unavailable,1102.0,N/A,N/A,10398.0,S700_2047,Hidden,75.13,7.0,N/A,N/A,N/A,N/A,None,unavailable,N/A,N/A,N/A,None,None,N/A,N/A,N/A,N/A,None,Hidden,N/A,N/A
orderdetails,0.0,N/A,N/A,N/A,N/A,N/A,N/A,N/A,N/A,unavailable,N/A,0.0,N/A,0.0,N/A,N/A,N/A,N/A,unavailable,1102.0,N/A,N/A,10398.0,S700_2466,Hidden,98.72,8.0,N/A,N/A,N/A,N/A,None,unavailable,N/A,N/A,N/A,None,None,N/A,N/A,N/A,N/A,None,Hidden,N/A,N/A
orderdetails,0.0,N/A,N/A,N/A,N/A,N/A,N/A,N/A,N/A,unavailable,N/A,0.0,N/A,0.0,N/A,N/A,N/A,N/A,unavailable,1102.0,N/A,N/A,10398.0,S700_2834,Hidden,102.04,9.0,N/A,N/A,N/A,N/A,None,unavailable,N/A,N/A,N/A,None,None,N/A,N/A,N/A,N/A,None,Hidden,N/A,N/A
orderdetails,0.0,N/A,N/A,N/A,N/A,N/A,N/A,N/A,N/A,unavailable,N/A,0.0,N/A,0.0,N/A,N/A,N/A,N/A,unavailable,1102.0,N/A,N/A,10398.0,S700_3167,Hidden,76.80,10.0,N/A,N/A,N/A,N/A,None,unavailable,N/A,N/A,N/A,None,None,N/A,N/A,N/A,N/A,None,Hidden,N/A,N/A
orderdetails,0.0,N/A,N/A,N/A,N/A,N/A,N/A,N/A,N/A,unavailable,N/A,0.0,N/A,0.0,N/A,N/A,N/A,N/A,unavailable,1102.0,N/A,N/A,10398.0,S700_4002,Hidden,62.19,12.0,N/A,N/A,N/A,N/A,None,unavailable,N/A,N/A,N/A,None,None,N/A,N/A,N/A,N/A,None,Hidden,N/A,N/A
orderdetails,0.0,N/A,N/A,N/A,N/A,N/A,N/A,N/A,N/A,unavailable,N/A,0.0,N/A,0.0,N/A,N/A,N/A,N/A,unavailable,1102.0,N/A,N/A,10398.0,S72_1253,Hidden,41.22,1.0,N/A,N/A,N/A,N/A,None,unavailable,N/A,N/A,N/A,None,None,N/A,N/A,N/A,N/A,None,Hidden,N/A,N/A
orderdetails,0.0,N/A,N/A,N/A,N/A,N/A,N/A,N/A,N/A,unavailable,N/A,0.0,N/A,0.0,N/A,N/A,N/A,N/A,unavailable,1102.0,N/A,N/A,10399.0,S10_1678,Hidden,77.52,8.0,N/A,N/A,N/A,N/A,None,unavailable,N/A,N/A,N/A,None,None,N/A,N/A,N/A,N/A,None,Hidden,N/A,N/A
orderdetails,0.0,N/A,N/A,N/A,N/A,N/A,N/A,N/A,N/A,unavailable,N/A,0.0,N/A,0.0,N/A,N/A,N/A,N/A,unavailable,1102.0,N/A,N/A,10399.0,S10_2016,Hidden,99.91,7.0,N/A,N/A,N/A,N/A,None,unavailable,N/A,N/A,N/A,None,None,N/A,N/A,N/A,N/A,None,Hidden,N/A,N/A
orderdetails,0.0,N/A,N/A,N/A,N/A,N/A,N/A,N/A,N/A,unavailable,N/A,0.0,N/A,0.0,N/A,N/A,N/A,N/A,unavailable,1102.0,N/A,N/A,10399.0,S10_4698,Hidden,156.86,6.0,N/A,N/A,N/A,N/A,None,unavailable,N/A,N/A,N/A,None,None,N/A,N/A,N/A,N/A,None,Hidden,N/A,N/A
orderdetails,0.0,N/A,N/A,N/A,N/A,N/A,N/A,N/A,N/A,unavailable,N/A,0.0,N/A,0.0,N/A,N/A,N/A,N/A,unavailable,1102.0,N/A,N/A,10399.0,S12_2823,Hidden,123.51,5.0,N/A,N/A,N/A,N/A,None,unavailable,N/A,N/A,N/A,None,None,N/A,N/A,N/A,N/A,None,Hidden,N/A,N/A
orderdetails,0.0,N/A,N/A,N/A,N/A,N/A,N/A,N/A,N/A,unavailable,N/A,0.0,N/A,0.0,N/A,N/A,N/A,N/A,unavailable,1102.0,N/A,N/A,10399.0,S18_2625,Hidden,51.48,4.0,N/A,N/A,N/A,N/A,None,unavailable,N/A,N/A,N/A,None,None,N/A,N/A,N/A,N/A,None,Hidden,N/A,N/A
orderdetails,0.0,N/A,N/A,N/A,N/A,N/A,N/A,N/A,N/A,unavailable,N/A,0.0,N/A,0.0,N/A,N/A,N/A,N/A,unavailable,1102.0,N/A,N/A,10399.0,S24_1578,Hidden,104.81,3.0,N/A,N/A,N/A,N/A,None,unavailable,N/A,N/A,N/A,None,None,N/A,N/A,N/A,N/A,None,Hidden,N/A,N/A
orderdetails,0.0,N/A,N/A,N/A,N/A,N/A,N/A,N/A,N/A,unavailable,N/A,0.0,N/A,0.0,N/A,N/A,N/A,N/A,unavailable,1102.0,N/A,N/A,10399.0,S24_2000,Hidden,75.41,2.0,N/A,N/A,N/A,N/A,None,unavailable,N/A,N/A,N/A,None,None,N/A,N/A,N/A,N/A,None,Hidden,N/A,N/A
orderdetails,0.0,N/A,N/A,N/A,N/A,N/A,N/A,N/A,N/A,unavailable,N/A,0.0,N/A,0.0,N/A,N/A,N/A,N/A,unavailable,1102.0,N/A,N/A,10399.0,S32_1374,Hidden,97.89,1.0,N/A,N/A,N/A,N/A,None,unavailable,N/A,N/A,N/A,None,None,N/A,N/A,N/A,N/A,None,Hidden,N/A,N/A
orderdetails,0.0,N/A,N/A,N/A,N/A,N/A,N/A,N/A,N/A,unavailable,N/A,0.0,N/A,0.0,N/A,N/A,N/A,N/A,unavailable,1102.0,N/A,N/A,10400.0,S10_4757,Hidden,134.64,9.0,N/A,N/A,N/A,N/A,None,unavailable,N/A,N/A,N/A,None,None,N/A,N/A,N/A,N/A,None,Hidden,N/A,N/A
orderdetails,0.0,N/A,N/A,N/A,N/A,N/A,N/A,N/A,N/A,unavailable,N/A,0.0,N/A,0.0,N/A,N/A,N/A,N/A,unavailable,1102.0,N/A,N/A,10400.0,S18_1662,Hidden,129.31,1.0,N/A,N/A,N/A,N/A,None,unavailable,N/A,N/A,N/A,None,None,N/A,N/A,N/A,N/A,None,Hidden,N/A,N/A
orderdetails,0.0,N/A,N/A,N/A,N/A,N/A,N/A,N/A,N/A,unavailable,N/A,0.0,N/A,0.0,N/A,N/A,N/A,N/A,unavailable,1102.0,N/A,N/A,10400.0,S18_3029,Hidden,74.84,7.0,N/A,N/A,N/A,N/A,None,unavailable,N/A,N/A,N/A,None,None,N/A,N/A,N/A,N/A,None,Hidden,N/A,N/A
orderdetails,0.0,N/A,N/A,N/A,N/A,N/A,N/A,N/A,N/A,unavailable,N/A,0.0,N/A,0.0,N/A,N/A,N/A,N/A,unavailable,1102.0,N/A,N/A,10400.0,S18_3856,Hidden,88.93,6.0,N/A,N/A,N/A,N/A,None,unavailable,N/A,N/A,N/A,None,None,N/A,N/A,N/A,N/A,None,Hidden,N/A,N/A
orderdetails,0.0,N/A,N/A,N/A,N/A,N/A,N/A,N/A,N/A,unavailable,N/A,0.0,N/A,0.0,N/A,N/A,N/A,N/A,unavailable,1102.0,N/A,N/A,10400.0,S24_2841,Hidden,55.49,2.0,N/A,N/A,N/A,N/A,None,unavailable,N/A,N/A,N/A,None,None,N/A,N/A,N/A,N/A,None,Hidden,N/A,N/A
orderdetails,0.0,N/A,N/A,N/A,N/A,N/A,N/A,N/A,N/A,unavailable,N/A,0.0,N/A,0.0,N/A,N/A,N/A,N/A,unavailable,1102.0,N/A,N/A,10400.0,S24_3420,Hidden,59.18,3.0,N/A,N/A,N/A,N/A,None,unavailable,N/A,N/A,N/A,None,None,N/A,N/A,N/A,N/A,None,Hidden,N/A,N/A
orderdetails,0.0,N/A,N/A,N/A,N/A,N/A,N/A,N/A,N/A,unavailable,N/A,0.0,N/A,0.0,N/A,N/A,N/A,N/A,unavailable,1102.0,N/A,N/A,10400.0,S24_3816,Hidden,74.64,8.0,N/A,N/A,N/A,N/A,None,unavailable,N/A,N/A,N/A,None,None,N/A,N/A,N/A,N/A,None,Hidden,N/A,N/A
orderdetails,0.0,N/A,N/A,N/A,N/A,N/A,N/A,N/A,N/A,unavailable,N/A,0.0,N/A,0.0,N/A,N/A,N/A,N/A,unavailable,1102.0,N/A,N/A,10400.0,S700_2047,Hidden,82.37,5.0,N/A,N/A,N/A,N/A,None,unavailable,N/A,N/A,N/A,None,None,N/A,N/A,N/A,N/A,None,Hidden,N/A,N/A
orderdetails,0.0,N/A,N/A,N/A,N/A,N/A,N/A,N/A,N/A,unavailable,N/A,0.0,N/A,0.0,N/A,N/A,N/A,N/A,unavailable,1102.0,N/A,N/A,10400.0,S72_1253,Hidden,41.71,4.0,N/A,N/A,N/A,N/A,None,unavailable,N/A,N/A,N/A,None,None,N/A,N/A,N/A,N/A,None,Hidden,N/A,N/A
orderdetails,0.0,N/A,N/A,N/A,N/A,N/A,N/A,N/A,N/A,unavailable,N/A,0.0,N/A,0.0,N/A,N/A,N/A,N/A,unavailable,1102.0,N/A,N/A,10401.0,S18_2581,Hidden,75.19,3.0,N/A,N/A,N/A,N/A,None,unavailable,N/A,N/A,N/A,None,None,N/A,N/A,N/A,N/A,None,Hidden,N/A,N/A
orderdetails,0.0,N/A,N/A,N/A,N/A,N/A,N/A,N/A,N/A,unavailable,N/A,0.0,N/A,0.0,N/A,N/A,N/A,N/A,unavailable,1102.0,N/A,N/A,10401.0,S24_1785,Hidden,87.54,5.0,N/A,N/A,N/A,N/A,None,unavailable,N/A,N/A,N/A,None,None,N/A,N/A,N/A,N/A,None,Hidden,N/A,N/A
orderdetails,0.0,N/A,N/A,N/A,N/A,N/A,N/A,N/A,N/A,unavailable,N/A,0.0,N/A,0.0,N/A,N/A,N/A,N/A,unavailable,1102.0,N/A,N/A,10401.0,S24_3949,Hidden,59.37,12.0,N/A,N/A,N/A,N/A,None,unavailable,N/A,N/A,N/A,None,None,N/A,N/A,N/A,N/A,None,Hidden,N/A,N/A
orderdetails,0.0,N/A,N/A,N/A,N/A,N/A,N/A,N/A,N/A,unavailable,N/A,0.0,N/A,0.0,N/A,N/A,N/A,N/A,unavailable,1102.0,N/A,N/A,10401.0,S24_4278,Hidden,65.93,4.0,N/A,N/A,N/A,N/A,None,unavailable,N/A,N/A,N/A,None,None,N/A,N/A,N/A,N/A,None,Hidden,N/A,N/A
orderdetails,0.0,N/A,N/A,N/A,N/A,N/A,N/A,N/A,N/A,unavailable,N/A,0.0,N/A,0.0,N/A,N/A,N/A,N/A,unavailable,1102.0,N/A,N/A,10401.0,S32_1374,Hidden,81.91,1.0,N/A,N/A,N/A,N/A,None,unavailable,N/A,N/A,N/A,None,None,N/A,N/A,N/A,N/A,None,Hidden,N/A,N/A
orderdetails,0.0,N/A,N/A,N/A,N/A,N/A,N/A,N/A,N/A,unavailable,N/A,0.0,N/A,0.0,N/A,N/A,N/A,N/A,unavailable,1102.0,N/A,N/A,10401.0,S32_4289,Hidden,62.60,6.0,N/A,N/A,N/A,N/A,None,unavailable,N/A,N/A,N/A,None,None,N/A,N/A,N/A,N/A,None,Hidden,N/A,N/A
orderdetails,0.0,N/A,N/A,N/A,N/A,N/A,N/A,N/A,N/A,unavailable,N/A,0.0,N/A,0.0,N/A,N/A,N/A,N/A,unavailable,1102.0,N/A,N/A,10401.0,S50_1341,Hidden,41.46,7.0,N/A,N/A,N/A,N/A,None,unavailable,N/A,N/A,N/A,None,None,N/A,N/A,N/A,N/A,None,Hidden,N/A,N/A
orderdetails,0.0,N/A,N/A,N/A,N/A,N/A,N/A,N/A,N/A,unavailable,N/A,0.0,N/A,0.0,N/A,N/A,N/A,N/A,unavailable,1102.0,N/A,N/A,10401.0,S700_1691,Hidden,77.64,8.0,N/A,N/A,N/A,N/A,None,unavailable,N/A,N/A,N/A,None,None,N/A,N/A,N/A,N/A,None,Hidden,N/A,N/A
orderdetails,0.0,N/A,N/A,N/A,N/A,N/A,N/A,N/A,N/A,unavailable,N/A,0.0,N/A,0.0,N/A,N/A,N/A,N/A,unavailable,1102.0,N/A,N/A,10401.0,S700_2466,Hidden,98.72,10.0,N/A,N/A,N/A,N/A,None,unavailable,N/A,N/A,N/A,None,None,N/A,N/A,N/A,N/A,None,Hidden,N/A,N/A
orderdetails,0.0,N/A,N/A,N/A,N/A,N/A,N/A,N/A,N/A,unavailable,N/A,0.0,N/A,0.0,N/A,N/A,N/A,N/A,unavailable,1102.0,N/A,N/A,10401.0,S700_2834,Hidden,96.11,2.0,N/A,N/A,N/A,N/A,None,unavailable,N/A,N/A,N/A,None,None,N/A,N/A,N/A,N/A,None,Hidden,N/A,N/A
orderdetails,0.0,N/A,N/A,N/A,N/A,N/A,N/A,N/A,N/A,unavailable,N/A,0.0,N/A,0.0,N/A,N/A,N/A,N/A,unavailable,1102.0,N/A,N/A,10401.0,S700_3167,Hidden,73.60,9.0,N/A,N/A,N/A,N/A,None,unavailable,N/A,N/A,N/A,None,None,N/A,N/A,N/A,N/A,None,Hidden,N/A,N/A
orderdetails,0.0,N/A,N/A,N/A,N/A,N/A,N/A,N/A,N/A,unavailable,N/A,0.0,N/A,0.0,N/A,N/A,N/A,N/A,unavailable,1102.0,N/A,N/A,10401.0,S700_4002,Hidden,66.63,11.0,N/A,N/A,N/A,N/A,None,unavailable,N/A,N/A,N/A,None,None,N/A,N/A,N/A,N/A,None,Hidden,N/A,N/A
orderdetails,0.0,N/A,N/A,N/A,N/A,N/A,N/A,N/A,N/A,unavailable,N/A,0.0,N/A,0.0,N/A,N/A,N/A,N/A,unavailable,1102.0,N/A,N/A,10402.0,S10_2016,Hidden,118.94,1.0,N/A,N/A,N/A,N/A,None,unavailable,N/A,N/A,N/A,None,None,N/A,N/A,N/A,N/A,None,Hidden,N/A,N/A
orderdetails,0.0,N/A,N/A,N/A,N/A,N/A,N/A,N/A,N/A,unavailable,N/A,0.0,N/A,0.0,N/A,N/A,N/A,N/A,unavailable,1102.0,N/A,N/A,10402.0,S18_2625,Hidden,58.15,2.0,N/A,N/A,N/A,N/A,None,unavailable,N/A,N/A,N/A,None,None,N/A,N/A,N/A,N/A,None,Hidden,N/A,N/A
orderdetails,0.0,N/A,N/A,N/A,N/A,N/A,N/A,N/A,N/A,unavailable,N/A,0.0,N/A,0.0,N/A,N/A,N/A,N/A,unavailable,1102.0,N/A,N/A,10402.0,S24_2000,Hidden,61.70,3.0,N/A,N/A,N/A,N/A,None,unavailable,N/A,N/A,N/A,None,None,N/A,N/A,N/A,N/A,None,Hidden,N/A,N/A
orderdetails,0.0,N/A,N/A,N/A,N/A,N/A,N/A,N/A,N/A,unavailable,N/A,0.0,N/A,0.0,N/A,N/A,N/A,N/A,unavailable,1102.0,N/A,N/A,10403.0,S10_1678,Hidden,85.17,7.0,N/A,N/A,N/A,N/A,None,unavailable,N/A,N/A,N/A,None,None,N/A,N/A,N/A,N/A,None,Hidden,N/A,N/A
orderdetails,0.0,N/A,N/A,N/A,N/A,N/A,N/A,N/A,N/A,unavailable,N/A,0.0,N/A,0.0,N/A,N/A,N/A,N/A,unavailable,1102.0,N/A,N/A,10403.0,S10_4698,Hidden,174.29,9.0,N/A,N/A,N/A,N/A,None,unavailable,N/A,N/A,N/A,None,None,N/A,N/A,N/A,N/A,None,Hidden,N/A,N/A
orderdetails,0.0,N/A,N/A,N/A,N/A,N/A,N/A,N/A,N/A,unavailable,N/A,0.0,N/A,0.0,N/A,N/A,N/A,N/A,unavailable,1102.0,N/A,N/A,10403.0,S12_2823,Hidden,122.00,6.0,N/A,N/A,N/A,N/A,None,unavailable,N/A,N/A,N/A,None,None,N/A,N/A,N/A,N/A,None,Hidden,N/A,N/A
orderdetails,0.0,N/A,N/A,N/A,N/A,N/A,N/A,N/A,N/A,unavailable,N/A,0.0,N/A,0.0,N/A,N/A,N/A,N/A,unavailable,1102.0,N/A,N/A,10403.0,S18_3782,Hidden,55.33,1.0,N/A,N/A,N/A,N/A,None,unavailable,N/A,N/A,N/A,None,None,N/A,N/A,N/A,N/A,None,Hidden,N/A,N/A
orderdetails,0.0,N/A,N/A,N/A,N/A,N/A,N/A,N/A,N/A,unavailable,N/A,0.0,N/A,0.0,N/A,N/A,N/A,N/A,unavailable,1102.0,N/A,N/A,10403.0,S24_1578,Hidden,109.32,8.0,N/A,N/A,N/A,N/A,None,unavailable,N/A,N/A,N/A,None,None,N/A,N/A,N/A,N/A,None,Hidden,N/A,N/A
orderdetails,0.0,N/A,N/A,N/A,N/A,N/A,N/A,N/A,N/A,unavailable,N/A,0.0,N/A,0.0,N/A,N/A,N/A,N/A,unavailable,1102.0,N/A,N/A,10403.0,S24_2360,Hidden,57.49,4.0,N/A,N/A,N/A,N/A,None,unavailable,N/A,N/A,N/A,None,None,N/A,N/A,N/A,N/A,None,Hidden,N/A,N/A
orderdetails,0.0,N/A,N/A,N/A,N/A,N/A,N/A,N/A,N/A,unavailable,N/A,0.0,N/A,0.0,N/A,N/A,N/A,N/A,unavailable,1102.0,N/A,N/A,10403.0,S32_2206,Hidden,35.80,2.0,N/A,N/A,N/A,N/A,None,unavailable,N/A,N/A,N/A,None,None,N/A,N/A,N/A,N/A,None,Hidden,N/A,N/A
orderdetails,0.0,N/A,N/A,N/A,N/A,N/A,N/A,N/A,N/A,unavailable,N/A,0.0,N/A,0.0,N/A,N/A,N/A,N/A,unavailable,1102.0,N/A,N/A,10403.0,S32_4485,Hidden,88.78,5.0,N/A,N/A,N/A,N/A,None,unavailable,N/A,N/A,N/A,None,None,N/A,N/A,N/A,N/A,None,Hidden,N/A,N/A
orderdetails,0.0,N/A,N/A,N/A,N/A,N/A,N/A,N/A,N/A,unavailable,N/A,0.0,N/A,0.0,N/A,N/A,N/A,N/A,unavailable,1102.0,N/A,N/A,10403.0,S50_4713,Hidden,65.09,3.0,N/A,N/A,N/A,N/A,None,unavailable,N/A,N/A,N/A,None,None,N/A,N/A,N/A,N/A,None,Hidden,N/A,N/A
orderdetails,0.0,N/A,N/A,N/A,N/A,N/A,N/A,N/A,N/A,unavailable,N/A,0.0,N/A,0.0,N/A,N/A,N/A,N/A,unavailable,1102.0,N/A,N/A,10404.0,S12_1099,Hidden,163.44,3.0,N/A,N/A,N/A,N/A,None,unavailable,N/A,N/A,N/A,None,None,N/A,N/A,N/A,N/A,None,Hidden,N/A,N/A
orderdetails,0.0,N/A,N/A,N/A,N/A,N/A,N/A,N/A,N/A,unavailable,N/A,0.0,N/A,0.0,N/A,N/A,N/A,N/A,unavailable,1102.0,N/A,N/A,10404.0,S12_3380,Hidden,102.17,1.0,N/A,N/A,N/A,N/A,None,unavailable,N/A,N/A,N/A,None,None,N/A,N/A,N/A,N/A,None,Hidden,N/A,N/A
orderdetails,0.0,N/A,N/A,N/A,N/A,N/A,N/A,N/A,N/A,unavailable,N/A,0.0,N/A,0.0,N/A,N/A,N/A,N/A,unavailable,1102.0,N/A,N/A,10404.0,S12_3990,Hidden,67.03,4.0,N/A,N/A,N/A,N/A,None,unavailable,N/A,N/A,N/A,None,None,N/A,N/A,N/A,N/A,None,Hidden,N/A,N/A
orderdetails,0.0,N/A,N/A,N/A,N/A,N/A,N/A,N/A,N/A,unavailable,N/A,0.0,N/A,0.0,N/A,N/A,N/A,N/A,unavailable,1102.0,N/A,N/A,10404.0,S18_3278,Hidden,67.54,6.0,N/A,N/A,N/A,N/A,None,unavailable,N/A,N/A,N/A,None,None,N/A,N/A,N/A,N/A,None,Hidden,N/A,N/A
orderdetails,0.0,N/A,N/A,N/A,N/A,N/A,N/A,N/A,N/A,unavailable,N/A,0.0,N/A,0.0,N/A,N/A,N/A,N/A,unavailable,1102.0,N/A,N/A,10404.0,S18_3482,Hidden,127.88,5.0,N/A,N/A,N/A,N/A,None,unavailable,N/A,N/A,N/A,None,None,N/A,N/A,N/A,N/A,None,Hidden,N/A,N/A
orderdetails,0.0,N/A,N/A,N/A,N/A,N/A,N/A,N/A,N/A,unavailable,N/A,0.0,N/A,0.0,N/A,N/A,N/A,N/A,unavailable,1102.0,N/A,N/A,10404.0,S18_4721,Hidden,124.99,8.0,N/A,N/A,N/A,N/A,None,unavailable,N/A,N/A,N/A,None,None,N/A,N/A,N/A,N/A,None,Hidden,N/A,N/A
orderdetails,0.0,N/A,N/A,N/A,N/A,N/A,N/A,N/A,N/A,unavailable,N/A,0.0,N/A,0.0,N/A,N/A,N/A,N/A,unavailable,1102.0,N/A,N/A,10404.0,S24_3371,Hidden,53.27,2.0,N/A,N/A,N/A,N/A,None,unavailable,N/A,N/A,N/A,None,None,N/A,N/A,N/A,N/A,None,Hidden,N/A,N/A
orderdetails,0.0,N/A,N/A,N/A,N/A,N/A,N/A,N/A,N/A,unavailable,N/A,0.0,N/A,0.0,N/A,N/A,N/A,N/A,unavailable,1102.0,N/A,N/A,10404.0,S24_4620,Hidden,65.48,7.0,N/A,N/A,N/A,N/A,None,unavailable,N/A,N/A,N/A,None,None,N/A,N/A,N/A,N/A,None,Hidden,N/A,N/A
orderdetails,0.0,N/A,N/A,N/A,N/A,N/A,N/A,N/A,N/A,unavailable,N/A,0.0,N/A,0.0,N/A,N/A,N/A,N/A,unavailable,1102.0,N/A,N/A,10405.0,S12_4675,Hidden,115.16,5.0,N/A,N/A,N/A,N/A,None,unavailable,N/A,N/A,N/A,None,None,N/A,N/A,N/A,N/A,None,Hidden,N/A,N/A
orderdetails,0.0,N/A,N/A,N/A,N/A,N/A,N/A,N/A,N/A,unavailable,N/A,0.0,N/A,0.0,N/A,N/A,N/A,N/A,unavailable,1102.0,N/A,N/A,10405.0,S18_1889,Hidden,72.38,4.0,N/A,N/A,N/A,N/A,None,unavailable,N/A,N/A,N/A,None,None,N/A,N/A,N/A,N/A,None,Hidden,N/A,N/A
orderdetails,0.0,N/A,N/A,N/A,N/A,N/A,N/A,N/A,N/A,unavailable,N/A,0.0,N/A,0.0,N/A,N/A,N/A,N/A,unavailable,1102.0,N/A,N/A,10405.0,S18_3232,Hidden,147.33,1.0,N/A,N/A,N/A,N/A,None,unavailable,N/A,N/A,N/A,None,None,N/A,N/A,N/A,N/A,None,Hidden,N/A,N/A
orderdetails,0.0,N/A,N/A,N/A,N/A,N/A,N/A,N/A,N/A,unavailable,N/A,0.0,N/A,0.0,N/A,N/A,N/A,N/A,unavailable,1102.0,N/A,N/A,10405.0,S24_2972,Hidden,37.38,2.0,N/A,N/A,N/A,N/A,None,unavailable,N/A,N/A,N/A,None,None,N/A,N/A,N/A,N/A,None,Hidden,N/A,N/A
orderdetails,0.0,N/A,N/A,N/A,N/A,N/A,N/A,N/A,N/A,unavailable,N/A,0.0,N/A,0.0,N/A,N/A,N/A,N/A,unavailable,1102.0,N/A,N/A,10405.0,S24_3856,Hidden,127.79,3.0,N/A,N/A,N/A,N/A,None,unavailable,N/A,N/A,N/A,None,None,N/A,N/A,N/A,N/A,None,Hidden,N/A,N/A
orderdetails,0.0,N/A,N/A,N/A,N/A,N/A,N/A,N/A,N/A,unavailable,N/A,0.0,N/A,0.0,N/A,N/A,N/A,N/A,unavailable,1102.0,N/A,N/A,10406.0,S18_1129,Hidden,124.56,3.0,N/A,N/A,N/A,N/A,None,unavailable,N/A,N/A,N/A,None,None,N/A,N/A,N/A,N/A,None,Hidden,N/A,N/A
orderdetails,0.0,N/A,N/A,N/A,N/A,N/A,N/A,N/A,N/A,unavailable,N/A,0.0,N/A,0.0,N/A,N/A,N/A,N/A,unavailable,1102.0,N/A,N/A,10406.0,S18_1984,Hidden,133.72,2.0,N/A,N/A,N/A,N/A,None,unavailable,N/A,N/A,N/A,None,None,N/A,N/A,N/A,N/A,None,Hidden,N/A,N/A
orderdetails,0.0,N/A,N/A,N/A,N/A,N/A,N/A,N/A,N/A,unavailable,N/A,0.0,N/A,0.0,N/A,N/A,N/A,N/A,unavailable,1102.0,N/A,N/A,10406.0,S18_3685,Hidden,117.26,1.0,N/A,N/A,N/A,N/A,None,unavailable,N/A,N/A,N/A,None,None,N/A,N/A,N/A,N/A,None,Hidden,N/A,N/A
orderdetails,0.0,N/A,N/A,N/A,N/A,N/A,N/A,N/A,N/A,unavailable,N/A,0.0,N/A,0.0,N/A,N/A,N/A,N/A,unavailable,1102.0,N/A,N/A,10407.0,S18_1589,Hidden,114.48,11.0,N/A,N/A,N/A,N/A,None,unavailable,N/A,N/A,N/A,None,None,N/A,N/A,N/A,N/A,None,Hidden,N/A,N/A
orderdetails,0.0,N/A,N/A,N/A,N/A,N/A,N/A,N/A,N/A,unavailable,N/A,0.0,N/A,0.0,N/A,N/A,N/A,N/A,unavailable,1102.0,N/A,N/A,10407.0,S18_1749,Hidden,141.10,2.0,N/A,N/A,N/A,N/A,None,unavailable,N/A,N/A,N/A,None,None,N/A,N/A,N/A,N/A,None,Hidden,N/A,N/A
orderdetails,0.0,N/A,N/A,N/A,N/A,N/A,N/A,N/A,N/A,unavailable,N/A,0.0,N/A,0.0,N/A,N/A,N/A,N/A,unavailable,1102.0,N/A,N/A,10407.0,S18_2248,Hidden,58.12,1.0,N/A,N/A,N/A,N/A,None,unavailable,N/A,N/A,N/A,None,None,N/A,N/A,N/A,N/A,None,Hidden,N/A,N/A
orderdetails,0.0,N/A,N/A,N/A,N/A,N/A,N/A,N/A,N/A,unavailable,N/A,0.0,N/A,0.0,N/A,N/A,N/A,N/A,unavailable,1102.0,N/A,N/A,10407.0,S18_2870,Hidden,132.00,12.0,N/A,N/A,N/A,N/A,None,unavailable,N/A,N/A,N/A,None,None,N/A,N/A,N/A,N/A,None,Hidden,N/A,N/A
orderdetails,0.0,N/A,N/A,N/A,N/A,N/A,N/A,N/A,N/A,unavailable,N/A,0.0,N/A,0.0,N/A,N/A,N/A,N/A,unavailable,1102.0,N/A,N/A,10407.0,S18_4409,Hidden,91.11,3.0,N/A,N/A,N/A,N/A,None,unavailable,N/A,N/A,N/A,None,None,N/A,N/A,N/A,N/A,None,Hidden,N/A,N/A
orderdetails,0.0,N/A,N/A,N/A,N/A,N/A,N/A,N/A,N/A,unavailable,N/A,0.0,N/A,0.0,N/A,N/A,N/A,N/A,unavailable,1102.0,N/A,N/A,10407.0,S18_4933,Hidden,64.14,4.0,N/A,N/A,N/A,N/A,None,unavailable,N/A,N/A,N/A,None,None,N/A,N/A,N/A,N/A,None,Hidden,N/A,N/A
orderdetails,0.0,N/A,N/A,N/A,N/A,N/A,N/A,N/A,N/A,unavailable,N/A,0.0,N/A,0.0,N/A,N/A,N/A,N/A,unavailable,1102.0,N/A,N/A,10407.0,S24_1046,Hidden,68.35,8.0,N/A,N/A,N/A,N/A,None,unavailable,N/A,N/A,N/A,None,None,N/A,N/A,N/A,N/A,None,Hidden,N/A,N/A
orderdetails,0.0,N/A,N/A,N/A,N/A,N/A,N/A,N/A,N/A,unavailable,N/A,0.0,N/A,0.0,N/A,N/A,N/A,N/A,unavailable,1102.0,N/A,N/A,10407.0,S24_1628,Hidden,45.78,10.0,N/A,N/A,N/A,N/A,None,unavailable,N/A,N/A,N/A,None,None,N/A,N/A,N/A,N/A,None,Hidden,N/A,N/A
orderdetails,0.0,N/A,N/A,N/A,N/A,N/A,N/A,N/A,N/A,unavailable,N/A,0.0,N/A,0.0,N/A,N/A,N/A,N/A,unavailable,1102.0,N/A,N/A,10407.0,S24_2766,Hidden,81.78,6.0,N/A,N/A,N/A,N/A,None,unavailable,N/A,N/A,N/A,None,None,N/A,N/A,N/A,N/A,None,Hidden,N/A,N/A
orderdetails,0.0,N/A,N/A,N/A,N/A,N/A,N/A,N/A,N/A,unavailable,N/A,0.0,N/A,0.0,N/A,N/A,N/A,N/A,unavailable,1102.0,N/A,N/A,10407.0,S24_2887,Hidden,98.65,5.0,N/A,N/A,N/A,N/A,None,unavailable,N/A,N/A,N/A,None,None,N/A,N/A,N/A,N/A,None,Hidden,N/A,N/A
orderdetails,0.0,N/A,N/A,N/A,N/A,N/A,N/A,N/A,N/A,unavailable,N/A,0.0,N/A,0.0,N/A,N/A,N/A,N/A,unavailable,1102.0,N/A,N/A,10407.0,S24_3191,Hidden,77.05,7.0,N/A,N/A,N/A,N/A,None,unavailable,N/A,N/A,N/A,None,None,N/A,N/A,N/A,N/A,None,Hidden,N/A,N/A
orderdetails,0.0,N/A,N/A,N/A,N/A,N/A,N/A,N/A,N/A,unavailable,N/A,0.0,N/A,0.0,N/A,N/A,N/A,N/A,unavailable,1102.0,N/A,N/A,10407.0,S24_3432,Hidden,101.73,9.0,N/A,N/A,N/A,N/A,None,unavailable,N/A,N/A,N/A,None,None,N/A,N/A,N/A,N/A,None,Hidden,N/A,N/A
orderdetails,0.0,N/A,N/A,N/A,N/A,N/A,N/A,N/A,N/A,unavailable,N/A,0.0,N/A,0.0,N/A,N/A,N/A,N/A,unavailable,1102.0,N/A,N/A,10408.0,S24_3969,Hidden,41.03,1.0,N/A,N/A,N/A,N/A,None,unavailable,N/A,N/A,N/A,None,None,N/A,N/A,N/A,N/A,None,Hidden,N/A,N/A
orderdetails,0.0,N/A,N/A,N/A,N/A,N/A,N/A,N/A,N/A,unavailable,N/A,0.0,N/A,0.0,N/A,N/A,N/A,N/A,unavailable,1102.0,N/A,N/A,10409.0,S18_2325,Hidden,104.25,2.0,N/A,N/A,N/A,N/A,None,unavailable,N/A,N/A,N/A,None,None,N/A,N/A,N/A,N/A,None,Hidden,N/A,N/A
orderdetails,0.0,N/A,N/A,N/A,N/A,N/A,N/A,N/A,N/A,unavailable,N/A,0.0,N/A,0.0,N/A,N/A,N/A,N/A,unavailable,1102.0,N/A,N/A,10409.0,S24_1937,Hidden,27.88,1.0,N/A,N/A,N/A,N/A,None,unavailable,N/A,N/A,N/A,None,None,N/A,N/A,N/A,N/A,None,Hidden,N/A,N/A
orderdetails,0.0,N/A,N/A,N/A,N/A,N/A,N/A,N/A,N/A,unavailable,N/A,0.0,N/A,0.0,N/A,N/A,N/A,N/A,unavailable,1102.0,N/A,N/A,10410.0,S18_1342,Hidden,99.66,7.0,N/A,N/A,N/A,N/A,None,unavailable,N/A,N/A,N/A,None,None,N/A,N/A,N/A,N/A,None,Hidden,N/A,N/A
orderdetails,0.0,N/A,N/A,N/A,N/A,N/A,N/A,N/A,N/A,unavailable,N/A,0.0,N/A,0.0,N/A,N/A,N/A,N/A,unavailable,1102.0,N/A,N/A,10410.0,S18_1367,Hidden,51.21,6.0,N/A,N/A,N/A,N/A,None,unavailable,N/A,N/A,N/A,None,None,N/A,N/A,N/A,N/A,None,Hidden,N/A,N/A
orderdetails,0.0,N/A,N/A,N/A,N/A,N/A,N/A,N/A,N/A,unavailable,N/A,0.0,N/A,0.0,N/A,N/A,N/A,N/A,unavailable,1102.0,N/A,N/A,10410.0,S18_2795,Hidden,145.13,8.0,N/A,N/A,N/A,N/A,None,unavailable,N/A,N/A,N/A,None,None,N/A,N/A,N/A,N/A,None,Hidden,N/A,N/A
orderdetails,0.0,N/A,N/A,N/A,N/A,N/A,N/A,N/A,N/A,unavailable,N/A,0.0,N/A,0.0,N/A,N/A,N/A,N/A,unavailable,1102.0,N/A,N/A,10410.0,S18_2949,Hidden,93.21,1.0,N/A,N/A,N/A,N/A,None,unavailable,N/A,N/A,N/A,None,None,N/A,N/A,N/A,N/A,None,Hidden,N/A,N/A
orderdetails,0.0,N/A,N/A,N/A,N/A,N/A,N/A,N/A,N/A,unavailable,N/A,0.0,N/A,0.0,N/A,N/A,N/A,N/A,unavailable,1102.0,N/A,N/A,10410.0,S18_2957,Hidden,49.97,3.0,N/A,N/A,N/A,N/A,None,unavailable,N/A,N/A,N/A,None,None,N/A,N/A,N/A,N/A,None,Hidden,N/A,N/A
orderdetails,0.0,N/A,N/A,N/A,N/A,N/A,N/A,N/A,N/A,unavailable,N/A,0.0,N/A,0.0,N/A,N/A,N/A,N/A,unavailable,1102.0,N/A,N/A,10410.0,S18_3136,Hidden,84.82,2.0,N/A,N/A,N/A,N/A,None,unavailable,N/A,N/A,N/A,None,None,N/A,N/A,N/A,N/A,None,Hidden,N/A,N/A
orderdetails,0.0,N/A,N/A,N/A,N/A,N/A,N/A,N/A,N/A,unavailable,N/A,0.0,N/A,0.0,N/A,N/A,N/A,N/A,unavailable,1102.0,N/A,N/A,10410.0,S18_3320,Hidden,81.35,5.0,N/A,N/A,N/A,N/A,None,unavailable,N/A,N/A,N/A,None,None,N/A,N/A,N/A,N/A,None,Hidden,N/A,N/A
orderdetails,0.0,N/A,N/A,N/A,N/A,N/A,N/A,N/A,N/A,unavailable,N/A,0.0,N/A,0.0,N/A,N/A,N/A,N/A,unavailable,1102.0,N/A,N/A,10410.0,S24_2022,Hidden,42.56,9.0,N/A,N/A,N/A,N/A,None,unavailable,N/A,N/A,N/A,None,None,N/A,N/A,N/A,N/A,None,Hidden,N/A,N/A
orderdetails,0.0,N/A,N/A,N/A,N/A,N/A,N/A,N/A,N/A,unavailable,N/A,0.0,N/A,0.0,N/A,N/A,N/A,N/A,unavailable,1102.0,N/A,N/A,10410.0,S24_4258,Hidden,95.44,4.0,N/A,N/A,N/A,N/A,None,unavailable,N/A,N/A,N/A,None,None,N/A,N/A,N/A,N/A,None,Hidden,N/A,N/A
orderdetails,0.0,N/A,N/A,N/A,N/A,N/A,N/A,N/A,N/A,unavailable,N/A,0.0,N/A,0.0,N/A,N/A,N/A,N/A,unavailable,1102.0,N/A,N/A,10411.0,S10_1949,Hidden,205.73,9.0,N/A,N/A,N/A,N/A,None,unavailable,N/A,N/A,N/A,None,None,N/A,N/A,N/A,N/A,None,Hidden,N/A,N/A
orderdetails,0.0,N/A,N/A,N/A,N/A,N/A,N/A,N/A,N/A,unavailable,N/A,0.0,N/A,0.0,N/A,N/A,N/A,N/A,unavailable,1102.0,N/A,N/A,10411.0,S10_4962,Hidden,144.79,2.0,N/A,N/A,N/A,N/A,None,unavailable,N/A,N/A,N/A,None,None,N/A,N/A,N/A,N/A,None,Hidden,N/A,N/A
orderdetails,0.0,N/A,N/A,N/A,N/A,N/A,N/A,N/A,N/A,unavailable,N/A,0.0,N/A,0.0,N/A,N/A,N/A,N/A,unavailable,1102.0,N/A,N/A,10411.0,S12_1666,Hidden,110.70,6.0,N/A,N/A,N/A,N/A,None,unavailable,N/A,N/A,N/A,None,None,N/A,N/A,N/A,N/A,None,Hidden,N/A,N/A
orderdetails,0.0,N/A,N/A,N/A,N/A,N/A,N/A,N/A,N/A,unavailable,N/A,0.0,N/A,0.0,N/A,N/A,N/A,N/A,unavailable,1102.0,N/A,N/A,10411.0,S18_1097,Hidden,109.67,8.0,N/A,N/A,N/A,N/A,None,unavailable,N/A,N/A,N/A,None,None,N/A,N/A,N/A,N/A,None,Hidden,N/A,N/A
orderdetails,0.0,N/A,N/A,N/A,N/A,N/A,N/A,N/A,N/A,unavailable,N/A,0.0,N/A,0.0,N/A,N/A,N/A,N/A,unavailable,1102.0,N/A,N/A,10411.0,S18_4600,Hidden,106.55,3.0,N/A,N/A,N/A,N/A,None,unavailable,N/A,N/A,N/A,None,None,N/A,N/A,N/A,N/A,None,Hidden,N/A,N/A
orderdetails,0.0,N/A,N/A,N/A,N/A,N/A,N/A,N/A,N/A,unavailable,N/A,0.0,N/A,0.0,N/A,N/A,N/A,N/A,unavailable,1102.0,N/A,N/A,10411.0,S18_4668,Hidden,41.25,7.0,N/A,N/A,N/A,N/A,None,unavailable,N/A,N/A,N/A,None,None,N/A,N/A,N/A,N/A,None,Hidden,N/A,N/A
orderdetails,0.0,N/A,N/A,N/A,N/A,N/A,N/A,N/A,N/A,unavailable,N/A,0.0,N/A,0.0,N/A,N/A,N/A,N/A,unavailable,1102.0,N/A,N/A,10411.0,S32_1268,Hidden,78.01,1.0,N/A,N/A,N/A,N/A,None,unavailable,N/A,N/A,N/A,None,None,N/A,N/A,N/A,N/A,None,Hidden,N/A,N/A
orderdetails,0.0,N/A,N/A,N/A,N/A,N/A,N/A,N/A,N/A,unavailable,N/A,0.0,N/A,0.0,N/A,N/A,N/A,N/A,unavailable,1102.0,N/A,N/A,10411.0,S32_3522,Hidden,60.76,5.0,N/A,N/A,N/A,N/A,None,unavailable,N/A,N/A,N/A,None,None,N/A,N/A,N/A,N/A,None,Hidden,N/A,N/A
orderdetails,0.0,N/A,N/A,N/A,N/A,N/A,N/A,N/A,N/A,unavailable,N/A,0.0,N/A,0.0,N/A,N/A,N/A,N/A,unavailable,1102.0,N/A,N/A,10411.0,S700_2824,Hidden,89.01,4.0,N/A,N/A,N/A,N/A,None,unavailable,N/A,N/A,N/A,None,None,N/A,N/A,N/A,N/A,None,Hidden,N/A,N/A
orderdetails,0.0,N/A,N/A,N/A,N/A,N/A,N/A,N/A,N/A,unavailable,N/A,0.0,N/A,0.0,N/A,N/A,N/A,N/A,unavailable,1102.0,N/A,N/A,10412.0,S12_4473,Hidden,100.73,5.0,N/A,N/A,N/A,N/A,None,unavailable,N/A,N/A,N/A,None,None,N/A,N/A,N/A,N/A,None,Hidden,N/A,N/A
orderdetails,0.0,N/A,N/A,N/A,N/A,N/A,N/A,N/A,N/A,unavailable,N/A,0.0,N/A,0.0,N/A,N/A,N/A,N/A,unavailable,1102.0,N/A,N/A,10412.0,S18_2238,Hidden,150.63,4.0,N/A,N/A,N/A,N/A,None,unavailable,N/A,N/A,N/A,None,None,N/A,N/A,N/A,N/A,None,Hidden,N/A,N/A
orderdetails,0.0,N/A,N/A,N/A,N/A,N/A,N/A,N/A,N/A,unavailable,N/A,0.0,N/A,0.0,N/A,N/A,N/A,N/A,unavailable,1102.0,N/A,N/A,10412.0,S18_2319,Hidden,120.28,8.0,N/A,N/A,N/A,N/A,None,unavailable,N/A,N/A,N/A,None,None,N/A,N/A,N/A,N/A,None,Hidden,N/A,N/A
orderdetails,0.0,N/A,N/A,N/A,N/A,N/A,N/A,N/A,N/A,unavailable,N/A,0.0,N/A,0.0,N/A,N/A,N/A,N/A,unavailable,1102.0,N/A,N/A,10412.0,S18_2432,Hidden,49.83,11.0,N/A,N/A,N/A,N/A,None,unavailable,N/A,N/A,N/A,None,None,N/A,N/A,N/A,N/A,None,Hidden,N/A,N/A
orderdetails,0.0,N/A,N/A,N/A,N/A,N/A,N/A,N/A,N/A,unavailable,N/A,0.0,N/A,0.0,N/A,N/A,N/A,N/A,unavailable,1102.0,N/A,N/A,10412.0,S18_3232,Hidden,157.49,9.0,N/A,N/A,N/A,N/A,None,unavailable,N/A,N/A,N/A,None,None,N/A,N/A,N/A,N/A,None,Hidden,N/A,N/A
orderdetails,0.0,N/A,N/A,N/A,N/A,N/A,N/A,N/A,N/A,unavailable,N/A,0.0,N/A,0.0,N/A,N/A,N/A,N/A,unavailable,1102.0,N/A,N/A,10412.0,S24_1444,Hidden,47.40,2.0,N/A,N/A,N/A,N/A,None,unavailable,N/A,N/A,N/A,None,None,N/A,N/A,N/A,N/A,None,Hidden,N/A,N/A
orderdetails,0.0,N/A,N/A,N/A,N/A,N/A,N/A,N/A,N/A,unavailable,N/A,0.0,N/A,0.0,N/A,N/A,N/A,N/A,unavailable,1102.0,N/A,N/A,10412.0,S24_2300,Hidden,109.90,10.0,N/A,N/A,N/A,N/A,None,unavailable,N/A,N/A,N/A,None,None,N/A,N/A,N/A,N/A,None,Hidden,N/A,N/A
orderdetails,0.0,N/A,N/A,N/A,N/A,N/A,N/A,N/A,N/A,unavailable,N/A,0.0,N/A,0.0,N/A,N/A,N/A,N/A,unavailable,1102.0,N/A,N/A,10412.0,S24_2840,Hidden,32.88,6.0,N/A,N/A,N/A,N/A,None,unavailable,N/A,N/A,N/A,None,None,N/A,N/A,N/A,N/A,None,Hidden,N/A,N/A
orderdetails,0.0,N/A,N/A,N/A,N/A,N/A,N/A,N/A,N/A,unavailable,N/A,0.0,N/A,0.0,N/A,N/A,N/A,N/A,unavailable,1102.0,N/A,N/A,10412.0,S24_4048,Hidden,108.82,1.0,N/A,N/A,N/A,N/A,None,unavailable,N/A,N/A,N/A,None,None,N/A,N/A,N/A,N/A,None,Hidden,N/A,N/A
orderdetails,0.0,N/A,N/A,N/A,N/A,N/A,N/A,N/A,N/A,unavailable,N/A,0.0,N/A,0.0,N/A,N/A,N/A,N/A,unavailable,1102.0,N/A,N/A,10412.0,S32_2509,Hidden,50.86,7.0,N/A,N/A,N/A,N/A,None,unavailable,N/A,N/A,N/A,None,None,N/A,N/A,N/A,N/A,None,Hidden,N/A,N/A
orderdetails,0.0,N/A,N/A,N/A,N/A,N/A,N/A,N/A,N/A,unavailable,N/A,0.0,N/A,0.0,N/A,N/A,N/A,N/A,unavailable,1102.0,N/A,N/A,10412.0,S50_1392,Hidden,105.33,3.0,N/A,N/A,N/A,N/A,None,unavailable,N/A,N/A,N/A,None,None,N/A,N/A,N/A,N/A,None,Hidden,N/A,N/A
orderdetails,0.0,N/A,N/A,N/A,N/A,N/A,N/A,N/A,N/A,unavailable,N/A,0.0,N/A,0.0,N/A,N/A,N/A,N/A,unavailable,1102.0,N/A,N/A,10413.0,S12_1108,Hidden,201.57,2.0,N/A,N/A,N/A,N/A,None,unavailable,N/A,N/A,N/A,None,None,N/A,N/A,N/A,N/A,None,Hidden,N/A,N/A
orderdetails,0.0,N/A,N/A,N/A,N/A,N/A,N/A,N/A,N/A,unavailable,N/A,0.0,N/A,0.0,N/A,N/A,N/A,N/A,unavailable,1102.0,N/A,N/A,10413.0,S12_3148,Hidden,145.04,3.0,N/A,N/A,N/A,N/A,None,unavailable,N/A,N/A,N/A,None,None,N/A,N/A,N/A,N/A,None,Hidden,N/A,N/A
orderdetails,0.0,N/A,N/A,N/A,N/A,N/A,N/A,N/A,N/A,unavailable,N/A,0.0,N/A,0.0,N/A,N/A,N/A,N/A,unavailable,1102.0,N/A,N/A,10413.0,S12_3891,Hidden,173.02,1.0,N/A,N/A,N/A,N/A,None,unavailable,N/A,N/A,N/A,None,None,N/A,N/A,N/A,N/A,None,Hidden,N/A,N/A
orderdetails,0.0,N/A,N/A,N/A,N/A,N/A,N/A,N/A,N/A,unavailable,N/A,0.0,N/A,0.0,N/A,N/A,N/A,N/A,unavailable,1102.0,N/A,N/A,10413.0,S18_4027,Hidden,133.57,5.0,N/A,N/A,N/A,N/A,None,unavailable,N/A,N/A,N/A,None,None,N/A,N/A,N/A,N/A,None,Hidden,N/A,N/A
orderdetails,0.0,N/A,N/A,N/A,N/A,N/A,N/A,N/A,N/A,unavailable,N/A,0.0,N/A,0.0,N/A,N/A,N/A,N/A,unavailable,1102.0,N/A,N/A,10413.0,S32_3207,Hidden,56.55,6.0,N/A,N/A,N/A,N/A,None,unavailable,N/A,N/A,N/A,None,None,N/A,N/A,N/A,N/A,None,Hidden,N/A,N/A
orderdetails,0.0,N/A,N/A,N/A,N/A,N/A,N/A,N/A,N/A,unavailable,N/A,0.0,N/A,0.0,N/A,N/A,N/A,N/A,unavailable,1102.0,N/A,N/A,10413.0,S50_1514,Hidden,53.31,4.0,N/A,N/A,N/A,N/A,None,unavailable,N/A,N/A,N/A,None,None,N/A,N/A,N/A,N/A,None,Hidden,N/A,N/A
orderdetails,0.0,N/A,N/A,N/A,N/A,N/A,N/A,N/A,N/A,unavailable,N/A,0.0,N/A,0.0,N/A,N/A,N/A,N/A,unavailable,1102.0,N/A,N/A,10414.0,S10_4757,Hidden,114.24,3.0,N/A,N/A,N/A,N/A,None,unavailable,N/A,N/A,N/A,None,None,N/A,N/A,N/A,N/A,None,Hidden,N/A,N/A
orderdetails,0.0,N/A,N/A,N/A,N/A,N/A,N/A,N/A,N/A,unavailable,N/A,0.0,N/A,0.0,N/A,N/A,N/A,N/A,unavailable,1102.0,N/A,N/A,10414.0,S18_3029,Hidden,77.42,1.0,N/A,N/A,N/A,N/A,None,unavailable,N/A,N/A,N/A,None,None,N/A,N/A,N/A,N/A,None,Hidden,N/A,N/A
orderdetails,0.0,N/A,N/A,N/A,N/A,N/A,N/A,N/A,N/A,unavailable,N/A,0.0,N/A,0.0,N/A,N/A,N/A,N/A,unavailable,1102.0,N/A,N/A,10414.0,S18_3140,Hidden,128.39,12.0,N/A,N/A,N/A,N/A,None,unavailable,N/A,N/A,N/A,None,None,N/A,N/A,N/A,N/A,None,Hidden,N/A,N/A
orderdetails,0.0,N/A,N/A,N/A,N/A,N/A,N/A,N/A,N/A,unavailable,N/A,0.0,N/A,0.0,N/A,N/A,N/A,N/A,unavailable,1102.0,N/A,N/A,10414.0,S18_3259,Hidden,85.71,14.0,N/A,N/A,N/A,N/A,None,unavailable,N/A,N/A,N/A,None,None,N/A,N/A,N/A,N/A,None,Hidden,N/A,N/A
orderdetails,0.0,N/A,N/A,N/A,N/A,N/A,N/A,N/A,N/A,unavailable,N/A,0.0,N/A,0.0,N/A,N/A,N/A,N/A,unavailable,1102.0,N/A,N/A,10414.0,S18_4522,Hidden,83.38,11.0,N/A,N/A,N/A,N/A,None,unavailable,N/A,N/A,N/A,None,None,N/A,N/A,N/A,N/A,None,Hidden,N/A,N/A
orderdetails,0.0,N/A,N/A,N/A,N/A,N/A,N/A,N/A,N/A,unavailable,N/A,0.0,N/A,0.0,N/A,N/A,N/A,N/A,unavailable,1102.0,N/A,N/A,10414.0,S24_2011,Hidden,108.14,10.0,N/A,N/A,N/A,N/A,None,unavailable,N/A,N/A,N/A,None,None,N/A,N/A,N/A,N/A,None,Hidden,N/A,N/A
orderdetails,0.0,N/A,N/A,N/A,N/A,N/A,N/A,N/A,N/A,unavailable,N/A,0.0,N/A,0.0,N/A,N/A,N/A,N/A,unavailable,1102.0,N/A,N/A,10414.0,S24_3151,Hidden,72.58,5.0,N/A,N/A,N/A,N/A,None,unavailable,N/A,N/A,N/A,None,None,N/A,N/A,N/A,N/A,None,Hidden,N/A,N/A
orderdetails,0.0,N/A,N/A,N/A,N/A,N/A,N/A,N/A,N/A,unavailable,N/A,0.0,N/A,0.0,N/A,N/A,N/A,N/A,unavailable,1102.0,N/A,N/A,10414.0,S24_3816,Hidden,72.96,2.0,N/A,N/A,N/A,N/A,None,unavailable,N/A,N/A,N/A,None,None,N/A,N/A,N/A,N/A,None,Hidden,N/A,N/A
orderdetails,0.0,N/A,N/A,N/A,N/A,N/A,N/A,N/A,N/A,unavailable,N/A,0.0,N/A,0.0,N/A,N/A,N/A,N/A,unavailable,1102.0,N/A,N/A,10414.0,S700_1138,Hidden,62.00,6.0,N/A,N/A,N/A,N/A,None,unavailable,N/A,N/A,N/A,None,None,N/A,N/A,N/A,N/A,None,Hidden,N/A,N/A
orderdetails,0.0,N/A,N/A,N/A,N/A,N/A,N/A,N/A,N/A,unavailable,N/A,0.0,N/A,0.0,N/A,N/A,N/A,N/A,unavailable,1102.0,N/A,N/A,10414.0,S700_1938,Hidden,74.48,13.0,N/A,N/A,N/A,N/A,None,unavailable,N/A,N/A,N/A,None,None,N/A,N/A,N/A,N/A,None,Hidden,N/A,N/A
orderdetails,0.0,N/A,N/A,N/A,N/A,N/A,N/A,N/A,N/A,unavailable,N/A,0.0,N/A,0.0,N/A,N/A,N/A,N/A,unavailable,1102.0,N/A,N/A,10414.0,S700_2610,Hidden,61.44,4.0,N/A,N/A,N/A,N/A,None,unavailable,N/A,N/A,N/A,None,None,N/A,N/A,N/A,N/A,None,Hidden,N/A,N/A
orderdetails,0.0,N/A,N/A,N/A,N/A,N/A,N/A,N/A,N/A,unavailable,N/A,0.0,N/A,0.0,N/A,N/A,N/A,N/A,unavailable,1102.0,N/A,N/A,10414.0,S700_3505,Hidden,84.14,7.0,N/A,N/A,N/A,N/A,None,unavailable,N/A,N/A,N/A,None,None,N/A,N/A,N/A,N/A,None,Hidden,N/A,N/A
orderdetails,0.0,N/A,N/A,N/A,N/A,N/A,N/A,N/A,N/A,unavailable,N/A,0.0,N/A,0.0,N/A,N/A,N/A,N/A,unavailable,1102.0,N/A,N/A,10414.0,S700_3962,Hidden,84.41,8.0,N/A,N/A,N/A,N/A,None,unavailable,N/A,N/A,N/A,None,None,N/A,N/A,N/A,N/A,None,Hidden,N/A,N/A
orderdetails,0.0,N/A,N/A,N/A,N/A,N/A,N/A,N/A,N/A,unavailable,N/A,0.0,N/A,0.0,N/A,N/A,N/A,N/A,unavailable,1102.0,N/A,N/A,10414.0,S72_3212,Hidden,54.60,9.0,N/A,N/A,N/A,N/A,None,unavailable,N/A,N/A,N/A,None,None,N/A,N/A,N/A,N/A,None,Hidden,N/A,N/A
orderdetails,0.0,N/A,N/A,N/A,N/A,N/A,N/A,N/A,N/A,unavailable,N/A,0.0,N/A,0.0,N/A,N/A,N/A,N/A,unavailable,1102.0,N/A,N/A,10415.0,S18_3856,Hidden,86.81,5.0,N/A,N/A,N/A,N/A,None,unavailable,N/A,N/A,N/A,None,None,N/A,N/A,N/A,N/A,None,Hidden,N/A,N/A
orderdetails,0.0,N/A,N/A,N/A,N/A,N/A,N/A,N/A,N/A,unavailable,N/A,0.0,N/A,0.0,N/A,N/A,N/A,N/A,unavailable,1102.0,N/A,N/A,10415.0,S24_2841,Hidden,60.97,1.0,N/A,N/A,N/A,N/A,None,unavailable,N/A,N/A,N/A,None,None,N/A,N/A,N/A,N/A,None,Hidden,N/A,N/A
orderdetails,0.0,N/A,N/A,N/A,N/A,N/A,N/A,N/A,N/A,unavailable,N/A,0.0,N/A,0.0,N/A,N/A,N/A,N/A,unavailable,1102.0,N/A,N/A,10415.0,S24_3420,Hidden,59.83,2.0,N/A,N/A,N/A,N/A,None,unavailable,N/A,N/A,N/A,None,None,N/A,N/A,N/A,N/A,None,Hidden,N/A,N/A
orderdetails,0.0,N/A,N/A,N/A,N/A,N/A,N/A,N/A,N/A,unavailable,N/A,0.0,N/A,0.0,N/A,N/A,N/A,N/A,unavailable,1102.0,N/A,N/A,10415.0,S700_2047,Hidden,73.32,4.0,N/A,N/A,N/A,N/A,None,unavailable,N/A,N/A,N/A,None,None,N/A,N/A,N/A,N/A,None,Hidden,N/A,N/A
orderdetails,0.0,N/A,N/A,N/A,N/A,N/A,N/A,N/A,N/A,unavailable,N/A,0.0,N/A,0.0,N/A,N/A,N/A,N/A,unavailable,1102.0,N/A,N/A,10415.0,S72_1253,Hidden,43.20,3.0,N/A,N/A,N/A,N/A,None,unavailable,N/A,N/A,N/A,None,None,N/A,N/A,N/A,N/A,None,Hidden,N/A,N/A
orderdetails,0.0,N/A,N/A,N/A,N/A,N/A,N/A,N/A,N/A,unavailable,N/A,0.0,N/A,0.0,N/A,N/A,N/A,N/A,unavailable,1102.0,N/A,N/A,10416.0,S18_1662,Hidden,129.31,14.0,N/A,N/A,N/A,N/A,None,unavailable,N/A,N/A,N/A,None,None,N/A,N/A,N/A,N/A,None,Hidden,N/A,N/A
orderdetails,0.0,N/A,N/A,N/A,N/A,N/A,N/A,N/A,N/A,unavailable,N/A,0.0,N/A,0.0,N/A,N/A,N/A,N/A,unavailable,1102.0,N/A,N/A,10416.0,S18_2581,Hidden,70.96,4.0,N/A,N/A,N/A,N/A,None,unavailable,N/A,N/A,N/A,None,None,N/A,N/A,N/A,N/A,None,Hidden,N/A,N/A
orderdetails,0.0,N/A,N/A,N/A,N/A,N/A,N/A,N/A,N/A,unavailable,N/A,0.0,N/A,0.0,N/A,N/A,N/A,N/A,unavailable,1102.0,N/A,N/A,10416.0,S24_1785,Hidden,90.82,6.0,N/A,N/A,N/A,N/A,None,unavailable,N/A,N/A,N/A,None,None,N/A,N/A,N/A,N/A,None,Hidden,N/A,N/A
orderdetails,0.0,N/A,N/A,N/A,N/A,N/A,N/A,N/A,N/A,unavailable,N/A,0.0,N/A,0.0,N/A,N/A,N/A,N/A,unavailable,1102.0,N/A,N/A,10416.0,S24_2000,Hidden,62.46,1.0,N/A,N/A,N/A,N/A,None,unavailable,N/A,N/A,N/A,None,None,N/A,N/A,N/A,N/A,None,Hidden,N/A,N/A
orderdetails,0.0,N/A,N/A,N/A,N/A,N/A,N/A,N/A,N/A,unavailable,N/A,0.0,N/A,0.0,N/A,N/A,N/A,N/A,unavailable,1102.0,N/A,N/A,10416.0,S24_3949,Hidden,64.83,13.0,N/A,N/A,N/A,N/A,None,unavailable,N/A,N/A,N/A,None,None,N/A,N/A,N/A,N/A,None,Hidden,N/A,N/A
orderdetails,0.0,N/A,N/A,N/A,N/A,N/A,N/A,N/A,N/A,unavailable,N/A,0.0,N/A,0.0,N/A,N/A,N/A,N/A,unavailable,1102.0,N/A,N/A,10416.0,S24_4278,Hidden,70.28,5.0,N/A,N/A,N/A,N/A,None,unavailable,N/A,N/A,N/A,None,None,N/A,N/A,N/A,N/A,None,Hidden,N/A,N/A
orderdetails,0.0,N/A,N/A,N/A,N/A,N/A,N/A,N/A,N/A,unavailable,N/A,0.0,N/A,0.0,N/A,N/A,N/A,N/A,unavailable,1102.0,N/A,N/A,10416.0,S32_1374,Hidden,86.90,2.0,N/A,N/A,N/A,N/A,None,unavailable,N/A,N/A,N/A,None,None,N/A,N/A,N/A,N/A,None,Hidden,N/A,N/A
orderdetails,0.0,N/A,N/A,N/A,N/A,N/A,N/A,N/A,N/A,unavailable,N/A,0.0,N/A,0.0,N/A,N/A,N/A,N/A,unavailable,1102.0,N/A,N/A,10416.0,S32_4289,Hidden,68.10,7.0,N/A,N/A,N/A,N/A,None,unavailable,N/A,N/A,N/A,None,None,N/A,N/A,N/A,N/A,None,Hidden,N/A,N/A
orderdetails,0.0,N/A,N/A,N/A,N/A,N/A,N/A,N/A,N/A,unavailable,N/A,0.0,N/A,0.0,N/A,N/A,N/A,N/A,unavailable,1102.0,N/A,N/A,10416.0,S50_1341,Hidden,39.71,8.0,N/A,N/A,N/A,N/A,None,unavailable,N/A,N/A,N/A,None,None,N/A,N/A,N/A,N/A,None,Hidden,N/A,N/A
orderdetails,0.0,N/A,N/A,N/A,N/A,N/A,N/A,N/A,N/A,unavailable,N/A,0.0,N/A,0.0,N/A,N/A,N/A,N/A,unavailable,1102.0,N/A,N/A,10416.0,S700_1691,Hidden,88.60,9.0,N/A,N/A,N/A,N/A,None,unavailable,N/A,N/A,N/A,None,None,N/A,N/A,N/A,N/A,None,Hidden,N/A,N/A
orderdetails,0.0,N/A,N/A,N/A,N/A,N/A,N/A,N/A,N/A,unavailable,N/A,0.0,N/A,0.0,N/A,N/A,N/A,N/A,unavailable,1102.0,N/A,N/A,10416.0,S700_2466,Hidden,84.76,11.0,N/A,N/A,N/A,N/A,None,unavailable,N/A,N/A,N/A,None,None,N/A,N/A,N/A,N/A,None,Hidden,N/A,N/A
orderdetails,0.0,N/A,N/A,N/A,N/A,N/A,N/A,N/A,N/A,unavailable,N/A,0.0,N/A,0.0,N/A,N/A,N/A,N/A,unavailable,1102.0,N/A,N/A,10416.0,S700_2834,Hidden,98.48,3.0,N/A,N/A,N/A,N/A,None,unavailable,N/A,N/A,N/A,None,None,N/A,N/A,N/A,N/A,None,Hidden,N/A,N/A
orderdetails,0.0,N/A,N/A,N/A,N/A,N/A,N/A,N/A,N/A,unavailable,N/A,0.0,N/A,0.0,N/A,N/A,N/A,N/A,unavailable,1102.0,N/A,N/A,10416.0,S700_3167,Hidden,65.60,10.0,N/A,N/A,N/A,N/A,None,unavailable,N/A,N/A,N/A,None,None,N/A,N/A,N/A,N/A,None,Hidden,N/A,N/A
orderdetails,0.0,N/A,N/A,N/A,N/A,N/A,N/A,N/A,N/A,unavailable,N/A,0.0,N/A,0.0,N/A,N/A,N/A,N/A,unavailable,1102.0,N/A,N/A,10416.0,S700_4002,Hidden,63.67,12.0,N/A,N/A,N/A,N/A,None,unavailable,N/A,N/A,N/A,None,None,N/A,N/A,N/A,N/A,None,Hidden,N/A,N/A
orderdetails,0.0,N/A,N/A,N/A,N/A,N/A,N/A,N/A,N/A,unavailable,N/A,0.0,N/A,0.0,N/A,N/A,N/A,N/A,unavailable,1102.0,N/A,N/A,10417.0,S10_1678,Hidden,79.43,2.0,N/A,N/A,N/A,N/A,None,unavailable,N/A,N/A,N/A,None,None,N/A,N/A,N/A,N/A,None,Hidden,N/A,N/A
orderdetails,0.0,N/A,N/A,N/A,N/A,N/A,N/A,N/A,N/A,unavailable,N/A,0.0,N/A,0.0,N/A,N/A,N/A,N/A,unavailable,1102.0,N/A,N/A,10417.0,S10_2016,Hidden,116.56,5.0,N/A,N/A,N/A,N/A,None,unavailable,N/A,N/A,N/A,None,None,N/A,N/A,N/A,N/A,None,Hidden,N/A,N/A
orderdetails,0.0,N/A,N/A,N/A,N/A,N/A,N/A,N/A,N/A,unavailable,N/A,0.0,N/A,0.0,N/A,N/A,N/A,N/A,unavailable,1102.0,N/A,N/A,10417.0,S10_4698,Hidden,162.67,4.0,N/A,N/A,N/A,N/A,None,unavailable,N/A,N/A,N/A,None,None,N/A,N/A,N/A,N/A,None,Hidden,N/A,N/A
orderdetails,0.0,N/A,N/A,N/A,N/A,N/A,N/A,N/A,N/A,unavailable,N/A,0.0,N/A,0.0,N/A,N/A,N/A,N/A,unavailable,1102.0,N/A,N/A,10417.0,S12_2823,Hidden,144.60,1.0,N/A,N/A,N/A,N/A,None,unavailable,N/A,N/A,N/A,None,None,N/A,N/A,N/A,N/A,None,Hidden,N/A,N/A
orderdetails,0.0,N/A,N/A,N/A,N/A,N/A,N/A,N/A,N/A,unavailable,N/A,0.0,N/A,0.0,N/A,N/A,N/A,N/A,unavailable,1102.0,N/A,N/A,10417.0,S18_2625,Hidden,58.75,6.0,N/A,N/A,N/A,N/A,None,unavailable,N/A,N/A,N/A,None,None,N/A,N/A,N/A,N/A,None,Hidden,N/A,N/A
orderdetails,0.0,N/A,N/A,N/A,N/A,N/A,N/A,N/A,N/A,unavailable,N/A,0.0,N/A,0.0,N/A,N/A,N/A,N/A,unavailable,1102.0,N/A,N/A,10417.0,S24_1578,Hidden,109.32,3.0,N/A,N/A,N/A,N/A,None,unavailable,N/A,N/A,N/A,None,None,N/A,N/A,N/A,N/A,None,Hidden,N/A,N/A
orderdetails,0.0,N/A,N/A,N/A,N/A,N/A,N/A,N/A,N/A,unavailable,N/A,0.0,N/A,0.0,N/A,N/A,N/A,N/A,unavailable,1102.0,N/A,N/A,10418.0,S18_3278,Hidden,70.76,2.0,N/A,N/A,N/A,N/A,None,unavailable,N/A,N/A,N/A,None,None,N/A,N/A,N/A,N/A,None,Hidden,N/A,N/A
orderdetails,0.0,N/A,N/A,N/A,N/A,N/A,N/A,N/A,N/A,unavailable,N/A,0.0,N/A,0.0,N/A,N/A,N/A,N/A,unavailable,1102.0,N/A,N/A,10418.0,S18_3482,Hidden,139.64,1.0,N/A,N/A,N/A,N/A,None,unavailable,N/A,N/A,N/A,None,None,N/A,N/A,N/A,N/A,None,Hidden,N/A,N/A
orderdetails,0.0,N/A,N/A,N/A,N/A,N/A,N/A,N/A,N/A,unavailable,N/A,0.0,N/A,0.0,N/A,N/A,N/A,N/A,unavailable,1102.0,N/A,N/A,10418.0,S18_3782,Hidden,56.57,5.0,N/A,N/A,N/A,N/A,None,unavailable,N/A,N/A,N/A,None,None,N/A,N/A,N/A,N/A,None,Hidden,N/A,N/A
orderdetails,0.0,N/A,N/A,N/A,N/A,N/A,N/A,N/A,N/A,unavailable,N/A,0.0,N/A,0.0,N/A,N/A,N/A,N/A,unavailable,1102.0,N/A,N/A,10418.0,S18_4721,Hidden,120.53,4.0,N/A,N/A,N/A,N/A,None,unavailable,N/A,N/A,N/A,None,None,N/A,N/A,N/A,N/A,None,Hidden,N/A,N/A
orderdetails,0.0,N/A,N/A,N/A,N/A,N/A,N/A,N/A,N/A,unavailable,N/A,0.0,N/A,0.0,N/A,N/A,N/A,N/A,unavailable,1102.0,N/A,N/A,10418.0,S24_2360,Hidden,64.41,8.0,N/A,N/A,N/A,N/A,None,unavailable,N/A,N/A,N/A,None,None,N/A,N/A,N/A,N/A,None,Hidden,N/A,N/A
orderdetails,0.0,N/A,N/A,N/A,N/A,N/A,N/A,N/A,N/A,unavailable,N/A,0.0,N/A,0.0,N/A,N/A,N/A,N/A,unavailable,1102.0,N/A,N/A,10418.0,S24_4620,Hidden,66.29,3.0,N/A,N/A,N/A,N/A,None,unavailable,N/A,N/A,N/A,None,None,N/A,N/A,N/A,N/A,None,Hidden,N/A,N/A
orderdetails,0.0,N/A,N/A,N/A,N/A,N/A,N/A,N/A,N/A,unavailable,N/A,0.0,N/A,0.0,N/A,N/A,N/A,N/A,unavailable,1102.0,N/A,N/A,10418.0,S32_2206,Hidden,36.61,6.0,N/A,N/A,N/A,N/A,None,unavailable,N/A,N/A,N/A,None,None,N/A,N/A,N/A,N/A,None,Hidden,N/A,N/A
orderdetails,0.0,N/A,N/A,N/A,N/A,N/A,N/A,N/A,N/A,unavailable,N/A,0.0,N/A,0.0,N/A,N/A,N/A,N/A,unavailable,1102.0,N/A,N/A,10418.0,S32_4485,Hidden,100.01,9.0,N/A,N/A,N/A,N/A,None,unavailable,N/A,N/A,N/A,None,None,N/A,N/A,N/A,N/A,None,Hidden,N/A,N/A
orderdetails,0.0,N/A,N/A,N/A,N/A,N/A,N/A,N/A,N/A,unavailable,N/A,0.0,N/A,0.0,N/A,N/A,N/A,N/A,unavailable,1102.0,N/A,N/A,10418.0,S50_4713,Hidden,72.41,7.0,N/A,N/A,N/A,N/A,None,unavailable,N/A,N/A,N/A,None,None,N/A,N/A,N/A,N/A,None,Hidden,N/A,N/A
orderdetails,0.0,N/A,N/A,N/A,N/A,N/A,N/A,N/A,N/A,unavailable,N/A,0.0,N/A,0.0,N/A,N/A,N/A,N/A,unavailable,1102.0,N/A,N/A,10419.0,S12_1099,Hidden,182.90,13.0,N/A,N/A,N/A,N/A,None,unavailable,N/A,N/A,N/A,None,None,N/A,N/A,N/A,N/A,None,Hidden,N/A,N/A
orderdetails,0.0,N/A,N/A,N/A,N/A,N/A,N/A,N/A,N/A,unavailable,N/A,0.0,N/A,0.0,N/A,N/A,N/A,N/A,unavailable,1102.0,N/A,N/A,10419.0,S12_3380,Hidden,111.57,11.0,N/A,N/A,N/A,N/A,None,unavailable,N/A,N/A,N/A,None,None,N/A,N/A,N/A,N/A,None,Hidden,N/A,N/A
orderdetails,0.0,N/A,N/A,N/A,N/A,N/A,N/A,N/A,N/A,unavailable,N/A,0.0,N/A,0.0,N/A,N/A,N/A,N/A,unavailable,1102.0,N/A,N/A,10419.0,S12_3990,Hidden,64.64,14.0,N/A,N/A,N/A,N/A,None,unavailable,N/A,N/A,N/A,None,None,N/A,N/A,N/A,N/A,None,Hidden,N/A,N/A
orderdetails,0.0,N/A,N/A,N/A,N/A,N/A,N/A,N/A,N/A,unavailable,N/A,0.0,N/A,0.0,N/A,N/A,N/A,N/A,unavailable,1102.0,N/A,N/A,10419.0,S12_4675,Hidden,99.04,10.0,N/A,N/A,N/A,N/A,None,unavailable,N/A,N/A,N/A,None,None,N/A,N/A,N/A,N/A,None,Hidden,N/A,N/A
orderdetails,0.0,N/A,N/A,N/A,N/A,N/A,N/A,N/A,N/A,unavailable,N/A,0.0,N/A,0.0,N/A,N/A,N/A,N/A,unavailable,1102.0,N/A,N/A,10419.0,S18_1129,Hidden,117.48,5.0,N/A,N/A,N/A,N/A,None,unavailable,N/A,N/A,N/A,None,None,N/A,N/A,N/A,N/A,None,Hidden,N/A,N/A
orderdetails,0.0,N/A,N/A,N/A,N/A,N/A,N/A,N/A,N/A,unavailable,N/A,0.0,N/A,0.0,N/A,N/A,N/A,N/A,unavailable,1102.0,N/A,N/A,10419.0,S18_1589,Hidden,100.80,1.0,N/A,N/A,N/A,N/A,None,unavailable,N/A,N/A,N/A,None,None,N/A,N/A,N/A,N/A,None,Hidden,N/A,N/A
orderdetails,0.0,N/A,N/A,N/A,N/A,N/A,N/A,N/A,N/A,unavailable,N/A,0.0,N/A,0.0,N/A,N/A,N/A,N/A,unavailable,1102.0,N/A,N/A,10419.0,S18_1889,Hidden,67.76,9.0,N/A,N/A,N/A,N/A,None,unavailable,N/A,N/A,N/A,None,None,N/A,N/A,N/A,N/A,None,Hidden,N/A,N/A
orderdetails,0.0,N/A,N/A,N/A,N/A,N/A,N/A,N/A,N/A,unavailable,N/A,0.0,N/A,0.0,N/A,N/A,N/A,N/A,unavailable,1102.0,N/A,N/A,10419.0,S18_1984,Hidden,133.72,4.0,N/A,N/A,N/A,N/A,None,unavailable,N/A,N/A,N/A,None,None,N/A,N/A,N/A,N/A,None,Hidden,N/A,N/A
orderdetails,0.0,N/A,N/A,N/A,N/A,N/A,N/A,N/A,N/A,unavailable,N/A,0.0,N/A,0.0,N/A,N/A,N/A,N/A,unavailable,1102.0,N/A,N/A,10419.0,S18_2870,Hidden,116.16,2.0,N/A,N/A,N/A,N/A,None,unavailable,N/A,N/A,N/A,None,None,N/A,N/A,N/A,N/A,None,Hidden,N/A,N/A
orderdetails,0.0,N/A,N/A,N/A,N/A,N/A,N/A,N/A,N/A,unavailable,N/A,0.0,N/A,0.0,N/A,N/A,N/A,N/A,unavailable,1102.0,N/A,N/A,10419.0,S18_3232,Hidden,165.95,6.0,N/A,N/A,N/A,N/A,None,unavailable,N/A,N/A,N/A,None,None,N/A,N/A,N/A,N/A,None,Hidden,N/A,N/A
orderdetails,0.0,N/A,N/A,N/A,N/A,N/A,N/A,N/A,N/A,unavailable,N/A,0.0,N/A,0.0,N/A,N/A,N/A,N/A,unavailable,1102.0,N/A,N/A,10419.0,S18_3685,Hidden,114.44,3.0,N/A,N/A,N/A,N/A,None,unavailable,N/A,N/A,N/A,None,None,N/A,N/A,N/A,N/A,None,Hidden,N/A,N/A
orderdetails,0.0,N/A,N/A,N/A,N/A,N/A,N/A,N/A,N/A,unavailable,N/A,0.0,N/A,0.0,N/A,N/A,N/A,N/A,unavailable,1102.0,N/A,N/A,10419.0,S24_2972,Hidden,32.10,7.0,N/A,N/A,N/A,N/A,None,unavailable,N/A,N/A,N/A,None,None,N/A,N/A,N/A,N/A,None,Hidden,N/A,N/A
orderdetails,0.0,N/A,N/A,N/A,N/A,N/A,N/A,N/A,N/A,unavailable,N/A,0.0,N/A,0.0,N/A,N/A,N/A,N/A,unavailable,1102.0,N/A,N/A,10419.0,S24_3371,Hidden,52.66,12.0,N/A,N/A,N/A,N/A,None,unavailable,N/A,N/A,N/A,None,None,N/A,N/A,N/A,N/A,None,Hidden,N/A,N/A
orderdetails,0.0,N/A,N/A,N/A,N/A,N/A,N/A,N/A,N/A,unavailable,N/A,0.0,N/A,0.0,N/A,N/A,N/A,N/A,unavailable,1102.0,N/A,N/A,10419.0,S24_3856,Hidden,112.34,8.0,N/A,N/A,N/A,N/A,None,unavailable,N/A,N/A,N/A,None,None,N/A,N/A,N/A,N/A,None,Hidden,N/A,N/A
orderdetails,0.0,N/A,N/A,N/A,N/A,N/A,N/A,N/A,N/A,unavailable,N/A,0.0,N/A,0.0,N/A,N/A,N/A,N/A,unavailable,1102.0,N/A,N/A,10420.0,S18_1749,Hidden,153.00,5.0,N/A,N/A,N/A,N/A,None,unavailable,N/A,N/A,N/A,None,None,N/A,N/A,N/A,N/A,None,Hidden,N/A,N/A
orderdetails,0.0,N/A,N/A,N/A,N/A,N/A,N/A,N/A,N/A,unavailable,N/A,0.0,N/A,0.0,N/A,N/A,N/A,N/A,unavailable,1102.0,N/A,N/A,10420.0,S18_2248,Hidden,52.06,4.0,N/A,N/A,N/A,N/A,None,unavailable,N/A,N/A,N/A,None,None,N/A,N/A,N/A,N/A,None,Hidden,N/A,N/A
orderdetails,0.0,N/A,N/A,N/A,N/A,N/A,N/A,N/A,N/A,unavailable,N/A,0.0,N/A,0.0,N/A,N/A,N/A,N/A,unavailable,1102.0,N/A,N/A,10420.0,S18_2325,Hidden,116.96,2.0,N/A,N/A,N/A,N/A,None,unavailable,N/A,N/A,N/A,None,None,N/A,N/A,N/A,N/A,None,Hidden,N/A,N/A
orderdetails,0.0,N/A,N/A,N/A,N/A,N/A,N/A,N/A,N/A,unavailable,N/A,0.0,N/A,0.0,N/A,N/A,N/A,N/A,unavailable,1102.0,N/A,N/A,10420.0,S18_4409,Hidden,73.62,6.0,N/A,N/A,N/A,N/A,None,unavailable,N/A,N/A,N/A,None,None,N/A,N/A,N/A,N/A,None,Hidden,N/A,N/A
orderdetails,0.0,N/A,N/A,N/A,N/A,N/A,N/A,N/A,N/A,unavailable,N/A,0.0,N/A,0.0,N/A,N/A,N/A,N/A,unavailable,1102.0,N/A,N/A,10420.0,S18_4933,Hidden,68.42,7.0,N/A,N/A,N/A,N/A,None,unavailable,N/A,N/A,N/A,None,None,N/A,N/A,N/A,N/A,None,Hidden,N/A,N/A
orderdetails,0.0,N/A,N/A,N/A,N/A,N/A,N/A,N/A,N/A,unavailable,N/A,0.0,N/A,0.0,N/A,N/A,N/A,N/A,unavailable,1102.0,N/A,N/A,10420.0,S24_1046,Hidden,60.26,11.0,N/A,N/A,N/A,N/A,None,unavailable,N/A,N/A,N/A,None,None,N/A,N/A,N/A,N/A,None,Hidden,N/A,N/A
orderdetails,0.0,N/A,N/A,N/A,N/A,N/A,N/A,N/A,N/A,unavailable,N/A,0.0,N/A,0.0,N/A,N/A,N/A,N/A,unavailable,1102.0,N/A,N/A,10420.0,S24_1628,Hidden,48.80,13.0,N/A,N/A,N/A,N/A,None,unavailable,N/A,N/A,N/A,None,None,N/A,N/A,N/A,N/A,None,Hidden,N/A,N/A
orderdetails,0.0,N/A,N/A,N/A,N/A,N/A,N/A,N/A,N/A,unavailable,N/A,0.0,N/A,0.0,N/A,N/A,N/A,N/A,unavailable,1102.0,N/A,N/A,10420.0,S24_1937,Hidden,32.19,1.0,N/A,N/A,N/A,N/A,None,unavailable,N/A,N/A,N/A,None,None,N/A,N/A,N/A,N/A,None,Hidden,N/A,N/A
orderdetails,0.0,N/A,N/A,N/A,N/A,N/A,N/A,N/A,N/A,unavailable,N/A,0.0,N/A,0.0,N/A,N/A,N/A,N/A,unavailable,1102.0,N/A,N/A,10420.0,S24_2766,Hidden,76.33,9.0,N/A,N/A,N/A,N/A,None,unavailable,N/A,N/A,N/A,None,None,N/A,N/A,N/A,N/A,None,Hidden,N/A,N/A
orderdetails,0.0,N/A,N/A,N/A,N/A,N/A,N/A,N/A,N/A,unavailable,N/A,0.0,N/A,0.0,N/A,N/A,N/A,N/A,unavailable,1102.0,N/A,N/A,10420.0,S24_2887,Hidden,115.09,8.0,N/A,N/A,N/A,N/A,None,unavailable,N/A,N/A,N/A,None,None,N/A,N/A,N/A,N/A,None,Hidden,N/A,N/A
orderdetails,0.0,N/A,N/A,N/A,N/A,N/A,N/A,N/A,N/A,unavailable,N/A,0.0,N/A,0.0,N/A,N/A,N/A,N/A,unavailable,1102.0,N/A,N/A,10420.0,S24_3191,Hidden,77.05,10.0,N/A,N/A,N/A,N/A,None,unavailable,N/A,N/A,N/A,None,None,N/A,N/A,N/A,N/A,None,Hidden,N/A,N/A
orderdetails,0.0,N/A,N/A,N/A,N/A,N/A,N/A,N/A,N/A,unavailable,N/A,0.0,N/A,0.0,N/A,N/A,N/A,N/A,unavailable,1102.0,N/A,N/A,10420.0,S24_3432,Hidden,104.94,12.0,N/A,N/A,N/A,N/A,None,unavailable,N/A,N/A,N/A,None,None,N/A,N/A,N/A,N/A,None,Hidden,N/A,N/A
orderdetails,0.0,N/A,N/A,N/A,N/A,N/A,N/A,N/A,N/A,unavailable,N/A,0.0,N/A,0.0,N/A,N/A,N/A,N/A,unavailable,1102.0,N/A,N/A,10420.0,S24_3969,Hidden,35.29,3.0,N/A,N/A,N/A,N/A,None,unavailable,N/A,N/A,N/A,None,None,N/A,N/A,N/A,N/A,None,Hidden,N/A,N/A
orderdetails,0.0,N/A,N/A,N/A,N/A,N/A,N/A,N/A,N/A,unavailable,N/A,0.0,N/A,0.0,N/A,N/A,N/A,N/A,unavailable,1102.0,N/A,N/A,10421.0,S18_2795,Hidden,167.06,1.0,N/A,N/A,N/A,N/A,None,unavailable,N/A,N/A,N/A,None,None,N/A,N/A,N/A,N/A,None,Hidden,N/A,N/A
orderdetails,0.0,N/A,N/A,N/A,N/A,N/A,N/A,N/A,N/A,unavailable,N/A,0.0,N/A,0.0,N/A,N/A,N/A,N/A,unavailable,1102.0,N/A,N/A,10421.0,S24_2022,Hidden,44.80,2.0,N/A,N/A,N/A,N/A,None,unavailable,N/A,N/A,N/A,None,None,N/A,N/A,N/A,N/A,None,Hidden,N/A,N/A
orderdetails,0.0,N/A,N/A,N/A,N/A,N/A,N/A,N/A,N/A,unavailable,N/A,0.0,N/A,0.0,N/A,N/A,N/A,N/A,unavailable,1102.0,N/A,N/A,10422.0,S18_1342,Hidden,91.44,2.0,N/A,N/A,N/A,N/A,None,unavailable,N/A,N/A,N/A,None,None,N/A,N/A,N/A,N/A,None,Hidden,N/A,N/A
orderdetails,0.0,N/A,N/A,N/A,N/A,N/A,N/A,N/A,N/A,unavailable,N/A,0.0,N/A,0.0,N/A,N/A,N/A,N/A,unavailable,1102.0,N/A,N/A,10422.0,S18_1367,Hidden,47.44,1.0,N/A,N/A,N/A,N/A,None,unavailable,N/A,N/A,N/A,None,None,N/A,N/A,N/A,N/A,None,Hidden,N/A,N/A
orderdetails,0.0,N/A,N/A,N/A,N/A,N/A,N/A,N/A,N/A,unavailable,N/A,0.0,N/A,0.0,N/A,N/A,N/A,N/A,unavailable,1102.0,N/A,N/A,10423.0,S18_2949,Hidden,89.15,1.0,N/A,N/A,N/A,N/A,None,unavailable,N/A,N/A,N/A,None,None,N/A,N/A,N/A,N/A,None,Hidden,N/A,N/A
orderdetails,0.0,N/A,N/A,N/A,N/A,N/A,N/A,N/A,N/A,unavailable,N/A,0.0,N/A,0.0,N/A,N/A,N/A,N/A,unavailable,1102.0,N/A,N/A,10423.0,S18_2957,Hidden,56.21,3.0,N/A,N/A,N/A,N/A,None,unavailable,N/A,N/A,N/A,None,None,N/A,N/A,N/A,N/A,None,Hidden,N/A,N/A
orderdetails,0.0,N/A,N/A,N/A,N/A,N/A,N/A,N/A,N/A,unavailable,N/A,0.0,N/A,0.0,N/A,N/A,N/A,N/A,unavailable,1102.0,N/A,N/A,10423.0,S18_3136,Hidden,98.44,2.0,N/A,N/A,N/A,N/A,None,unavailable,N/A,N/A,N/A,None,None,N/A,N/A,N/A,N/A,None,Hidden,N/A,N/A
orderdetails,0.0,N/A,N/A,N/A,N/A,N/A,N/A,N/A,N/A,unavailable,N/A,0.0,N/A,0.0,N/A,N/A,N/A,N/A,unavailable,1102.0,N/A,N/A,10423.0,S18_3320,Hidden,80.36,5.0,N/A,N/A,N/A,N/A,None,unavailable,N/A,N/A,N/A,None,None,N/A,N/A,N/A,N/A,None,Hidden,N/A,N/A
orderdetails,0.0,N/A,N/A,N/A,N/A,N/A,N/A,N/A,N/A,unavailable,N/A,0.0,N/A,0.0,N/A,N/A,N/A,N/A,unavailable,1102.0,N/A,N/A,10423.0,S24_4258,Hidden,78.89,4.0,N/A,N/A,N/A,N/A,None,unavailable,N/A,N/A,N/A,None,None,N/A,N/A,N/A,N/A,None,Hidden,N/A,N/A
orderdetails,0.0,N/A,N/A,N/A,N/A,N/A,N/A,N/A,N/A,unavailable,N/A,0.0,N/A,0.0,N/A,N/A,N/A,N/A,unavailable,1102.0,N/A,N/A,10424.0,S10_1949,Hidden,201.44,6.0,N/A,N/A,N/A,N/A,None,unavailable,N/A,N/A,N/A,None,None,N/A,N/A,N/A,N/A,None,Hidden,N/A,N/A
orderdetails,0.0,N/A,N/A,N/A,N/A,N/A,N/A,N/A,N/A,unavailable,N/A,0.0,N/A,0.0,N/A,N/A,N/A,N/A,unavailable,1102.0,N/A,N/A,10424.0,S12_1666,Hidden,121.64,3.0,N/A,N/A,N/A,N/A,None,unavailable,N/A,N/A,N/A,None,None,N/A,N/A,N/A,N/A,None,Hidden,N/A,N/A
orderdetails,0.0,N/A,N/A,N/A,N/A,N/A,N/A,N/A,N/A,unavailable,N/A,0.0,N/A,0.0,N/A,N/A,N/A,N/A,unavailable,1102.0,N/A,N/A,10424.0,S18_1097,Hidden,108.50,5.0,N/A,N/A,N/A,N/A,None,unavailable,N/A,N/A,N/A,None,None,N/A,N/A,N/A,N/A,None,Hidden,N/A,N/A
orderdetails,0.0,N/A,N/A,N/A,N/A,N/A,N/A,N/A,N/A,unavailable,N/A,0.0,N/A,0.0,N/A,N/A,N/A,N/A,unavailable,1102.0,N/A,N/A,10424.0,S18_4668,Hidden,40.25,4.0,N/A,N/A,N/A,N/A,None,unavailable,N/A,N/A,N/A,None,None,N/A,N/A,N/A,N/A,None,Hidden,N/A,N/A
orderdetails,0.0,N/A,N/A,N/A,N/A,N/A,N/A,N/A,N/A,unavailable,N/A,0.0,N/A,0.0,N/A,N/A,N/A,N/A,unavailable,1102.0,N/A,N/A,10424.0,S32_3522,Hidden,54.94,2.0,N/A,N/A,N/A,N/A,None,unavailable,N/A,N/A,N/A,None,None,N/A,N/A,N/A,N/A,None,Hidden,N/A,N/A
orderdetails,0.0,N/A,N/A,N/A,N/A,N/A,N/A,N/A,N/A,unavailable,N/A,0.0,N/A,0.0,N/A,N/A,N/A,N/A,unavailable,1102.0,N/A,N/A,10424.0,S700_2824,Hidden,85.98,1.0,N/A,N/A,N/A,N/A,None,unavailable,N/A,N/A,N/A,None,None,N/A,N/A,N/A,N/A,None,Hidden,N/A,N/A
orderdetails,0.0,N/A,N/A,N/A,N/A,N/A,N/A,N/A,N/A,unavailable,N/A,0.0,N/A,0.0,N/A,N/A,N/A,N/A,unavailable,1102.0,N/A,N/A,10425.0,S10_4962,Hidden,131.49,12.0,N/A,N/A,N/A,N/A,None,unavailable,N/A,N/A,N/A,None,None,N/A,N/A,N/A,N/A,None,Hidden,N/A,N/A
orderdetails,0.0,N/A,N/A,N/A,N/A,N/A,N/A,N/A,N/A,unavailable,N/A,0.0,N/A,0.0,N/A,N/A,N/A,N/A,unavailable,1102.0,N/A,N/A,10425.0,S12_4473,Hidden,95.99,4.0,N/A,N/A,N/A,N/A,None,unavailable,N/A,N/A,N/A,None,None,N/A,N/A,N/A,N/A,None,Hidden,N/A,N/A
orderdetails,0.0,N/A,N/A,N/A,N/A,N/A,N/A,N/A,N/A,unavailable,N/A,0.0,N/A,0.0,N/A,N/A,N/A,N/A,unavailable,1102.0,N/A,N/A,10425.0,S18_2238,Hidden,147.36,3.0,N/A,N/A,N/A,N/A,None,unavailable,N/A,N/A,N/A,None,None,N/A,N/A,N/A,N/A,None,Hidden,N/A,N/A
orderdetails,0.0,N/A,N/A,N/A,N/A,N/A,N/A,N/A,N/A,unavailable,N/A,0.0,N/A,0.0,N/A,N/A,N/A,N/A,unavailable,1102.0,N/A,N/A,10425.0,S18_2319,Hidden,117.82,7.0,N/A,N/A,N/A,N/A,None,unavailable,N/A,N/A,N/A,None,None,N/A,N/A,N/A,N/A,None,Hidden,N/A,N/A
orderdetails,0.0,N/A,N/A,N/A,N/A,N/A,N/A,N/A,N/A,unavailable,N/A,0.0,N/A,0.0,N/A,N/A,N/A,N/A,unavailable,1102.0,N/A,N/A,10425.0,S18_2432,Hidden,48.62,10.0,N/A,N/A,N/A,N/A,None,unavailable,N/A,N/A,N/A,None,None,N/A,N/A,N/A,N/A,None,Hidden,N/A,N/A
orderdetails,0.0,N/A,N/A,N/A,N/A,N/A,N/A,N/A,N/A,unavailable,N/A,0.0,N/A,0.0,N/A,N/A,N/A,N/A,unavailable,1102.0,N/A,N/A,10425.0,S18_3232,Hidden,140.55,8.0,N/A,N/A,N/A,N/A,None,unavailable,N/A,N/A,N/A,None,None,N/A,N/A,N/A,N/A,None,Hidden,N/A,N/A
orderdetails,0.0,N/A,N/A,N/A,N/A,N/A,N/A,N/A,N/A,unavailable,N/A,0.0,N/A,0.0,N/A,N/A,N/A,N/A,unavailable,1102.0,N/A,N/A,10425.0,S18_4600,Hidden,107.76,13.0,N/A,N/A,N/A,N/A,None,unavailable,N/A,N/A,N/A,None,None,N/A,N/A,N/A,N/A,None,Hidden,N/A,N/A
orderdetails,0.0,N/A,N/A,N/A,N/A,N/A,N/A,N/A,N/A,unavailable,N/A,0.0,N/A,0.0,N/A,N/A,N/A,N/A,unavailable,1102.0,N/A,N/A,10425.0,S24_1444,Hidden,53.75,1.0,N/A,N/A,N/A,N/A,None,unavailable,N/A,N/A,N/A,None,None,N/A,N/A,N/A,N/A,None,Hidden,N/A,N/A
orderdetails,0.0,N/A,N/A,N/A,N/A,N/A,N/A,N/A,N/A,unavailable,N/A,0.0,N/A,0.0,N/A,N/A,N/A,N/A,unavailable,1102.0,N/A,N/A,10425.0,S24_2300,Hidden,127.79,9.0,N/A,N/A,N/A,N/A,None,unavailable,N/A,N/A,N/A,None,None,N/A,N/A,N/A,N/A,None,Hidden,N/A,N/A
orderdetails,0.0,N/A,N/A,N/A,N/A,N/A,N/A,N/A,N/A,unavailable,N/A,0.0,N/A,0.0,N/A,N/A,N/A,N/A,unavailable,1102.0,N/A,N/A,10425.0,S24_2840,Hidden,31.82,5.0,N/A,N/A,N/A,N/A,None,unavailable,N/A,N/A,N/A,None,None,N/A,N/A,N/A,N/A,None,Hidden,N/A,N/A
orderdetails,0.0,N/A,N/A,N/A,N/A,N/A,N/A,N/A,N/A,unavailable,N/A,0.0,N/A,0.0,N/A,N/A,N/A,N/A,unavailable,1102.0,N/A,N/A,10425.0,S32_1268,Hidden,83.79,11.0,N/A,N/A,N/A,N/A,None,unavailable,N/A,N/A,N/A,None,None,N/A,N/A,N/A,N/A,None,Hidden,N/A,N/A
orderdetails,0.0,N/A,N/A,N/A,N/A,N/A,N/A,N/A,N/A,unavailable,N/A,0.0,N/A,0.0,N/A,N/A,N/A,N/A,unavailable,1102.0,N/A,N/A,10425.0,S32_2509,Hidden,50.32,6.0,N/A,N/A,N/A,N/A,None,unavailable,N/A,N/A,N/A,None,None,N/A,N/A,N/A,N/A,None,Hidden,N/A,N/A
orderdetails,0.0,N/A,N/A,N/A,N/A,N/A,N/A,N/A,N/A,unavailable,N/A,0.0,N/A,0.0,N/A,N/A,N/A,N/A,unavailable,1102.0,N/A,N/A,10425.0,S50_1392,Hidden,94.92,2.0,N/A,N/A,N/A,N/A,None,unavailable,N/A,N/A,N/A,None,None,N/A,N/A,N/A,N/A,None,Hidden,N/A,N/A
orders,363.0,N/A,N/A,N/A,N/A,N/A,N/A,N/A,N/A,unavailable,N/A,0.0,N/A,0.0,N/A,N/A,N/A,N/A,unavailable,1102.0,N/A,N/A,10100.0,unavailable,Hidden,N/A,0.0,2003-01-06,2003-01-13,2003-01-10,Shipped,None,unavailable,N/A,N/A,N/A,None,None,N/A,N/A,N/A,N/A,None,Hidden,N/A,N/A
orders,128.0,N/A,N/A,N/A,N/A,N/A,N/A,N/A,N/A,unavailable,N/A,0.0,N/A,0.0,N/A,N/A,N/A,N/A,unavailable,1102.0,N/A,N/A,10101.0,unavailable,Hidden,N/A,0.0,2003-01-09,2003-01-18,2003-01-11,Shipped,Check on availability.,unavailable,N/A,N/A,N/A,None,None,N/A,N/A,N/A,N/A,None,Hidden,N/A,N/A
orders,181.0,N/A,N/A,N/A,N/A,N/A,N/A,N/A,N/A,unavailable,N/A,0.0,N/A,0.0,N/A,N/A,N/A,N/A,unavailable,1102.0,N/A,N/A,10102.0,unavailable,Hidden,N/A,0.0,2003-01-10,2003-01-18,2003-01-14,Shipped,None,unavailable,N/A,N/A,N/A,None,None,N/A,N/A,N/A,N/A,None,Hidden,N/A,N/A
orders,121.0,N/A,N/A,N/A,N/A,N/A,N/A,N/A,N/A,unavailable,N/A,0.0,N/A,0.0,N/A,N/A,N/A,N/A,unavailable,1102.0,N/A,N/A,10103.0,unavailable,Hidden,N/A,0.0,2003-01-29,2003-02-07,2003-02-02,Shipped,None,unavailable,N/A,N/A,N/A,None,None,N/A,N/A,N/A,N/A,None,Hidden,N/A,N/A
orders,141.0,N/A,N/A,N/A,N/A,N/A,N/A,N/A,N/A,unavailable,N/A,0.0,N/A,0.0,N/A,N/A,N/A,N/A,unavailable,1102.0,N/A,N/A,10104.0,unavailable,Hidden,N/A,0.0,2003-01-31,2003-02-09,2003-02-01,Shipped,None,unavailable,N/A,N/A,N/A,None,None,N/A,N/A,N/A,N/A,None,Hidden,N/A,N/A
orders,145.0,N/A,N/A,N/A,N/A,N/A,N/A,N/A,N/A,unavailable,N/A,0.0,N/A,0.0,N/A,N/A,N/A,N/A,unavailable,1102.0,N/A,N/A,10105.0,unavailable,Hidden,N/A,0.0,2003-02-11,2003-02-21,2003-02-12,Shipped,None,unavailable,N/A,N/A,N/A,None,None,N/A,N/A,N/A,N/A,None,Hidden,N/A,N/A
orders,278.0,N/A,N/A,N/A,N/A,N/A,N/A,N/A,N/A,unavailable,N/A,0.0,N/A,0.0,N/A,N/A,N/A,N/A,unavailable,1102.0,N/A,N/A,10106.0,unavailable,Hidden,N/A,0.0,2003-02-17,2003-02-24,2003-02-21,Shipped,None,unavailable,N/A,N/A,N/A,None,None,N/A,N/A,N/A,N/A,None,Hidden,N/A,N/A
orders,131.0,N/A,N/A,N/A,N/A,N/A,N/A,N/A,N/A,unavailable,N/A,0.0,N/A,0.0,N/A,N/A,N/A,N/A,unavailable,1102.0,N/A,N/A,10107.0,unavailable,Hidden,N/A,0.0,2003-02-24,2003-03-03,2003-02-26,Shipped,Difficult to negotiate with customer. We need more marketing materials,unavailable,N/A,N/A,N/A,None,None,N/A,N/A,N/A,N/A,None,Hidden,N/A,N/A
orders,385.0,N/A,N/A,N/A,N/A,N/A,N/A,N/A,N/A,unavailable,N/A,0.0,N/A,0.0,N/A,N/A,N/A,N/A,unavailable,1102.0,N/A,N/A,10108.0,unavailable,Hidden,N/A,0.0,2003-03-03,2003-03-12,2003-03-08,Shipped,None,unavailable,N/A,N/A,N/A,None,None,N/A,N/A,N/A,N/A,None,Hidden,N/A,N/A
orders,486.0,N/A,N/A,N/A,N/A,N/A,N/A,N/A,N/A,unavailable,N/A,0.0,N/A,0.0,N/A,N/A,N/A,N/A,unavailable,1102.0,N/A,N/A,10109.0,unavailable,Hidden,N/A,0.0,2003-03-10,2003-03-19,2003-03-11,Shipped,Customer requested that FedEx Ground is used for this shipping,unavailable,N/A,N/A,N/A,None,None,N/A,N/A,N/A,N/A,None,Hidden,N/A,N/A
orders,187.0,N/A,N/A,N/A,N/A,N/A,N/A,N/A,N/A,unavailable,N/A,0.0,N/A,0.0,N/A,N/A,N/A,N/A,unavailable,1102.0,N/A,N/A,10110.0,unavailable,Hidden,N/A,0.0,2003-03-18,2003-03-24,2003-03-20,Shipped,None,unavailable,N/A,N/A,N/A,None,None,N/A,N/A,N/A,N/A,None,Hidden,N/A,N/A
orders,129.0,N/A,N/A,N/A,N/A,N/A,N/A,N/A,N/A,unavailable,N/A,0.0,N/A,0.0,N/A,N/A,N/A,N/A,unavailable,1102.0,N/A,N/A,10111.0,unavailable,Hidden,N/A,0.0,2003-03-25,2003-03-31,2003-03-30,Shipped,None,unavailable,N/A,N/A,N/A,None,None,N/A,N/A,N/A,N/A,None,Hidden,N/A,N/A
orders,144.0,N/A,N/A,N/A,N/A,N/A,N/A,N/A,N/A,unavailable,N/A,0.0,N/A,0.0,N/A,N/A,N/A,N/A,unavailable,1102.0,N/A,N/A,10112.0,unavailable,Hidden,N/A,0.0,2003-03-24,2003-04-03,2003-03-29,Shipped,"Customer requested that ad materials (such as posters, pamphlets) be included in the shippment",unavailable,N/A,N/A,N/A,None,None,N/A,N/A,N/A,N/A,None,Hidden,N/A,N/A
orders,124.0,N/A,N/A,N/A,N/A,N/A,N/A,N/A,N/A,unavailable,N/A,0.0,N/A,0.0,N/A,N/A,N/A,N/A,unavailable,1102.0,N/A,N/A,10113.0,unavailable,Hidden,N/A,0.0,2003-03-26,2003-04-02,2003-03-27,Shipped,None,unavailable,N/A,N/A,N/A,None,None,N/A,N/A,N/A,N/A,None,Hidden,N/A,N/A
orders,172.0,N/A,N/A,N/A,N/A,N/A,N/A,N/A,N/A,unavailable,N/A,0.0,N/A,0.0,N/A,N/A,N/A,N/A,unavailable,1102.0,N/A,N/A,10114.0,unavailable,Hidden,N/A,0.0,2003-04-01,2003-04-07,2003-04-02,Shipped,None,unavailable,N/A,N/A,N/A,None,None,N/A,N/A,N/A,N/A,None,Hidden,N/A,N/A
orders,424.0,N/A,N/A,N/A,N/A,N/A,N/A,N/A,N/A,unavailable,N/A,0.0,N/A,0.0,N/A,N/A,N/A,N/A,unavailable,1102.0,N/A,N/A,10115.0,unavailable,Hidden,N/A,0.0,2003-04-04,2003-04-12,2003-04-07,Shipped,None,unavailable,N/A,N/A,N/A,None,None,N/A,N/A,N/A,N/A,None,Hidden,N/A,N/A
orders,381.0,N/A,N/A,N/A,N/A,N/A,N/A,N/A,N/A,unavailable,N/A,0.0,N/A,0.0,N/A,N/A,N/A,N/A,unavailable,1102.0,N/A,N/A,10116.0,unavailable,Hidden,N/A,0.0,2003-04-11,2003-04-19,2003-04-13,Shipped,None,unavailable,N/A,N/A,N/A,None,None,N/A,N/A,N/A,N/A,None,Hidden,N/A,N/A
orders,148.0,N/A,N/A,N/A,N/A,N/A,N/A,N/A,N/A,unavailable,N/A,0.0,N/A,0.0,N/A,N/A,N/A,N/A,unavailable,1102.0,N/A,N/A,10117.0,unavailable,Hidden,N/A,0.0,2003-04-16,2003-04-24,2003-04-17,Shipped,None,unavailable,N/A,N/A,N/A,None,None,N/A,N/A,N/A,N/A,None,Hidden,N/A,N/A
orders,216.0,N/A,N/A,N/A,N/A,N/A,N/A,N/A,N/A,unavailable,N/A,0.0,N/A,0.0,N/A,N/A,N/A,N/A,unavailable,1102.0,N/A,N/A,10118.0,unavailable,Hidden,N/A,0.0,2003-04-21,2003-04-29,2003-04-26,Shipped,Customer has worked with some of our vendors in the past and is aware of their MSRP,unavailable,N/A,N/A,N/A,None,None,N/A,N/A,N/A,N/A,None,Hidden,N/A,N/A
orders,382.0,N/A,N/A,N/A,N/A,N/A,N/A,N/A,N/A,unavailable,N/A,0.0,N/A,0.0,N/A,N/A,N/A,N/A,unavailable,1102.0,N/A,N/A,10119.0,unavailable,Hidden,N/A,0.0,2003-04-28,2003-05-05,2003-05-02,Shipped,None,unavailable,N/A,N/A,N/A,None,None,N/A,N/A,N/A,N/A,None,Hidden,N/A,N/A
orders,114.0,N/A,N/A,N/A,N/A,N/A,N/A,N/A,N/A,unavailable,N/A,0.0,N/A,0.0,N/A,N/A,N/A,N/A,unavailable,1102.0,N/A,N/A,10120.0,unavailable,Hidden,N/A,0.0,2003-04-29,2003-05-08,2003-05-01,Shipped,None,unavailable,N/A,N/A,N/A,None,None,N/A,N/A,N/A,N/A,None,Hidden,N/A,N/A
orders,353.0,N/A,N/A,N/A,N/A,N/A,N/A,N/A,N/A,unavailable,N/A,0.0,N/A,0.0,N/A,N/A,N/A,N/A,unavailable,1102.0,N/A,N/A,10121.0,unavailable,Hidden,N/A,0.0,2003-05-07,2003-05-13,2003-05-13,Shipped,None,unavailable,N/A,N/A,N/A,None,None,N/A,N/A,N/A,N/A,None,Hidden,N/A,N/A
orders,350.0,N/A,N/A,N/A,N/A,N/A,N/A,N/A,N/A,unavailable,N/A,0.0,N/A,0.0,N/A,N/A,N/A,N/A,unavailable,1102.0,N/A,N/A,10122.0,unavailable,Hidden,N/A,0.0,2003-05-08,2003-05-16,2003-05-13,Shipped,None,unavailable,N/A,N/A,N/A,None,None,N/A,N/A,N/A,N/A,None,Hidden,N/A,N/A
orders,103.0,N/A,N/A,N/A,N/A,N/A,N/A,N/A,N/A,unavailable,N/A,0.0,N/A,0.0,N/A,N/A,N/A,N/A,unavailable,1102.0,N/A,N/A,10123.0,unavailable,Hidden,N/A,0.0,2003-05-20,2003-05-29,2003-05-22,Shipped,None,unavailable,N/A,N/A,N/A,None,None,N/A,N/A,N/A,N/A,None,Hidden,N/A,N/A
orders,112.0,N/A,N/A,N/A,N/A,N/A,N/A,N/A,N/A,unavailable,N/A,0.0,N/A,0.0,N/A,N/A,N/A,N/A,unavailable,1102.0,N/A,N/A,10124.0,unavailable,Hidden,N/A,0.0,2003-05-21,2003-05-29,2003-05-25,Shipped,Customer very concerned about the exact color of the models. There is high risk that he may dispute the order because there is a slight color mismatch,unavailable,N/A,N/A,N/A,None,None,N/A,N/A,N/A,N/A,None,Hidden,N/A,N/A
orders,114.0,N/A,N/A,N/A,N/A,N/A,N/A,N/A,N/A,unavailable,N/A,0.0,N/A,0.0,N/A,N/A,N/A,N/A,unavailable,1102.0,N/A,N/A,10125.0,unavailable,Hidden,N/A,0.0,2003-05-21,2003-05-27,2003-05-24,Shipped,None,unavailable,N/A,N/A,N/A,None,None,N/A,N/A,N/A,N/A,None,Hidden,N/A,N/A
orders,458.0,N/A,N/A,N/A,N/A,N/A,N/A,N/A,N/A,unavailable,N/A,0.0,N/A,0.0,N/A,N/A,N/A,N/A,unavailable,1102.0,N/A,N/A,10126.0,unavailable,Hidden,N/A,0.0,2003-05-28,2003-06-07,2003-06-02,Shipped,None,unavailable,N/A,N/A,N/A,None,None,N/A,N/A,N/A,N/A,None,Hidden,N/A,N/A
orders,151.0,N/A,N/A,N/A,N/A,N/A,N/A,N/A,N/A,unavailable,N/A,0.0,N/A,0.0,N/A,N/A,N/A,N/A,unavailable,1102.0,N/A,N/A,10127.0,unavailable,Hidden,N/A,0.0,2003-06-03,2003-06-09,2003-06-06,Shipped,Customer requested special shippment. The instructions were passed along to the warehouse,unavailable,N/A,N/A,N/A,None,None,N/A,N/A,N/A,N/A,None,Hidden,N/A,N/A
orders,141.0,N/A,N/A,N/A,N/A,N/A,N/A,N/A,N/A,unavailable,N/A,0.0,N/A,0.0,N/A,N/A,N/A,N/A,unavailable,1102.0,N/A,N/A,10128.0,unavailable,Hidden,N/A,0.0,2003-06-06,2003-06-12,2003-06-11,Shipped,None,unavailable,N/A,N/A,N/A,None,None,N/A,N/A,N/A,N/A,None,Hidden,N/A,N/A
orders,324.0,N/A,N/A,N/A,N/A,N/A,N/A,N/A,N/A,unavailable,N/A,0.0,N/A,0.0,N/A,N/A,N/A,N/A,unavailable,1102.0,N/A,N/A,10129.0,unavailable,Hidden,N/A,0.0,2003-06-12,2003-06-18,2003-06-14,Shipped,None,unavailable,N/A,N/A,N/A,None,None,N/A,N/A,N/A,N/A,None,Hidden,N/A,N/A
orders,198.0,N/A,N/A,N/A,N/A,N/A,N/A,N/A,N/A,unavailable,N/A,0.0,N/A,0.0,N/A,N/A,N/A,N/A,unavailable,1102.0,N/A,N/A,10130.0,unavailable,Hidden,N/A,0.0,2003-06-16,2003-06-24,2003-06-21,Shipped,None,unavailable,N/A,N/A,N/A,None,None,N/A,N/A,N/A,N/A,None,Hidden,N/A,N/A
orders,447.0,N/A,N/A,N/A,N/A,N/A,N/A,N/A,N/A,unavailable,N/A,0.0,N/A,0.0,N/A,N/A,N/A,N/A,unavailable,1102.0,N/A,N/A,10131.0,unavailable,Hidden,N/A,0.0,2003-06-16,2003-06-25,2003-06-21,Shipped,None,unavailable,N/A,N/A,N/A,None,None,N/A,N/A,N/A,N/A,None,Hidden,N/A,N/A
orders,323.0,N/A,N/A,N/A,N/A,N/A,N/A,N/A,N/A,unavailable,N/A,0.0,N/A,0.0,N/A,N/A,N/A,N/A,unavailable,1102.0,N/A,N/A,10132.0,unavailable,Hidden,N/A,0.0,2003-06-25,2003-07-01,2003-06-28,Shipped,None,unavailable,N/A,N/A,N/A,None,None,N/A,N/A,N/A,N/A,None,Hidden,N/A,N/A
orders,141.0,N/A,N/A,N/A,N/A,N/A,N/A,N/A,N/A,unavailable,N/A,0.0,N/A,0.0,N/A,N/A,N/A,N/A,unavailable,1102.0,N/A,N/A,10133.0,unavailable,Hidden,N/A,0.0,2003-06-27,2003-07-04,2003-07-03,Shipped,None,unavailable,N/A,N/A,N/A,None,None,N/A,N/A,N/A,N/A,None,Hidden,N/A,N/A
orders,250.0,N/A,N/A,N/A,N/A,N/A,N/A,N/A,N/A,unavailable,N/A,0.0,N/A,0.0,N/A,N/A,N/A,N/A,unavailable,1102.0,N/A,N/A,10134.0,unavailable,Hidden,N/A,0.0,2003-07-01,2003-07-10,2003-07-05,Shipped,None,unavailable,N/A,N/A,N/A,None,None,N/A,N/A,N/A,N/A,None,Hidden,N/A,N/A
orders,124.0,N/A,N/A,N/A,N/A,N/A,N/A,N/A,N/A,unavailable,N/A,0.0,N/A,0.0,N/A,N/A,N/A,N/A,unavailable,1102.0,N/A,N/A,10135.0,unavailable,Hidden,N/A,0.0,2003-07-02,2003-07-12,2003-07-03,Shipped,None,unavailable,N/A,N/A,N/A,None,None,N/A,N/A,N/A,N/A,None,Hidden,N/A,N/A
orders,242.0,N/A,N/A,N/A,N/A,N/A,N/A,N/A,N/A,unavailable,N/A,0.0,N/A,0.0,N/A,N/A,N/A,N/A,unavailable,1102.0,N/A,N/A,10136.0,unavailable,Hidden,N/A,0.0,2003-07-04,2003-07-14,2003-07-06,Shipped,Customer is interested in buying more Ferrari models,unavailable,N/A,N/A,N/A,None,None,N/A,N/A,N/A,N/A,None,Hidden,N/A,N/A
orders,353.0,N/A,N/A,N/A,N/A,N/A,N/A,N/A,N/A,unavailable,N/A,0.0,N/A,0.0,N/A,N/A,N/A,N/A,unavailable,1102.0,N/A,N/A,10137.0,unavailable,Hidden,N/A,0.0,2003-07-10,2003-07-20,2003-07-14,Shipped,None,unavailable,N/A,N/A,N/A,None,None,N/A,N/A,N/A,N/A,None,Hidden,N/A,N/A
orders,496.0,N/A,N/A,N/A,N/A,N/A,N/A,N/A,N/A,unavailable,N/A,0.0,N/A,0.0,N/A,N/A,N/A,N/A,unavailable,1102.0,N/A,N/A,10138.0,unavailable,Hidden,N/A,0.0,2003-07-07,2003-07-16,2003-07-13,Shipped,None,unavailable,N/A,N/A,N/A,None,None,N/A,N/A,N/A,N/A,None,Hidden,N/A,N/A
orders,282.0,N/A,N/A,N/A,N/A,N/A,N/A,N/A,N/A,unavailable,N/A,0.0,N/A,0.0,N/A,N/A,N/A,N/A,unavailable,1102.0,N/A,N/A,10139.0,unavailable,Hidden,N/A,0.0,2003-07-16,2003-07-23,2003-07-21,Shipped,None,unavailable,N/A,N/A,N/A,None,None,N/A,N/A,N/A,N/A,None,Hidden,N/A,N/A
orders,161.0,N/A,N/A,N/A,N/A,N/A,N/A,N/A,N/A,unavailable,N/A,0.0,N/A,0.0,N/A,N/A,N/A,N/A,unavailable,1102.0,N/A,N/A,10140.0,unavailable,Hidden,N/A,0.0,2003-07-24,2003-08-02,2003-07-30,Shipped,None,unavailable,N/A,N/A,N/A,None,None,N/A,N/A,N/A,N/A,None,Hidden,N/A,N/A
orders,334.0,N/A,N/A,N/A,N/A,N/A,N/A,N/A,N/A,unavailable,N/A,0.0,N/A,0.0,N/A,N/A,N/A,N/A,unavailable,1102.0,N/A,N/A,10141.0,unavailable,Hidden,N/A,0.0,2003-08-01,2003-08-09,2003-08-04,Shipped,None,unavailable,N/A,N/A,N/A,None,None,N/A,N/A,N/A,N/A,None,Hidden,N/A,N/A
orders,124.0,N/A,N/A,N/A,N/A,N/A,N/A,N/A,N/A,unavailable,N/A,0.0,N/A,0.0,N/A,N/A,N/A,N/A,unavailable,1102.0,N/A,N/A,10142.0,unavailable,Hidden,N/A,0.0,2003-08-08,2003-08-16,2003-08-13,Shipped,None,unavailable,N/A,N/A,N/A,None,None,N/A,N/A,N/A,N/A,None,Hidden,N/A,N/A
orders,320.0,N/A,N/A,N/A,N/A,N/A,N/A,N/A,N/A,unavailable,N/A,0.0,N/A,0.0,N/A,N/A,N/A,N/A,unavailable,1102.0,N/A,N/A,10143.0,unavailable,Hidden,N/A,0.0,2003-08-10,2003-08-18,2003-08-12,Shipped,Can we deliver the new Ford Mustang models by end-of-quarter?,unavailable,N/A,N/A,N/A,None,None,N/A,N/A,N/A,N/A,None,Hidden,N/A,N/A
orders,381.0,N/A,N/A,N/A,N/A,N/A,N/A,N/A,N/A,unavailable,N/A,0.0,N/A,0.0,N/A,N/A,N/A,N/A,unavailable,1102.0,N/A,N/A,10144.0,unavailable,Hidden,N/A,0.0,2003-08-13,2003-08-21,2003-08-14,Shipped,None,unavailable,N/A,N/A,N/A,None,None,N/A,N/A,N/A,N/A,None,Hidden,N/A,N/A
orders,205.0,N/A,N/A,N/A,N/A,N/A,N/A,N/A,N/A,unavailable,N/A,0.0,N/A,0.0,N/A,N/A,N/A,N/A,unavailable,1102.0,N/A,N/A,10145.0,unavailable,Hidden,N/A,0.0,2003-08-25,2003-09-02,2003-08-31,Shipped,None,unavailable,N/A,N/A,N/A,None,None,N/A,N/A,N/A,N/A,None,Hidden,N/A,N/A
orders,447.0,N/A,N/A,N/A,N/A,N/A,N/A,N/A,N/A,unavailable,N/A,0.0,N/A,0.0,N/A,N/A,N/A,N/A,unavailable,1102.0,N/A,N/A,10146.0,unavailable,Hidden,N/A,0.0,2003-09-03,2003-09-13,2003-09-06,Shipped,None,unavailable,N/A,N/A,N/A,None,None,N/A,N/A,N/A,N/A,None,Hidden,N/A,N/A
orders,379.0,N/A,N/A,N/A,N/A,N/A,N/A,N/A,N/A,unavailable,N/A,0.0,N/A,0.0,N/A,N/A,N/A,N/A,unavailable,1102.0,N/A,N/A,10147.0,unavailable,Hidden,N/A,0.0,2003-09-05,2003-09-12,2003-09-09,Shipped,None,unavailable,N/A,N/A,N/A,None,None,N/A,N/A,N/A,N/A,None,Hidden,N/A,N/A
orders,276.0,N/A,N/A,N/A,N/A,N/A,N/A,N/A,N/A,unavailable,N/A,0.0,N/A,0.0,N/A,N/A,N/A,N/A,unavailable,1102.0,N/A,N/A,10148.0,unavailable,Hidden,N/A,0.0,2003-09-11,2003-09-21,2003-09-15,Shipped,They want to reevaluate their terms agreement with Finance.,unavailable,N/A,N/A,N/A,None,None,N/A,N/A,N/A,N/A,None,Hidden,N/A,N/A
orders,487.0,N/A,N/A,N/A,N/A,N/A,N/A,N/A,N/A,unavailable,N/A,0.0,N/A,0.0,N/A,N/A,N/A,N/A,unavailable,1102.0,N/A,N/A,10149.0,unavailable,Hidden,N/A,0.0,2003-09-12,2003-09-18,2003-09-17,Shipped,None,unavailable,N/A,N/A,N/A,None,None,N/A,N/A,N/A,N/A,None,Hidden,N/A,N/A
orders,148.0,N/A,N/A,N/A,N/A,N/A,N/A,N/A,N/A,unavailable,N/A,0.0,N/A,0.0,N/A,N/A,N/A,N/A,unavailable,1102.0,N/A,N/A,10150.0,unavailable,Hidden,N/A,0.0,2003-09-19,2003-09-27,2003-09-21,Shipped,They want to reevaluate their terms agreement with Finance.,unavailable,N/A,N/A,N/A,None,None,N/A,N/A,N/A,N/A,None,Hidden,N/A,N/A
orders,311.0,N/A,N/A,N/A,N/A,N/A,N/A,N/A,N/A,unavailable,N/A,0.0,N/A,0.0,N/A,N/A,N/A,N/A,unavailable,1102.0,N/A,N/A,10151.0,unavailable,Hidden,N/A,0.0,2003-09-21,2003-09-30,2003-09-24,Shipped,None,unavailable,N/A,N/A,N/A,None,None,N/A,N/A,N/A,N/A,None,Hidden,N/A,N/A
orders,333.0,N/A,N/A,N/A,N/A,N/A,N/A,N/A,N/A,unavailable,N/A,0.0,N/A,0.0,N/A,N/A,N/A,N/A,unavailable,1102.0,N/A,N/A,10152.0,unavailable,Hidden,N/A,0.0,2003-09-25,2003-10-03,2003-10-01,Shipped,None,unavailable,N/A,N/A,N/A,None,None,N/A,N/A,N/A,N/A,None,Hidden,N/A,N/A
orders,141.0,N/A,N/A,N/A,N/A,N/A,N/A,N/A,N/A,unavailable,N/A,0.0,N/A,0.0,N/A,N/A,N/A,N/A,unavailable,1102.0,N/A,N/A,10153.0,unavailable,Hidden,N/A,0.0,2003-09-28,2003-10-05,2003-10-03,Shipped,None,unavailable,N/A,N/A,N/A,None,None,N/A,N/A,N/A,N/A,None,Hidden,N/A,N/A
orders,219.0,N/A,N/A,N/A,N/A,N/A,N/A,N/A,N/A,unavailable,N/A,0.0,N/A,0.0,N/A,N/A,N/A,N/A,unavailable,1102.0,N/A,N/A,10154.0,unavailable,Hidden,N/A,0.0,2003-10-02,2003-10-12,2003-10-08,Shipped,None,unavailable,N/A,N/A,N/A,None,None,N/A,N/A,N/A,N/A,None,Hidden,N/A,N/A
orders,186.0,N/A,N/A,N/A,N/A,N/A,N/A,N/A,N/A,unavailable,N/A,0.0,N/A,0.0,N/A,N/A,N/A,N/A,unavailable,1102.0,N/A,N/A,10155.0,unavailable,Hidden,N/A,0.0,2003-10-06,2003-10-13,2003-10-07,Shipped,None,unavailable,N/A,N/A,N/A,None,None,N/A,N/A,N/A,N/A,None,Hidden,N/A,N/A
orders,141.0,N/A,N/A,N/A,N/A,N/A,N/A,N/A,N/A,unavailable,N/A,0.0,N/A,0.0,N/A,N/A,N/A,N/A,unavailable,1102.0,N/A,N/A,10156.0,unavailable,Hidden,N/A,0.0,2003-10-08,2003-10-17,2003-10-11,Shipped,None,unavailable,N/A,N/A,N/A,None,None,N/A,N/A,N/A,N/A,None,Hidden,N/A,N/A
orders,473.0,N/A,N/A,N/A,N/A,N/A,N/A,N/A,N/A,unavailable,N/A,0.0,N/A,0.0,N/A,N/A,N/A,N/A,unavailable,1102.0,N/A,N/A,10157.0,unavailable,Hidden,N/A,0.0,2003-10-09,2003-10-15,2003-10-14,Shipped,None,unavailable,N/A,N/A,N/A,None,None,N/A,N/A,N/A,N/A,None,Hidden,N/A,N/A
orders,121.0,N/A,N/A,N/A,N/A,N/A,N/A,N/A,N/A,unavailable,N/A,0.0,N/A,0.0,N/A,N/A,N/A,N/A,unavailable,1102.0,N/A,N/A,10158.0,unavailable,Hidden,N/A,0.0,2003-10-10,2003-10-18,2003-10-15,Shipped,None,unavailable,N/A,N/A,N/A,None,None,N/A,N/A,N/A,N/A,None,Hidden,N/A,N/A
orders,321.0,N/A,N/A,N/A,N/A,N/A,N/A,N/A,N/A,unavailable,N/A,0.0,N/A,0.0,N/A,N/A,N/A,N/A,unavailable,1102.0,N/A,N/A,10159.0,unavailable,Hidden,N/A,0.0,2003-10-10,2003-10-19,2003-10-16,Shipped,None,unavailable,N/A,N/A,N/A,None,None,N/A,N/A,N/A,N/A,None,Hidden,N/A,N/A
orders,347.0,N/A,N/A,N/A,N/A,N/A,N/A,N/A,N/A,unavailable,N/A,0.0,N/A,0.0,N/A,N/A,N/A,N/A,unavailable,1102.0,N/A,N/A,10160.0,unavailable,Hidden,N/A,0.0,2003-10-11,2003-10-17,2003-10-17,Shipped,None,unavailable,N/A,N/A,N/A,None,None,N/A,N/A,N/A,N/A,None,Hidden,N/A,N/A
orders,227.0,N/A,N/A,N/A,N/A,N/A,N/A,N/A,N/A,unavailable,N/A,0.0,N/A,0.0,N/A,N/A,N/A,N/A,unavailable,1102.0,N/A,N/A,10161.0,unavailable,Hidden,N/A,0.0,2003-10-17,2003-10-25,2003-10-20,Shipped,None,unavailable,N/A,N/A,N/A,None,None,N/A,N/A,N/A,N/A,None,Hidden,N/A,N/A
orders,321.0,N/A,N/A,N/A,N/A,N/A,N/A,N/A,N/A,unavailable,N/A,0.0,N/A,0.0,N/A,N/A,N/A,N/A,unavailable,1102.0,N/A,N/A,10162.0,unavailable,Hidden,N/A,0.0,2003-10-18,2003-10-26,2003-10-19,Shipped,None,unavailable,N/A,N/A,N/A,None,None,N/A,N/A,N/A,N/A,None,Hidden,N/A,N/A
orders,424.0,N/A,N/A,N/A,N/A,N/A,N/A,N/A,N/A,unavailable,N/A,0.0,N/A,0.0,N/A,N/A,N/A,N/A,unavailable,1102.0,N/A,N/A,10163.0,unavailable,Hidden,N/A,0.0,2003-10-20,2003-10-27,2003-10-24,Shipped,None,unavailable,N/A,N/A,N/A,None,None,N/A,N/A,N/A,N/A,None,Hidden,N/A,N/A
orders,452.0,N/A,N/A,N/A,N/A,N/A,N/A,N/A,N/A,unavailable,N/A,0.0,N/A,0.0,N/A,N/A,N/A,N/A,unavailable,1102.0,N/A,N/A,10164.0,unavailable,Hidden,N/A,0.0,2003-10-21,2003-10-30,2003-10-23,Resolved,"This order was disputed, but resolved on 11/1/2003; Customer doesn't like the colors and precision of the models.",unavailable,N/A,N/A,N/A,None,None,N/A,N/A,N/A,N/A,None,Hidden,N/A,N/A
orders,148.0,N/A,N/A,N/A,N/A,N/A,N/A,N/A,N/A,unavailable,N/A,0.0,N/A,0.0,N/A,N/A,N/A,N/A,unavailable,1102.0,N/A,N/A,10165.0,unavailable,Hidden,N/A,0.0,2003-10-22,2003-10-31,2003-12-26,Shipped,This order was on hold because customers's credit limit had been exceeded. Order will ship when payment is received,unavailable,N/A,N/A,N/A,None,None,N/A,N/A,N/A,N/A,None,Hidden,N/A,N/A
orders,462.0,N/A,N/A,N/A,N/A,N/A,N/A,N/A,N/A,unavailable,N/A,0.0,N/A,0.0,N/A,N/A,N/A,N/A,unavailable,1102.0,N/A,N/A,10166.0,unavailable,Hidden,N/A,0.0,2003-10-21,2003-10-30,2003-10-27,Shipped,None,unavailable,N/A,N/A,N/A,None,None,N/A,N/A,N/A,N/A,None,Hidden,N/A,N/A
orders,448.0,N/A,N/A,N/A,N/A,N/A,N/A,N/A,N/A,unavailable,N/A,0.0,N/A,0.0,N/A,N/A,N/A,N/A,unavailable,1102.0,N/A,N/A,10167.0,unavailable,Hidden,N/A,0.0,2003-10-23,2003-10-30,N/A,Cancelled,Customer called to cancel. The warehouse was notified in time and the order didn't ship. They have a new VP of Sales and are shifting their sales model. Our VP of Sales should contact them.,unavailable,N/A,N/A,N/A,None,None,N/A,N/A,N/A,N/A,None,Hidden,N/A,N/A
orders,161.0,N/A,N/A,N/A,N/A,N/A,N/A,N/A,N/A,unavailable,N/A,0.0,N/A,0.0,N/A,N/A,N/A,N/A,unavailable,1102.0,N/A,N/A,10168.0,unavailable,Hidden,N/A,0.0,2003-10-28,2003-11-03,2003-11-01,Shipped,None,unavailable,N/A,N/A,N/A,None,None,N/A,N/A,N/A,N/A,None,Hidden,N/A,N/A
orders,276.0,N/A,N/A,N/A,N/A,N/A,N/A,N/A,N/A,unavailable,N/A,0.0,N/A,0.0,N/A,N/A,N/A,N/A,unavailable,1102.0,N/A,N/A,10169.0,unavailable,Hidden,N/A,0.0,2003-11-04,2003-11-14,2003-11-09,Shipped,None,unavailable,N/A,N/A,N/A,None,None,N/A,N/A,N/A,N/A,None,Hidden,N/A,N/A
orders,452.0,N/A,N/A,N/A,N/A,N/A,N/A,N/A,N/A,unavailable,N/A,0.0,N/A,0.0,N/A,N/A,N/A,N/A,unavailable,1102.0,N/A,N/A,10170.0,unavailable,Hidden,N/A,0.0,2003-11-04,2003-11-12,2003-11-07,Shipped,None,unavailable,N/A,N/A,N/A,None,None,N/A,N/A,N/A,N/A,None,Hidden,N/A,N/A
orders,233.0,N/A,N/A,N/A,N/A,N/A,N/A,N/A,N/A,unavailable,N/A,0.0,N/A,0.0,N/A,N/A,N/A,N/A,unavailable,1102.0,N/A,N/A,10171.0,unavailable,Hidden,N/A,0.0,2003-11-05,2003-11-13,2003-11-07,Shipped,None,unavailable,N/A,N/A,N/A,None,None,N/A,N/A,N/A,N/A,None,Hidden,N/A,N/A
orders,175.0,N/A,N/A,N/A,N/A,N/A,N/A,N/A,N/A,unavailable,N/A,0.0,N/A,0.0,N/A,N/A,N/A,N/A,unavailable,1102.0,N/A,N/A,10172.0,unavailable,Hidden,N/A,0.0,2003-11-05,2003-11-14,2003-11-11,Shipped,None,unavailable,N/A,N/A,N/A,None,None,N/A,N/A,N/A,N/A,None,Hidden,N/A,N/A
orders,278.0,N/A,N/A,N/A,N/A,N/A,N/A,N/A,N/A,unavailable,N/A,0.0,N/A,0.0,N/A,N/A,N/A,N/A,unavailable,1102.0,N/A,N/A,10173.0,unavailable,Hidden,N/A,0.0,2003-11-05,2003-11-15,2003-11-09,Shipped,"Cautious optimism. We have happy customers here, if we can keep them well stocked.  I need all the information I can get on the planned shippments of Porches",unavailable,N/A,N/A,N/A,None,None,N/A,N/A,N/A,N/A,None,Hidden,N/A,N/A
orders,333.0,N/A,N/A,N/A,N/A,N/A,N/A,N/A,N/A,unavailable,N/A,0.0,N/A,0.0,N/A,N/A,N/A,N/A,unavailable,1102.0,N/A,N/A,10174.0,unavailable,Hidden,N/A,0.0,2003-11-06,2003-11-15,2003-11-10,Shipped,None,unavailable,N/A,N/A,N/A,None,None,N/A,N/A,N/A,N/A,None,Hidden,N/A,N/A
orders,324.0,N/A,N/A,N/A,N/A,N/A,N/A,N/A,N/A,unavailable,N/A,0.0,N/A,0.0,N/A,N/A,N/A,N/A,unavailable,1102.0,N/A,N/A,10175.0,unavailable,Hidden,N/A,0.0,2003-11-06,2003-11-14,2003-11-09,Shipped,None,unavailable,N/A,N/A,N/A,None,None,N/A,N/A,N/A,N/A,None,Hidden,N/A,N/A
orders,386.0,N/A,N/A,N/A,N/A,N/A,N/A,N/A,N/A,unavailable,N/A,0.0,N/A,0.0,N/A,N/A,N/A,N/A,unavailable,1102.0,N/A,N/A,10176.0,unavailable,Hidden,N/A,0.0,2003-11-06,2003-11-15,2003-11-12,Shipped,None,unavailable,N/A,N/A,N/A,None,None,N/A,N/A,N/A,N/A,None,Hidden,N/A,N/A
orders,344.0,N/A,N/A,N/A,N/A,N/A,N/A,N/A,N/A,unavailable,N/A,0.0,N/A,0.0,N/A,N/A,N/A,N/A,unavailable,1102.0,N/A,N/A,10177.0,unavailable,Hidden,N/A,0.0,2003-11-07,2003-11-17,2003-11-12,Shipped,None,unavailable,N/A,N/A,N/A,None,None,N/A,N/A,N/A,N/A,None,Hidden,N/A,N/A
orders,242.0,N/A,N/A,N/A,N/A,N/A,N/A,N/A,N/A,unavailable,N/A,0.0,N/A,0.0,N/A,N/A,N/A,N/A,unavailable,1102.0,N/A,N/A,10178.0,unavailable,Hidden,N/A,0.0,2003-11-08,2003-11-16,2003-11-10,Shipped,Custom shipping instructions sent to warehouse,unavailable,N/A,N/A,N/A,None,None,N/A,N/A,N/A,N/A,None,Hidden,N/A,N/A
orders,496.0,N/A,N/A,N/A,N/A,N/A,N/A,N/A,N/A,unavailable,N/A,0.0,N/A,0.0,N/A,N/A,N/A,N/A,unavailable,1102.0,N/A,N/A,10179.0,unavailable,Hidden,N/A,0.0,2003-11-11,2003-11-17,2003-11-13,Cancelled,Customer cancelled due to urgent budgeting issues. Must be cautious when dealing with them in the future. Since order shipped already we must discuss who would cover the shipping charges.,unavailable,N/A,N/A,N/A,None,None,N/A,N/A,N/A,N/A,None,Hidden,N/A,N/A
orders,171.0,N/A,N/A,N/A,N/A,N/A,N/A,N/A,N/A,unavailable,N/A,0.0,N/A,0.0,N/A,N/A,N/A,N/A,unavailable,1102.0,N/A,N/A,10180.0,unavailable,Hidden,N/A,0.0,2003-11-11,2003-11-19,2003-11-14,Shipped,None,unavailable,N/A,N/A,N/A,None,None,N/A,N/A,N/A,N/A,None,Hidden,N/A,N/A
orders,167.0,N/A,N/A,N/A,N/A,N/A,N/A,N/A,N/A,unavailable,N/A,0.0,N/A,0.0,N/A,N/A,N/A,N/A,unavailable,1102.0,N/A,N/A,10181.0,unavailable,Hidden,N/A,0.0,2003-11-12,2003-11-19,2003-11-15,Shipped,None,unavailable,N/A,N/A,N/A,None,None,N/A,N/A,N/A,N/A,None,Hidden,N/A,N/A
orders,124.0,N/A,N/A,N/A,N/A,N/A,N/A,N/A,N/A,unavailable,N/A,0.0,N/A,0.0,N/A,N/A,N/A,N/A,unavailable,1102.0,N/A,N/A,10182.0,unavailable,Hidden,N/A,0.0,2003-11-12,2003-11-21,2003-11-18,Shipped,None,unavailable,N/A,N/A,N/A,None,None,N/A,N/A,N/A,N/A,None,Hidden,N/A,N/A
orders,339.0,N/A,N/A,N/A,N/A,N/A,N/A,N/A,N/A,unavailable,N/A,0.0,N/A,0.0,N/A,N/A,N/A,N/A,unavailable,1102.0,N/A,N/A,10183.0,unavailable,Hidden,N/A,0.0,2003-11-13,2003-11-22,2003-11-15,Shipped,We need to keep in close contact with their Marketing VP. He is the decision maker for all their purchases.,unavailable,N/A,N/A,N/A,None,None,N/A,N/A,N/A,N/A,None,Hidden,N/A,N/A
orders,484.0,N/A,N/A,N/A,N/A,N/A,N/A,N/A,N/A,unavailable,N/A,0.0,N/A,0.0,N/A,N/A,N/A,N/A,unavailable,1102.0,N/A,N/A,10184.0,unavailable,Hidden,N/A,0.0,2003-11-14,2003-11-22,2003-11-20,Shipped,None,unavailable,N/A,N/A,N/A,None,None,N/A,N/A,N/A,N/A,None,Hidden,N/A,N/A
orders,320.0,N/A,N/A,N/A,N/A,N/A,N/A,N/A,N/A,unavailable,N/A,0.0,N/A,0.0,N/A,N/A,N/A,N/A,unavailable,1102.0,N/A,N/A,10185.0,unavailable,Hidden,N/A,0.0,2003-11-14,2003-11-21,2003-11-20,Shipped,None,unavailable,N/A,N/A,N/A,None,None,N/A,N/A,N/A,N/A,None,Hidden,N/A,N/A
orders,489.0,N/A,N/A,N/A,N/A,N/A,N/A,N/A,N/A,unavailable,N/A,0.0,N/A,0.0,N/A,N/A,N/A,N/A,unavailable,1102.0,N/A,N/A,10186.0,unavailable,Hidden,N/A,0.0,2003-11-14,2003-11-20,2003-11-18,Shipped,They want to reevaluate their terms agreement with the VP of Sales,unavailable,N/A,N/A,N/A,None,None,N/A,N/A,N/A,N/A,None,Hidden,N/A,N/A
orders,211.0,N/A,N/A,N/A,N/A,N/A,N/A,N/A,N/A,unavailable,N/A,0.0,N/A,0.0,N/A,N/A,N/A,N/A,unavailable,1102.0,N/A,N/A,10187.0,unavailable,Hidden,N/A,0.0,2003-11-15,2003-11-24,2003-11-16,Shipped,None,unavailable,N/A,N/A,N/A,None,None,N/A,N/A,N/A,N/A,None,Hidden,N/A,N/A
orders,167.0,N/A,N/A,N/A,N/A,N/A,N/A,N/A,N/A,unavailable,N/A,0.0,N/A,0.0,N/A,N/A,N/A,N/A,unavailable,1102.0,N/A,N/A,10188.0,unavailable,Hidden,N/A,0.0,2003-11-18,2003-11-26,2003-11-24,Shipped,None,unavailable,N/A,N/A,N/A,None,None,N/A,N/A,N/A,N/A,None,Hidden,N/A,N/A
orders,205.0,N/A,N/A,N/A,N/A,N/A,N/A,N/A,N/A,unavailable,N/A,0.0,N/A,0.0,N/A,N/A,N/A,N/A,unavailable,1102.0,N/A,N/A,10189.0,unavailable,Hidden,N/A,0.0,2003-11-18,2003-11-25,2003-11-24,Shipped,They want to reevaluate their terms agreement with Finance.,unavailable,N/A,N/A,N/A,None,None,N/A,N/A,N/A,N/A,None,Hidden,N/A,N/A
orders,141.0,N/A,N/A,N/A,N/A,N/A,N/A,N/A,N/A,unavailable,N/A,0.0,N/A,0.0,N/A,N/A,N/A,N/A,unavailable,1102.0,N/A,N/A,10190.0,unavailable,Hidden,N/A,0.0,2003-11-19,2003-11-29,2003-11-20,Shipped,None,unavailable,N/A,N/A,N/A,None,None,N/A,N/A,N/A,N/A,None,Hidden,N/A,N/A
orders,259.0,N/A,N/A,N/A,N/A,N/A,N/A,N/A,N/A,unavailable,N/A,0.0,N/A,0.0,N/A,N/A,N/A,N/A,unavailable,1102.0,N/A,N/A,10191.0,unavailable,Hidden,N/A,0.0,2003-11-20,2003-11-30,2003-11-24,Shipped,We must be cautions with this customer. Their VP of Sales resigned. Company may be heading down.,unavailable,N/A,N/A,N/A,None,None,N/A,N/A,N/A,N/A,None,Hidden,N/A,N/A
orders,363.0,N/A,N/A,N/A,N/A,N/A,N/A,N/A,N/A,unavailable,N/A,0.0,N/A,0.0,N/A,N/A,N/A,N/A,unavailable,1102.0,N/A,N/A,10192.0,unavailable,Hidden,N/A,0.0,2003-11-20,2003-11-29,2003-11-25,Shipped,None,unavailable,N/A,N/A,N/A,None,None,N/A,N/A,N/A,N/A,None,Hidden,N/A,N/A
orders,471.0,N/A,N/A,N/A,N/A,N/A,N/A,N/A,N/A,unavailable,N/A,0.0,N/A,0.0,N/A,N/A,N/A,N/A,unavailable,1102.0,N/A,N/A,10193.0,unavailable,Hidden,N/A,0.0,2003-11-21,2003-11-28,2003-11-27,Shipped,None,unavailable,N/A,N/A,N/A,None,None,N/A,N/A,N/A,N/A,None,Hidden,N/A,N/A
orders,146.0,N/A,N/A,N/A,N/A,N/A,N/A,N/A,N/A,unavailable,N/A,0.0,N/A,0.0,N/A,N/A,N/A,N/A,unavailable,1102.0,N/A,N/A,10194.0,unavailable,Hidden,N/A,0.0,2003-11-25,2003-12-02,2003-11-26,Shipped,None,unavailable,N/A,N/A,N/A,None,None,N/A,N/A,N/A,N/A,None,Hidden,N/A,N/A
orders,319.0,N/A,N/A,N/A,N/A,N/A,N/A,N/A,N/A,unavailable,N/A,0.0,N/A,0.0,N/A,N/A,N/A,N/A,unavailable,1102.0,N/A,N/A,10195.0,unavailable,Hidden,N/A,0.0,2003-11-25,2003-12-01,2003-11-28,Shipped,None,unavailable,N/A,N/A,N/A,None,None,N/A,N/A,N/A,N/A,None,Hidden,N/A,N/A
orders,455.0,N/A,N/A,N/A,N/A,N/A,N/A,N/A,N/A,unavailable,N/A,0.0,N/A,0.0,N/A,N/A,N/A,N/A,unavailable,1102.0,N/A,N/A,10196.0,unavailable,Hidden,N/A,0.0,2003-11-26,2003-12-03,2003-12-01,Shipped,None,unavailable,N/A,N/A,N/A,None,None,N/A,N/A,N/A,N/A,None,Hidden,N/A,N/A
orders,216.0,N/A,N/A,N/A,N/A,N/A,N/A,N/A,N/A,unavailable,N/A,0.0,N/A,0.0,N/A,N/A,N/A,N/A,unavailable,1102.0,N/A,N/A,10197.0,unavailable,Hidden,N/A,0.0,2003-11-26,2003-12-02,2003-12-01,Shipped,Customer inquired about remote controlled models and gold models.,unavailable,N/A,N/A,N/A,None,None,N/A,N/A,N/A,N/A,None,Hidden,N/A,N/A
orders,385.0,N/A,N/A,N/A,N/A,N/A,N/A,N/A,N/A,unavailable,N/A,0.0,N/A,0.0,N/A,N/A,N/A,N/A,unavailable,1102.0,N/A,N/A,10198.0,unavailable,Hidden,N/A,0.0,2003-11-27,2003-12-06,2003-12-03,Shipped,None,unavailable,N/A,N/A,N/A,None,None,N/A,N/A,N/A,N/A,None,Hidden,N/A,N/A
orders,475.0,N/A,N/A,N/A,N/A,N/A,N/A,N/A,N/A,unavailable,N/A,0.0,N/A,0.0,N/A,N/A,N/A,N/A,unavailable,1102.0,N/A,N/A,10199.0,unavailable,Hidden,N/A,0.0,2003-12-01,2003-12-10,2003-12-06,Shipped,None,unavailable,N/A,N/A,N/A,None,None,N/A,N/A,N/A,N/A,None,Hidden,N/A,N/A
orders,211.0,N/A,N/A,N/A,N/A,N/A,N/A,N/A,N/A,unavailable,N/A,0.0,N/A,0.0,N/A,N/A,N/A,N/A,unavailable,1102.0,N/A,N/A,10200.0,unavailable,Hidden,N/A,0.0,2003-12-01,2003-12-09,2003-12-06,Shipped,None,unavailable,N/A,N/A,N/A,None,None,N/A,N/A,N/A,N/A,None,Hidden,N/A,N/A
orders,129.0,N/A,N/A,N/A,N/A,N/A,N/A,N/A,N/A,unavailable,N/A,0.0,N/A,0.0,N/A,N/A,N/A,N/A,unavailable,1102.0,N/A,N/A,10201.0,unavailable,Hidden,N/A,0.0,2003-12-01,2003-12-11,2003-12-02,Shipped,None,unavailable,N/A,N/A,N/A,None,None,N/A,N/A,N/A,N/A,None,Hidden,N/A,N/A
orders,357.0,N/A,N/A,N/A,N/A,N/A,N/A,N/A,N/A,unavailable,N/A,0.0,N/A,0.0,N/A,N/A,N/A,N/A,unavailable,1102.0,N/A,N/A,10202.0,unavailable,Hidden,N/A,0.0,2003-12-02,2003-12-09,2003-12-06,Shipped,None,unavailable,N/A,N/A,N/A,None,None,N/A,N/A,N/A,N/A,None,Hidden,N/A,N/A
orders,141.0,N/A,N/A,N/A,N/A,N/A,N/A,N/A,N/A,unavailable,N/A,0.0,N/A,0.0,N/A,N/A,N/A,N/A,unavailable,1102.0,N/A,N/A,10203.0,unavailable,Hidden,N/A,0.0,2003-12-02,2003-12-11,2003-12-07,Shipped,None,unavailable,N/A,N/A,N/A,None,None,N/A,N/A,N/A,N/A,None,Hidden,N/A,N/A
orders,151.0,N/A,N/A,N/A,N/A,N/A,N/A,N/A,N/A,unavailable,N/A,0.0,N/A,0.0,N/A,N/A,N/A,N/A,unavailable,1102.0,N/A,N/A,10204.0,unavailable,Hidden,N/A,0.0,2003-12-02,2003-12-10,2003-12-04,Shipped,None,unavailable,N/A,N/A,N/A,None,None,N/A,N/A,N/A,N/A,None,Hidden,N/A,N/A
orders,141.0,N/A,N/A,N/A,N/A,N/A,N/A,N/A,N/A,unavailable,N/A,0.0,N/A,0.0,N/A,N/A,N/A,N/A,unavailable,1102.0,N/A,N/A,10205.0,unavailable,Hidden,N/A,0.0,2003-12-03,2003-12-09,2003-12-07,Shipped, I need all the information I can get on our competitors.,unavailable,N/A,N/A,N/A,None,None,N/A,N/A,N/A,N/A,None,Hidden,N/A,N/A
orders,202.0,N/A,N/A,N/A,N/A,N/A,N/A,N/A,N/A,unavailable,N/A,0.0,N/A,0.0,N/A,N/A,N/A,N/A,unavailable,1102.0,N/A,N/A,10206.0,unavailable,Hidden,N/A,0.0,2003-12-05,2003-12-13,2003-12-08,Shipped,Can we renegotiate this one?,unavailable,N/A,N/A,N/A,None,None,N/A,N/A,N/A,N/A,None,Hidden,N/A,N/A
orders,495.0,N/A,N/A,N/A,N/A,N/A,N/A,N/A,N/A,unavailable,N/A,0.0,N/A,0.0,N/A,N/A,N/A,N/A,unavailable,1102.0,N/A,N/A,10207.0,unavailable,Hidden,N/A,0.0,2003-12-09,2003-12-17,2003-12-11,Shipped,Check on availability.,unavailable,N/A,N/A,N/A,None,None,N/A,N/A,N/A,N/A,None,Hidden,N/A,N/A
orders,146.0,N/A,N/A,N/A,N/A,N/A,N/A,N/A,N/A,unavailable,N/A,0.0,N/A,0.0,N/A,N/A,N/A,N/A,unavailable,1102.0,N/A,N/A,10208.0,unavailable,Hidden,N/A,0.0,2004-01-02,2004-01-11,2004-01-04,Shipped,None,unavailable,N/A,N/A,N/A,None,None,N/A,N/A,N/A,N/A,None,Hidden,N/A,N/A
orders,347.0,N/A,N/A,N/A,N/A,N/A,N/A,N/A,N/A,unavailable,N/A,0.0,N/A,0.0,N/A,N/A,N/A,N/A,unavailable,1102.0,N/A,N/A,10209.0,unavailable,Hidden,N/A,0.0,2004-01-09,2004-01-15,2004-01-12,Shipped,None,unavailable,N/A,N/A,N/A,None,None,N/A,N/A,N/A,N/A,None,Hidden,N/A,N/A
orders,177.0,N/A,N/A,N/A,N/A,N/A,N/A,N/A,N/A,unavailable,N/A,0.0,N/A,0.0,N/A,N/A,N/A,N/A,unavailable,1102.0,N/A,N/A,10210.0,unavailable,Hidden,N/A,0.0,2004-01-12,2004-01-22,2004-01-20,Shipped,None,unavailable,N/A,N/A,N/A,None,None,N/A,N/A,N/A,N/A,None,Hidden,N/A,N/A
orders,406.0,N/A,N/A,N/A,N/A,N/A,N/A,N/A,N/A,unavailable,N/A,0.0,N/A,0.0,N/A,N/A,N/A,N/A,unavailable,1102.0,N/A,N/A,10211.0,unavailable,Hidden,N/A,0.0,2004-01-15,2004-01-25,2004-01-18,Shipped,None,unavailable,N/A,N/A,N/A,None,None,N/A,N/A,N/A,N/A,None,Hidden,N/A,N/A
orders,141.0,N/A,N/A,N/A,N/A,N/A,N/A,N/A,N/A,unavailable,N/A,0.0,N/A,0.0,N/A,N/A,N/A,N/A,unavailable,1102.0,N/A,N/A,10212.0,unavailable,Hidden,N/A,0.0,2004-01-16,2004-01-24,2004-01-18,Shipped,None,unavailable,N/A,N/A,N/A,None,None,N/A,N/A,N/A,N/A,None,Hidden,N/A,N/A
orders,489.0,N/A,N/A,N/A,N/A,N/A,N/A,N/A,N/A,unavailable,N/A,0.0,N/A,0.0,N/A,N/A,N/A,N/A,unavailable,1102.0,N/A,N/A,10213.0,unavailable,Hidden,N/A,0.0,2004-01-22,2004-01-28,2004-01-27,Shipped,Difficult to negotiate with customer. We need more marketing materials,unavailable,N/A,N/A,N/A,None,None,N/A,N/A,N/A,N/A,None,Hidden,N/A,N/A
orders,458.0,N/A,N/A,N/A,N/A,N/A,N/A,N/A,N/A,unavailable,N/A,0.0,N/A,0.0,N/A,N/A,N/A,N/A,unavailable,1102.0,N/A,N/A,10214.0,unavailable,Hidden,N/A,0.0,2004-01-26,2004-02-04,2004-01-29,Shipped,None,unavailable,N/A,N/A,N/A,None,None,N/A,N/A,N/A,N/A,None,Hidden,N/A,N/A
orders,475.0,N/A,N/A,N/A,N/A,N/A,N/A,N/A,N/A,unavailable,N/A,0.0,N/A,0.0,N/A,N/A,N/A,N/A,unavailable,1102.0,N/A,N/A,10215.0,unavailable,Hidden,N/A,0.0,2004-01-29,2004-02-08,2004-02-01,Shipped,Customer requested that FedEx Ground is used for this shipping,unavailable,N/A,N/A,N/A,None,None,N/A,N/A,N/A,N/A,None,Hidden,N/A,N/A
orders,256.0,N/A,N/A,N/A,N/A,N/A,N/A,N/A,N/A,unavailable,N/A,0.0,N/A,0.0,N/A,N/A,N/A,N/A,unavailable,1102.0,N/A,N/A,10216.0,unavailable,Hidden,N/A,0.0,2004-02-02,2004-02-10,2004-02-04,Shipped,None,unavailable,N/A,N/A,N/A,None,None,N/A,N/A,N/A,N/A,None,Hidden,N/A,N/A
orders,166.0,N/A,N/A,N/A,N/A,N/A,N/A,N/A,N/A,unavailable,N/A,0.0,N/A,0.0,N/A,N/A,N/A,N/A,unavailable,1102.0,N/A,N/A,10217.0,unavailable,Hidden,N/A,0.0,2004-02-04,2004-02-14,2004-02-06,Shipped,None,unavailable,N/A,N/A,N/A,None,None,N/A,N/A,N/A,N/A,None,Hidden,N/A,N/A
orders,473.0,N/A,N/A,N/A,N/A,N/A,N/A,N/A,N/A,unavailable,N/A,0.0,N/A,0.0,N/A,N/A,N/A,N/A,unavailable,1102.0,N/A,N/A,10218.0,unavailable,Hidden,N/A,0.0,2004-02-09,2004-02-16,2004-02-11,Shipped,"Customer requested that ad materials (such as posters, pamphlets) be included in the shippment",unavailable,N/A,N/A,N/A,None,None,N/A,N/A,N/A,N/A,None,Hidden,N/A,N/A
orders,487.0,N/A,N/A,N/A,N/A,N/A,N/A,N/A,N/A,unavailable,N/A,0.0,N/A,0.0,N/A,N/A,N/A,N/A,unavailable,1102.0,N/A,N/A,10219.0,unavailable,Hidden,N/A,0.0,2004-02-10,2004-02-17,2004-02-12,Shipped,None,unavailable,N/A,N/A,N/A,None,None,N/A,N/A,N/A,N/A,None,Hidden,N/A,N/A
orders,189.0,N/A,N/A,N/A,N/A,N/A,N/A,N/A,N/A,unavailable,N/A,0.0,N/A,0.0,N/A,N/A,N/A,N/A,unavailable,1102.0,N/A,N/A,10220.0,unavailable,Hidden,N/A,0.0,2004-02-12,2004-02-19,2004-02-16,Shipped,None,unavailable,N/A,N/A,N/A,None,None,N/A,N/A,N/A,N/A,None,Hidden,N/A,N/A
orders,314.0,N/A,N/A,N/A,N/A,N/A,N/A,N/A,N/A,unavailable,N/A,0.0,N/A,0.0,N/A,N/A,N/A,N/A,unavailable,1102.0,N/A,N/A,10221.0,unavailable,Hidden,N/A,0.0,2004-02-18,2004-02-26,2004-02-19,Shipped,None,unavailable,N/A,N/A,N/A,None,None,N/A,N/A,N/A,N/A,None,Hidden,N/A,N/A
orders,239.0,N/A,N/A,N/A,N/A,N/A,N/A,N/A,N/A,unavailable,N/A,0.0,N/A,0.0,N/A,N/A,N/A,N/A,unavailable,1102.0,N/A,N/A,10222.0,unavailable,Hidden,N/A,0.0,2004-02-19,2004-02-27,2004-02-20,Shipped,None,unavailable,N/A,N/A,N/A,None,None,N/A,N/A,N/A,N/A,None,Hidden,N/A,N/A
orders,114.0,N/A,N/A,N/A,N/A,N/A,N/A,N/A,N/A,unavailable,N/A,0.0,N/A,0.0,N/A,N/A,N/A,N/A,unavailable,1102.0,N/A,N/A,10223.0,unavailable,Hidden,N/A,0.0,2004-02-20,2004-02-29,2004-02-24,Shipped,None,unavailable,N/A,N/A,N/A,None,None,N/A,N/A,N/A,N/A,None,Hidden,N/A,N/A
orders,171.0,N/A,N/A,N/A,N/A,N/A,N/A,N/A,N/A,unavailable,N/A,0.0,N/A,0.0,N/A,N/A,N/A,N/A,unavailable,1102.0,N/A,N/A,10224.0,unavailable,Hidden,N/A,0.0,2004-02-21,2004-03-02,2004-02-26,Shipped,Customer has worked with some of our vendors in the past and is aware of their MSRP,unavailable,N/A,N/A,N/A,None,None,N/A,N/A,N/A,N/A,None,Hidden,N/A,N/A
orders,298.0,N/A,N/A,N/A,N/A,N/A,N/A,N/A,N/A,unavailable,N/A,0.0,N/A,0.0,N/A,N/A,N/A,N/A,unavailable,1102.0,N/A,N/A,10225.0,unavailable,Hidden,N/A,0.0,2004-02-22,2004-03-01,2004-02-24,Shipped,None,unavailable,N/A,N/A,N/A,None,None,N/A,N/A,N/A,N/A,None,Hidden,N/A,N/A
orders,239.0,N/A,N/A,N/A,N/A,N/A,N/A,N/A,N/A,unavailable,N/A,0.0,N/A,0.0,N/A,N/A,N/A,N/A,unavailable,1102.0,N/A,N/A,10226.0,unavailable,Hidden,N/A,0.0,2004-02-26,2004-03-06,2004-03-02,Shipped,None,unavailable,N/A,N/A,N/A,None,None,N/A,N/A,N/A,N/A,None,Hidden,N/A,N/A
orders,146.0,N/A,N/A,N/A,N/A,N/A,N/A,N/A,N/A,unavailable,N/A,0.0,N/A,0.0,N/A,N/A,N/A,N/A,unavailable,1102.0,N/A,N/A,10227.0,unavailable,Hidden,N/A,0.0,2004-03-02,2004-03-12,2004-03-08,Shipped,None,unavailable,N/A,N/A,N/A,None,None,N/A,N/A,N/A,N/A,None,Hidden,N/A,N/A
orders,173.0,N/A,N/A,N/A,N/A,N/A,N/A,N/A,N/A,unavailable,N/A,0.0,N/A,0.0,N/A,N/A,N/A,N/A,unavailable,1102.0,N/A,N/A,10228.0,unavailable,Hidden,N/A,0.0,2004-03-10,2004-03-18,2004-03-13,Shipped,None,unavailable,N/A,N/A,N/A,None,None,N/A,N/A,N/A,N/A,None,Hidden,N/A,N/A
orders,124.0,N/A,N/A,N/A,N/A,N/A,N/A,N/A,N/A,unavailable,N/A,0.0,N/A,0.0,N/A,N/A,N/A,N/A,unavailable,1102.0,N/A,N/A,10229.0,unavailable,Hidden,N/A,0.0,2004-03-11,2004-03-20,2004-03-12,Shipped,None,unavailable,N/A,N/A,N/A,None,None,N/A,N/A,N/A,N/A,None,Hidden,N/A,N/A
orders,128.0,N/A,N/A,N/A,N/A,N/A,N/A,N/A,N/A,unavailable,N/A,0.0,N/A,0.0,N/A,N/A,N/A,N/A,unavailable,1102.0,N/A,N/A,10230.0,unavailable,Hidden,N/A,0.0,2004-03-15,2004-03-24,2004-03-20,Shipped,Customer very concerned about the exact color of the models. There is high risk that he may dispute the order because there is a slight color mismatch,unavailable,N/A,N/A,N/A,None,None,N/A,N/A,N/A,N/A,None,Hidden,N/A,N/A
orders,344.0,N/A,N/A,N/A,N/A,N/A,N/A,N/A,N/A,unavailable,N/A,0.0,N/A,0.0,N/A,N/A,N/A,N/A,unavailable,1102.0,N/A,N/A,10231.0,unavailable,Hidden,N/A,0.0,2004-03-19,2004-03-26,2004-03-25,Shipped,None,unavailable,N/A,N/A,N/A,None,None,N/A,N/A,N/A,N/A,None,Hidden,N/A,N/A
orders,240.0,N/A,N/A,N/A,N/A,N/A,N/A,N/A,N/A,unavailable,N/A,0.0,N/A,0.0,N/A,N/A,N/A,N/A,unavailable,1102.0,N/A,N/A,10232.0,unavailable,Hidden,N/A,0.0,2004-03-20,2004-03-30,2004-03-25,Shipped,None,unavailable,N/A,N/A,N/A,None,None,N/A,N/A,N/A,N/A,None,Hidden,N/A,N/A
orders,328.0,N/A,N/A,N/A,N/A,N/A,N/A,N/A,N/A,unavailable,N/A,0.0,N/A,0.0,N/A,N/A,N/A,N/A,unavailable,1102.0,N/A,N/A,10233.0,unavailable,Hidden,N/A,0.0,2004-03-29,2004-04-04,2004-04-02,Shipped,Customer requested special shippment. The instructions were passed along to the warehouse,unavailable,N/A,N/A,N/A,None,None,N/A,N/A,N/A,N/A,None,Hidden,N/A,N/A
orders,412.0,N/A,N/A,N/A,N/A,N/A,N/A,N/A,N/A,unavailable,N/A,0.0,N/A,0.0,N/A,N/A,N/A,N/A,unavailable,1102.0,N/A,N/A,10234.0,unavailable,Hidden,N/A,0.0,2004-03-30,2004-04-05,2004-04-02,Shipped,None,unavailable,N/A,N/A,N/A,None,None,N/A,N/A,N/A,N/A,None,Hidden,N/A,N/A
orders,260.0,N/A,N/A,N/A,N/A,N/A,N/A,N/A,N/A,unavailable,N/A,0.0,N/A,0.0,N/A,N/A,N/A,N/A,unavailable,1102.0,N/A,N/A,10235.0,unavailable,Hidden,N/A,0.0,2004-04-02,2004-04-12,2004-04-06,Shipped,None,unavailable,N/A,N/A,N/A,None,None,N/A,N/A,N/A,N/A,None,Hidden,N/A,N/A
orders,486.0,N/A,N/A,N/A,N/A,N/A,N/A,N/A,N/A,unavailable,N/A,0.0,N/A,0.0,N/A,N/A,N/A,N/A,unavailable,1102.0,N/A,N/A,10236.0,unavailable,Hidden,N/A,0.0,2004-04-03,2004-04-11,2004-04-08,Shipped,None,unavailable,N/A,N/A,N/A,None,None,N/A,N/A,N/A,N/A,None,Hidden,N/A,N/A
orders,181.0,N/A,N/A,N/A,N/A,N/A,N/A,N/A,N/A,unavailable,N/A,0.0,N/A,0.0,N/A,N/A,N/A,N/A,unavailable,1102.0,N/A,N/A,10237.0,unavailable,Hidden,N/A,0.0,2004-04-05,2004-04-12,2004-04-10,Shipped,None,unavailable,N/A,N/A,N/A,None,None,N/A,N/A,N/A,N/A,None,Hidden,N/A,N/A
orders,145.0,N/A,N/A,N/A,N/A,N/A,N/A,N/A,N/A,unavailable,N/A,0.0,N/A,0.0,N/A,N/A,N/A,N/A,unavailable,1102.0,N/A,N/A,10238.0,unavailable,Hidden,N/A,0.0,2004-04-09,2004-04-16,2004-04-10,Shipped,None,unavailable,N/A,N/A,N/A,None,None,N/A,N/A,N/A,N/A,None,Hidden,N/A,N/A
orders,311.0,N/A,N/A,N/A,N/A,N/A,N/A,N/A,N/A,unavailable,N/A,0.0,N/A,0.0,N/A,N/A,N/A,N/A,unavailable,1102.0,N/A,N/A,10239.0,unavailable,Hidden,N/A,0.0,2004-04-12,2004-04-21,2004-04-17,Shipped,None,unavailable,N/A,N/A,N/A,None,None,N/A,N/A,N/A,N/A,None,Hidden,N/A,N/A
orders,177.0,N/A,N/A,N/A,N/A,N/A,N/A,N/A,N/A,unavailable,N/A,0.0,N/A,0.0,N/A,N/A,N/A,N/A,unavailable,1102.0,N/A,N/A,10240.0,unavailable,Hidden,N/A,0.0,2004-04-13,2004-04-20,2004-04-20,Shipped,None,unavailable,N/A,N/A,N/A,None,None,N/A,N/A,N/A,N/A,None,Hidden,N/A,N/A
orders,209.0,N/A,N/A,N/A,N/A,N/A,N/A,N/A,N/A,unavailable,N/A,0.0,N/A,0.0,N/A,N/A,N/A,N/A,unavailable,1102.0,N/A,N/A,10241.0,unavailable,Hidden,N/A,0.0,2004-04-13,2004-04-20,2004-04-19,Shipped,None,unavailable,N/A,N/A,N/A,None,None,N/A,N/A,N/A,N/A,None,Hidden,N/A,N/A
orders,456.0,N/A,N/A,N/A,N/A,N/A,N/A,N/A,N/A,unavailable,N/A,0.0,N/A,0.0,N/A,N/A,N/A,N/A,unavailable,1102.0,N/A,N/A,10242.0,unavailable,Hidden,N/A,0.0,2004-04-20,2004-04-28,2004-04-25,Shipped,Customer is interested in buying more Ferrari models,unavailable,N/A,N/A,N/A,None,None,N/A,N/A,N/A,N/A,None,Hidden,N/A,N/A
orders,495.0,N/A,N/A,N/A,N/A,N/A,N/A,N/A,N/A,unavailable,N/A,0.0,N/A,0.0,N/A,N/A,N/A,N/A,unavailable,1102.0,N/A,N/A,10243.0,unavailable,Hidden,N/A,0.0,2004-04-26,2004-05-03,2004-04-28,Shipped,None,unavailable,N/A,N/A,N/A,None,None,N/A,N/A,N/A,N/A,None,Hidden,N/A,N/A
orders,141.0,N/A,N/A,N/A,N/A,N/A,N/A,N/A,N/A,unavailable,N/A,0.0,N/A,0.0,N/A,N/A,N/A,N/A,unavailable,1102.0,N/A,N/A,10244.0,unavailable,Hidden,N/A,0.0,2004-04-29,2004-05-09,2004-05-04,Shipped,None,unavailable,N/A,N/A,N/A,None,None,N/A,N/A,N/A,N/A,None,Hidden,N/A,N/A
orders,455.0,N/A,N/A,N/A,N/A,N/A,N/A,N/A,N/A,unavailable,N/A,0.0,N/A,0.0,N/A,N/A,N/A,N/A,unavailable,1102.0,N/A,N/A,10245.0,unavailable,Hidden,N/A,0.0,2004-05-04,2004-05-12,2004-05-09,Shipped,None,unavailable,N/A,N/A,N/A,None,None,N/A,N/A,N/A,N/A,None,Hidden,N/A,N/A
orders,141.0,N/A,N/A,N/A,N/A,N/A,N/A,N/A,N/A,unavailable,N/A,0.0,N/A,0.0,N/A,N/A,N/A,N/A,unavailable,1102.0,N/A,N/A,10246.0,unavailable,Hidden,N/A,0.0,2004-05-05,2004-05-13,2004-05-06,Shipped,None,unavailable,N/A,N/A,N/A,None,None,N/A,N/A,N/A,N/A,None,Hidden,N/A,N/A
orders,334.0,N/A,N/A,N/A,N/A,N/A,N/A,N/A,N/A,unavailable,N/A,0.0,N/A,0.0,N/A,N/A,N/A,N/A,unavailable,1102.0,N/A,N/A,10247.0,unavailable,Hidden,N/A,0.0,2004-05-05,2004-05-11,2004-05-08,Shipped,None,unavailable,N/A,N/A,N/A,None,None,N/A,N/A,N/A,N/A,None,Hidden,N/A,N/A
orders,131.0,N/A,N/A,N/A,N/A,N/A,N/A,N/A,N/A,unavailable,N/A,0.0,N/A,0.0,N/A,N/A,N/A,N/A,unavailable,1102.0,N/A,N/A,10248.0,unavailable,Hidden,N/A,0.0,2004-05-07,2004-05-14,N/A,Cancelled,Order was mistakenly placed. The warehouse noticed the lack of documentation.,unavailable,N/A,N/A,N/A,None,None,N/A,N/A,N/A,N/A,None,Hidden,N/A,N/A
orders,173.0,N/A,N/A,N/A,N/A,N/A,N/A,N/A,N/A,unavailable,N/A,0.0,N/A,0.0,N/A,N/A,N/A,N/A,unavailable,1102.0,N/A,N/A,10249.0,unavailable,Hidden,N/A,0.0,2004-05-08,2004-05-17,2004-05-11,Shipped,Can we deliver the new Ford Mustang models by end-of-quarter?,unavailable,N/A,N/A,N/A,None,None,N/A,N/A,N/A,N/A,None,Hidden,N/A,N/A
orders,450.0,N/A,N/A,N/A,N/A,N/A,N/A,N/A,N/A,unavailable,N/A,0.0,N/A,0.0,N/A,N/A,N/A,N/A,unavailable,1102.0,N/A,N/A,10250.0,unavailable,Hidden,N/A,0.0,2004-05-11,2004-05-19,2004-05-15,Shipped,None,unavailable,N/A,N/A,N/A,None,None,N/A,N/A,N/A,N/A,None,Hidden,N/A,N/A
orders,328.0,N/A,N/A,N/A,N/A,N/A,N/A,N/A,N/A,unavailable,N/A,0.0,N/A,0.0,N/A,N/A,N/A,N/A,unavailable,1102.0,N/A,N/A,10251.0,unavailable,Hidden,N/A,0.0,2004-05-18,2004-05-24,2004-05-24,Shipped,None,unavailable,N/A,N/A,N/A,None,None,N/A,N/A,N/A,N/A,None,Hidden,N/A,N/A
orders,406.0,N/A,N/A,N/A,N/A,N/A,N/A,N/A,N/A,unavailable,N/A,0.0,N/A,0.0,N/A,N/A,N/A,N/A,unavailable,1102.0,N/A,N/A,10252.0,unavailable,Hidden,N/A,0.0,2004-05-26,2004-06-04,2004-05-29,Shipped,None,unavailable,N/A,N/A,N/A,None,None,N/A,N/A,N/A,N/A,None,Hidden,N/A,N/A
orders,201.0,N/A,N/A,N/A,N/A,N/A,N/A,N/A,N/A,unavailable,N/A,0.0,N/A,0.0,N/A,N/A,N/A,N/A,unavailable,1102.0,N/A,N/A,10253.0,unavailable,Hidden,N/A,0.0,2004-06-01,2004-06-09,2004-06-02,Cancelled,"Customer disputed the order and we agreed to cancel it. We must be more cautions with this customer going forward, since they are very hard to please. We must cover the shipping fees.",unavailable,N/A,N/A,N/A,None,None,N/A,N/A,N/A,N/A,None,Hidden,N/A,N/A
orders,323.0,N/A,N/A,N/A,N/A,N/A,N/A,N/A,N/A,unavailable,N/A,0.0,N/A,0.0,N/A,N/A,N/A,N/A,unavailable,1102.0,N/A,N/A,10254.0,unavailable,Hidden,N/A,0.0,2004-06-03,2004-06-13,2004-06-04,Shipped,Customer requested that DHL is used for this shipping,unavailable,N/A,N/A,N/A,None,None,N/A,N/A,N/A,N/A,None,Hidden,N/A,N/A
orders,209.0,N/A,N/A,N/A,N/A,N/A,N/A,N/A,N/A,unavailable,N/A,0.0,N/A,0.0,N/A,N/A,N/A,N/A,unavailable,1102.0,N/A,N/A,10255.0,unavailable,Hidden,N/A,0.0,2004-06-04,2004-06-12,2004-06-09,Shipped,None,unavailable,N/A,N/A,N/A,None,None,N/A,N/A,N/A,N/A,None,Hidden,N/A,N/A
orders,145.0,N/A,N/A,N/A,N/A,N/A,N/A,N/A,N/A,unavailable,N/A,0.0,N/A,0.0,N/A,N/A,N/A,N/A,unavailable,1102.0,N/A,N/A,10256.0,unavailable,Hidden,N/A,0.0,2004-06-08,2004-06-16,2004-06-10,Shipped,None,unavailable,N/A,N/A,N/A,None,None,N/A,N/A,N/A,N/A,None,Hidden,N/A,N/A
orders,450.0,N/A,N/A,N/A,N/A,N/A,N/A,N/A,N/A,unavailable,N/A,0.0,N/A,0.0,N/A,N/A,N/A,N/A,unavailable,1102.0,N/A,N/A,10257.0,unavailable,Hidden,N/A,0.0,2004-06-14,2004-06-24,2004-06-15,Shipped,None,unavailable,N/A,N/A,N/A,None,None,N/A,N/A,N/A,N/A,None,Hidden,N/A,N/A
orders,398.0,N/A,N/A,N/A,N/A,N/A,N/A,N/A,N/A,unavailable,N/A,0.0,N/A,0.0,N/A,N/A,N/A,N/A,unavailable,1102.0,N/A,N/A,10258.0,unavailable,Hidden,N/A,0.0,2004-06-15,2004-06-25,2004-06-23,Shipped,None,unavailable,N/A,N/A,N/A,None,None,N/A,N/A,N/A,N/A,None,Hidden,N/A,N/A
orders,166.0,N/A,N/A,N/A,N/A,N/A,N/A,N/A,N/A,unavailable,N/A,0.0,N/A,0.0,N/A,N/A,N/A,N/A,unavailable,1102.0,N/A,N/A,10259.0,unavailable,Hidden,N/A,0.0,2004-06-15,2004-06-22,2004-06-17,Shipped,None,unavailable,N/A,N/A,N/A,None,None,N/A,N/A,N/A,N/A,None,Hidden,N/A,N/A
orders,357.0,N/A,N/A,N/A,N/A,N/A,N/A,N/A,N/A,unavailable,N/A,0.0,N/A,0.0,N/A,N/A,N/A,N/A,unavailable,1102.0,N/A,N/A,10260.0,unavailable,Hidden,N/A,0.0,2004-06-16,2004-06-22,N/A,Cancelled,Customer heard complaints from their customers and called to cancel this order. Will notify the Sales Manager.,unavailable,N/A,N/A,N/A,None,None,N/A,N/A,N/A,N/A,None,Hidden,N/A,N/A
orders,233.0,N/A,N/A,N/A,N/A,N/A,N/A,N/A,N/A,unavailable,N/A,0.0,N/A,0.0,N/A,N/A,N/A,N/A,unavailable,1102.0,N/A,N/A,10261.0,unavailable,Hidden,N/A,0.0,2004-06-17,2004-06-25,2004-06-22,Shipped,None,unavailable,N/A,N/A,N/A,None,None,N/A,N/A,N/A,N/A,None,Hidden,N/A,N/A
orders,141.0,N/A,N/A,N/A,N/A,N/A,N/A,N/A,N/A,unavailable,N/A,0.0,N/A,0.0,N/A,N/A,N/A,N/A,unavailable,1102.0,N/A,N/A,10262.0,unavailable,Hidden,N/A,0.0,2004-06-24,2004-07-01,N/A,Cancelled,This customer found a better offer from one of our competitors. Will call back to renegotiate.,unavailable,N/A,N/A,N/A,None,None,N/A,N/A,N/A,N/A,None,Hidden,N/A,N/A
orders,175.0,N/A,N/A,N/A,N/A,N/A,N/A,N/A,N/A,unavailable,N/A,0.0,N/A,0.0,N/A,N/A,N/A,N/A,unavailable,1102.0,N/A,N/A,10263.0,unavailable,Hidden,N/A,0.0,2004-06-28,2004-07-04,2004-07-02,Shipped,None,unavailable,N/A,N/A,N/A,None,None,N/A,N/A,N/A,N/A,None,Hidden,N/A,N/A
orders,362.0,N/A,N/A,N/A,N/A,N/A,N/A,N/A,N/A,unavailable,N/A,0.0,N/A,0.0,N/A,N/A,N/A,N/A,unavailable,1102.0,N/A,N/A,10264.0,unavailable,Hidden,N/A,0.0,2004-06-30,2004-07-06,2004-07-01,Shipped,Customer will send a truck to our local warehouse on 7/1/2004,unavailable,N/A,N/A,N/A,None,None,N/A,N/A,N/A,N/A,None,Hidden,N/A,N/A
orders,471.0,N/A,N/A,N/A,N/A,N/A,N/A,N/A,N/A,unavailable,N/A,0.0,N/A,0.0,N/A,N/A,N/A,N/A,unavailable,1102.0,N/A,N/A,10265.0,unavailable,Hidden,N/A,0.0,2004-07-02,2004-07-09,2004-07-07,Shipped,None,unavailable,N/A,N/A,N/A,None,None,N/A,N/A,N/A,N/A,None,Hidden,N/A,N/A
orders,386.0,N/A,N/A,N/A,N/A,N/A,N/A,N/A,N/A,unavailable,N/A,0.0,N/A,0.0,N/A,N/A,N/A,N/A,unavailable,1102.0,N/A,N/A,10266.0,unavailable,Hidden,N/A,0.0,2004-07-06,2004-07-14,2004-07-10,Shipped,None,unavailable,N/A,N/A,N/A,None,None,N/A,N/A,N/A,N/A,None,Hidden,N/A,N/A
orders,151.0,N/A,N/A,N/A,N/A,N/A,N/A,N/A,N/A,unavailable,N/A,0.0,N/A,0.0,N/A,N/A,N/A,N/A,unavailable,1102.0,N/A,N/A,10267.0,unavailable,Hidden,N/A,0.0,2004-07-07,2004-07-17,2004-07-09,Shipped,None,unavailable,N/A,N/A,N/A,None,None,N/A,N/A,N/A,N/A,None,Hidden,N/A,N/A
orders,412.0,N/A,N/A,N/A,N/A,N/A,N/A,N/A,N/A,unavailable,N/A,0.0,N/A,0.0,N/A,N/A,N/A,N/A,unavailable,1102.0,N/A,N/A,10268.0,unavailable,Hidden,N/A,0.0,2004-07-12,2004-07-18,2004-07-14,Shipped,None,unavailable,N/A,N/A,N/A,None,None,N/A,N/A,N/A,N/A,None,Hidden,N/A,N/A
orders,382.0,N/A,N/A,N/A,N/A,N/A,N/A,N/A,N/A,unavailable,N/A,0.0,N/A,0.0,N/A,N/A,N/A,N/A,unavailable,1102.0,N/A,N/A,10269.0,unavailable,Hidden,N/A,0.0,2004-07-16,2004-07-22,2004-07-18,Shipped,None,unavailable,N/A,N/A,N/A,None,None,N/A,N/A,N/A,N/A,None,Hidden,N/A,N/A
orders,282.0,N/A,N/A,N/A,N/A,N/A,N/A,N/A,N/A,unavailable,N/A,0.0,N/A,0.0,N/A,N/A,N/A,N/A,unavailable,1102.0,N/A,N/A,10270.0,unavailable,Hidden,N/A,0.0,2004-07-19,2004-07-27,2004-07-24,Shipped,Can we renegotiate this one?,unavailable,N/A,N/A,N/A,None,None,N/A,N/A,N/A,N/A,None,Hidden,N/A,N/A
orders,124.0,N/A,N/A,N/A,N/A,N/A,N/A,N/A,N/A,unavailable,N/A,0.0,N/A,0.0,N/A,N/A,N/A,N/A,unavailable,1102.0,N/A,N/A,10271.0,unavailable,Hidden,N/A,0.0,2004-07-20,2004-07-29,2004-07-23,Shipped,None,unavailable,N/A,N/A,N/A,None,None,N/A,N/A,N/A,N/A,None,Hidden,N/A,N/A
orders,157.0,N/A,N/A,N/A,N/A,N/A,N/A,N/A,N/A,unavailable,N/A,0.0,N/A,0.0,N/A,N/A,N/A,N/A,unavailable,1102.0,N/A,N/A,10272.0,unavailable,Hidden,N/A,0.0,2004-07-20,2004-07-26,2004-07-22,Shipped,None,unavailable,N/A,N/A,N/A,None,None,N/A,N/A,N/A,N/A,None,Hidden,N/A,N/A
orders,314.0,N/A,N/A,N/A,N/A,N/A,N/A,N/A,N/A,unavailable,N/A,0.0,N/A,0.0,N/A,N/A,N/A,N/A,unavailable,1102.0,N/A,N/A,10273.0,unavailable,Hidden,N/A,0.0,2004-07-21,2004-07-28,2004-07-22,Shipped,None,unavailable,N/A,N/A,N/A,None,None,N/A,N/A,N/A,N/A,None,Hidden,N/A,N/A
orders,379.0,N/A,N/A,N/A,N/A,N/A,N/A,N/A,N/A,unavailable,N/A,0.0,N/A,0.0,N/A,N/A,N/A,N/A,unavailable,1102.0,N/A,N/A,10274.0,unavailable,Hidden,N/A,0.0,2004-07-21,2004-07-29,2004-07-22,Shipped,None,unavailable,N/A,N/A,N/A,None,None,N/A,N/A,N/A,N/A,None,Hidden,N/A,N/A
orders,119.0,N/A,N/A,N/A,N/A,N/A,N/A,N/A,N/A,unavailable,N/A,0.0,N/A,0.0,N/A,N/A,N/A,N/A,unavailable,1102.0,N/A,N/A,10275.0,unavailable,Hidden,N/A,0.0,2004-07-23,2004-08-02,2004-07-29,Shipped,None,unavailable,N/A,N/A,N/A,None,None,N/A,N/A,N/A,N/A,None,Hidden,N/A,N/A
orders,204.0,N/A,N/A,N/A,N/A,N/A,N/A,N/A,N/A,unavailable,N/A,0.0,N/A,0.0,N/A,N/A,N/A,N/A,unavailable,1102.0,N/A,N/A,10276.0,unavailable,Hidden,N/A,0.0,2004-08-02,2004-08-11,2004-08-08,Shipped,None,unavailable,N/A,N/A,N/A,None,None,N/A,N/A,N/A,N/A,None,Hidden,N/A,N/A
orders,148.0,N/A,N/A,N/A,N/A,N/A,N/A,N/A,N/A,unavailable,N/A,0.0,N/A,0.0,N/A,N/A,N/A,N/A,unavailable,1102.0,N/A,N/A,10277.0,unavailable,Hidden,N/A,0.0,2004-08-04,2004-08-12,2004-08-05,Shipped,None,unavailable,N/A,N/A,N/A,None,None,N/A,N/A,N/A,N/A,None,Hidden,N/A,N/A
orders,112.0,N/A,N/A,N/A,N/A,N/A,N/A,N/A,N/A,unavailable,N/A,0.0,N/A,0.0,N/A,N/A,N/A,N/A,unavailable,1102.0,N/A,N/A,10278.0,unavailable,Hidden,N/A,0.0,2004-08-06,2004-08-16,2004-08-09,Shipped,None,unavailable,N/A,N/A,N/A,None,None,N/A,N/A,N/A,N/A,None,Hidden,N/A,N/A
orders,141.0,N/A,N/A,N/A,N/A,N/A,N/A,N/A,N/A,unavailable,N/A,0.0,N/A,0.0,N/A,N/A,N/A,N/A,unavailable,1102.0,N/A,N/A,10279.0,unavailable,Hidden,N/A,0.0,2004-08-09,2004-08-19,2004-08-15,Shipped,"Cautious optimism. We have happy customers here, if we can keep them well stocked.  I need all the information I can get on the planned shippments of Porches",unavailable,N/A,N/A,N/A,None,None,N/A,N/A,N/A,N/A,None,Hidden,N/A,N/A
orders,249.0,N/A,N/A,N/A,N/A,N/A,N/A,N/A,N/A,unavailable,N/A,0.0,N/A,0.0,N/A,N/A,N/A,N/A,unavailable,1102.0,N/A,N/A,10280.0,unavailable,Hidden,N/A,0.0,2004-08-17,2004-08-27,2004-08-19,Shipped,None,unavailable,N/A,N/A,N/A,None,None,N/A,N/A,N/A,N/A,None,Hidden,N/A,N/A
orders,157.0,N/A,N/A,N/A,N/A,N/A,N/A,N/A,N/A,unavailable,N/A,0.0,N/A,0.0,N/A,N/A,N/A,N/A,unavailable,1102.0,N/A,N/A,10281.0,unavailable,Hidden,N/A,0.0,2004-08-19,2004-08-28,2004-08-23,Shipped,None,unavailable,N/A,N/A,N/A,None,None,N/A,N/A,N/A,N/A,None,Hidden,N/A,N/A
orders,124.0,N/A,N/A,N/A,N/A,N/A,N/A,N/A,N/A,unavailable,N/A,0.0,N/A,0.0,N/A,N/A,N/A,N/A,unavailable,1102.0,N/A,N/A,10282.0,unavailable,Hidden,N/A,0.0,2004-08-20,2004-08-26,2004-08-22,Shipped,None,unavailable,N/A,N/A,N/A,None,None,N/A,N/A,N/A,N/A,None,Hidden,N/A,N/A
orders,260.0,N/A,N/A,N/A,N/A,N/A,N/A,N/A,N/A,unavailable,N/A,0.0,N/A,0.0,N/A,N/A,N/A,N/A,unavailable,1102.0,N/A,N/A,10283.0,unavailable,Hidden,N/A,0.0,2004-08-20,2004-08-30,2004-08-23,Shipped,None,unavailable,N/A,N/A,N/A,None,None,N/A,N/A,N/A,N/A,None,Hidden,N/A,N/A
orders,299.0,N/A,N/A,N/A,N/A,N/A,N/A,N/A,N/A,unavailable,N/A,0.0,N/A,0.0,N/A,N/A,N/A,N/A,unavailable,1102.0,N/A,N/A,10284.0,unavailable,Hidden,N/A,0.0,2004-08-21,2004-08-29,2004-08-26,Shipped,Custom shipping instructions sent to warehouse,unavailable,N/A,N/A,N/A,None,None,N/A,N/A,N/A,N/A,None,Hidden,N/A,N/A
orders,286.0,N/A,N/A,N/A,N/A,N/A,N/A,N/A,N/A,unavailable,N/A,0.0,N/A,0.0,N/A,N/A,N/A,N/A,unavailable,1102.0,N/A,N/A,10285.0,unavailable,Hidden,N/A,0.0,2004-08-27,2004-09-04,2004-08-31,Shipped,None,unavailable,N/A,N/A,N/A,None,None,N/A,N/A,N/A,N/A,None,Hidden,N/A,N/A
orders,172.0,N/A,N/A,N/A,N/A,N/A,N/A,N/A,N/A,unavailable,N/A,0.0,N/A,0.0,N/A,N/A,N/A,N/A,unavailable,1102.0,N/A,N/A,10286.0,unavailable,Hidden,N/A,0.0,2004-08-28,2004-09-06,2004-09-01,Shipped,None,unavailable,N/A,N/A,N/A,None,None,N/A,N/A,N/A,N/A,None,Hidden,N/A,N/A
orders,298.0,N/A,N/A,N/A,N/A,N/A,N/A,N/A,N/A,unavailable,N/A,0.0,N/A,0.0,N/A,N/A,N/A,N/A,unavailable,1102.0,N/A,N/A,10287.0,unavailable,Hidden,N/A,0.0,2004-08-30,2004-09-06,2004-09-01,Shipped,None,unavailable,N/A,N/A,N/A,None,None,N/A,N/A,N/A,N/A,None,Hidden,N/A,N/A
orders,166.0,N/A,N/A,N/A,N/A,N/A,N/A,N/A,N/A,unavailable,N/A,0.0,N/A,0.0,N/A,N/A,N/A,N/A,unavailable,1102.0,N/A,N/A,10288.0,unavailable,Hidden,N/A,0.0,2004-09-01,2004-09-11,2004-09-05,Shipped,None,unavailable,N/A,N/A,N/A,None,None,N/A,N/A,N/A,N/A,None,Hidden,N/A,N/A
orders,167.0,N/A,N/A,N/A,N/A,N/A,N/A,N/A,N/A,unavailable,N/A,0.0,N/A,0.0,N/A,N/A,N/A,N/A,unavailable,1102.0,N/A,N/A,10289.0,unavailable,Hidden,N/A,0.0,2004-09-03,2004-09-13,2004-09-04,Shipped,We need to keep in close contact with their Marketing VP. He is the decision maker for all their purchases.,unavailable,N/A,N/A,N/A,None,None,N/A,N/A,N/A,N/A,None,Hidden,N/A,N/A
orders,198.0,N/A,N/A,N/A,N/A,N/A,N/A,N/A,N/A,unavailable,N/A,0.0,N/A,0.0,N/A,N/A,N/A,N/A,unavailable,1102.0,N/A,N/A,10290.0,unavailable,Hidden,N/A,0.0,2004-09-07,2004-09-15,2004-09-13,Shipped,None,unavailable,N/A,N/A,N/A,None,None,N/A,N/A,N/A,N/A,None,Hidden,N/A,N/A
orders,448.0,N/A,N/A,N/A,N/A,N/A,N/A,N/A,N/A,unavailable,N/A,0.0,N/A,0.0,N/A,N/A,N/A,N/A,unavailable,1102.0,N/A,N/A,10291.0,unavailable,Hidden,N/A,0.0,2004-09-08,2004-09-17,2004-09-14,Shipped,None,unavailable,N/A,N/A,N/A,None,None,N/A,N/A,N/A,N/A,None,Hidden,N/A,N/A
orders,131.0,N/A,N/A,N/A,N/A,N/A,N/A,N/A,N/A,unavailable,N/A,0.0,N/A,0.0,N/A,N/A,N/A,N/A,unavailable,1102.0,N/A,N/A,10292.0,unavailable,Hidden,N/A,0.0,2004-09-08,2004-09-18,2004-09-11,Shipped,They want to reevaluate their terms agreement with Finance.,unavailable,N/A,N/A,N/A,None,None,N/A,N/A,N/A,N/A,None,Hidden,N/A,N/A
orders,249.0,N/A,N/A,N/A,N/A,N/A,N/A,N/A,N/A,unavailable,N/A,0.0,N/A,0.0,N/A,N/A,N/A,N/A,unavailable,1102.0,N/A,N/A,10293.0,unavailable,Hidden,N/A,0.0,2004-09-09,2004-09-18,2004-09-14,Shipped,None,unavailable,N/A,N/A,N/A,None,None,N/A,N/A,N/A,N/A,None,Hidden,N/A,N/A
orders,204.0,N/A,N/A,N/A,N/A,N/A,N/A,N/A,N/A,unavailable,N/A,0.0,N/A,0.0,N/A,N/A,N/A,N/A,unavailable,1102.0,N/A,N/A,10294.0,unavailable,Hidden,N/A,0.0,2004-09-10,2004-09-17,2004-09-14,Shipped,None,unavailable,N/A,N/A,N/A,None,None,N/A,N/A,N/A,N/A,None,Hidden,N/A,N/A
orders,362.0,N/A,N/A,N/A,N/A,N/A,N/A,N/A,N/A,unavailable,N/A,0.0,N/A,0.0,N/A,N/A,N/A,N/A,unavailable,1102.0,N/A,N/A,10295.0,unavailable,Hidden,N/A,0.0,2004-09-10,2004-09-17,2004-09-14,Shipped,They want to reevaluate their terms agreement with Finance.,unavailable,N/A,N/A,N/A,None,None,N/A,N/A,N/A,N/A,None,Hidden,N/A,N/A
orders,415.0,N/A,N/A,N/A,N/A,N/A,N/A,N/A,N/A,unavailable,N/A,0.0,N/A,0.0,N/A,N/A,N/A,N/A,unavailable,1102.0,N/A,N/A,10296.0,unavailable,Hidden,N/A,0.0,2004-09-15,2004-09-22,2004-09-16,Shipped,None,unavailable,N/A,N/A,N/A,None,None,N/A,N/A,N/A,N/A,None,Hidden,N/A,N/A
orders,189.0,N/A,N/A,N/A,N/A,N/A,N/A,N/A,N/A,unavailable,N/A,0.0,N/A,0.0,N/A,N/A,N/A,N/A,unavailable,1102.0,N/A,N/A,10297.0,unavailable,Hidden,N/A,0.0,2004-09-16,2004-09-22,2004-09-21,Shipped,We must be cautions with this customer. Their VP of Sales resigned. Company may be heading down.,unavailable,N/A,N/A,N/A,None,None,N/A,N/A,N/A,N/A,None,Hidden,N/A,N/A
orders,103.0,N/A,N/A,N/A,N/A,N/A,N/A,N/A,N/A,unavailable,N/A,0.0,N/A,0.0,N/A,N/A,N/A,N/A,unavailable,1102.0,N/A,N/A,10298.0,unavailable,Hidden,N/A,0.0,2004-09-27,2004-10-05,2004-10-01,Shipped,None,unavailable,N/A,N/A,N/A,None,None,N/A,N/A,N/A,N/A,None,Hidden,N/A,N/A
orders,186.0,N/A,N/A,N/A,N/A,N/A,N/A,N/A,N/A,unavailable,N/A,0.0,N/A,0.0,N/A,N/A,N/A,N/A,unavailable,1102.0,N/A,N/A,10299.0,unavailable,Hidden,N/A,0.0,2004-09-30,2004-10-10,2004-10-01,Shipped,None,unavailable,N/A,N/A,N/A,None,None,N/A,N/A,N/A,N/A,None,Hidden,N/A,N/A
orders,128.0,N/A,N/A,N/A,N/A,N/A,N/A,N/A,N/A,unavailable,N/A,0.0,N/A,0.0,N/A,N/A,N/A,N/A,unavailable,1102.0,N/A,N/A,10300.0,unavailable,Hidden,N/A,0.0,2003-10-04,2003-10-13,2003-10-09,Shipped,None,unavailable,N/A,N/A,N/A,None,None,N/A,N/A,N/A,N/A,None,Hidden,N/A,N/A
orders,299.0,N/A,N/A,N/A,N/A,N/A,N/A,N/A,N/A,unavailable,N/A,0.0,N/A,0.0,N/A,N/A,N/A,N/A,unavailable,1102.0,N/A,N/A,10301.0,unavailable,Hidden,N/A,0.0,2003-10-05,2003-10-15,2003-10-08,Shipped,None,unavailable,N/A,N/A,N/A,None,None,N/A,N/A,N/A,N/A,None,Hidden,N/A,N/A
orders,201.0,N/A,N/A,N/A,N/A,N/A,N/A,N/A,N/A,unavailable,N/A,0.0,N/A,0.0,N/A,N/A,N/A,N/A,unavailable,1102.0,N/A,N/A,10302.0,unavailable,Hidden,N/A,0.0,2003-10-06,2003-10-16,2003-10-07,Shipped,None,unavailable,N/A,N/A,N/A,None,None,N/A,N/A,N/A,N/A,None,Hidden,N/A,N/A
orders,484.0,N/A,N/A,N/A,N/A,N/A,N/A,N/A,N/A,unavailable,N/A,0.0,N/A,0.0,N/A,N/A,N/A,N/A,unavailable,1102.0,N/A,N/A,10303.0,unavailable,Hidden,N/A,0.0,2004-10-06,2004-10-14,2004-10-09,Shipped,Customer inquired about remote controlled models and gold models.,unavailable,N/A,N/A,N/A,None,None,N/A,N/A,N/A,N/A,None,Hidden,N/A,N/A
orders,256.0,N/A,N/A,N/A,N/A,N/A,N/A,N/A,N/A,unavailable,N/A,0.0,N/A,0.0,N/A,N/A,N/A,N/A,unavailable,1102.0,N/A,N/A,10304.0,unavailable,Hidden,N/A,0.0,2004-10-11,2004-10-20,2004-10-17,Shipped,None,unavailable,N/A,N/A,N/A,None,None,N/A,N/A,N/A,N/A,None,Hidden,N/A,N/A
orders,286.0,N/A,N/A,N/A,N/A,N/A,N/A,N/A,N/A,unavailable,N/A,0.0,N/A,0.0,N/A,N/A,N/A,N/A,unavailable,1102.0,N/A,N/A,10305.0,unavailable,Hidden,N/A,0.0,2004-10-13,2004-10-22,2004-10-15,Shipped,Check on availability.,unavailable,N/A,N/A,N/A,None,None,N/A,N/A,N/A,N/A,None,Hidden,N/A,N/A
orders,187.0,N/A,N/A,N/A,N/A,N/A,N/A,N/A,N/A,unavailable,N/A,0.0,N/A,0.0,N/A,N/A,N/A,N/A,unavailable,1102.0,N/A,N/A,10306.0,unavailable,Hidden,N/A,0.0,2004-10-14,2004-10-21,2004-10-17,Shipped,None,unavailable,N/A,N/A,N/A,None,None,N/A,N/A,N/A,N/A,None,Hidden,N/A,N/A
orders,339.0,N/A,N/A,N/A,N/A,N/A,N/A,N/A,N/A,unavailable,N/A,0.0,N/A,0.0,N/A,N/A,N/A,N/A,unavailable,1102.0,N/A,N/A,10307.0,unavailable,Hidden,N/A,0.0,2004-10-14,2004-10-23,2004-10-20,Shipped,None,unavailable,N/A,N/A,N/A,None,None,N/A,N/A,N/A,N/A,None,Hidden,N/A,N/A
orders,319.0,N/A,N/A,N/A,N/A,N/A,N/A,N/A,N/A,unavailable,N/A,0.0,N/A,0.0,N/A,N/A,N/A,N/A,unavailable,1102.0,N/A,N/A,10308.0,unavailable,Hidden,N/A,0.0,2004-10-15,2004-10-24,2004-10-20,Shipped,Customer requested that FedEx Ground is used for this shipping,unavailable,N/A,N/A,N/A,None,None,N/A,N/A,N/A,N/A,None,Hidden,N/A,N/A
orders,121.0,N/A,N/A,N/A,N/A,N/A,N/A,N/A,N/A,unavailable,N/A,0.0,N/A,0.0,N/A,N/A,N/A,N/A,unavailable,1102.0,N/A,N/A,10309.0,unavailable,Hidden,N/A,0.0,2004-10-15,2004-10-24,2004-10-18,Shipped,None,unavailable,N/A,N/A,N/A,None,None,N/A,N/A,N/A,N/A,None,Hidden,N/A,N/A
orders,259.0,N/A,N/A,N/A,N/A,N/A,N/A,N/A,N/A,unavailable,N/A,0.0,N/A,0.0,N/A,N/A,N/A,N/A,unavailable,1102.0,N/A,N/A,10310.0,unavailable,Hidden,N/A,0.0,2004-10-16,2004-10-24,2004-10-18,Shipped,None,unavailable,N/A,N/A,N/A,None,None,N/A,N/A,N/A,N/A,None,Hidden,N/A,N/A
orders,141.0,N/A,N/A,N/A,N/A,N/A,N/A,N/A,N/A,unavailable,N/A,0.0,N/A,0.0,N/A,N/A,N/A,N/A,unavailable,1102.0,N/A,N/A,10311.0,unavailable,Hidden,N/A,0.0,2004-10-16,2004-10-23,2004-10-20,Shipped,Difficult to negotiate with customer. We need more marketing materials,unavailable,N/A,N/A,N/A,None,None,N/A,N/A,N/A,N/A,None,Hidden,N/A,N/A
orders,124.0,N/A,N/A,N/A,N/A,N/A,N/A,N/A,N/A,unavailable,N/A,0.0,N/A,0.0,N/A,N/A,N/A,N/A,unavailable,1102.0,N/A,N/A,10312.0,unavailable,Hidden,N/A,0.0,2004-10-21,2004-10-27,2004-10-23,Shipped,None,unavailable,N/A,N/A,N/A,None,None,N/A,N/A,N/A,N/A,None,Hidden,N/A,N/A
orders,202.0,N/A,N/A,N/A,N/A,N/A,N/A,N/A,N/A,unavailable,N/A,0.0,N/A,0.0,N/A,N/A,N/A,N/A,unavailable,1102.0,N/A,N/A,10313.0,unavailable,Hidden,N/A,0.0,2004-10-22,2004-10-28,2004-10-25,Shipped,Customer requested that FedEx Ground is used for this shipping,unavailable,N/A,N/A,N/A,None,None,N/A,N/A,N/A,N/A,None,Hidden,N/A,N/A
orders,227.0,N/A,N/A,N/A,N/A,N/A,N/A,N/A,N/A,unavailable,N/A,0.0,N/A,0.0,N/A,N/A,N/A,N/A,unavailable,1102.0,N/A,N/A,10314.0,unavailable,Hidden,N/A,0.0,2004-10-22,2004-11-01,2004-10-23,Shipped,None,unavailable,N/A,N/A,N/A,None,None,N/A,N/A,N/A,N/A,None,Hidden,N/A,N/A
orders,119.0,N/A,N/A,N/A,N/A,N/A,N/A,N/A,N/A,unavailable,N/A,0.0,N/A,0.0,N/A,N/A,N/A,N/A,unavailable,1102.0,N/A,N/A,10315.0,unavailable,Hidden,N/A,0.0,2004-10-29,2004-11-08,2004-10-30,Shipped,None,unavailable,N/A,N/A,N/A,None,None,N/A,N/A,N/A,N/A,None,Hidden,N/A,N/A
orders,240.0,N/A,N/A,N/A,N/A,N/A,N/A,N/A,N/A,unavailable,N/A,0.0,N/A,0.0,N/A,N/A,N/A,N/A,unavailable,1102.0,N/A,N/A,10316.0,unavailable,Hidden,N/A,0.0,2004-11-01,2004-11-09,2004-11-07,Shipped,"Customer requested that ad materials (such as posters, pamphlets) be included in the shippment",unavailable,N/A,N/A,N/A,None,None,N/A,N/A,N/A,N/A,None,Hidden,N/A,N/A
orders,161.0,N/A,N/A,N/A,N/A,N/A,N/A,N/A,N/A,unavailable,N/A,0.0,N/A,0.0,N/A,N/A,N/A,N/A,unavailable,1102.0,N/A,N/A,10317.0,unavailable,Hidden,N/A,0.0,2004-11-02,2004-11-12,2004-11-08,Shipped,None,unavailable,N/A,N/A,N/A,None,None,N/A,N/A,N/A,N/A,None,Hidden,N/A,N/A
orders,157.0,N/A,N/A,N/A,N/A,N/A,N/A,N/A,N/A,unavailable,N/A,0.0,N/A,0.0,N/A,N/A,N/A,N/A,unavailable,1102.0,N/A,N/A,10318.0,unavailable,Hidden,N/A,0.0,2004-11-02,2004-11-09,2004-11-07,Shipped,None,unavailable,N/A,N/A,N/A,None,None,N/A,N/A,N/A,N/A,None,Hidden,N/A,N/A
orders,456.0,N/A,N/A,N/A,N/A,N/A,N/A,N/A,N/A,unavailable,N/A,0.0,N/A,0.0,N/A,N/A,N/A,N/A,unavailable,1102.0,N/A,N/A,10319.0,unavailable,Hidden,N/A,0.0,2004-11-03,2004-11-11,2004-11-06,Shipped,Customer requested that DHL is used for this shipping,unavailable,N/A,N/A,N/A,None,None,N/A,N/A,N/A,N/A,None,Hidden,N/A,N/A
orders,144.0,N/A,N/A,N/A,N/A,N/A,N/A,N/A,N/A,unavailable,N/A,0.0,N/A,0.0,N/A,N/A,N/A,N/A,unavailable,1102.0,N/A,N/A,10320.0,unavailable,Hidden,N/A,0.0,2004-11-03,2004-11-13,2004-11-07,Shipped,None,unavailable,N/A,N/A,N/A,None,None,N/A,N/A,N/A,N/A,None,Hidden,N/A,N/A
orders,462.0,N/A,N/A,N/A,N/A,N/A,N/A,N/A,N/A,unavailable,N/A,0.0,N/A,0.0,N/A,N/A,N/A,N/A,unavailable,1102.0,N/A,N/A,10321.0,unavailable,Hidden,N/A,0.0,2004-11-04,2004-11-12,2004-11-07,Shipped,None,unavailable,N/A,N/A,N/A,None,None,N/A,N/A,N/A,N/A,None,Hidden,N/A,N/A
orders,363.0,N/A,N/A,N/A,N/A,N/A,N/A,N/A,N/A,unavailable,N/A,0.0,N/A,0.0,N/A,N/A,N/A,N/A,unavailable,1102.0,N/A,N/A,10322.0,unavailable,Hidden,N/A,0.0,2004-11-04,2004-11-12,2004-11-10,Shipped,Customer has worked with some of our vendors in the past and is aware of their MSRP,unavailable,N/A,N/A,N/A,None,None,N/A,N/A,N/A,N/A,None,Hidden,N/A,N/A
orders,128.0,N/A,N/A,N/A,N/A,N/A,N/A,N/A,N/A,unavailable,N/A,0.0,N/A,0.0,N/A,N/A,N/A,N/A,unavailable,1102.0,N/A,N/A,10323.0,unavailable,Hidden,N/A,0.0,2004-11-05,2004-11-12,2004-11-09,Shipped,None,unavailable,N/A,N/A,N/A,None,None,N/A,N/A,N/A,N/A,None,Hidden,N/A,N/A
orders,181.0,N/A,N/A,N/A,N/A,N/A,N/A,N/A,N/A,unavailable,N/A,0.0,N/A,0.0,N/A,N/A,N/A,N/A,unavailable,1102.0,N/A,N/A,10324.0,unavailable,Hidden,N/A,0.0,2004-11-05,2004-11-11,2004-11-08,Shipped,None,unavailable,N/A,N/A,N/A,None,None,N/A,N/A,N/A,N/A,None,Hidden,N/A,N/A
orders,121.0,N/A,N/A,N/A,N/A,N/A,N/A,N/A,N/A,unavailable,N/A,0.0,N/A,0.0,N/A,N/A,N/A,N/A,unavailable,1102.0,N/A,N/A,10325.0,unavailable,Hidden,N/A,0.0,2004-11-05,2004-11-13,2004-11-08,Shipped,None,unavailable,N/A,N/A,N/A,None,None,N/A,N/A,N/A,N/A,None,Hidden,N/A,N/A
orders,144.0,N/A,N/A,N/A,N/A,N/A,N/A,N/A,N/A,unavailable,N/A,0.0,N/A,0.0,N/A,N/A,N/A,N/A,unavailable,1102.0,N/A,N/A,10326.0,unavailable,Hidden,N/A,0.0,2004-11-09,2004-11-16,2004-11-10,Shipped,None,unavailable,N/A,N/A,N/A,None,None,N/A,N/A,N/A,N/A,None,Hidden,N/A,N/A
orders,145.0,N/A,N/A,N/A,N/A,N/A,N/A,N/A,N/A,unavailable,N/A,0.0,N/A,0.0,N/A,N/A,N/A,N/A,unavailable,1102.0,N/A,N/A,10327.0,unavailable,Hidden,N/A,0.0,2004-11-10,2004-11-19,2004-11-13,Resolved,Order was disputed and resolved on 12/1/04. The Sales Manager was involved. Customer claims the scales of the models don't match what was discussed.,unavailable,N/A,N/A,N/A,None,None,N/A,N/A,N/A,N/A,None,Hidden,N/A,N/A
orders,278.0,N/A,N/A,N/A,N/A,N/A,N/A,N/A,N/A,unavailable,N/A,0.0,N/A,0.0,N/A,N/A,N/A,N/A,unavailable,1102.0,N/A,N/A,10328.0,unavailable,Hidden,N/A,0.0,2004-11-12,2004-11-21,2004-11-18,Shipped,Customer very concerned about the exact color of the models. There is high risk that he may dispute the order because there is a slight color mismatch,unavailable,N/A,N/A,N/A,None,None,N/A,N/A,N/A,N/A,None,Hidden,N/A,N/A
orders,131.0,N/A,N/A,N/A,N/A,N/A,N/A,N/A,N/A,unavailable,N/A,0.0,N/A,0.0,N/A,N/A,N/A,N/A,unavailable,1102.0,N/A,N/A,10329.0,unavailable,Hidden,N/A,0.0,2004-11-15,2004-11-24,2004-11-16,Shipped,None,unavailable,N/A,N/A,N/A,None,None,N/A,N/A,N/A,N/A,None,Hidden,N/A,N/A
orders,385.0,N/A,N/A,N/A,N/A,N/A,N/A,N/A,N/A,unavailable,N/A,0.0,N/A,0.0,N/A,N/A,N/A,N/A,unavailable,1102.0,N/A,N/A,10330.0,unavailable,Hidden,N/A,0.0,2004-11-16,2004-11-25,2004-11-21,Shipped,None,unavailable,N/A,N/A,N/A,None,None,N/A,N/A,N/A,N/A,None,Hidden,N/A,N/A
orders,486.0,N/A,N/A,N/A,N/A,N/A,N/A,N/A,N/A,unavailable,N/A,0.0,N/A,0.0,N/A,N/A,N/A,N/A,unavailable,1102.0,N/A,N/A,10331.0,unavailable,Hidden,N/A,0.0,2004-11-17,2004-11-23,2004-11-23,Shipped,Customer requested special shippment. The instructions were passed along to the warehouse,unavailable,N/A,N/A,N/A,None,None,N/A,N/A,N/A,N/A,None,Hidden,N/A,N/A
orders,187.0,N/A,N/A,N/A,N/A,N/A,N/A,N/A,N/A,unavailable,N/A,0.0,N/A,0.0,N/A,N/A,N/A,N/A,unavailable,1102.0,N/A,N/A,10332.0,unavailable,Hidden,N/A,0.0,2004-11-17,2004-11-25,2004-11-18,Shipped,None,unavailable,N/A,N/A,N/A,None,None,N/A,N/A,N/A,N/A,None,Hidden,N/A,N/A
orders,129.0,N/A,N/A,N/A,N/A,N/A,N/A,N/A,N/A,unavailable,N/A,0.0,N/A,0.0,N/A,N/A,N/A,N/A,unavailable,1102.0,N/A,N/A,10333.0,unavailable,Hidden,N/A,0.0,2004-11-18,2004-11-27,2004-11-20,Shipped,None,unavailable,N/A,N/A,N/A,None,None,N/A,N/A,N/A,N/A,None,Hidden,N/A,N/A
orders,144.0,N/A,N/A,N/A,N/A,N/A,N/A,N/A,N/A,unavailable,N/A,0.0,N/A,0.0,N/A,N/A,N/A,N/A,unavailable,1102.0,N/A,N/A,10334.0,unavailable,Hidden,N/A,0.0,2004-11-19,2004-11-28,N/A,On Hold,The outstaniding balance for this customer exceeds their credit limit. Order will be shipped when a payment is received.,unavailable,N/A,N/A,N/A,None,None,N/A,N/A,N/A,N/A,None,Hidden,N/A,N/A
orders,124.0,N/A,N/A,N/A,N/A,N/A,N/A,N/A,N/A,unavailable,N/A,0.0,N/A,0.0,N/A,N/A,N/A,N/A,unavailable,1102.0,N/A,N/A,10335.0,unavailable,Hidden,N/A,0.0,2004-11-19,2004-11-29,2004-11-23,Shipped,None,unavailable,N/A,N/A,N/A,None,None,N/A,N/A,N/A,N/A,None,Hidden,N/A,N/A
orders,172.0,N/A,N/A,N/A,N/A,N/A,N/A,N/A,N/A,unavailable,N/A,0.0,N/A,0.0,N/A,N/A,N/A,N/A,unavailable,1102.0,N/A,N/A,10336.0,unavailable,Hidden,N/A,0.0,2004-11-20,2004-11-26,2004-11-24,Shipped,Customer requested that DHL is used for this shipping,unavailable,N/A,N/A,N/A,None,None,N/A,N/A,N/A,N/A,None,Hidden,N/A,N/A
orders,424.0,N/A,N/A,N/A,N/A,N/A,N/A,N/A,N/A,unavailable,N/A,0.0,N/A,0.0,N/A,N/A,N/A,N/A,unavailable,1102.0,N/A,N/A,10337.0,unavailable,Hidden,N/A,0.0,2004-11-21,2004-11-30,2004-11-26,Shipped,None,unavailable,N/A,N/A,N/A,None,None,N/A,N/A,N/A,N/A,None,Hidden,N/A,N/A
orders,381.0,N/A,N/A,N/A,N/A,N/A,N/A,N/A,N/A,unavailable,N/A,0.0,N/A,0.0,N/A,N/A,N/A,N/A,unavailable,1102.0,N/A,N/A,10338.0,unavailable,Hidden,N/A,0.0,2004-11-22,2004-12-02,2004-11-27,Shipped,None,unavailable,N/A,N/A,N/A,None,None,N/A,N/A,N/A,N/A,None,Hidden,N/A,N/A
orders,398.0,N/A,N/A,N/A,N/A,N/A,N/A,N/A,N/A,unavailable,N/A,0.0,N/A,0.0,N/A,N/A,N/A,N/A,unavailable,1102.0,N/A,N/A,10339.0,unavailable,Hidden,N/A,0.0,2004-11-23,2004-11-30,2004-11-30,Shipped,None,unavailable,N/A,N/A,N/A,None,None,N/A,N/A,N/A,N/A,None,Hidden,N/A,N/A
orders,216.0,N/A,N/A,N/A,N/A,N/A,N/A,N/A,N/A,unavailable,N/A,0.0,N/A,0.0,N/A,N/A,N/A,N/A,unavailable,1102.0,N/A,N/A,10340.0,unavailable,Hidden,N/A,0.0,2004-11-24,2004-12-01,2004-11-25,Shipped,Customer is interested in buying more Ferrari models,unavailable,N/A,N/A,N/A,None,None,N/A,N/A,N/A,N/A,None,Hidden,N/A,N/A
orders,382.0,N/A,N/A,N/A,N/A,N/A,N/A,N/A,N/A,unavailable,N/A,0.0,N/A,0.0,N/A,N/A,N/A,N/A,unavailable,1102.0,N/A,N/A,10341.0,unavailable,Hidden,N/A,0.0,2004-11-24,2004-12-01,2004-11-29,Shipped,None,unavailable,N/A,N/A,N/A,None,None,N/A,N/A,N/A,N/A,None,Hidden,N/A,N/A
orders,114.0,N/A,N/A,N/A,N/A,N/A,N/A,N/A,N/A,unavailable,N/A,0.0,N/A,0.0,N/A,N/A,N/A,N/A,unavailable,1102.0,N/A,N/A,10342.0,unavailable,Hidden,N/A,0.0,2004-11-24,2004-12-01,2004-11-29,Shipped,None,unavailable,N/A,N/A,N/A,None,None,N/A,N/A,N/A,N/A,None,Hidden,N/A,N/A
orders,353.0,N/A,N/A,N/A,N/A,N/A,N/A,N/A,N/A,unavailable,N/A,0.0,N/A,0.0,N/A,N/A,N/A,N/A,unavailable,1102.0,N/A,N/A,10343.0,unavailable,Hidden,N/A,0.0,2004-11-24,2004-12-01,2004-11-26,Shipped,None,unavailable,N/A,N/A,N/A,None,None,N/A,N/A,N/A,N/A,None,Hidden,N/A,N/A
orders,350.0,N/A,N/A,N/A,N/A,N/A,N/A,N/A,N/A,unavailable,N/A,0.0,N/A,0.0,N/A,N/A,N/A,N/A,unavailable,1102.0,N/A,N/A,10344.0,unavailable,Hidden,N/A,0.0,2004-11-25,2004-12-02,2004-11-29,Shipped,None,unavailable,N/A,N/A,N/A,None,None,N/A,N/A,N/A,N/A,None,Hidden,N/A,N/A
orders,103.0,N/A,N/A,N/A,N/A,N/A,N/A,N/A,N/A,unavailable,N/A,0.0,N/A,0.0,N/A,N/A,N/A,N/A,unavailable,1102.0,N/A,N/A,10345.0,unavailable,Hidden,N/A,0.0,2004-11-25,2004-12-01,2004-11-26,Shipped,None,unavailable,N/A,N/A,N/A,None,None,N/A,N/A,N/A,N/A,None,Hidden,N/A,N/A
orders,112.0,N/A,N/A,N/A,N/A,N/A,N/A,N/A,N/A,unavailable,N/A,0.0,N/A,0.0,N/A,N/A,N/A,N/A,unavailable,1102.0,N/A,N/A,10346.0,unavailable,Hidden,N/A,0.0,2004-11-29,2004-12-05,2004-11-30,Shipped,None,unavailable,N/A,N/A,N/A,None,None,N/A,N/A,N/A,N/A,None,Hidden,N/A,N/A
orders,114.0,N/A,N/A,N/A,N/A,N/A,N/A,N/A,N/A,unavailable,N/A,0.0,N/A,0.0,N/A,N/A,N/A,N/A,unavailable,1102.0,N/A,N/A,10347.0,unavailable,Hidden,N/A,0.0,2004-11-29,2004-12-07,2004-11-30,Shipped,Can we deliver the new Ford Mustang models by end-of-quarter?,unavailable,N/A,N/A,N/A,None,None,N/A,N/A,N/A,N/A,None,Hidden,N/A,N/A
orders,458.0,N/A,N/A,N/A,N/A,N/A,N/A,N/A,N/A,unavailable,N/A,0.0,N/A,0.0,N/A,N/A,N/A,N/A,unavailable,1102.0,N/A,N/A,10348.0,unavailable,Hidden,N/A,0.0,2004-11-01,2004-11-08,2004-11-05,Shipped,None,unavailable,N/A,N/A,N/A,None,None,N/A,N/A,N/A,N/A,None,Hidden,N/A,N/A
orders,151.0,N/A,N/A,N/A,N/A,N/A,N/A,N/A,N/A,unavailable,N/A,0.0,N/A,0.0,N/A,N/A,N/A,N/A,unavailable,1102.0,N/A,N/A,10349.0,unavailable,Hidden,N/A,0.0,2004-12-01,2004-12-07,2004-12-03,Shipped,None,unavailable,N/A,N/A,N/A,None,None,N/A,N/A,N/A,N/A,None,Hidden,N/A,N/A
orders,141.0,N/A,N/A,N/A,N/A,N/A,N/A,N/A,N/A,unavailable,N/A,0.0,N/A,0.0,N/A,N/A,N/A,N/A,unavailable,1102.0,N/A,N/A,10350.0,unavailable,Hidden,N/A,0.0,2004-12-02,2004-12-08,2004-12-05,Shipped,None,unavailable,N/A,N/A,N/A,None,None,N/A,N/A,N/A,N/A,None,Hidden,N/A,N/A
orders,324.0,N/A,N/A,N/A,N/A,N/A,N/A,N/A,N/A,unavailable,N/A,0.0,N/A,0.0,N/A,N/A,N/A,N/A,unavailable,1102.0,N/A,N/A,10351.0,unavailable,Hidden,N/A,0.0,2004-12-03,2004-12-11,2004-12-07,Shipped,None,unavailable,N/A,N/A,N/A,None,None,N/A,N/A,N/A,N/A,None,Hidden,N/A,N/A
orders,198.0,N/A,N/A,N/A,N/A,N/A,N/A,N/A,N/A,unavailable,N/A,0.0,N/A,0.0,N/A,N/A,N/A,N/A,unavailable,1102.0,N/A,N/A,10352.0,unavailable,Hidden,N/A,0.0,2004-12-03,2004-12-12,2004-12-09,Shipped,None,unavailable,N/A,N/A,N/A,None,None,N/A,N/A,N/A,N/A,None,Hidden,N/A,N/A
orders,447.0,N/A,N/A,N/A,N/A,N/A,N/A,N/A,N/A,unavailable,N/A,0.0,N/A,0.0,N/A,N/A,N/A,N/A,unavailable,1102.0,N/A,N/A,10353.0,unavailable,Hidden,N/A,0.0,2004-12-04,2004-12-11,2004-12-05,Shipped,None,unavailable,N/A,N/A,N/A,None,None,N/A,N/A,N/A,N/A,None,Hidden,N/A,N/A
orders,323.0,N/A,N/A,N/A,N/A,N/A,N/A,N/A,N/A,unavailable,N/A,0.0,N/A,0.0,N/A,N/A,N/A,N/A,unavailable,1102.0,N/A,N/A,10354.0,unavailable,Hidden,N/A,0.0,2004-12-04,2004-12-10,2004-12-05,Shipped,None,unavailable,N/A,N/A,N/A,None,None,N/A,N/A,N/A,N/A,None,Hidden,N/A,N/A
orders,141.0,N/A,N/A,N/A,N/A,N/A,N/A,N/A,N/A,unavailable,N/A,0.0,N/A,0.0,N/A,N/A,N/A,N/A,unavailable,1102.0,N/A,N/A,10355.0,unavailable,Hidden,N/A,0.0,2004-12-07,2004-12-14,2004-12-13,Shipped,None,unavailable,N/A,N/A,N/A,None,None,N/A,N/A,N/A,N/A,None,Hidden,N/A,N/A
orders,250.0,N/A,N/A,N/A,N/A,N/A,N/A,N/A,N/A,unavailable,N/A,0.0,N/A,0.0,N/A,N/A,N/A,N/A,unavailable,1102.0,N/A,N/A,10356.0,unavailable,Hidden,N/A,0.0,2004-12-09,2004-12-15,2004-12-12,Shipped,None,unavailable,N/A,N/A,N/A,None,None,N/A,N/A,N/A,N/A,None,Hidden,N/A,N/A
orders,124.0,N/A,N/A,N/A,N/A,N/A,N/A,N/A,N/A,unavailable,N/A,0.0,N/A,0.0,N/A,N/A,N/A,N/A,unavailable,1102.0,N/A,N/A,10357.0,unavailable,Hidden,N/A,0.0,2004-12-10,2004-12-16,2004-12-14,Shipped,None,unavailable,N/A,N/A,N/A,None,None,N/A,N/A,N/A,N/A,None,Hidden,N/A,N/A
orders,141.0,N/A,N/A,N/A,N/A,N/A,N/A,N/A,N/A,unavailable,N/A,0.0,N/A,0.0,N/A,N/A,N/A,N/A,unavailable,1102.0,N/A,N/A,10358.0,unavailable,Hidden,N/A,0.0,2004-12-10,2004-12-16,2004-12-16,Shipped,Customer requested that DHL is used for this shipping,unavailable,N/A,N/A,N/A,None,None,N/A,N/A,N/A,N/A,None,Hidden,N/A,N/A
orders,353.0,N/A,N/A,N/A,N/A,N/A,N/A,N/A,N/A,unavailable,N/A,0.0,N/A,0.0,N/A,N/A,N/A,N/A,unavailable,1102.0,N/A,N/A,10359.0,unavailable,Hidden,N/A,0.0,2004-12-15,2004-12-23,2004-12-18,Shipped,None,unavailable,N/A,N/A,N/A,None,None,N/A,N/A,N/A,N/A,None,Hidden,N/A,N/A
orders,496.0,N/A,N/A,N/A,N/A,N/A,N/A,N/A,N/A,unavailable,N/A,0.0,N/A,0.0,N/A,N/A,N/A,N/A,unavailable,1102.0,N/A,N/A,10360.0,unavailable,Hidden,N/A,0.0,2004-12-16,2004-12-22,2004-12-18,Shipped,None,unavailable,N/A,N/A,N/A,None,None,N/A,N/A,N/A,N/A,None,Hidden,N/A,N/A
orders,282.0,N/A,N/A,N/A,N/A,N/A,N/A,N/A,N/A,unavailable,N/A,0.0,N/A,0.0,N/A,N/A,N/A,N/A,unavailable,1102.0,N/A,N/A,10361.0,unavailable,Hidden,N/A,0.0,2004-12-17,2004-12-24,2004-12-20,Shipped,None,unavailable,N/A,N/A,N/A,None,None,N/A,N/A,N/A,N/A,None,Hidden,N/A,N/A
orders,161.0,N/A,N/A,N/A,N/A,N/A,N/A,N/A,N/A,unavailable,N/A,0.0,N/A,0.0,N/A,N/A,N/A,N/A,unavailable,1102.0,N/A,N/A,10362.0,unavailable,Hidden,N/A,0.0,2005-01-05,2005-01-16,2005-01-10,Shipped,None,unavailable,N/A,N/A,N/A,None,None,N/A,N/A,N/A,N/A,None,Hidden,N/A,N/A
orders,334.0,N/A,N/A,N/A,N/A,N/A,N/A,N/A,N/A,unavailable,N/A,0.0,N/A,0.0,N/A,N/A,N/A,N/A,unavailable,1102.0,N/A,N/A,10363.0,unavailable,Hidden,N/A,0.0,2005-01-06,2005-01-12,2005-01-10,Shipped,None,unavailable,N/A,N/A,N/A,None,None,N/A,N/A,N/A,N/A,None,Hidden,N/A,N/A
orders,350.0,N/A,N/A,N/A,N/A,N/A,N/A,N/A,N/A,unavailable,N/A,0.0,N/A,0.0,N/A,N/A,N/A,N/A,unavailable,1102.0,N/A,N/A,10364.0,unavailable,Hidden,N/A,0.0,2005-01-06,2005-01-17,2005-01-09,Shipped,None,unavailable,N/A,N/A,N/A,None,None,N/A,N/A,N/A,N/A,None,Hidden,N/A,N/A
orders,320.0,N/A,N/A,N/A,N/A,N/A,N/A,N/A,N/A,unavailable,N/A,0.0,N/A,0.0,N/A,N/A,N/A,N/A,unavailable,1102.0,N/A,N/A,10365.0,unavailable,Hidden,N/A,0.0,2005-01-07,2005-01-18,2005-01-11,Shipped,None,unavailable,N/A,N/A,N/A,None,None,N/A,N/A,N/A,N/A,None,Hidden,N/A,N/A
orders,381.0,N/A,N/A,N/A,N/A,N/A,N/A,N/A,N/A,unavailable,N/A,0.0,N/A,0.0,N/A,N/A,N/A,N/A,unavailable,1102.0,N/A,N/A,10366.0,unavailable,Hidden,N/A,0.0,2005-01-10,2005-01-19,2005-01-12,Shipped,None,unavailable,N/A,N/A,N/A,None,None,N/A,N/A,N/A,N/A,None,Hidden,N/A,N/A
orders,205.0,N/A,N/A,N/A,N/A,N/A,N/A,N/A,N/A,unavailable,N/A,0.0,N/A,0.0,N/A,N/A,N/A,N/A,unavailable,1102.0,N/A,N/A,10367.0,unavailable,Hidden,N/A,0.0,2005-01-12,2005-01-21,2005-01-16,Resolved,This order was disputed and resolved on 2/1/2005. Customer claimed that container with shipment was damaged. FedEx's investigation proved this wrong.,unavailable,N/A,N/A,N/A,None,None,N/A,N/A,N/A,N/A,None,Hidden,N/A,N/A
orders,124.0,N/A,N/A,N/A,N/A,N/A,N/A,N/A,N/A,unavailable,N/A,0.0,N/A,0.0,N/A,N/A,N/A,N/A,unavailable,1102.0,N/A,N/A,10368.0,unavailable,Hidden,N/A,0.0,2005-01-19,2005-01-27,2005-01-24,Shipped,Can we renegotiate this one?,unavailable,N/A,N/A,N/A,None,None,N/A,N/A,N/A,N/A,None,Hidden,N/A,N/A
orders,379.0,N/A,N/A,N/A,N/A,N/A,N/A,N/A,N/A,unavailable,N/A,0.0,N/A,0.0,N/A,N/A,N/A,N/A,unavailable,1102.0,N/A,N/A,10369.0,unavailable,Hidden,N/A,0.0,2005-01-20,2005-01-28,2005-01-24,Shipped,None,unavailable,N/A,N/A,N/A,None,None,N/A,N/A,N/A,N/A,None,Hidden,N/A,N/A
orders,276.0,N/A,N/A,N/A,N/A,N/A,N/A,N/A,N/A,unavailable,N/A,0.0,N/A,0.0,N/A,N/A,N/A,N/A,unavailable,1102.0,N/A,N/A,10370.0,unavailable,Hidden,N/A,0.0,2005-01-20,2005-02-01,2005-01-25,Shipped,None,unavailable,N/A,N/A,N/A,None,None,N/A,N/A,N/A,N/A,None,Hidden,N/A,N/A
orders,124.0,N/A,N/A,N/A,N/A,N/A,N/A,N/A,N/A,unavailable,N/A,0.0,N/A,0.0,N/A,N/A,N/A,N/A,unavailable,1102.0,N/A,N/A,10371.0,unavailable,Hidden,N/A,0.0,2005-01-23,2005-02-03,2005-01-25,Shipped,None,unavailable,N/A,N/A,N/A,None,None,N/A,N/A,N/A,N/A,None,Hidden,N/A,N/A
orders,398.0,N/A,N/A,N/A,N/A,N/A,N/A,N/A,N/A,unavailable,N/A,0.0,N/A,0.0,N/A,N/A,N/A,N/A,unavailable,1102.0,N/A,N/A,10372.0,unavailable,Hidden,N/A,0.0,2005-01-26,2005-02-05,2005-01-28,Shipped,None,unavailable,N/A,N/A,N/A,None,None,N/A,N/A,N/A,N/A,None,Hidden,N/A,N/A
orders,311.0,N/A,N/A,N/A,N/A,N/A,N/A,N/A,N/A,unavailable,N/A,0.0,N/A,0.0,N/A,N/A,N/A,N/A,unavailable,1102.0,N/A,N/A,10373.0,unavailable,Hidden,N/A,0.0,2005-01-31,2005-02-08,2005-02-06,Shipped,None,unavailable,N/A,N/A,N/A,None,None,N/A,N/A,N/A,N/A,None,Hidden,N/A,N/A
orders,333.0,N/A,N/A,N/A,N/A,N/A,N/A,N/A,N/A,unavailable,N/A,0.0,N/A,0.0,N/A,N/A,N/A,N/A,unavailable,1102.0,N/A,N/A,10374.0,unavailable,Hidden,N/A,0.0,2005-02-02,2005-02-09,2005-02-03,Shipped,None,unavailable,N/A,N/A,N/A,None,None,N/A,N/A,N/A,N/A,None,Hidden,N/A,N/A
orders,119.0,N/A,N/A,N/A,N/A,N/A,N/A,N/A,N/A,unavailable,N/A,0.0,N/A,0.0,N/A,N/A,N/A,N/A,unavailable,1102.0,N/A,N/A,10375.0,unavailable,Hidden,N/A,0.0,2005-02-03,2005-02-10,2005-02-06,Shipped,None,unavailable,N/A,N/A,N/A,None,None,N/A,N/A,N/A,N/A,None,Hidden,N/A,N/A
orders,219.0,N/A,N/A,N/A,N/A,N/A,N/A,N/A,N/A,unavailable,N/A,0.0,N/A,0.0,N/A,N/A,N/A,N/A,unavailable,1102.0,N/A,N/A,10376.0,unavailable,Hidden,N/A,0.0,2005-02-08,2005-02-18,2005-02-13,Shipped,None,unavailable,N/A,N/A,N/A,None,None,N/A,N/A,N/A,N/A,None,Hidden,N/A,N/A
orders,186.0,N/A,N/A,N/A,N/A,N/A,N/A,N/A,N/A,unavailable,N/A,0.0,N/A,0.0,N/A,N/A,N/A,N/A,unavailable,1102.0,N/A,N/A,10377.0,unavailable,Hidden,N/A,0.0,2005-02-09,2005-02-21,2005-02-12,Shipped,"Cautious optimism. We have happy customers here, if we can keep them well stocked.  I need all the information I can get on the planned shippments of Porches",unavailable,N/A,N/A,N/A,None,None,N/A,N/A,N/A,N/A,None,Hidden,N/A,N/A
orders,141.0,N/A,N/A,N/A,N/A,N/A,N/A,N/A,N/A,unavailable,N/A,0.0,N/A,0.0,N/A,N/A,N/A,N/A,unavailable,1102.0,N/A,N/A,10378.0,unavailable,Hidden,N/A,0.0,2005-02-10,2005-02-18,2005-02-11,Shipped,None,unavailable,N/A,N/A,N/A,None,None,N/A,N/A,N/A,N/A,None,Hidden,N/A,N/A
orders,141.0,N/A,N/A,N/A,N/A,N/A,N/A,N/A,N/A,unavailable,N/A,0.0,N/A,0.0,N/A,N/A,N/A,N/A,unavailable,1102.0,N/A,N/A,10379.0,unavailable,Hidden,N/A,0.0,2005-02-10,2005-02-18,2005-02-11,Shipped,None,unavailable,N/A,N/A,N/A,None,None,N/A,N/A,N/A,N/A,None,Hidden,N/A,N/A
orders,141.0,N/A,N/A,N/A,N/A,N/A,N/A,N/A,N/A,unavailable,N/A,0.0,N/A,0.0,N/A,N/A,N/A,N/A,unavailable,1102.0,N/A,N/A,10380.0,unavailable,Hidden,N/A,0.0,2005-02-16,2005-02-24,2005-02-18,Shipped,None,unavailable,N/A,N/A,N/A,None,None,N/A,N/A,N/A,N/A,None,Hidden,N/A,N/A
orders,321.0,N/A,N/A,N/A,N/A,N/A,N/A,N/A,N/A,unavailable,N/A,0.0,N/A,0.0,N/A,N/A,N/A,N/A,unavailable,1102.0,N/A,N/A,10381.0,unavailable,Hidden,N/A,0.0,2005-02-17,2005-02-25,2005-02-18,Shipped,None,unavailable,N/A,N/A,N/A,None,None,N/A,N/A,N/A,N/A,None,Hidden,N/A,N/A
orders,124.0,N/A,N/A,N/A,N/A,N/A,N/A,N/A,N/A,unavailable,N/A,0.0,N/A,0.0,N/A,N/A,N/A,N/A,unavailable,1102.0,N/A,N/A,10382.0,unavailable,Hidden,N/A,0.0,2005-02-17,2005-02-23,2005-02-18,Shipped,Custom shipping instructions sent to warehouse,unavailable,N/A,N/A,N/A,None,None,N/A,N/A,N/A,N/A,None,Hidden,N/A,N/A
orders,141.0,N/A,N/A,N/A,N/A,N/A,N/A,N/A,N/A,unavailable,N/A,0.0,N/A,0.0,N/A,N/A,N/A,N/A,unavailable,1102.0,N/A,N/A,10383.0,unavailable,Hidden,N/A,0.0,2005-02-22,2005-03-02,2005-02-25,Shipped,None,unavailable,N/A,N/A,N/A,None,None,N/A,N/A,N/A,N/A,None,Hidden,N/A,N/A
orders,321.0,N/A,N/A,N/A,N/A,N/A,N/A,N/A,N/A,unavailable,N/A,0.0,N/A,0.0,N/A,N/A,N/A,N/A,unavailable,1102.0,N/A,N/A,10384.0,unavailable,Hidden,N/A,0.0,2005-02-23,2005-03-06,2005-02-27,Shipped,None,unavailable,N/A,N/A,N/A,None,None,N/A,N/A,N/A,N/A,None,Hidden,N/A,N/A
orders,124.0,N/A,N/A,N/A,N/A,N/A,N/A,N/A,N/A,unavailable,N/A,0.0,N/A,0.0,N/A,N/A,N/A,N/A,unavailable,1102.0,N/A,N/A,10385.0,unavailable,Hidden,N/A,0.0,2005-02-28,2005-03-09,2005-03-01,Shipped,None,unavailable,N/A,N/A,N/A,None,None,N/A,N/A,N/A,N/A,None,Hidden,N/A,N/A
orders,141.0,N/A,N/A,N/A,N/A,N/A,N/A,N/A,N/A,unavailable,N/A,0.0,N/A,0.0,N/A,N/A,N/A,N/A,unavailable,1102.0,N/A,N/A,10386.0,unavailable,Hidden,N/A,0.0,2005-03-01,2005-03-09,2005-03-06,Resolved,Disputed then Resolved on 3/15/2005. Customer doesn't like the craftsmaship of the models.,unavailable,N/A,N/A,N/A,None,None,N/A,N/A,N/A,N/A,None,Hidden,N/A,N/A
orders,148.0,N/A,N/A,N/A,N/A,N/A,N/A,N/A,N/A,unavailable,N/A,0.0,N/A,0.0,N/A,N/A,N/A,N/A,unavailable,1102.0,N/A,N/A,10387.0,unavailable,Hidden,N/A,0.0,2005-03-02,2005-03-09,2005-03-06,Shipped,We need to keep in close contact with their Marketing VP. He is the decision maker for all their purchases.,unavailable,N/A,N/A,N/A,None,None,N/A,N/A,N/A,N/A,None,Hidden,N/A,N/A
orders,462.0,N/A,N/A,N/A,N/A,N/A,N/A,N/A,N/A,unavailable,N/A,0.0,N/A,0.0,N/A,N/A,N/A,N/A,unavailable,1102.0,N/A,N/A,10388.0,unavailable,Hidden,N/A,0.0,2005-03-03,2005-03-11,2005-03-09,Shipped,None,unavailable,N/A,N/A,N/A,None,None,N/A,N/A,N/A,N/A,None,Hidden,N/A,N/A
orders,448.0,N/A,N/A,N/A,N/A,N/A,N/A,N/A,N/A,unavailable,N/A,0.0,N/A,0.0,N/A,N/A,N/A,N/A,unavailable,1102.0,N/A,N/A,10389.0,unavailable,Hidden,N/A,0.0,2005-03-03,2005-03-09,2005-03-08,Shipped,None,unavailable,N/A,N/A,N/A,None,None,N/A,N/A,N/A,N/A,None,Hidden,N/A,N/A
orders,124.0,N/A,N/A,N/A,N/A,N/A,N/A,N/A,N/A,unavailable,N/A,0.0,N/A,0.0,N/A,N/A,N/A,N/A,unavailable,1102.0,N/A,N/A,10390.0,unavailable,Hidden,N/A,0.0,2005-03-04,2005-03-11,2005-03-07,Shipped,They want to reevaluate their terms agreement with Finance.,unavailable,N/A,N/A,N/A,None,None,N/A,N/A,N/A,N/A,None,Hidden,N/A,N/A
orders,276.0,N/A,N/A,N/A,N/A,N/A,N/A,N/A,N/A,unavailable,N/A,0.0,N/A,0.0,N/A,N/A,N/A,N/A,unavailable,1102.0,N/A,N/A,10391.0,unavailable,Hidden,N/A,0.0,2005-03-09,2005-03-20,2005-03-15,Shipped,None,unavailable,N/A,N/A,N/A,None,None,N/A,N/A,N/A,N/A,None,Hidden,N/A,N/A
orders,452.0,N/A,N/A,N/A,N/A,N/A,N/A,N/A,N/A,unavailable,N/A,0.0,N/A,0.0,N/A,N/A,N/A,N/A,unavailable,1102.0,N/A,N/A,10392.0,unavailable,Hidden,N/A,0.0,2005-03-10,2005-03-18,2005-03-12,Shipped,None,unavailable,N/A,N/A,N/A,None,None,N/A,N/A,N/A,N/A,None,Hidden,N/A,N/A
orders,323.0,N/A,N/A,N/A,N/A,N/A,N/A,N/A,N/A,unavailable,N/A,0.0,N/A,0.0,N/A,N/A,N/A,N/A,unavailable,1102.0,N/A,N/A,10393.0,unavailable,Hidden,N/A,0.0,2005-03-11,2005-03-22,2005-03-14,Shipped,They want to reevaluate their terms agreement with Finance.,unavailable,N/A,N/A,N/A,None,None,N/A,N/A,N/A,N/A,None,Hidden,N/A,N/A
orders,141.0,N/A,N/A,N/A,N/A,N/A,N/A,N/A,N/A,unavailable,N/A,0.0,N/A,0.0,N/A,N/A,N/A,N/A,unavailable,1102.0,N/A,N/A,10394.0,unavailable,Hidden,N/A,0.0,2005-03-15,2005-03-25,2005-03-19,Shipped,None,unavailable,N/A,N/A,N/A,None,None,N/A,N/A,N/A,N/A,None,Hidden,N/A,N/A
orders,250.0,N/A,N/A,N/A,N/A,N/A,N/A,N/A,N/A,unavailable,N/A,0.0,N/A,0.0,N/A,N/A,N/A,N/A,unavailable,1102.0,N/A,N/A,10395.0,unavailable,Hidden,N/A,0.0,2005-03-17,2005-03-24,2005-03-23,Shipped,We must be cautions with this customer. Their VP of Sales resigned. Company may be heading down.,unavailable,N/A,N/A,N/A,None,None,N/A,N/A,N/A,N/A,None,Hidden,N/A,N/A
orders,124.0,N/A,N/A,N/A,N/A,N/A,N/A,N/A,N/A,unavailable,N/A,0.0,N/A,0.0,N/A,N/A,N/A,N/A,unavailable,1102.0,N/A,N/A,10396.0,unavailable,Hidden,N/A,0.0,2005-03-23,2005-04-02,2005-03-28,Shipped,None,unavailable,N/A,N/A,N/A,None,None,N/A,N/A,N/A,N/A,None,Hidden,N/A,N/A
orders,242.0,N/A,N/A,N/A,N/A,N/A,N/A,N/A,N/A,unavailable,N/A,0.0,N/A,0.0,N/A,N/A,N/A,N/A,unavailable,1102.0,N/A,N/A,10397.0,unavailable,Hidden,N/A,0.0,2005-03-28,2005-04-09,2005-04-01,Shipped,None,unavailable,N/A,N/A,N/A,None,None,N/A,N/A,N/A,N/A,None,Hidden,N/A,N/A
orders,353.0,N/A,N/A,N/A,N/A,N/A,N/A,N/A,N/A,unavailable,N/A,0.0,N/A,0.0,N/A,N/A,N/A,N/A,unavailable,1102.0,N/A,N/A,10398.0,unavailable,Hidden,N/A,0.0,2005-03-30,2005-04-09,2005-03-31,Shipped,None,unavailable,N/A,N/A,N/A,None,None,N/A,N/A,N/A,N/A,None,Hidden,N/A,N/A
orders,496.0,N/A,N/A,N/A,N/A,N/A,N/A,N/A,N/A,unavailable,N/A,0.0,N/A,0.0,N/A,N/A,N/A,N/A,unavailable,1102.0,N/A,N/A,10399.0,unavailable,Hidden,N/A,0.0,2005-04-01,2005-04-12,2005-04-03,Shipped,None,unavailable,N/A,N/A,N/A,None,None,N/A,N/A,N/A,N/A,None,Hidden,N/A,N/A
orders,450.0,N/A,N/A,N/A,N/A,N/A,N/A,N/A,N/A,unavailable,N/A,0.0,N/A,0.0,N/A,N/A,N/A,N/A,unavailable,1102.0,N/A,N/A,10400.0,unavailable,Hidden,N/A,0.0,2005-04-01,2005-04-11,2005-04-04,Shipped,Customer requested that DHL is used for this shipping,unavailable,N/A,N/A,N/A,None,None,N/A,N/A,N/A,N/A,None,Hidden,N/A,N/A
orders,328.0,N/A,N/A,N/A,N/A,N/A,N/A,N/A,N/A,unavailable,N/A,0.0,N/A,0.0,N/A,N/A,N/A,N/A,unavailable,1102.0,N/A,N/A,10401.0,unavailable,Hidden,N/A,0.0,2005-04-03,2005-04-14,N/A,On Hold,Customer credit limit exceeded. Will ship when a payment is received.,unavailable,N/A,N/A,N/A,None,None,N/A,N/A,N/A,N/A,None,Hidden,N/A,N/A
orders,406.0,N/A,N/A,N/A,N/A,N/A,N/A,N/A,N/A,unavailable,N/A,0.0,N/A,0.0,N/A,N/A,N/A,N/A,unavailable,1102.0,N/A,N/A,10402.0,unavailable,Hidden,N/A,0.0,2005-04-07,2005-04-14,2005-04-12,Shipped,None,unavailable,N/A,N/A,N/A,None,None,N/A,N/A,N/A,N/A,None,Hidden,N/A,N/A
orders,201.0,N/A,N/A,N/A,N/A,N/A,N/A,N/A,N/A,unavailable,N/A,0.0,N/A,0.0,N/A,N/A,N/A,N/A,unavailable,1102.0,N/A,N/A,10403.0,unavailable,Hidden,N/A,0.0,2005-04-08,2005-04-18,2005-04-11,Shipped,None,unavailable,N/A,N/A,N/A,None,None,N/A,N/A,N/A,N/A,None,Hidden,N/A,N/A
orders,323.0,N/A,N/A,N/A,N/A,N/A,N/A,N/A,N/A,unavailable,N/A,0.0,N/A,0.0,N/A,N/A,N/A,N/A,unavailable,1102.0,N/A,N/A,10404.0,unavailable,Hidden,N/A,0.0,2005-04-08,2005-04-14,2005-04-11,Shipped,None,unavailable,N/A,N/A,N/A,None,None,N/A,N/A,N/A,N/A,None,Hidden,N/A,N/A
orders,209.0,N/A,N/A,N/A,N/A,N/A,N/A,N/A,N/A,unavailable,N/A,0.0,N/A,0.0,N/A,N/A,N/A,N/A,unavailable,1102.0,N/A,N/A,10405.0,unavailable,Hidden,N/A,0.0,2005-04-14,2005-04-24,2005-04-20,Shipped,None,unavailable,N/A,N/A,N/A,None,None,N/A,N/A,N/A,N/A,None,Hidden,N/A,N/A
orders,145.0,N/A,N/A,N/A,N/A,N/A,N/A,N/A,N/A,unavailable,N/A,0.0,N/A,0.0,N/A,N/A,N/A,N/A,unavailable,1102.0,N/A,N/A,10406.0,unavailable,Hidden,N/A,0.0,2005-04-15,2005-04-25,2005-04-21,Disputed,Customer claims container with shipment was damaged during shipping and some items were missing. I am talking to FedEx about this.,unavailable,N/A,N/A,N/A,None,None,N/A,N/A,N/A,N/A,None,Hidden,N/A,N/A
orders,450.0,N/A,N/A,N/A,N/A,N/A,N/A,N/A,N/A,unavailable,N/A,0.0,N/A,0.0,N/A,N/A,N/A,N/A,unavailable,1102.0,N/A,N/A,10407.0,unavailable,Hidden,N/A,0.0,2005-04-22,2005-05-04,N/A,On Hold,Customer credit limit exceeded. Will ship when a payment is received.,unavailable,N/A,N/A,N/A,None,None,N/A,N/A,N/A,N/A,None,Hidden,N/A,N/A
orders,398.0,N/A,N/A,N/A,N/A,N/A,N/A,N/A,N/A,unavailable,N/A,0.0,N/A,0.0,N/A,N/A,N/A,N/A,unavailable,1102.0,N/A,N/A,10408.0,unavailable,Hidden,N/A,0.0,2005-04-22,2005-04-29,2005-04-27,Shipped,None,unavailable,N/A,N/A,N/A,None,None,N/A,N/A,N/A,N/A,None,Hidden,N/A,N/A
orders,166.0,N/A,N/A,N/A,N/A,N/A,N/A,N/A,N/A,unavailable,N/A,0.0,N/A,0.0,N/A,N/A,N/A,N/A,unavailable,1102.0,N/A,N/A,10409.0,unavailable,Hidden,N/A,0.0,2005-04-23,2005-05-05,2005-04-24,Shipped,None,unavailable,N/A,N/A,N/A,None,None,N/A,N/A,N/A,N/A,None,Hidden,N/A,N/A
orders,357.0,N/A,N/A,N/A,N/A,N/A,N/A,N/A,N/A,unavailable,N/A,0.0,N/A,0.0,N/A,N/A,N/A,N/A,unavailable,1102.0,N/A,N/A,10410.0,unavailable,Hidden,N/A,0.0,2005-04-29,2005-05-10,2005-04-30,Shipped,None,unavailable,N/A,N/A,N/A,None,None,N/A,N/A,N/A,N/A,None,Hidden,N/A,N/A
orders,233.0,N/A,N/A,N/A,N/A,N/A,N/A,N/A,N/A,unavailable,N/A,0.0,N/A,0.0,N/A,N/A,N/A,N/A,unavailable,1102.0,N/A,N/A,10411.0,unavailable,Hidden,N/A,0.0,2005-05-01,2005-05-08,2005-05-06,Shipped,None,unavailable,N/A,N/A,N/A,None,None,N/A,N/A,N/A,N/A,None,Hidden,N/A,N/A
orders,141.0,N/A,N/A,N/A,N/A,N/A,N/A,N/A,N/A,unavailable,N/A,0.0,N/A,0.0,N/A,N/A,N/A,N/A,unavailable,1102.0,N/A,N/A,10412.0,unavailable,Hidden,N/A,0.0,2005-05-03,2005-05-13,2005-05-05,Shipped,None,unavailable,N/A,N/A,N/A,None,None,N/A,N/A,N/A,N/A,None,Hidden,N/A,N/A
orders,175.0,N/A,N/A,N/A,N/A,N/A,N/A,N/A,N/A,unavailable,N/A,0.0,N/A,0.0,N/A,N/A,N/A,N/A,unavailable,1102.0,N/A,N/A,10413.0,unavailable,Hidden,N/A,0.0,2005-05-05,2005-05-14,2005-05-09,Shipped,Customer requested that DHL is used for this shipping,unavailable,N/A,N/A,N/A,None,None,N/A,N/A,N/A,N/A,None,Hidden,N/A,N/A
orders,362.0,N/A,N/A,N/A,N/A,N/A,N/A,N/A,N/A,unavailable,N/A,0.0,N/A,0.0,N/A,N/A,N/A,N/A,unavailable,1102.0,N/A,N/A,10414.0,unavailable,Hidden,N/A,0.0,2005-05-06,2005-05-13,N/A,On Hold,Customer credit limit exceeded. Will ship when a payment is received.,unavailable,N/A,N/A,N/A,None,None,N/A,N/A,N/A,N/A,None,Hidden,N/A,N/A
orders,471.0,N/A,N/A,N/A,N/A,N/A,N/A,N/A,N/A,unavailable,N/A,0.0,N/A,0.0,N/A,N/A,N/A,N/A,unavailable,1102.0,N/A,N/A,10415.0,unavailable,Hidden,N/A,0.0,2005-05-09,2005-05-20,2005-05-12,Disputed,Customer claims the scales of the models don't match what was discussed. I keep all the paperwork though to prove otherwise,unavailable,N/A,N/A,N/A,None,None,N/A,N/A,N/A,N/A,None,Hidden,N/A,N/A
orders,386.0,N/A,N/A,N/A,N/A,N/A,N/A,N/A,N/A,unavailable,N/A,0.0,N/A,0.0,N/A,N/A,N/A,N/A,unavailable,1102.0,N/A,N/A,10416.0,unavailable,Hidden,N/A,0.0,2005-05-10,2005-05-16,2005-05-14,Shipped,None,unavailable,N/A,N/A,N/A,None,None,N/A,N/A,N/A,N/A,None,Hidden,N/A,N/A
orders,141.0,N/A,N/A,N/A,N/A,N/A,N/A,N/A,N/A,unavailable,N/A,0.0,N/A,0.0,N/A,N/A,N/A,N/A,unavailable,1102.0,N/A,N/A,10417.0,unavailable,Hidden,N/A,0.0,2005-05-13,2005-05-19,2005-05-19,Disputed,Customer doesn't like the colors and precision of the models.,unavailable,N/A,N/A,N/A,None,None,N/A,N/A,N/A,N/A,None,Hidden,N/A,N/A
orders,412.0,N/A,N/A,N/A,N/A,N/A,N/A,N/A,N/A,unavailable,N/A,0.0,N/A,0.0,N/A,N/A,N/A,N/A,unavailable,1102.0,N/A,N/A,10418.0,unavailable,Hidden,N/A,0.0,2005-05-16,2005-05-24,2005-05-20,Shipped,None,unavailable,N/A,N/A,N/A,None,None,N/A,N/A,N/A,N/A,None,Hidden,N/A,N/A
orders,382.0,N/A,N/A,N/A,N/A,N/A,N/A,N/A,N/A,unavailable,N/A,0.0,N/A,0.0,N/A,N/A,N/A,N/A,unavailable,1102.0,N/A,N/A,10419.0,unavailable,Hidden,N/A,0.0,2005-05-17,2005-05-28,2005-05-19,Shipped,None,unavailable,N/A,N/A,N/A,None,None,N/A,N/A,N/A,N/A,None,Hidden,N/A,N/A
orders,282.0,N/A,N/A,N/A,N/A,N/A,N/A,N/A,N/A,unavailable,N/A,0.0,N/A,0.0,N/A,N/A,N/A,N/A,unavailable,1102.0,N/A,N/A,10420.0,unavailable,Hidden,N/A,0.0,2005-05-29,2005-06-07,N/A,In Process,None,unavailable,N/A,N/A,N/A,None,None,N/A,N/A,N/A,N/A,None,Hidden,N/A,N/A
orders,124.0,N/A,N/A,N/A,N/A,N/A,N/A,N/A,N/A,unavailable,N/A,0.0,N/A,0.0,N/A,N/A,N/A,N/A,unavailable,1102.0,N/A,N/A,10421.0,unavailable,Hidden,N/A,0.0,2005-05-29,2005-06-06,N/A,In Process,Custom shipping instructions were sent to warehouse,unavailable,N/A,N/A,N/A,None,None,N/A,N/A,N/A,N/A,None,Hidden,N/A,N/A
orders,157.0,N/A,N/A,N/A,N/A,N/A,N/A,N/A,N/A,unavailable,N/A,0.0,N/A,0.0,N/A,N/A,N/A,N/A,unavailable,1102.0,N/A,N/A,10422.0,unavailable,Hidden,N/A,0.0,2005-05-30,2005-06-11,N/A,In Process,None,unavailable,N/A,N/A,N/A,None,None,N/A,N/A,N/A,N/A,None,Hidden,N/A,N/A
orders,314.0,N/A,N/A,N/A,N/A,N/A,N/A,N/A,N/A,unavailable,N/A,0.0,N/A,0.0,N/A,N/A,N/A,N/A,unavailable,1102.0,N/A,N/A,10423.0,unavailable,Hidden,N/A,0.0,2005-05-30,2005-06-05,N/A,In Process,None,unavailable,N/A,N/A,N/A,None,None,N/A,N/A,N/A,N/A,None,Hidden,N/A,N/A
orders,141.0,N/A,N/A,N/A,N/A,N/A,N/A,N/A,N/A,unavailable,N/A,0.0,N/A,0.0,N/A,N/A,N/A,N/A,unavailable,1102.0,N/A,N/A,10424.0,unavailable,Hidden,N/A,0.0,2005-05-31,2005-06-08,N/A,In Process,None,unavailable,N/A,N/A,N/A,None,None,N/A,N/A,N/A,N/A,None,Hidden,N/A,N/A
orders,119.0,N/A,N/A,N/A,N/A,N/A,N/A,N/A,N/A,unavailable,N/A,0.0,N/A,0.0,N/A,N/A,N/A,N/A,unavailable,1102.0,N/A,N/A,10425.0,unavailable,Hidden,N/A,0.0,2005-05-31,2005-06-07,N/A,In Process,None,unavailable,N/A,N/A,N/A,None,None,N/A,N/A,N/A,N/A,None,Hidden,N/A,N/A
payments,103.0,N/A,N/A,N/A,N/A,N/A,N/A,N/A,N/A,unavailable,N/A,0.0,N/A,0.0,N/A,N/A,N/A,N/A,unavailable,1102.0,N/A,N/A,0.0,unavailable,Hidden,N/A,0.0,N/A,N/A,N/A,N/A,None,HQ336336,2004-10-19,6066.78,N/A,None,None,N/A,N/A,N/A,N/A,None,Hidden,N/A,N/A
payments,103.0,N/A,N/A,N/A,N/A,N/A,N/A,N/A,N/A,unavailable,N/A,0.0,N/A,0.0,N/A,N/A,N/A,N/A,unavailable,1102.0,N/A,N/A,0.0,unavailable,Hidden,N/A,0.0,N/A,N/A,N/A,N/A,None,JM555205,2003-06-05,14571.44,N/A,None,None,N/A,N/A,N/A,N/A,None,Hidden,N/A,N/A
payments,103.0,N/A,N/A,N/A,N/A,N/A,N/A,N/A,N/A,unavailable,N/A,0.0,N/A,0.0,N/A,N/A,N/A,N/A,unavailable,1102.0,N/A,N/A,0.0,unavailable,Hidden,N/A,0.0,N/A,N/A,N/A,N/A,None,OM314933,2004-12-18,1676.14,N/A,None,None,N/A,N/A,N/A,N/A,None,Hidden,N/A,N/A
payments,112.0,N/A,N/A,N/A,N/A,N/A,N/A,N/A,N/A,unavailable,N/A,0.0,N/A,0.0,N/A,N/A,N/A,N/A,unavailable,1102.0,N/A,N/A,0.0,unavailable,Hidden,N/A,0.0,N/A,N/A,N/A,N/A,None,BO864823,2004-12-17,14191.12,N/A,None,None,N/A,N/A,N/A,N/A,None,Hidden,N/A,N/A
payments,112.0,N/A,N/A,N/A,N/A,N/A,N/A,N/A,N/A,unavailable,N/A,0.0,N/A,0.0,N/A,N/A,N/A,N/A,unavailable,1102.0,N/A,N/A,0.0,unavailable,Hidden,N/A,0.0,N/A,N/A,N/A,N/A,None,HQ55022,2003-06-06,32641.98,N/A,None,None,N/A,N/A,N/A,N/A,None,Hidden,N/A,N/A
payments,112.0,N/A,N/A,N/A,N/A,N/A,N/A,N/A,N/A,unavailable,N/A,0.0,N/A,0.0,N/A,N/A,N/A,N/A,unavailable,1102.0,N/A,N/A,0.0,unavailable,Hidden,N/A,0.0,N/A,N/A,N/A,N/A,None,ND748579,2004-08-20,33347.88,N/A,None,None,N/A,N/A,N/A,N/A,None,Hidden,N/A,N/A
payments,114.0,N/A,N/A,N/A,N/A,N/A,N/A,N/A,N/A,unavailable,N/A,0.0,N/A,0.0,N/A,N/A,N/A,N/A,unavailable,1102.0,N/A,N/A,0.0,unavailable,Hidden,N/A,0.0,N/A,N/A,N/A,N/A,None,GG31455,2003-05-20,45864.03,N/A,None,None,N/A,N/A,N/A,N/A,None,Hidden,N/A,N/A
payments,114.0,N/A,N/A,N/A,N/A,N/A,N/A,N/A,N/A,unavailable,N/A,0.0,N/A,0.0,N/A,N/A,N/A,N/A,unavailable,1102.0,N/A,N/A,0.0,unavailable,Hidden,N/A,0.0,N/A,N/A,N/A,N/A,None,MA765515,2004-12-15,82261.22,N/A,None,None,N/A,N/A,N/A,N/A,None,Hidden,N/A,N/A
payments,114.0,N/A,N/A,N/A,N/A,N/A,N/A,N/A,N/A,unavailable,N/A,0.0,N/A,0.0,N/A,N/A,N/A,N/A,unavailable,1102.0,N/A,N/A,0.0,unavailable,Hidden,N/A,0.0,N/A,N/A,N/A,N/A,None,NP603840,2003-05-31,7565.08,N/A,None,None,N/A,N/A,N/A,N/A,None,Hidden,N/A,N/A
payments,114.0,N/A,N/A,N/A,N/A,N/A,N/A,N/A,N/A,unavailable,N/A,0.0,N/A,0.0,N/A,N/A,N/A,N/A,unavailable,1102.0,N/A,N/A,0.0,unavailable,Hidden,N/A,0.0,N/A,N/A,N/A,N/A,None,NR27552,2004-03-10,44894.74,N/A,None,None,N/A,N/A,N/A,N/A,None,Hidden,N/A,N/A
payments,119.0,N/A,N/A,N/A,N/A,N/A,N/A,N/A,N/A,unavailable,N/A,0.0,N/A,0.0,N/A,N/A,N/A,N/A,unavailable,1102.0,N/A,N/A,0.0,unavailable,Hidden,N/A,0.0,N/A,N/A,N/A,N/A,None,DB933704,2004-11-14,19501.82,N/A,None,None,N/A,N/A,N/A,N/A,None,Hidden,N/A,N/A
payments,119.0,N/A,N/A,N/A,N/A,N/A,N/A,N/A,N/A,unavailable,N/A,0.0,N/A,0.0,N/A,N/A,N/A,N/A,unavailable,1102.0,N/A,N/A,0.0,unavailable,Hidden,N/A,0.0,N/A,N/A,N/A,N/A,None,LN373447,2004-08-08,47924.19,N/A,None,None,N/A,N/A,N/A,N/A,None,Hidden,N/A,N/A
payments,119.0,N/A,N/A,N/A,N/A,N/A,N/A,N/A,N/A,unavailable,N/A,0.0,N/A,0.0,N/A,N/A,N/A,N/A,unavailable,1102.0,N/A,N/A,0.0,unavailable,Hidden,N/A,0.0,N/A,N/A,N/A,N/A,None,NG94694,2005-02-22,49523.67,N/A,None,None,N/A,N/A,N/A,N/A,None,Hidden,N/A,N/A
payments,121.0,N/A,N/A,N/A,N/A,N/A,N/A,N/A,N/A,unavailable,N/A,0.0,N/A,0.0,N/A,N/A,N/A,N/A,unavailable,1102.0,N/A,N/A,0.0,unavailable,Hidden,N/A,0.0,N/A,N/A,N/A,N/A,None,DB889831,2003-02-16,50218.95,N/A,None,None,N/A,N/A,N/A,N/A,None,Hidden,N/A,N/A
payments,121.0,N/A,N/A,N/A,N/A,N/A,N/A,N/A,N/A,unavailable,N/A,0.0,N/A,0.0,N/A,N/A,N/A,N/A,unavailable,1102.0,N/A,N/A,0.0,unavailable,Hidden,N/A,0.0,N/A,N/A,N/A,N/A,None,FD317790,2003-10-28,1491.38,N/A,None,None,N/A,N/A,N/A,N/A,None,Hidden,N/A,N/A
payments,121.0,N/A,N/A,N/A,N/A,N/A,N/A,N/A,N/A,unavailable,N/A,0.0,N/A,0.0,N/A,N/A,N/A,N/A,unavailable,1102.0,N/A,N/A,0.0,unavailable,Hidden,N/A,0.0,N/A,N/A,N/A,N/A,None,KI831359,2004-11-04,17876.32,N/A,None,None,N/A,N/A,N/A,N/A,None,Hidden,N/A,N/A
payments,121.0,N/A,N/A,N/A,N/A,N/A,N/A,N/A,N/A,unavailable,N/A,0.0,N/A,0.0,N/A,N/A,N/A,N/A,unavailable,1102.0,N/A,N/A,0.0,unavailable,Hidden,N/A,0.0,N/A,N/A,N/A,N/A,None,MA302151,2004-11-28,34638.14,N/A,None,None,N/A,N/A,N/A,N/A,None,Hidden,N/A,N/A
payments,124.0,N/A,N/A,N/A,N/A,N/A,N/A,N/A,N/A,unavailable,N/A,0.0,N/A,0.0,N/A,N/A,N/A,N/A,unavailable,1102.0,N/A,N/A,0.0,unavailable,Hidden,N/A,0.0,N/A,N/A,N/A,N/A,None,AE215433,2005-03-05,101244.59,N/A,None,None,N/A,N/A,N/A,N/A,None,Hidden,N/A,N/A
payments,124.0,N/A,N/A,N/A,N/A,N/A,N/A,N/A,N/A,unavailable,N/A,0.0,N/A,0.0,N/A,N/A,N/A,N/A,unavailable,1102.0,N/A,N/A,0.0,unavailable,Hidden,N/A,0.0,N/A,N/A,N/A,N/A,None,BG255406,2004-08-28,85410.87,N/A,None,None,N/A,N/A,N/A,N/A,None,Hidden,N/A,N/A
payments,124.0,N/A,N/A,N/A,N/A,N/A,N/A,N/A,N/A,unavailable,N/A,0.0,N/A,0.0,N/A,N/A,N/A,N/A,unavailable,1102.0,N/A,N/A,0.0,unavailable,Hidden,N/A,0.0,N/A,N/A,N/A,N/A,None,CQ287967,2003-04-11,11044.30,N/A,None,None,N/A,N/A,N/A,N/A,None,Hidden,N/A,N/A
payments,124.0,N/A,N/A,N/A,N/A,N/A,N/A,N/A,N/A,unavailable,N/A,0.0,N/A,0.0,N/A,N/A,N/A,N/A,unavailable,1102.0,N/A,N/A,0.0,unavailable,Hidden,N/A,0.0,N/A,N/A,N/A,N/A,None,ET64396,2005-04-16,83598.04,N/A,None,None,N/A,N/A,N/A,N/A,None,Hidden,N/A,N/A
payments,124.0,N/A,N/A,N/A,N/A,N/A,N/A,N/A,N/A,unavailable,N/A,0.0,N/A,0.0,N/A,N/A,N/A,N/A,unavailable,1102.0,N/A,N/A,0.0,unavailable,Hidden,N/A,0.0,N/A,N/A,N/A,N/A,None,HI366474,2004-12-27,47142.70,N/A,None,None,N/A,N/A,N/A,N/A,None,Hidden,N/A,N/A
payments,124.0,N/A,N/A,N/A,N/A,N/A,N/A,N/A,N/A,unavailable,N/A,0.0,N/A,0.0,N/A,N/A,N/A,N/A,unavailable,1102.0,N/A,N/A,0.0,unavailable,Hidden,N/A,0.0,N/A,N/A,N/A,N/A,None,HR86578,2004-11-02,55639.66,N/A,None,None,N/A,N/A,N/A,N/A,None,Hidden,N/A,N/A
payments,124.0,N/A,N/A,N/A,N/A,N/A,N/A,N/A,N/A,unavailable,N/A,0.0,N/A,0.0,N/A,N/A,N/A,N/A,unavailable,1102.0,N/A,N/A,0.0,unavailable,Hidden,N/A,0.0,N/A,N/A,N/A,N/A,None,KI131716,2003-08-15,111654.40,N/A,None,None,N/A,N/A,N/A,N/A,None,Hidden,N/A,N/A
payments,124.0,N/A,N/A,N/A,N/A,N/A,N/A,N/A,N/A,unavailable,N/A,0.0,N/A,0.0,N/A,N/A,N/A,N/A,unavailable,1102.0,N/A,N/A,0.0,unavailable,Hidden,N/A,0.0,N/A,N/A,N/A,N/A,None,LF217299,2004-03-26,43369.30,N/A,None,None,N/A,N/A,N/A,N/A,None,Hidden,N/A,N/A
payments,124.0,N/A,N/A,N/A,N/A,N/A,N/A,N/A,N/A,unavailable,N/A,0.0,N/A,0.0,N/A,N/A,N/A,N/A,unavailable,1102.0,N/A,N/A,0.0,unavailable,Hidden,N/A,0.0,N/A,N/A,N/A,N/A,None,NT141748,2003-11-25,45084.38,N/A,None,None,N/A,N/A,N/A,N/A,None,Hidden,N/A,N/A
payments,128.0,N/A,N/A,N/A,N/A,N/A,N/A,N/A,N/A,unavailable,N/A,0.0,N/A,0.0,N/A,N/A,N/A,N/A,unavailable,1102.0,N/A,N/A,0.0,unavailable,Hidden,N/A,0.0,N/A,N/A,N/A,N/A,None,DI925118,2003-01-28,10549.01,N/A,None,None,N/A,N/A,N/A,N/A,None,Hidden,N/A,N/A
payments,128.0,N/A,N/A,N/A,N/A,N/A,N/A,N/A,N/A,unavailable,N/A,0.0,N/A,0.0,N/A,N/A,N/A,N/A,unavailable,1102.0,N/A,N/A,0.0,unavailable,Hidden,N/A,0.0,N/A,N/A,N/A,N/A,None,FA465482,2003-10-18,24101.81,N/A,None,None,N/A,N/A,N/A,N/A,None,Hidden,N/A,N/A
payments,128.0,N/A,N/A,N/A,N/A,N/A,N/A,N/A,N/A,unavailable,N/A,0.0,N/A,0.0,N/A,N/A,N/A,N/A,unavailable,1102.0,N/A,N/A,0.0,unavailable,Hidden,N/A,0.0,N/A,N/A,N/A,N/A,None,FH668230,2004-03-24,33820.62,N/A,None,None,N/A,N/A,N/A,N/A,None,Hidden,N/A,N/A
payments,128.0,N/A,N/A,N/A,N/A,N/A,N/A,N/A,N/A,unavailable,N/A,0.0,N/A,0.0,N/A,N/A,N/A,N/A,unavailable,1102.0,N/A,N/A,0.0,unavailable,Hidden,N/A,0.0,N/A,N/A,N/A,N/A,None,IP383901,2004-11-18,7466.32,N/A,None,None,N/A,N/A,N/A,N/A,None,Hidden,N/A,N/A
payments,129.0,N/A,N/A,N/A,N/A,N/A,N/A,N/A,N/A,unavailable,N/A,0.0,N/A,0.0,N/A,N/A,N/A,N/A,unavailable,1102.0,N/A,N/A,0.0,unavailable,Hidden,N/A,0.0,N/A,N/A,N/A,N/A,None,DM826140,2004-12-08,26248.78,N/A,None,None,N/A,N/A,N/A,N/A,None,Hidden,N/A,N/A
payments,129.0,N/A,N/A,N/A,N/A,N/A,N/A,N/A,N/A,unavailable,N/A,0.0,N/A,0.0,N/A,N/A,N/A,N/A,unavailable,1102.0,N/A,N/A,0.0,unavailable,Hidden,N/A,0.0,N/A,N/A,N/A,N/A,None,ID449593,2003-12-11,23923.93,N/A,None,None,N/A,N/A,N/A,N/A,None,Hidden,N/A,N/A
payments,129.0,N/A,N/A,N/A,N/A,N/A,N/A,N/A,N/A,unavailable,N/A,0.0,N/A,0.0,N/A,N/A,N/A,N/A,unavailable,1102.0,N/A,N/A,0.0,unavailable,Hidden,N/A,0.0,N/A,N/A,N/A,N/A,None,PI42991,2003-04-09,16537.85,N/A,None,None,N/A,N/A,N/A,N/A,None,Hidden,N/A,N/A
payments,131.0,N/A,N/A,N/A,N/A,N/A,N/A,N/A,N/A,unavailable,N/A,0.0,N/A,0.0,N/A,N/A,N/A,N/A,unavailable,1102.0,N/A,N/A,0.0,unavailable,Hidden,N/A,0.0,N/A,N/A,N/A,N/A,None,CL442705,2003-03-12,22292.62,N/A,None,None,N/A,N/A,N/A,N/A,None,Hidden,N/A,N/A
payments,131.0,N/A,N/A,N/A,N/A,N/A,N/A,N/A,N/A,unavailable,N/A,0.0,N/A,0.0,N/A,N/A,N/A,N/A,unavailable,1102.0,N/A,N/A,0.0,unavailable,Hidden,N/A,0.0,N/A,N/A,N/A,N/A,None,MA724562,2004-12-02,50025.35,N/A,None,None,N/A,N/A,N/A,N/A,None,Hidden,N/A,N/A
payments,131.0,N/A,N/A,N/A,N/A,N/A,N/A,N/A,N/A,unavailable,N/A,0.0,N/A,0.0,N/A,N/A,N/A,N/A,unavailable,1102.0,N/A,N/A,0.0,unavailable,Hidden,N/A,0.0,N/A,N/A,N/A,N/A,None,NB445135,2004-09-11,35321.97,N/A,None,None,N/A,N/A,N/A,N/A,None,Hidden,N/A,N/A
payments,141.0,N/A,N/A,N/A,N/A,N/A,N/A,N/A,N/A,unavailable,N/A,0.0,N/A,0.0,N/A,N/A,N/A,N/A,unavailable,1102.0,N/A,N/A,0.0,unavailable,Hidden,N/A,0.0,N/A,N/A,N/A,N/A,None,AU364101,2003-07-19,36251.03,N/A,None,None,N/A,N/A,N/A,N/A,None,Hidden,N/A,N/A
payments,141.0,N/A,N/A,N/A,N/A,N/A,N/A,N/A,N/A,unavailable,N/A,0.0,N/A,0.0,N/A,N/A,N/A,N/A,unavailable,1102.0,N/A,N/A,0.0,unavailable,Hidden,N/A,0.0,N/A,N/A,N/A,N/A,None,DB583216,2004-11-01,36140.38,N/A,None,None,N/A,N/A,N/A,N/A,None,Hidden,N/A,N/A
payments,141.0,N/A,N/A,N/A,N/A,N/A,N/A,N/A,N/A,unavailable,N/A,0.0,N/A,0.0,N/A,N/A,N/A,N/A,unavailable,1102.0,N/A,N/A,0.0,unavailable,Hidden,N/A,0.0,N/A,N/A,N/A,N/A,None,DL460618,2005-05-19,46895.48,N/A,None,None,N/A,N/A,N/A,N/A,None,Hidden,N/A,N/A
payments,141.0,N/A,N/A,N/A,N/A,N/A,N/A,N/A,N/A,unavailable,N/A,0.0,N/A,0.0,N/A,N/A,N/A,N/A,unavailable,1102.0,N/A,N/A,0.0,unavailable,Hidden,N/A,0.0,N/A,N/A,N/A,N/A,None,HJ32686,2004-01-30,59830.55,N/A,None,None,N/A,N/A,N/A,N/A,None,Hidden,N/A,N/A
payments,141.0,N/A,N/A,N/A,N/A,N/A,N/A,N/A,N/A,unavailable,N/A,0.0,N/A,0.0,N/A,N/A,N/A,N/A,unavailable,1102.0,N/A,N/A,0.0,unavailable,Hidden,N/A,0.0,N/A,N/A,N/A,N/A,None,ID10962,2004-12-31,116208.40,N/A,None,None,N/A,N/A,N/A,N/A,None,Hidden,N/A,N/A
payments,141.0,N/A,N/A,N/A,N/A,N/A,N/A,N/A,N/A,unavailable,N/A,0.0,N/A,0.0,N/A,N/A,N/A,N/A,unavailable,1102.0,N/A,N/A,0.0,unavailable,Hidden,N/A,0.0,N/A,N/A,N/A,N/A,None,IN446258,2005-03-25,65071.26,N/A,None,None,N/A,N/A,N/A,N/A,None,Hidden,N/A,N/A
payments,141.0,N/A,N/A,N/A,N/A,N/A,N/A,N/A,N/A,unavailable,N/A,0.0,N/A,0.0,N/A,N/A,N/A,N/A,unavailable,1102.0,N/A,N/A,0.0,unavailable,Hidden,N/A,0.0,N/A,N/A,N/A,N/A,None,JE105477,2005-03-18,120166.58,N/A,None,None,N/A,N/A,N/A,N/A,None,Hidden,N/A,N/A
payments,141.0,N/A,N/A,N/A,N/A,N/A,N/A,N/A,N/A,unavailable,N/A,0.0,N/A,0.0,N/A,N/A,N/A,N/A,unavailable,1102.0,N/A,N/A,0.0,unavailable,Hidden,N/A,0.0,N/A,N/A,N/A,N/A,None,JN355280,2003-10-26,49539.37,N/A,None,None,N/A,N/A,N/A,N/A,None,Hidden,N/A,N/A
payments,141.0,N/A,N/A,N/A,N/A,N/A,N/A,N/A,N/A,unavailable,N/A,0.0,N/A,0.0,N/A,N/A,N/A,N/A,unavailable,1102.0,N/A,N/A,0.0,unavailable,Hidden,N/A,0.0,N/A,N/A,N/A,N/A,None,JN722010,2003-02-25,40206.20,N/A,None,None,N/A,N/A,N/A,N/A,None,Hidden,N/A,N/A
payments,141.0,N/A,N/A,N/A,N/A,N/A,N/A,N/A,N/A,unavailable,N/A,0.0,N/A,0.0,N/A,N/A,N/A,N/A,unavailable,1102.0,N/A,N/A,0.0,unavailable,Hidden,N/A,0.0,N/A,N/A,N/A,N/A,None,KT52578,2003-12-09,63843.55,N/A,None,None,N/A,N/A,N/A,N/A,None,Hidden,N/A,N/A
payments,141.0,N/A,N/A,N/A,N/A,N/A,N/A,N/A,N/A,unavailable,N/A,0.0,N/A,0.0,N/A,N/A,N/A,N/A,unavailable,1102.0,N/A,N/A,0.0,unavailable,Hidden,N/A,0.0,N/A,N/A,N/A,N/A,None,MC46946,2004-07-09,35420.74,N/A,None,None,N/A,N/A,N/A,N/A,None,Hidden,N/A,N/A
payments,141.0,N/A,N/A,N/A,N/A,N/A,N/A,N/A,N/A,unavailable,N/A,0.0,N/A,0.0,N/A,N/A,N/A,N/A,unavailable,1102.0,N/A,N/A,0.0,unavailable,Hidden,N/A,0.0,N/A,N/A,N/A,N/A,None,MF629602,2004-08-16,20009.53,N/A,None,None,N/A,N/A,N/A,N/A,None,Hidden,N/A,N/A
payments,141.0,N/A,N/A,N/A,N/A,N/A,N/A,N/A,N/A,unavailable,N/A,0.0,N/A,0.0,N/A,N/A,N/A,N/A,unavailable,1102.0,N/A,N/A,0.0,unavailable,Hidden,N/A,0.0,N/A,N/A,N/A,N/A,None,NU627706,2004-05-17,26155.91,N/A,None,None,N/A,N/A,N/A,N/A,None,Hidden,N/A,N/A
payments,144.0,N/A,N/A,N/A,N/A,N/A,N/A,N/A,N/A,unavailable,N/A,0.0,N/A,0.0,N/A,N/A,N/A,N/A,unavailable,1102.0,N/A,N/A,0.0,unavailable,Hidden,N/A,0.0,N/A,N/A,N/A,N/A,None,IR846303,2004-12-12,36005.71,N/A,None,None,N/A,N/A,N/A,N/A,None,Hidden,N/A,N/A
payments,144.0,N/A,N/A,N/A,N/A,N/A,N/A,N/A,N/A,unavailable,N/A,0.0,N/A,0.0,N/A,N/A,N/A,N/A,unavailable,1102.0,N/A,N/A,0.0,unavailable,Hidden,N/A,0.0,N/A,N/A,N/A,N/A,None,LA685678,2003-04-09,7674.94,N/A,None,None,N/A,N/A,N/A,N/A,None,Hidden,N/A,N/A
payments,145.0,N/A,N/A,N/A,N/A,N/A,N/A,N/A,N/A,unavailable,N/A,0.0,N/A,0.0,N/A,N/A,N/A,N/A,unavailable,1102.0,N/A,N/A,0.0,unavailable,Hidden,N/A,0.0,N/A,N/A,N/A,N/A,None,CN328545,2004-07-03,4710.73,N/A,None,None,N/A,N/A,N/A,N/A,None,Hidden,N/A,N/A
payments,145.0,N/A,N/A,N/A,N/A,N/A,N/A,N/A,N/A,unavailable,N/A,0.0,N/A,0.0,N/A,N/A,N/A,N/A,unavailable,1102.0,N/A,N/A,0.0,unavailable,Hidden,N/A,0.0,N/A,N/A,N/A,N/A,None,ED39322,2004-04-26,28211.70,N/A,None,None,N/A,N/A,N/A,N/A,None,Hidden,N/A,N/A
payments,145.0,N/A,N/A,N/A,N/A,N/A,N/A,N/A,N/A,unavailable,N/A,0.0,N/A,0.0,N/A,N/A,N/A,N/A,unavailable,1102.0,N/A,N/A,0.0,unavailable,Hidden,N/A,0.0,N/A,N/A,N/A,N/A,None,HR182688,2004-12-01,20564.86,N/A,None,None,N/A,N/A,N/A,N/A,None,Hidden,N/A,N/A
payments,145.0,N/A,N/A,N/A,N/A,N/A,N/A,N/A,N/A,unavailable,N/A,0.0,N/A,0.0,N/A,N/A,N/A,N/A,unavailable,1102.0,N/A,N/A,0.0,unavailable,Hidden,N/A,0.0,N/A,N/A,N/A,N/A,None,JJ246391,2003-02-20,53959.21,N/A,None,None,N/A,N/A,N/A,N/A,None,Hidden,N/A,N/A
payments,146.0,N/A,N/A,N/A,N/A,N/A,N/A,N/A,N/A,unavailable,N/A,0.0,N/A,0.0,N/A,N/A,N/A,N/A,unavailable,1102.0,N/A,N/A,0.0,unavailable,Hidden,N/A,0.0,N/A,N/A,N/A,N/A,None,FP549817,2004-03-18,40978.53,N/A,None,None,N/A,N/A,N/A,N/A,None,Hidden,N/A,N/A
payments,146.0,N/A,N/A,N/A,N/A,N/A,N/A,N/A,N/A,unavailable,N/A,0.0,N/A,0.0,N/A,N/A,N/A,N/A,unavailable,1102.0,N/A,N/A,0.0,unavailable,Hidden,N/A,0.0,N/A,N/A,N/A,N/A,None,FU793410,2004-01-16,49614.72,N/A,None,None,N/A,N/A,N/A,N/A,None,Hidden,N/A,N/A
payments,146.0,N/A,N/A,N/A,N/A,N/A,N/A,N/A,N/A,unavailable,N/A,0.0,N/A,0.0,N/A,N/A,N/A,N/A,unavailable,1102.0,N/A,N/A,0.0,unavailable,Hidden,N/A,0.0,N/A,N/A,N/A,N/A,None,LJ160635,2003-12-10,39712.10,N/A,None,None,N/A,N/A,N/A,N/A,None,Hidden,N/A,N/A
payments,148.0,N/A,N/A,N/A,N/A,N/A,N/A,N/A,N/A,unavailable,N/A,0.0,N/A,0.0,N/A,N/A,N/A,N/A,unavailable,1102.0,N/A,N/A,0.0,unavailable,Hidden,N/A,0.0,N/A,N/A,N/A,N/A,None,BI507030,2003-04-22,44380.15,N/A,None,None,N/A,N/A,N/A,N/A,None,Hidden,N/A,N/A
payments,148.0,N/A,N/A,N/A,N/A,N/A,N/A,N/A,N/A,unavailable,N/A,0.0,N/A,0.0,N/A,N/A,N/A,N/A,unavailable,1102.0,N/A,N/A,0.0,unavailable,Hidden,N/A,0.0,N/A,N/A,N/A,N/A,None,DD635282,2004-08-11,2611.84,N/A,None,None,N/A,N/A,N/A,N/A,None,Hidden,N/A,N/A
payments,148.0,N/A,N/A,N/A,N/A,N/A,N/A,N/A,N/A,unavailable,N/A,0.0,N/A,0.0,N/A,N/A,N/A,N/A,unavailable,1102.0,N/A,N/A,0.0,unavailable,Hidden,N/A,0.0,N/A,N/A,N/A,N/A,None,KM172879,2003-12-26,105743.00,N/A,None,None,N/A,N/A,N/A,N/A,None,Hidden,N/A,N/A
payments,148.0,N/A,N/A,N/A,N/A,N/A,N/A,N/A,N/A,unavailable,N/A,0.0,N/A,0.0,N/A,N/A,N/A,N/A,unavailable,1102.0,N/A,N/A,0.0,unavailable,Hidden,N/A,0.0,N/A,N/A,N/A,N/A,None,ME497970,2005-03-27,3516.04,N/A,None,None,N/A,N/A,N/A,N/A,None,Hidden,N/A,N/A
payments,151.0,N/A,N/A,N/A,N/A,N/A,N/A,N/A,N/A,unavailable,N/A,0.0,N/A,0.0,N/A,N/A,N/A,N/A,unavailable,1102.0,N/A,N/A,0.0,unavailable,Hidden,N/A,0.0,N/A,N/A,N/A,N/A,None,BF686658,2003-12-22,58793.53,N/A,None,None,N/A,N/A,N/A,N/A,None,Hidden,N/A,N/A
payments,151.0,N/A,N/A,N/A,N/A,N/A,N/A,N/A,N/A,unavailable,N/A,0.0,N/A,0.0,N/A,N/A,N/A,N/A,unavailable,1102.0,N/A,N/A,0.0,unavailable,Hidden,N/A,0.0,N/A,N/A,N/A,N/A,None,GB852215,2004-07-26,20314.44,N/A,None,None,N/A,N/A,N/A,N/A,None,Hidden,N/A,N/A
payments,151.0,N/A,N/A,N/A,N/A,N/A,N/A,N/A,N/A,unavailable,N/A,0.0,N/A,0.0,N/A,N/A,N/A,N/A,unavailable,1102.0,N/A,N/A,0.0,unavailable,Hidden,N/A,0.0,N/A,N/A,N/A,N/A,None,IP568906,2003-06-18,58841.35,N/A,None,None,N/A,N/A,N/A,N/A,None,Hidden,N/A,N/A
payments,151.0,N/A,N/A,N/A,N/A,N/A,N/A,N/A,N/A,unavailable,N/A,0.0,N/A,0.0,N/A,N/A,N/A,N/A,unavailable,1102.0,N/A,N/A,0.0,unavailable,Hidden,N/A,0.0,N/A,N/A,N/A,N/A,None,KI884577,2004-12-14,39964.63,N/A,None,None,N/A,N/A,N/A,N/A,None,Hidden,N/A,N/A
payments,157.0,N/A,N/A,N/A,N/A,N/A,N/A,N/A,N/A,unavailable,N/A,0.0,N/A,0.0,N/A,N/A,N/A,N/A,unavailable,1102.0,N/A,N/A,0.0,unavailable,Hidden,N/A,0.0,N/A,N/A,N/A,N/A,None,HI618861,2004-11-19,35152.12,N/A,None,None,N/A,N/A,N/A,N/A,None,Hidden,N/A,N/A
payments,157.0,N/A,N/A,N/A,N/A,N/A,N/A,N/A,N/A,unavailable,N/A,0.0,N/A,0.0,N/A,N/A,N/A,N/A,unavailable,1102.0,N/A,N/A,0.0,unavailable,Hidden,N/A,0.0,N/A,N/A,N/A,N/A,None,NN711988,2004-09-07,63357.13,N/A,None,None,N/A,N/A,N/A,N/A,None,Hidden,N/A,N/A
payments,161.0,N/A,N/A,N/A,N/A,N/A,N/A,N/A,N/A,unavailable,N/A,0.0,N/A,0.0,N/A,N/A,N/A,N/A,unavailable,1102.0,N/A,N/A,0.0,unavailable,Hidden,N/A,0.0,N/A,N/A,N/A,N/A,None,BR352384,2004-11-14,2434.25,N/A,None,None,N/A,N/A,N/A,N/A,None,Hidden,N/A,N/A
payments,161.0,N/A,N/A,N/A,N/A,N/A,N/A,N/A,N/A,unavailable,N/A,0.0,N/A,0.0,N/A,N/A,N/A,N/A,unavailable,1102.0,N/A,N/A,0.0,unavailable,Hidden,N/A,0.0,N/A,N/A,N/A,N/A,None,BR478494,2003-11-18,50743.65,N/A,None,None,N/A,N/A,N/A,N/A,None,Hidden,N/A,N/A
payments,161.0,N/A,N/A,N/A,N/A,N/A,N/A,N/A,N/A,unavailable,N/A,0.0,N/A,0.0,N/A,N/A,N/A,N/A,unavailable,1102.0,N/A,N/A,0.0,unavailable,Hidden,N/A,0.0,N/A,N/A,N/A,N/A,None,KG644125,2005-02-02,12692.19,N/A,None,None,N/A,N/A,N/A,N/A,None,Hidden,N/A,N/A
payments,161.0,N/A,N/A,N/A,N/A,N/A,N/A,N/A,N/A,unavailable,N/A,0.0,N/A,0.0,N/A,N/A,N/A,N/A,unavailable,1102.0,N/A,N/A,0.0,unavailable,Hidden,N/A,0.0,N/A,N/A,N/A,N/A,None,NI908214,2003-08-05,38675.13,N/A,None,None,N/A,N/A,N/A,N/A,None,Hidden,N/A,N/A
payments,166.0,N/A,N/A,N/A,N/A,N/A,N/A,N/A,N/A,unavailable,N/A,0.0,N/A,0.0,N/A,N/A,N/A,N/A,unavailable,1102.0,N/A,N/A,0.0,unavailable,Hidden,N/A,0.0,N/A,N/A,N/A,N/A,None,BQ327613,2004-09-16,38785.48,N/A,None,None,N/A,N/A,N/A,N/A,None,Hidden,N/A,N/A
payments,166.0,N/A,N/A,N/A,N/A,N/A,N/A,N/A,N/A,unavailable,N/A,0.0,N/A,0.0,N/A,N/A,N/A,N/A,unavailable,1102.0,N/A,N/A,0.0,unavailable,Hidden,N/A,0.0,N/A,N/A,N/A,N/A,None,DC979307,2004-07-07,44160.92,N/A,None,None,N/A,N/A,N/A,N/A,None,Hidden,N/A,N/A
payments,166.0,N/A,N/A,N/A,N/A,N/A,N/A,N/A,N/A,unavailable,N/A,0.0,N/A,0.0,N/A,N/A,N/A,N/A,unavailable,1102.0,N/A,N/A,0.0,unavailable,Hidden,N/A,0.0,N/A,N/A,N/A,N/A,None,LA318629,2004-02-28,22474.17,N/A,None,None,N/A,N/A,N/A,N/A,None,Hidden,N/A,N/A
payments,167.0,N/A,N/A,N/A,N/A,N/A,N/A,N/A,N/A,unavailable,N/A,0.0,N/A,0.0,N/A,N/A,N/A,N/A,unavailable,1102.0,N/A,N/A,0.0,unavailable,Hidden,N/A,0.0,N/A,N/A,N/A,N/A,None,ED743615,2004-09-19,12538.01,N/A,None,None,N/A,N/A,N/A,N/A,None,Hidden,N/A,N/A
payments,167.0,N/A,N/A,N/A,N/A,N/A,N/A,N/A,N/A,unavailable,N/A,0.0,N/A,0.0,N/A,N/A,N/A,N/A,unavailable,1102.0,N/A,N/A,0.0,unavailable,Hidden,N/A,0.0,N/A,N/A,N/A,N/A,None,GN228846,2003-12-03,85024.46,N/A,None,None,N/A,N/A,N/A,N/A,None,Hidden,N/A,N/A
payments,171.0,N/A,N/A,N/A,N/A,N/A,N/A,N/A,N/A,unavailable,N/A,0.0,N/A,0.0,N/A,N/A,N/A,N/A,unavailable,1102.0,N/A,N/A,0.0,unavailable,Hidden,N/A,0.0,N/A,N/A,N/A,N/A,None,GB878038,2004-03-15,18997.89,N/A,None,None,N/A,N/A,N/A,N/A,None,Hidden,N/A,N/A
payments,171.0,N/A,N/A,N/A,N/A,N/A,N/A,N/A,N/A,unavailable,N/A,0.0,N/A,0.0,N/A,N/A,N/A,N/A,unavailable,1102.0,N/A,N/A,0.0,unavailable,Hidden,N/A,0.0,N/A,N/A,N/A,N/A,None,IL104425,2003-11-22,42783.81,N/A,None,None,N/A,N/A,N/A,N/A,None,Hidden,N/A,N/A
payments,172.0,N/A,N/A,N/A,N/A,N/A,N/A,N/A,N/A,unavailable,N/A,0.0,N/A,0.0,N/A,N/A,N/A,N/A,unavailable,1102.0,N/A,N/A,0.0,unavailable,Hidden,N/A,0.0,N/A,N/A,N/A,N/A,None,AD832091,2004-09-09,1960.80,N/A,None,None,N/A,N/A,N/A,N/A,None,Hidden,N/A,N/A
payments,172.0,N/A,N/A,N/A,N/A,N/A,N/A,N/A,N/A,unavailable,N/A,0.0,N/A,0.0,N/A,N/A,N/A,N/A,unavailable,1102.0,N/A,N/A,0.0,unavailable,Hidden,N/A,0.0,N/A,N/A,N/A,N/A,None,CE51751,2004-12-04,51209.58,N/A,None,None,N/A,N/A,N/A,N/A,None,Hidden,N/A,N/A
payments,172.0,N/A,N/A,N/A,N/A,N/A,N/A,N/A,N/A,unavailable,N/A,0.0,N/A,0.0,N/A,N/A,N/A,N/A,unavailable,1102.0,N/A,N/A,0.0,unavailable,Hidden,N/A,0.0,N/A,N/A,N/A,N/A,None,EH208589,2003-04-20,33383.14,N/A,None,None,N/A,N/A,N/A,N/A,None,Hidden,N/A,N/A
payments,173.0,N/A,N/A,N/A,N/A,N/A,N/A,N/A,N/A,unavailable,N/A,0.0,N/A,0.0,N/A,N/A,N/A,N/A,unavailable,1102.0,N/A,N/A,0.0,unavailable,Hidden,N/A,0.0,N/A,N/A,N/A,N/A,None,GP545698,2004-05-13,11843.45,N/A,None,None,N/A,N/A,N/A,N/A,None,Hidden,N/A,N/A
payments,173.0,N/A,N/A,N/A,N/A,N/A,N/A,N/A,N/A,unavailable,N/A,0.0,N/A,0.0,N/A,N/A,N/A,N/A,unavailable,1102.0,N/A,N/A,0.0,unavailable,Hidden,N/A,0.0,N/A,N/A,N/A,N/A,None,IG462397,2004-03-29,20355.24,N/A,None,None,N/A,N/A,N/A,N/A,None,Hidden,N/A,N/A
payments,175.0,N/A,N/A,N/A,N/A,N/A,N/A,N/A,N/A,unavailable,N/A,0.0,N/A,0.0,N/A,N/A,N/A,N/A,unavailable,1102.0,N/A,N/A,0.0,unavailable,Hidden,N/A,0.0,N/A,N/A,N/A,N/A,None,CITI3434344,2005-05-19,28500.78,N/A,None,None,N/A,N/A,N/A,N/A,None,Hidden,N/A,N/A
payments,175.0,N/A,N/A,N/A,N/A,N/A,N/A,N/A,N/A,unavailable,N/A,0.0,N/A,0.0,N/A,N/A,N/A,N/A,unavailable,1102.0,N/A,N/A,0.0,unavailable,Hidden,N/A,0.0,N/A,N/A,N/A,N/A,None,IO448913,2003-11-19,24879.08,N/A,None,None,N/A,N/A,N/A,N/A,None,Hidden,N/A,N/A
payments,175.0,N/A,N/A,N/A,N/A,N/A,N/A,N/A,N/A,unavailable,N/A,0.0,N/A,0.0,N/A,N/A,N/A,N/A,unavailable,1102.0,N/A,N/A,0.0,unavailable,Hidden,N/A,0.0,N/A,N/A,N/A,N/A,None,PI15215,2004-07-10,42044.77,N/A,None,None,N/A,N/A,N/A,N/A,None,Hidden,N/A,N/A
payments,177.0,N/A,N/A,N/A,N/A,N/A,N/A,N/A,N/A,unavailable,N/A,0.0,N/A,0.0,N/A,N/A,N/A,N/A,unavailable,1102.0,N/A,N/A,0.0,unavailable,Hidden,N/A,0.0,N/A,N/A,N/A,N/A,None,AU750837,2004-04-17,15183.63,N/A,None,None,N/A,N/A,N/A,N/A,None,Hidden,N/A,N/A
payments,177.0,N/A,N/A,N/A,N/A,N/A,N/A,N/A,N/A,unavailable,N/A,0.0,N/A,0.0,N/A,N/A,N/A,N/A,unavailable,1102.0,N/A,N/A,0.0,unavailable,Hidden,N/A,0.0,N/A,N/A,N/A,N/A,None,CI381435,2004-01-19,47177.59,N/A,None,None,N/A,N/A,N/A,N/A,None,Hidden,N/A,N/A
payments,181.0,N/A,N/A,N/A,N/A,N/A,N/A,N/A,N/A,unavailable,N/A,0.0,N/A,0.0,N/A,N/A,N/A,N/A,unavailable,1102.0,N/A,N/A,0.0,unavailable,Hidden,N/A,0.0,N/A,N/A,N/A,N/A,None,CM564612,2004-04-25,22602.36,N/A,None,None,N/A,N/A,N/A,N/A,None,Hidden,N/A,N/A
payments,181.0,N/A,N/A,N/A,N/A,N/A,N/A,N/A,N/A,unavailable,N/A,0.0,N/A,0.0,N/A,N/A,N/A,N/A,unavailable,1102.0,N/A,N/A,0.0,unavailable,Hidden,N/A,0.0,N/A,N/A,N/A,N/A,None,GQ132144,2003-01-30,5494.78,N/A,None,None,N/A,N/A,N/A,N/A,None,Hidden,N/A,N/A
payments,181.0,N/A,N/A,N/A,N/A,N/A,N/A,N/A,N/A,unavailable,N/A,0.0,N/A,0.0,N/A,N/A,N/A,N/A,unavailable,1102.0,N/A,N/A,0.0,unavailable,Hidden,N/A,0.0,N/A,N/A,N/A,N/A,None,OH367219,2004-11-16,44400.50,N/A,None,None,N/A,N/A,N/A,N/A,None,Hidden,N/A,N/A
payments,186.0,N/A,N/A,N/A,N/A,N/A,N/A,N/A,N/A,unavailable,N/A,0.0,N/A,0.0,N/A,N/A,N/A,N/A,unavailable,1102.0,N/A,N/A,0.0,unavailable,Hidden,N/A,0.0,N/A,N/A,N/A,N/A,None,AE192287,2005-03-10,23602.90,N/A,None,None,N/A,N/A,N/A,N/A,None,Hidden,N/A,N/A
payments,186.0,N/A,N/A,N/A,N/A,N/A,N/A,N/A,N/A,unavailable,N/A,0.0,N/A,0.0,N/A,N/A,N/A,N/A,unavailable,1102.0,N/A,N/A,0.0,unavailable,Hidden,N/A,0.0,N/A,N/A,N/A,N/A,None,AK412714,2003-10-27,37602.48,N/A,None,None,N/A,N/A,N/A,N/A,None,Hidden,N/A,N/A
payments,186.0,N/A,N/A,N/A,N/A,N/A,N/A,N/A,N/A,unavailable,N/A,0.0,N/A,0.0,N/A,N/A,N/A,N/A,unavailable,1102.0,N/A,N/A,0.0,unavailable,Hidden,N/A,0.0,N/A,N/A,N/A,N/A,None,KA602407,2004-10-21,34341.08,N/A,None,None,N/A,N/A,N/A,N/A,None,Hidden,N/A,N/A
payments,187.0,N/A,N/A,N/A,N/A,N/A,N/A,N/A,N/A,unavailable,N/A,0.0,N/A,0.0,N/A,N/A,N/A,N/A,unavailable,1102.0,N/A,N/A,0.0,unavailable,Hidden,N/A,0.0,N/A,N/A,N/A,N/A,None,AM968797,2004-11-03,52825.29,N/A,None,None,N/A,N/A,N/A,N/A,None,Hidden,N/A,N/A
payments,187.0,N/A,N/A,N/A,N/A,N/A,N/A,N/A,N/A,unavailable,N/A,0.0,N/A,0.0,N/A,N/A,N/A,N/A,unavailable,1102.0,N/A,N/A,0.0,unavailable,Hidden,N/A,0.0,N/A,N/A,N/A,N/A,None,BQ39062,2004-12-08,47159.11,N/A,None,None,N/A,N/A,N/A,N/A,None,Hidden,N/A,N/A
payments,187.0,N/A,N/A,N/A,N/A,N/A,N/A,N/A,N/A,unavailable,N/A,0.0,N/A,0.0,N/A,N/A,N/A,N/A,unavailable,1102.0,N/A,N/A,0.0,unavailable,Hidden,N/A,0.0,N/A,N/A,N/A,N/A,None,KL124726,2003-03-27,48425.69,N/A,None,None,N/A,N/A,N/A,N/A,None,Hidden,N/A,N/A
payments,189.0,N/A,N/A,N/A,N/A,N/A,N/A,N/A,N/A,unavailable,N/A,0.0,N/A,0.0,N/A,N/A,N/A,N/A,unavailable,1102.0,N/A,N/A,0.0,unavailable,Hidden,N/A,0.0,N/A,N/A,N/A,N/A,None,BO711618,2004-10-03,17359.53,N/A,None,None,N/A,N/A,N/A,N/A,None,Hidden,N/A,N/A
payments,189.0,N/A,N/A,N/A,N/A,N/A,N/A,N/A,N/A,unavailable,N/A,0.0,N/A,0.0,N/A,N/A,N/A,N/A,unavailable,1102.0,N/A,N/A,0.0,unavailable,Hidden,N/A,0.0,N/A,N/A,N/A,N/A,None,NM916675,2004-03-01,32538.74,N/A,None,None,N/A,N/A,N/A,N/A,None,Hidden,N/A,N/A
payments,198.0,N/A,N/A,N/A,N/A,N/A,N/A,N/A,N/A,unavailable,N/A,0.0,N/A,0.0,N/A,N/A,N/A,N/A,unavailable,1102.0,N/A,N/A,0.0,unavailable,Hidden,N/A,0.0,N/A,N/A,N/A,N/A,None,FI192930,2004-12-06,9658.74,N/A,None,None,N/A,N/A,N/A,N/A,None,Hidden,N/A,N/A
payments,198.0,N/A,N/A,N/A,N/A,N/A,N/A,N/A,N/A,unavailable,N/A,0.0,N/A,0.0,N/A,N/A,N/A,N/A,unavailable,1102.0,N/A,N/A,0.0,unavailable,Hidden,N/A,0.0,N/A,N/A,N/A,N/A,None,HQ920205,2003-07-06,6036.96,N/A,None,None,N/A,N/A,N/A,N/A,None,Hidden,N/A,N/A
payments,198.0,N/A,N/A,N/A,N/A,N/A,N/A,N/A,N/A,unavailable,N/A,0.0,N/A,0.0,N/A,N/A,N/A,N/A,unavailable,1102.0,N/A,N/A,0.0,unavailable,Hidden,N/A,0.0,N/A,N/A,N/A,N/A,None,IS946883,2004-09-21,5858.56,N/A,None,None,N/A,N/A,N/A,N/A,None,Hidden,N/A,N/A
payments,201.0,N/A,N/A,N/A,N/A,N/A,N/A,N/A,N/A,unavailable,N/A,0.0,N/A,0.0,N/A,N/A,N/A,N/A,unavailable,1102.0,N/A,N/A,0.0,unavailable,Hidden,N/A,0.0,N/A,N/A,N/A,N/A,None,DP677013,2003-10-20,23908.24,N/A,None,None,N/A,N/A,N/A,N/A,None,Hidden,N/A,N/A
payments,201.0,N/A,N/A,N/A,N/A,N/A,N/A,N/A,N/A,unavailable,N/A,0.0,N/A,0.0,N/A,N/A,N/A,N/A,unavailable,1102.0,N/A,N/A,0.0,unavailable,Hidden,N/A,0.0,N/A,N/A,N/A,N/A,None,OO846801,2004-06-15,37258.94,N/A,None,None,N/A,N/A,N/A,N/A,None,Hidden,N/A,N/A
payments,202.0,N/A,N/A,N/A,N/A,N/A,N/A,N/A,N/A,unavailable,N/A,0.0,N/A,0.0,N/A,N/A,N/A,N/A,unavailable,1102.0,N/A,N/A,0.0,unavailable,Hidden,N/A,0.0,N/A,N/A,N/A,N/A,None,HI358554,2003-12-18,36527.61,N/A,None,None,N/A,N/A,N/A,N/A,None,Hidden,N/A,N/A
payments,202.0,N/A,N/A,N/A,N/A,N/A,N/A,N/A,N/A,unavailable,N/A,0.0,N/A,0.0,N/A,N/A,N/A,N/A,unavailable,1102.0,N/A,N/A,0.0,unavailable,Hidden,N/A,0.0,N/A,N/A,N/A,N/A,None,IQ627690,2004-11-08,33594.58,N/A,None,None,N/A,N/A,N/A,N/A,None,Hidden,N/A,N/A
payments,204.0,N/A,N/A,N/A,N/A,N/A,N/A,N/A,N/A,unavailable,N/A,0.0,N/A,0.0,N/A,N/A,N/A,N/A,unavailable,1102.0,N/A,N/A,0.0,unavailable,Hidden,N/A,0.0,N/A,N/A,N/A,N/A,None,GC697638,2004-08-13,51152.86,N/A,None,None,N/A,N/A,N/A,N/A,None,Hidden,N/A,N/A
payments,204.0,N/A,N/A,N/A,N/A,N/A,N/A,N/A,N/A,unavailable,N/A,0.0,N/A,0.0,N/A,N/A,N/A,N/A,unavailable,1102.0,N/A,N/A,0.0,unavailable,Hidden,N/A,0.0,N/A,N/A,N/A,N/A,None,IS150005,2004-09-24,4424.40,N/A,None,None,N/A,N/A,N/A,N/A,None,Hidden,N/A,N/A
payments,205.0,N/A,N/A,N/A,N/A,N/A,N/A,N/A,N/A,unavailable,N/A,0.0,N/A,0.0,N/A,N/A,N/A,N/A,unavailable,1102.0,N/A,N/A,0.0,unavailable,Hidden,N/A,0.0,N/A,N/A,N/A,N/A,None,GL756480,2003-12-04,3879.96,N/A,None,None,N/A,N/A,N/A,N/A,None,Hidden,N/A,N/A
payments,205.0,N/A,N/A,N/A,N/A,N/A,N/A,N/A,N/A,unavailable,N/A,0.0,N/A,0.0,N/A,N/A,N/A,N/A,unavailable,1102.0,N/A,N/A,0.0,unavailable,Hidden,N/A,0.0,N/A,N/A,N/A,N/A,None,LL562733,2003-09-05,50342.74,N/A,None,None,N/A,N/A,N/A,N/A,None,Hidden,N/A,N/A
payments,205.0,N/A,N/A,N/A,N/A,N/A,N/A,N/A,N/A,unavailable,N/A,0.0,N/A,0.0,N/A,N/A,N/A,N/A,unavailable,1102.0,N/A,N/A,0.0,unavailable,Hidden,N/A,0.0,N/A,N/A,N/A,N/A,None,NM739638,2005-02-06,39580.60,N/A,None,None,N/A,N/A,N/A,N/A,None,Hidden,N/A,N/A
payments,209.0,N/A,N/A,N/A,N/A,N/A,N/A,N/A,N/A,unavailable,N/A,0.0,N/A,0.0,N/A,N/A,N/A,N/A,unavailable,1102.0,N/A,N/A,0.0,unavailable,Hidden,N/A,0.0,N/A,N/A,N/A,N/A,None,BOAF82044,2005-05-03,35157.75,N/A,None,None,N/A,N/A,N/A,N/A,None,Hidden,N/A,N/A
payments,209.0,N/A,N/A,N/A,N/A,N/A,N/A,N/A,N/A,unavailable,N/A,0.0,N/A,0.0,N/A,N/A,N/A,N/A,unavailable,1102.0,N/A,N/A,0.0,unavailable,Hidden,N/A,0.0,N/A,N/A,N/A,N/A,None,ED520529,2004-06-21,4632.31,N/A,None,None,N/A,N/A,N/A,N/A,None,Hidden,N/A,N/A
payments,209.0,N/A,N/A,N/A,N/A,N/A,N/A,N/A,N/A,unavailable,N/A,0.0,N/A,0.0,N/A,N/A,N/A,N/A,unavailable,1102.0,N/A,N/A,0.0,unavailable,Hidden,N/A,0.0,N/A,N/A,N/A,N/A,None,PH785937,2004-05-04,36069.26,N/A,None,None,N/A,N/A,N/A,N/A,None,Hidden,N/A,N/A
payments,211.0,N/A,N/A,N/A,N/A,N/A,N/A,N/A,N/A,unavailable,N/A,0.0,N/A,0.0,N/A,N/A,N/A,N/A,unavailable,1102.0,N/A,N/A,0.0,unavailable,Hidden,N/A,0.0,N/A,N/A,N/A,N/A,None,BJ535230,2003-12-09,45480.79,N/A,None,None,N/A,N/A,N/A,N/A,None,Hidden,N/A,N/A
payments,216.0,N/A,N/A,N/A,N/A,N/A,N/A,N/A,N/A,unavailable,N/A,0.0,N/A,0.0,N/A,N/A,N/A,N/A,unavailable,1102.0,N/A,N/A,0.0,unavailable,Hidden,N/A,0.0,N/A,N/A,N/A,N/A,None,BG407567,2003-05-09,3101.40,N/A,None,None,N/A,N/A,N/A,N/A,None,Hidden,N/A,N/A
payments,216.0,N/A,N/A,N/A,N/A,N/A,N/A,N/A,N/A,unavailable,N/A,0.0,N/A,0.0,N/A,N/A,N/A,N/A,unavailable,1102.0,N/A,N/A,0.0,unavailable,Hidden,N/A,0.0,N/A,N/A,N/A,N/A,None,ML780814,2004-12-06,24945.21,N/A,None,None,N/A,N/A,N/A,N/A,None,Hidden,N/A,N/A
payments,216.0,N/A,N/A,N/A,N/A,N/A,N/A,N/A,N/A,unavailable,N/A,0.0,N/A,0.0,N/A,N/A,N/A,N/A,unavailable,1102.0,N/A,N/A,0.0,unavailable,Hidden,N/A,0.0,N/A,N/A,N/A,N/A,None,MM342086,2003-12-14,40473.86,N/A,None,None,N/A,N/A,N/A,N/A,None,Hidden,N/A,N/A
payments,219.0,N/A,N/A,N/A,N/A,N/A,N/A,N/A,N/A,unavailable,N/A,0.0,N/A,0.0,N/A,N/A,N/A,N/A,unavailable,1102.0,N/A,N/A,0.0,unavailable,Hidden,N/A,0.0,N/A,N/A,N/A,N/A,None,BN17870,2005-03-02,3452.75,N/A,None,None,N/A,N/A,N/A,N/A,None,Hidden,N/A,N/A
payments,219.0,N/A,N/A,N/A,N/A,N/A,N/A,N/A,N/A,unavailable,N/A,0.0,N/A,0.0,N/A,N/A,N/A,N/A,unavailable,1102.0,N/A,N/A,0.0,unavailable,Hidden,N/A,0.0,N/A,N/A,N/A,N/A,None,BR941480,2003-10-18,4465.85,N/A,None,None,N/A,N/A,N/A,N/A,None,Hidden,N/A,N/A
payments,227.0,N/A,N/A,N/A,N/A,N/A,N/A,N/A,N/A,unavailable,N/A,0.0,N/A,0.0,N/A,N/A,N/A,N/A,unavailable,1102.0,N/A,N/A,0.0,unavailable,Hidden,N/A,0.0,N/A,N/A,N/A,N/A,None,MQ413968,2003-10-31,36164.46,N/A,None,None,N/A,N/A,N/A,N/A,None,Hidden,N/A,N/A
payments,227.0,N/A,N/A,N/A,N/A,N/A,N/A,N/A,N/A,unavailable,N/A,0.0,N/A,0.0,N/A,N/A,N/A,N/A,unavailable,1102.0,N/A,N/A,0.0,unavailable,Hidden,N/A,0.0,N/A,N/A,N/A,N/A,None,NU21326,2004-11-02,53745.34,N/A,None,None,N/A,N/A,N/A,N/A,None,Hidden,N/A,N/A
payments,233.0,N/A,N/A,N/A,N/A,N/A,N/A,N/A,N/A,unavailable,N/A,0.0,N/A,0.0,N/A,N/A,N/A,N/A,unavailable,1102.0,N/A,N/A,0.0,unavailable,Hidden,N/A,0.0,N/A,N/A,N/A,N/A,None,BOFA23232,2005-05-20,29070.38,N/A,None,None,N/A,N/A,N/A,N/A,None,Hidden,N/A,N/A
payments,233.0,N/A,N/A,N/A,N/A,N/A,N/A,N/A,N/A,unavailable,N/A,0.0,N/A,0.0,N/A,N/A,N/A,N/A,unavailable,1102.0,N/A,N/A,0.0,unavailable,Hidden,N/A,0.0,N/A,N/A,N/A,N/A,None,II180006,2004-07-01,22997.45,N/A,None,None,N/A,N/A,N/A,N/A,None,Hidden,N/A,N/A
payments,233.0,N/A,N/A,N/A,N/A,N/A,N/A,N/A,N/A,unavailable,N/A,0.0,N/A,0.0,N/A,N/A,N/A,N/A,unavailable,1102.0,N/A,N/A,0.0,unavailable,Hidden,N/A,0.0,N/A,N/A,N/A,N/A,None,JG981190,2003-11-18,16909.84,N/A,None,None,N/A,N/A,N/A,N/A,None,Hidden,N/A,N/A
payments,239.0,N/A,N/A,N/A,N/A,N/A,N/A,N/A,N/A,unavailable,N/A,0.0,N/A,0.0,N/A,N/A,N/A,N/A,unavailable,1102.0,N/A,N/A,0.0,unavailable,Hidden,N/A,0.0,N/A,N/A,N/A,N/A,None,NQ865547,2004-03-15,80375.24,N/A,None,None,N/A,N/A,N/A,N/A,None,Hidden,N/A,N/A
payments,240.0,N/A,N/A,N/A,N/A,N/A,N/A,N/A,N/A,unavailable,N/A,0.0,N/A,0.0,N/A,N/A,N/A,N/A,unavailable,1102.0,N/A,N/A,0.0,unavailable,Hidden,N/A,0.0,N/A,N/A,N/A,N/A,None,IF245157,2004-11-16,46788.14,N/A,None,None,N/A,N/A,N/A,N/A,None,Hidden,N/A,N/A
payments,240.0,N/A,N/A,N/A,N/A,N/A,N/A,N/A,N/A,unavailable,N/A,0.0,N/A,0.0,N/A,N/A,N/A,N/A,unavailable,1102.0,N/A,N/A,0.0,unavailable,Hidden,N/A,0.0,N/A,N/A,N/A,N/A,None,JO719695,2004-03-28,24995.61,N/A,None,None,N/A,N/A,N/A,N/A,None,Hidden,N/A,N/A
payments,242.0,N/A,N/A,N/A,N/A,N/A,N/A,N/A,N/A,unavailable,N/A,0.0,N/A,0.0,N/A,N/A,N/A,N/A,unavailable,1102.0,N/A,N/A,0.0,unavailable,Hidden,N/A,0.0,N/A,N/A,N/A,N/A,None,AF40894,2003-11-22,33818.34,N/A,None,None,N/A,N/A,N/A,N/A,None,Hidden,N/A,N/A
payments,242.0,N/A,N/A,N/A,N/A,N/A,N/A,N/A,N/A,unavailable,N/A,0.0,N/A,0.0,N/A,N/A,N/A,N/A,unavailable,1102.0,N/A,N/A,0.0,unavailable,Hidden,N/A,0.0,N/A,N/A,N/A,N/A,None,HR224331,2005-06-03,12432.32,N/A,None,None,N/A,N/A,N/A,N/A,None,Hidden,N/A,N/A
payments,242.0,N/A,N/A,N/A,N/A,N/A,N/A,N/A,N/A,unavailable,N/A,0.0,N/A,0.0,N/A,N/A,N/A,N/A,unavailable,1102.0,N/A,N/A,0.0,unavailable,Hidden,N/A,0.0,N/A,N/A,N/A,N/A,None,KI744716,2003-07-21,14232.70,N/A,None,None,N/A,N/A,N/A,N/A,None,Hidden,N/A,N/A
payments,249.0,N/A,N/A,N/A,N/A,N/A,N/A,N/A,N/A,unavailable,N/A,0.0,N/A,0.0,N/A,N/A,N/A,N/A,unavailable,1102.0,N/A,N/A,0.0,unavailable,Hidden,N/A,0.0,N/A,N/A,N/A,N/A,None,IJ399820,2004-09-19,33924.24,N/A,None,None,N/A,N/A,N/A,N/A,None,Hidden,N/A,N/A
payments,249.0,N/A,N/A,N/A,N/A,N/A,N/A,N/A,N/A,unavailable,N/A,0.0,N/A,0.0,N/A,N/A,N/A,N/A,unavailable,1102.0,N/A,N/A,0.0,unavailable,Hidden,N/A,0.0,N/A,N/A,N/A,N/A,None,NE404084,2004-09-04,48298.99,N/A,None,None,N/A,N/A,N/A,N/A,None,Hidden,N/A,N/A
payments,250.0,N/A,N/A,N/A,N/A,N/A,N/A,N/A,N/A,unavailable,N/A,0.0,N/A,0.0,N/A,N/A,N/A,N/A,unavailable,1102.0,N/A,N/A,0.0,unavailable,Hidden,N/A,0.0,N/A,N/A,N/A,N/A,None,EQ12267,2005-05-17,17928.09,N/A,None,None,N/A,N/A,N/A,N/A,None,Hidden,N/A,N/A
payments,250.0,N/A,N/A,N/A,N/A,N/A,N/A,N/A,N/A,unavailable,N/A,0.0,N/A,0.0,N/A,N/A,N/A,N/A,unavailable,1102.0,N/A,N/A,0.0,unavailable,Hidden,N/A,0.0,N/A,N/A,N/A,N/A,None,HD284647,2004-12-30,26311.63,N/A,None,None,N/A,N/A,N/A,N/A,None,Hidden,N/A,N/A
payments,250.0,N/A,N/A,N/A,N/A,N/A,N/A,N/A,N/A,unavailable,N/A,0.0,N/A,0.0,N/A,N/A,N/A,N/A,unavailable,1102.0,N/A,N/A,0.0,unavailable,Hidden,N/A,0.0,N/A,N/A,N/A,N/A,None,HN114306,2003-07-18,23419.47,N/A,None,None,N/A,N/A,N/A,N/A,None,Hidden,N/A,N/A
payments,256.0,N/A,N/A,N/A,N/A,N/A,N/A,N/A,N/A,unavailable,N/A,0.0,N/A,0.0,N/A,N/A,N/A,N/A,unavailable,1102.0,N/A,N/A,0.0,unavailable,Hidden,N/A,0.0,N/A,N/A,N/A,N/A,None,EP227123,2004-02-10,5759.42,N/A,None,None,N/A,N/A,N/A,N/A,None,Hidden,N/A,N/A
payments,256.0,N/A,N/A,N/A,N/A,N/A,N/A,N/A,N/A,unavailable,N/A,0.0,N/A,0.0,N/A,N/A,N/A,N/A,unavailable,1102.0,N/A,N/A,0.0,unavailable,Hidden,N/A,0.0,N/A,N/A,N/A,N/A,None,HE84936,2004-10-22,53116.99,N/A,None,None,N/A,N/A,N/A,N/A,None,Hidden,N/A,N/A
payments,259.0,N/A,N/A,N/A,N/A,N/A,N/A,N/A,N/A,unavailable,N/A,0.0,N/A,0.0,N/A,N/A,N/A,N/A,unavailable,1102.0,N/A,N/A,0.0,unavailable,Hidden,N/A,0.0,N/A,N/A,N/A,N/A,None,EU280955,2004-11-06,61234.67,N/A,None,None,N/A,N/A,N/A,N/A,None,Hidden,N/A,N/A
payments,259.0,N/A,N/A,N/A,N/A,N/A,N/A,N/A,N/A,unavailable,N/A,0.0,N/A,0.0,N/A,N/A,N/A,N/A,unavailable,1102.0,N/A,N/A,0.0,unavailable,Hidden,N/A,0.0,N/A,N/A,N/A,N/A,None,GB361972,2003-12-07,27988.47,N/A,None,None,N/A,N/A,N/A,N/A,None,Hidden,N/A,N/A
payments,260.0,N/A,N/A,N/A,N/A,N/A,N/A,N/A,N/A,unavailable,N/A,0.0,N/A,0.0,N/A,N/A,N/A,N/A,unavailable,1102.0,N/A,N/A,0.0,unavailable,Hidden,N/A,0.0,N/A,N/A,N/A,N/A,None,IO164641,2004-08-30,37527.58,N/A,None,None,N/A,N/A,N/A,N/A,None,Hidden,N/A,N/A
payments,260.0,N/A,N/A,N/A,N/A,N/A,N/A,N/A,N/A,unavailable,N/A,0.0,N/A,0.0,N/A,N/A,N/A,N/A,unavailable,1102.0,N/A,N/A,0.0,unavailable,Hidden,N/A,0.0,N/A,N/A,N/A,N/A,None,NH776924,2004-04-24,29284.42,N/A,None,None,N/A,N/A,N/A,N/A,None,Hidden,N/A,N/A
payments,276.0,N/A,N/A,N/A,N/A,N/A,N/A,N/A,N/A,unavailable,N/A,0.0,N/A,0.0,N/A,N/A,N/A,N/A,unavailable,1102.0,N/A,N/A,0.0,unavailable,Hidden,N/A,0.0,N/A,N/A,N/A,N/A,None,EM979878,2005-02-09,27083.78,N/A,None,None,N/A,N/A,N/A,N/A,None,Hidden,N/A,N/A
payments,276.0,N/A,N/A,N/A,N/A,N/A,N/A,N/A,N/A,unavailable,N/A,0.0,N/A,0.0,N/A,N/A,N/A,N/A,unavailable,1102.0,N/A,N/A,0.0,unavailable,Hidden,N/A,0.0,N/A,N/A,N/A,N/A,None,KM841847,2003-11-13,38547.19,N/A,None,None,N/A,N/A,N/A,N/A,None,Hidden,N/A,N/A
payments,276.0,N/A,N/A,N/A,N/A,N/A,N/A,N/A,N/A,unavailable,N/A,0.0,N/A,0.0,N/A,N/A,N/A,N/A,unavailable,1102.0,N/A,N/A,0.0,unavailable,Hidden,N/A,0.0,N/A,N/A,N/A,N/A,None,LE432182,2003-09-28,41554.73,N/A,None,None,N/A,N/A,N/A,N/A,None,Hidden,N/A,N/A
payments,276.0,N/A,N/A,N/A,N/A,N/A,N/A,N/A,N/A,unavailable,N/A,0.0,N/A,0.0,N/A,N/A,N/A,N/A,unavailable,1102.0,N/A,N/A,0.0,unavailable,Hidden,N/A,0.0,N/A,N/A,N/A,N/A,None,OJ819725,2005-04-30,29848.52,N/A,None,None,N/A,N/A,N/A,N/A,None,Hidden,N/A,N/A
payments,278.0,N/A,N/A,N/A,N/A,N/A,N/A,N/A,N/A,unavailable,N/A,0.0,N/A,0.0,N/A,N/A,N/A,N/A,unavailable,1102.0,N/A,N/A,0.0,unavailable,Hidden,N/A,0.0,N/A,N/A,N/A,N/A,None,BJ483870,2004-12-05,37654.09,N/A,None,None,N/A,N/A,N/A,N/A,None,Hidden,N/A,N/A
payments,278.0,N/A,N/A,N/A,N/A,N/A,N/A,N/A,N/A,unavailable,N/A,0.0,N/A,0.0,N/A,N/A,N/A,N/A,unavailable,1102.0,N/A,N/A,0.0,unavailable,Hidden,N/A,0.0,N/A,N/A,N/A,N/A,None,GP636783,2003-03-02,52151.81,N/A,None,None,N/A,N/A,N/A,N/A,None,Hidden,N/A,N/A
payments,278.0,N/A,N/A,N/A,N/A,N/A,N/A,N/A,N/A,unavailable,N/A,0.0,N/A,0.0,N/A,N/A,N/A,N/A,unavailable,1102.0,N/A,N/A,0.0,unavailable,Hidden,N/A,0.0,N/A,N/A,N/A,N/A,None,NI983021,2003-11-24,37723.79,N/A,None,None,N/A,N/A,N/A,N/A,None,Hidden,N/A,N/A
payments,282.0,N/A,N/A,N/A,N/A,N/A,N/A,N/A,N/A,unavailable,N/A,0.0,N/A,0.0,N/A,N/A,N/A,N/A,unavailable,1102.0,N/A,N/A,0.0,unavailable,Hidden,N/A,0.0,N/A,N/A,N/A,N/A,None,IA793562,2003-08-03,24013.52,N/A,None,None,N/A,N/A,N/A,N/A,None,Hidden,N/A,N/A
payments,282.0,N/A,N/A,N/A,N/A,N/A,N/A,N/A,N/A,unavailable,N/A,0.0,N/A,0.0,N/A,N/A,N/A,N/A,unavailable,1102.0,N/A,N/A,0.0,unavailable,Hidden,N/A,0.0,N/A,N/A,N/A,N/A,None,JT819493,2004-08-02,35806.73,N/A,None,None,N/A,N/A,N/A,N/A,None,Hidden,N/A,N/A
payments,282.0,N/A,N/A,N/A,N/A,N/A,N/A,N/A,N/A,unavailable,N/A,0.0,N/A,0.0,N/A,N/A,N/A,N/A,unavailable,1102.0,N/A,N/A,0.0,unavailable,Hidden,N/A,0.0,N/A,N/A,N/A,N/A,None,OD327378,2005-01-03,31835.36,N/A,None,None,N/A,N/A,N/A,N/A,None,Hidden,N/A,N/A
payments,286.0,N/A,N/A,N/A,N/A,N/A,N/A,N/A,N/A,unavailable,N/A,0.0,N/A,0.0,N/A,N/A,N/A,N/A,unavailable,1102.0,N/A,N/A,0.0,unavailable,Hidden,N/A,0.0,N/A,N/A,N/A,N/A,None,DR578578,2004-10-28,47411.33,N/A,None,None,N/A,N/A,N/A,N/A,None,Hidden,N/A,N/A
payments,286.0,N/A,N/A,N/A,N/A,N/A,N/A,N/A,N/A,unavailable,N/A,0.0,N/A,0.0,N/A,N/A,N/A,N/A,unavailable,1102.0,N/A,N/A,0.0,unavailable,Hidden,N/A,0.0,N/A,N/A,N/A,N/A,None,KH910279,2004-09-05,43134.04,N/A,None,None,N/A,N/A,N/A,N/A,None,Hidden,N/A,N/A
payments,298.0,N/A,N/A,N/A,N/A,N/A,N/A,N/A,N/A,unavailable,N/A,0.0,N/A,0.0,N/A,N/A,N/A,N/A,unavailable,1102.0,N/A,N/A,0.0,unavailable,Hidden,N/A,0.0,N/A,N/A,N/A,N/A,None,AJ574927,2004-03-13,47375.92,N/A,None,None,N/A,N/A,N/A,N/A,None,Hidden,N/A,N/A
payments,298.0,N/A,N/A,N/A,N/A,N/A,N/A,N/A,N/A,unavailable,N/A,0.0,N/A,0.0,N/A,N/A,N/A,N/A,unavailable,1102.0,N/A,N/A,0.0,unavailable,Hidden,N/A,0.0,N/A,N/A,N/A,N/A,None,LF501133,2004-09-18,61402.00,N/A,None,None,N/A,N/A,N/A,N/A,None,Hidden,N/A,N/A
payments,299.0,N/A,N/A,N/A,N/A,N/A,N/A,N/A,N/A,unavailable,N/A,0.0,N/A,0.0,N/A,N/A,N/A,N/A,unavailable,1102.0,N/A,N/A,0.0,unavailable,Hidden,N/A,0.0,N/A,N/A,N/A,N/A,None,AD304085,2003-10-24,36798.88,N/A,None,None,N/A,N/A,N/A,N/A,None,Hidden,N/A,N/A
payments,299.0,N/A,N/A,N/A,N/A,N/A,N/A,N/A,N/A,unavailable,N/A,0.0,N/A,0.0,N/A,N/A,N/A,N/A,unavailable,1102.0,N/A,N/A,0.0,unavailable,Hidden,N/A,0.0,N/A,N/A,N/A,N/A,None,NR157385,2004-09-05,32260.16,N/A,None,None,N/A,N/A,N/A,N/A,None,Hidden,N/A,N/A
payments,311.0,N/A,N/A,N/A,N/A,N/A,N/A,N/A,N/A,unavailable,N/A,0.0,N/A,0.0,N/A,N/A,N/A,N/A,unavailable,1102.0,N/A,N/A,0.0,unavailable,Hidden,N/A,0.0,N/A,N/A,N/A,N/A,None,DG336041,2005-02-15,46770.52,N/A,None,None,N/A,N/A,N/A,N/A,None,Hidden,N/A,N/A
payments,311.0,N/A,N/A,N/A,N/A,N/A,N/A,N/A,N/A,unavailable,N/A,0.0,N/A,0.0,N/A,N/A,N/A,N/A,unavailable,1102.0,N/A,N/A,0.0,unavailable,Hidden,N/A,0.0,N/A,N/A,N/A,N/A,None,FA728475,2003-10-06,32723.04,N/A,None,None,N/A,N/A,N/A,N/A,None,Hidden,N/A,N/A
payments,311.0,N/A,N/A,N/A,N/A,N/A,N/A,N/A,N/A,unavailable,N/A,0.0,N/A,0.0,N/A,N/A,N/A,N/A,unavailable,1102.0,N/A,N/A,0.0,unavailable,Hidden,N/A,0.0,N/A,N/A,N/A,N/A,None,NQ966143,2004-04-25,16212.59,N/A,None,None,N/A,N/A,N/A,N/A,None,Hidden,N/A,N/A
payments,314.0,N/A,N/A,N/A,N/A,N/A,N/A,N/A,N/A,unavailable,N/A,0.0,N/A,0.0,N/A,N/A,N/A,N/A,unavailable,1102.0,N/A,N/A,0.0,unavailable,Hidden,N/A,0.0,N/A,N/A,N/A,N/A,None,LQ244073,2004-08-09,45352.47,N/A,None,None,N/A,N/A,N/A,N/A,None,Hidden,N/A,N/A
payments,314.0,N/A,N/A,N/A,N/A,N/A,N/A,N/A,N/A,unavailable,N/A,0.0,N/A,0.0,N/A,N/A,N/A,N/A,unavailable,1102.0,N/A,N/A,0.0,unavailable,Hidden,N/A,0.0,N/A,N/A,N/A,N/A,None,MD809704,2004-03-03,16901.38,N/A,None,None,N/A,N/A,N/A,N/A,None,Hidden,N/A,N/A
payments,319.0,N/A,N/A,N/A,N/A,N/A,N/A,N/A,N/A,unavailable,N/A,0.0,N/A,0.0,N/A,N/A,N/A,N/A,unavailable,1102.0,N/A,N/A,0.0,unavailable,Hidden,N/A,0.0,N/A,N/A,N/A,N/A,None,HL685576,2004-11-06,42339.76,N/A,None,None,N/A,N/A,N/A,N/A,None,Hidden,N/A,N/A
payments,319.0,N/A,N/A,N/A,N/A,N/A,N/A,N/A,N/A,unavailable,N/A,0.0,N/A,0.0,N/A,N/A,N/A,N/A,unavailable,1102.0,N/A,N/A,0.0,unavailable,Hidden,N/A,0.0,N/A,N/A,N/A,N/A,None,OM548174,2003-12-07,36092.40,N/A,None,None,N/A,N/A,N/A,N/A,None,Hidden,N/A,N/A
payments,320.0,N/A,N/A,N/A,N/A,N/A,N/A,N/A,N/A,unavailable,N/A,0.0,N/A,0.0,N/A,N/A,N/A,N/A,unavailable,1102.0,N/A,N/A,0.0,unavailable,Hidden,N/A,0.0,N/A,N/A,N/A,N/A,None,GJ597719,2005-01-18,8307.28,N/A,None,None,N/A,N/A,N/A,N/A,None,Hidden,N/A,N/A
payments,320.0,N/A,N/A,N/A,N/A,N/A,N/A,N/A,N/A,unavailable,N/A,0.0,N/A,0.0,N/A,N/A,N/A,N/A,unavailable,1102.0,N/A,N/A,0.0,unavailable,Hidden,N/A,0.0,N/A,N/A,N/A,N/A,None,HO576374,2003-08-20,41016.75,N/A,None,None,N/A,N/A,N/A,N/A,None,Hidden,N/A,N/A
payments,320.0,N/A,N/A,N/A,N/A,N/A,N/A,N/A,N/A,unavailable,N/A,0.0,N/A,0.0,N/A,N/A,N/A,N/A,unavailable,1102.0,N/A,N/A,0.0,unavailable,Hidden,N/A,0.0,N/A,N/A,N/A,N/A,None,MU817160,2003-11-24,52548.49,N/A,None,None,N/A,N/A,N/A,N/A,None,Hidden,N/A,N/A
payments,321.0,N/A,N/A,N/A,N/A,N/A,N/A,N/A,N/A,unavailable,N/A,0.0,N/A,0.0,N/A,N/A,N/A,N/A,unavailable,1102.0,N/A,N/A,0.0,unavailable,Hidden,N/A,0.0,N/A,N/A,N/A,N/A,None,DJ15149,2003-11-03,85559.12,N/A,None,None,N/A,N/A,N/A,N/A,None,Hidden,N/A,N/A
payments,321.0,N/A,N/A,N/A,N/A,N/A,N/A,N/A,N/A,unavailable,N/A,0.0,N/A,0.0,N/A,N/A,N/A,N/A,unavailable,1102.0,N/A,N/A,0.0,unavailable,Hidden,N/A,0.0,N/A,N/A,N/A,N/A,None,LA556321,2005-03-15,46781.66,N/A,None,None,N/A,N/A,N/A,N/A,None,Hidden,N/A,N/A
payments,323.0,N/A,N/A,N/A,N/A,N/A,N/A,N/A,N/A,unavailable,N/A,0.0,N/A,0.0,N/A,N/A,N/A,N/A,unavailable,1102.0,N/A,N/A,0.0,unavailable,Hidden,N/A,0.0,N/A,N/A,N/A,N/A,None,AL493079,2005-05-23,75020.13,N/A,None,None,N/A,N/A,N/A,N/A,None,Hidden,N/A,N/A
payments,323.0,N/A,N/A,N/A,N/A,N/A,N/A,N/A,N/A,unavailable,N/A,0.0,N/A,0.0,N/A,N/A,N/A,N/A,unavailable,1102.0,N/A,N/A,0.0,unavailable,Hidden,N/A,0.0,N/A,N/A,N/A,N/A,None,ES347491,2004-06-24,37281.36,N/A,None,None,N/A,N/A,N/A,N/A,None,Hidden,N/A,N/A
payments,323.0,N/A,N/A,N/A,N/A,N/A,N/A,N/A,N/A,unavailable,N/A,0.0,N/A,0.0,N/A,N/A,N/A,N/A,unavailable,1102.0,N/A,N/A,0.0,unavailable,Hidden,N/A,0.0,N/A,N/A,N/A,N/A,None,HG738664,2003-07-05,2880.00,N/A,None,None,N/A,N/A,N/A,N/A,None,Hidden,N/A,N/A
payments,323.0,N/A,N/A,N/A,N/A,N/A,N/A,N/A,N/A,unavailable,N/A,0.0,N/A,0.0,N/A,N/A,N/A,N/A,unavailable,1102.0,N/A,N/A,0.0,unavailable,Hidden,N/A,0.0,N/A,N/A,N/A,N/A,None,PQ803830,2004-12-24,39440.59,N/A,None,None,N/A,N/A,N/A,N/A,None,Hidden,N/A,N/A
payments,324.0,N/A,N/A,N/A,N/A,N/A,N/A,N/A,N/A,unavailable,N/A,0.0,N/A,0.0,N/A,N/A,N/A,N/A,unavailable,1102.0,N/A,N/A,0.0,unavailable,Hidden,N/A,0.0,N/A,N/A,N/A,N/A,None,DQ409197,2004-12-13,13671.82,N/A,None,None,N/A,N/A,N/A,N/A,None,Hidden,N/A,N/A
payments,324.0,N/A,N/A,N/A,N/A,N/A,N/A,N/A,N/A,unavailable,N/A,0.0,N/A,0.0,N/A,N/A,N/A,N/A,unavailable,1102.0,N/A,N/A,0.0,unavailable,Hidden,N/A,0.0,N/A,N/A,N/A,N/A,None,FP443161,2003-07-07,29429.14,N/A,None,None,N/A,N/A,N/A,N/A,None,Hidden,N/A,N/A
payments,324.0,N/A,N/A,N/A,N/A,N/A,N/A,N/A,N/A,unavailable,N/A,0.0,N/A,0.0,N/A,N/A,N/A,N/A,unavailable,1102.0,N/A,N/A,0.0,unavailable,Hidden,N/A,0.0,N/A,N/A,N/A,N/A,None,HB150714,2003-11-23,37455.77,N/A,None,None,N/A,N/A,N/A,N/A,None,Hidden,N/A,N/A
payments,328.0,N/A,N/A,N/A,N/A,N/A,N/A,N/A,N/A,unavailable,N/A,0.0,N/A,0.0,N/A,N/A,N/A,N/A,unavailable,1102.0,N/A,N/A,0.0,unavailable,Hidden,N/A,0.0,N/A,N/A,N/A,N/A,None,EN930356,2004-04-16,7178.66,N/A,None,None,N/A,N/A,N/A,N/A,None,Hidden,N/A,N/A
payments,328.0,N/A,N/A,N/A,N/A,N/A,N/A,N/A,N/A,unavailable,N/A,0.0,N/A,0.0,N/A,N/A,N/A,N/A,unavailable,1102.0,N/A,N/A,0.0,unavailable,Hidden,N/A,0.0,N/A,N/A,N/A,N/A,None,NR631421,2004-05-30,31102.85,N/A,None,None,N/A,N/A,N/A,N/A,None,Hidden,N/A,N/A
payments,333.0,N/A,N/A,N/A,N/A,N/A,N/A,N/A,N/A,unavailable,N/A,0.0,N/A,0.0,N/A,N/A,N/A,N/A,unavailable,1102.0,N/A,N/A,0.0,unavailable,Hidden,N/A,0.0,N/A,N/A,N/A,N/A,None,HL209210,2003-11-15,23936.53,N/A,None,None,N/A,N/A,N/A,N/A,None,Hidden,N/A,N/A
payments,333.0,N/A,N/A,N/A,N/A,N/A,N/A,N/A,N/A,unavailable,N/A,0.0,N/A,0.0,N/A,N/A,N/A,N/A,unavailable,1102.0,N/A,N/A,0.0,unavailable,Hidden,N/A,0.0,N/A,N/A,N/A,N/A,None,JK479662,2003-10-17,9821.32,N/A,None,None,N/A,N/A,N/A,N/A,None,Hidden,N/A,N/A
payments,333.0,N/A,N/A,N/A,N/A,N/A,N/A,N/A,N/A,unavailable,N/A,0.0,N/A,0.0,N/A,N/A,N/A,N/A,unavailable,1102.0,N/A,N/A,0.0,unavailable,Hidden,N/A,0.0,N/A,N/A,N/A,N/A,None,NF959653,2005-03-01,21432.31,N/A,None,None,N/A,N/A,N/A,N/A,None,Hidden,N/A,N/A
payments,334.0,N/A,N/A,N/A,N/A,N/A,N/A,N/A,N/A,unavailable,N/A,0.0,N/A,0.0,N/A,N/A,N/A,N/A,unavailable,1102.0,N/A,N/A,0.0,unavailable,Hidden,N/A,0.0,N/A,N/A,N/A,N/A,None,CS435306,2005-01-27,45785.34,N/A,None,None,N/A,N/A,N/A,N/A,None,Hidden,N/A,N/A
payments,334.0,N/A,N/A,N/A,N/A,N/A,N/A,N/A,N/A,unavailable,N/A,0.0,N/A,0.0,N/A,N/A,N/A,N/A,unavailable,1102.0,N/A,N/A,0.0,unavailable,Hidden,N/A,0.0,N/A,N/A,N/A,N/A,None,HH517378,2003-08-16,29716.86,N/A,None,None,N/A,N/A,N/A,N/A,None,Hidden,N/A,N/A
payments,334.0,N/A,N/A,N/A,N/A,N/A,N/A,N/A,N/A,unavailable,N/A,0.0,N/A,0.0,N/A,N/A,N/A,N/A,unavailable,1102.0,N/A,N/A,0.0,unavailable,Hidden,N/A,0.0,N/A,N/A,N/A,N/A,None,LF737277,2004-05-22,28394.54,N/A,None,None,N/A,N/A,N/A,N/A,None,Hidden,N/A,N/A
payments,339.0,N/A,N/A,N/A,N/A,N/A,N/A,N/A,N/A,unavailable,N/A,0.0,N/A,0.0,N/A,N/A,N/A,N/A,unavailable,1102.0,N/A,N/A,0.0,unavailable,Hidden,N/A,0.0,N/A,N/A,N/A,N/A,None,AP286625,2004-10-24,23333.06,N/A,None,None,N/A,N/A,N/A,N/A,None,Hidden,N/A,N/A
payments,339.0,N/A,N/A,N/A,N/A,N/A,N/A,N/A,N/A,unavailable,N/A,0.0,N/A,0.0,N/A,N/A,N/A,N/A,unavailable,1102.0,N/A,N/A,0.0,unavailable,Hidden,N/A,0.0,N/A,N/A,N/A,N/A,None,DA98827,2003-11-28,34606.28,N/A,None,None,N/A,N/A,N/A,N/A,None,Hidden,N/A,N/A
payments,344.0,N/A,N/A,N/A,N/A,N/A,N/A,N/A,N/A,unavailable,N/A,0.0,N/A,0.0,N/A,N/A,N/A,N/A,unavailable,1102.0,N/A,N/A,0.0,unavailable,Hidden,N/A,0.0,N/A,N/A,N/A,N/A,None,AF246722,2003-11-24,31428.21,N/A,None,None,N/A,N/A,N/A,N/A,None,Hidden,N/A,N/A
payments,344.0,N/A,N/A,N/A,N/A,N/A,N/A,N/A,N/A,unavailable,N/A,0.0,N/A,0.0,N/A,N/A,N/A,N/A,unavailable,1102.0,N/A,N/A,0.0,unavailable,Hidden,N/A,0.0,N/A,N/A,N/A,N/A,None,NJ906924,2004-04-02,15322.93,N/A,None,None,N/A,N/A,N/A,N/A,None,Hidden,N/A,N/A
payments,347.0,N/A,N/A,N/A,N/A,N/A,N/A,N/A,N/A,unavailable,N/A,0.0,N/A,0.0,N/A,N/A,N/A,N/A,unavailable,1102.0,N/A,N/A,0.0,unavailable,Hidden,N/A,0.0,N/A,N/A,N/A,N/A,None,DG700707,2004-01-18,21053.69,N/A,None,None,N/A,N/A,N/A,N/A,None,Hidden,N/A,N/A
payments,347.0,N/A,N/A,N/A,N/A,N/A,N/A,N/A,N/A,unavailable,N/A,0.0,N/A,0.0,N/A,N/A,N/A,N/A,unavailable,1102.0,N/A,N/A,0.0,unavailable,Hidden,N/A,0.0,N/A,N/A,N/A,N/A,None,LG808674,2003-10-24,20452.50,N/A,None,None,N/A,N/A,N/A,N/A,None,Hidden,N/A,N/A
payments,350.0,N/A,N/A,N/A,N/A,N/A,N/A,N/A,N/A,unavailable,N/A,0.0,N/A,0.0,N/A,N/A,N/A,N/A,unavailable,1102.0,N/A,N/A,0.0,unavailable,Hidden,N/A,0.0,N/A,N/A,N/A,N/A,None,BQ602907,2004-12-11,18888.31,N/A,None,None,N/A,N/A,N/A,N/A,None,Hidden,N/A,N/A
payments,350.0,N/A,N/A,N/A,N/A,N/A,N/A,N/A,N/A,unavailable,N/A,0.0,N/A,0.0,N/A,N/A,N/A,N/A,unavailable,1102.0,N/A,N/A,0.0,unavailable,Hidden,N/A,0.0,N/A,N/A,N/A,N/A,None,CI471510,2003-05-25,50824.66,N/A,None,None,N/A,N/A,N/A,N/A,None,Hidden,N/A,N/A
payments,350.0,N/A,N/A,N/A,N/A,N/A,N/A,N/A,N/A,unavailable,N/A,0.0,N/A,0.0,N/A,N/A,N/A,N/A,unavailable,1102.0,N/A,N/A,0.0,unavailable,Hidden,N/A,0.0,N/A,N/A,N/A,N/A,None,OB648482,2005-01-29,1834.56,N/A,None,None,N/A,N/A,N/A,N/A,None,Hidden,N/A,N/A
payments,353.0,N/A,N/A,N/A,N/A,N/A,N/A,N/A,N/A,unavailable,N/A,0.0,N/A,0.0,N/A,N/A,N/A,N/A,unavailable,1102.0,N/A,N/A,0.0,unavailable,Hidden,N/A,0.0,N/A,N/A,N/A,N/A,None,CO351193,2005-01-10,49705.52,N/A,None,None,N/A,N/A,N/A,N/A,None,Hidden,N/A,N/A
payments,353.0,N/A,N/A,N/A,N/A,N/A,N/A,N/A,N/A,unavailable,N/A,0.0,N/A,0.0,N/A,N/A,N/A,N/A,unavailable,1102.0,N/A,N/A,0.0,unavailable,Hidden,N/A,0.0,N/A,N/A,N/A,N/A,None,ED878227,2003-07-21,13920.26,N/A,None,None,N/A,N/A,N/A,N/A,None,Hidden,N/A,N/A
payments,353.0,N/A,N/A,N/A,N/A,N/A,N/A,N/A,N/A,unavailable,N/A,0.0,N/A,0.0,N/A,N/A,N/A,N/A,unavailable,1102.0,N/A,N/A,0.0,unavailable,Hidden,N/A,0.0,N/A,N/A,N/A,N/A,None,GT878649,2003-05-21,16700.47,N/A,None,None,N/A,N/A,N/A,N/A,None,Hidden,N/A,N/A
payments,353.0,N/A,N/A,N/A,N/A,N/A,N/A,N/A,N/A,unavailable,N/A,0.0,N/A,0.0,N/A,N/A,N/A,N/A,unavailable,1102.0,N/A,N/A,0.0,unavailable,Hidden,N/A,0.0,N/A,N/A,N/A,N/A,None,HJ618252,2005-06-09,46656.94,N/A,None,None,N/A,N/A,N/A,N/A,None,Hidden,N/A,N/A
payments,357.0,N/A,N/A,N/A,N/A,N/A,N/A,N/A,N/A,unavailable,N/A,0.0,N/A,0.0,N/A,N/A,N/A,N/A,unavailable,1102.0,N/A,N/A,0.0,unavailable,Hidden,N/A,0.0,N/A,N/A,N/A,N/A,None,AG240323,2003-12-16,20220.04,N/A,None,None,N/A,N/A,N/A,N/A,None,Hidden,N/A,N/A
payments,357.0,N/A,N/A,N/A,N/A,N/A,N/A,N/A,N/A,unavailable,N/A,0.0,N/A,0.0,N/A,N/A,N/A,N/A,unavailable,1102.0,N/A,N/A,0.0,unavailable,Hidden,N/A,0.0,N/A,N/A,N/A,N/A,None,NB291497,2004-05-15,36442.34,N/A,None,None,N/A,N/A,N/A,N/A,None,Hidden,N/A,N/A
payments,362.0,N/A,N/A,N/A,N/A,N/A,N/A,N/A,N/A,unavailable,N/A,0.0,N/A,0.0,N/A,N/A,N/A,N/A,unavailable,1102.0,N/A,N/A,0.0,unavailable,Hidden,N/A,0.0,N/A,N/A,N/A,N/A,None,FP170292,2004-07-11,18473.71,N/A,None,None,N/A,N/A,N/A,N/A,None,Hidden,N/A,N/A
payments,362.0,N/A,N/A,N/A,N/A,N/A,N/A,N/A,N/A,unavailable,N/A,0.0,N/A,0.0,N/A,N/A,N/A,N/A,unavailable,1102.0,N/A,N/A,0.0,unavailable,Hidden,N/A,0.0,N/A,N/A,N/A,N/A,None,OG208861,2004-09-21,15059.76,N/A,None,None,N/A,N/A,N/A,N/A,None,Hidden,N/A,N/A
payments,363.0,N/A,N/A,N/A,N/A,N/A,N/A,N/A,N/A,unavailable,N/A,0.0,N/A,0.0,N/A,N/A,N/A,N/A,unavailable,1102.0,N/A,N/A,0.0,unavailable,Hidden,N/A,0.0,N/A,N/A,N/A,N/A,None,HL575273,2004-11-17,50799.69,N/A,None,None,N/A,N/A,N/A,N/A,None,Hidden,N/A,N/A
payments,363.0,N/A,N/A,N/A,N/A,N/A,N/A,N/A,N/A,unavailable,N/A,0.0,N/A,0.0,N/A,N/A,N/A,N/A,unavailable,1102.0,N/A,N/A,0.0,unavailable,Hidden,N/A,0.0,N/A,N/A,N/A,N/A,None,IS232033,2003-01-16,10223.83,N/A,None,None,N/A,N/A,N/A,N/A,None,Hidden,N/A,N/A
payments,363.0,N/A,N/A,N/A,N/A,N/A,N/A,N/A,N/A,unavailable,N/A,0.0,N/A,0.0,N/A,N/A,N/A,N/A,unavailable,1102.0,N/A,N/A,0.0,unavailable,Hidden,N/A,0.0,N/A,N/A,N/A,N/A,None,PN238558,2003-12-05,55425.77,N/A,None,None,N/A,N/A,N/A,N/A,None,Hidden,N/A,N/A
payments,379.0,N/A,N/A,N/A,N/A,N/A,N/A,N/A,N/A,unavailable,N/A,0.0,N/A,0.0,N/A,N/A,N/A,N/A,unavailable,1102.0,N/A,N/A,0.0,unavailable,Hidden,N/A,0.0,N/A,N/A,N/A,N/A,None,CA762595,2005-02-12,28322.83,N/A,None,None,N/A,N/A,N/A,N/A,None,Hidden,N/A,N/A
payments,379.0,N/A,N/A,N/A,N/A,N/A,N/A,N/A,N/A,unavailable,N/A,0.0,N/A,0.0,N/A,N/A,N/A,N/A,unavailable,1102.0,N/A,N/A,0.0,unavailable,Hidden,N/A,0.0,N/A,N/A,N/A,N/A,None,FR499138,2003-09-16,32680.31,N/A,None,None,N/A,N/A,N/A,N/A,None,Hidden,N/A,N/A
payments,379.0,N/A,N/A,N/A,N/A,N/A,N/A,N/A,N/A,unavailable,N/A,0.0,N/A,0.0,N/A,N/A,N/A,N/A,unavailable,1102.0,N/A,N/A,0.0,unavailable,Hidden,N/A,0.0,N/A,N/A,N/A,N/A,None,GB890854,2004-08-02,12530.51,N/A,None,None,N/A,N/A,N/A,N/A,None,Hidden,N/A,N/A
payments,381.0,N/A,N/A,N/A,N/A,N/A,N/A,N/A,N/A,unavailable,N/A,0.0,N/A,0.0,N/A,N/A,N/A,N/A,unavailable,1102.0,N/A,N/A,0.0,unavailable,Hidden,N/A,0.0,N/A,N/A,N/A,N/A,None,BC726082,2004-12-03,12081.52,N/A,None,None,N/A,N/A,N/A,N/A,None,Hidden,N/A,N/A
payments,381.0,N/A,N/A,N/A,N/A,N/A,N/A,N/A,N/A,unavailable,N/A,0.0,N/A,0.0,N/A,N/A,N/A,N/A,unavailable,1102.0,N/A,N/A,0.0,unavailable,Hidden,N/A,0.0,N/A,N/A,N/A,N/A,None,CC475233,2003-04-19,1627.56,N/A,None,None,N/A,N/A,N/A,N/A,None,Hidden,N/A,N/A
payments,381.0,N/A,N/A,N/A,N/A,N/A,N/A,N/A,N/A,unavailable,N/A,0.0,N/A,0.0,N/A,N/A,N/A,N/A,unavailable,1102.0,N/A,N/A,0.0,unavailable,Hidden,N/A,0.0,N/A,N/A,N/A,N/A,None,GB117430,2005-02-03,14379.90,N/A,None,None,N/A,N/A,N/A,N/A,None,Hidden,N/A,N/A
payments,381.0,N/A,N/A,N/A,N/A,N/A,N/A,N/A,N/A,unavailable,N/A,0.0,N/A,0.0,N/A,N/A,N/A,N/A,unavailable,1102.0,N/A,N/A,0.0,unavailable,Hidden,N/A,0.0,N/A,N/A,N/A,N/A,None,MS154481,2003-08-22,1128.20,N/A,None,None,N/A,N/A,N/A,N/A,None,Hidden,N/A,N/A
payments,382.0,N/A,N/A,N/A,N/A,N/A,N/A,N/A,N/A,unavailable,N/A,0.0,N/A,0.0,N/A,N/A,N/A,N/A,unavailable,1102.0,N/A,N/A,0.0,unavailable,Hidden,N/A,0.0,N/A,N/A,N/A,N/A,None,CC871084,2003-05-12,35826.33,N/A,None,None,N/A,N/A,N/A,N/A,None,Hidden,N/A,N/A
payments,382.0,N/A,N/A,N/A,N/A,N/A,N/A,N/A,N/A,unavailable,N/A,0.0,N/A,0.0,N/A,N/A,N/A,N/A,unavailable,1102.0,N/A,N/A,0.0,unavailable,Hidden,N/A,0.0,N/A,N/A,N/A,N/A,None,CT821147,2004-08-01,6419.84,N/A,None,None,N/A,N/A,N/A,N/A,None,Hidden,N/A,N/A
payments,382.0,N/A,N/A,N/A,N/A,N/A,N/A,N/A,N/A,unavailable,N/A,0.0,N/A,0.0,N/A,N/A,N/A,N/A,unavailable,1102.0,N/A,N/A,0.0,unavailable,Hidden,N/A,0.0,N/A,N/A,N/A,N/A,None,PH29054,2004-11-27,42813.83,N/A,None,None,N/A,N/A,N/A,N/A,None,Hidden,N/A,N/A
payments,385.0,N/A,N/A,N/A,N/A,N/A,N/A,N/A,N/A,unavailable,N/A,0.0,N/A,0.0,N/A,N/A,N/A,N/A,unavailable,1102.0,N/A,N/A,0.0,unavailable,Hidden,N/A,0.0,N/A,N/A,N/A,N/A,None,BN347084,2003-12-02,20644.24,N/A,None,None,N/A,N/A,N/A,N/A,None,Hidden,N/A,N/A
payments,385.0,N/A,N/A,N/A,N/A,N/A,N/A,N/A,N/A,unavailable,N/A,0.0,N/A,0.0,N/A,N/A,N/A,N/A,unavailable,1102.0,N/A,N/A,0.0,unavailable,Hidden,N/A,0.0,N/A,N/A,N/A,N/A,None,CP804873,2004-11-19,15822.84,N/A,None,None,N/A,N/A,N/A,N/A,None,Hidden,N/A,N/A
payments,385.0,N/A,N/A,N/A,N/A,N/A,N/A,N/A,N/A,unavailable,N/A,0.0,N/A,0.0,N/A,N/A,N/A,N/A,unavailable,1102.0,N/A,N/A,0.0,unavailable,Hidden,N/A,0.0,N/A,N/A,N/A,N/A,None,EK785462,2003-03-09,51001.22,N/A,None,None,N/A,N/A,N/A,N/A,None,Hidden,N/A,N/A
payments,386.0,N/A,N/A,N/A,N/A,N/A,N/A,N/A,N/A,unavailable,N/A,0.0,N/A,0.0,N/A,N/A,N/A,N/A,unavailable,1102.0,N/A,N/A,0.0,unavailable,Hidden,N/A,0.0,N/A,N/A,N/A,N/A,None,DO106109,2003-11-18,38524.29,N/A,None,None,N/A,N/A,N/A,N/A,None,Hidden,N/A,N/A
payments,386.0,N/A,N/A,N/A,N/A,N/A,N/A,N/A,N/A,unavailable,N/A,0.0,N/A,0.0,N/A,N/A,N/A,N/A,unavailable,1102.0,N/A,N/A,0.0,unavailable,Hidden,N/A,0.0,N/A,N/A,N/A,N/A,None,HG438769,2004-07-18,51619.02,N/A,None,None,N/A,N/A,N/A,N/A,None,Hidden,N/A,N/A
payments,398.0,N/A,N/A,N/A,N/A,N/A,N/A,N/A,N/A,unavailable,N/A,0.0,N/A,0.0,N/A,N/A,N/A,N/A,unavailable,1102.0,N/A,N/A,0.0,unavailable,Hidden,N/A,0.0,N/A,N/A,N/A,N/A,None,AJ478695,2005-02-14,33967.73,N/A,None,None,N/A,N/A,N/A,N/A,None,Hidden,N/A,N/A
payments,398.0,N/A,N/A,N/A,N/A,N/A,N/A,N/A,N/A,unavailable,N/A,0.0,N/A,0.0,N/A,N/A,N/A,N/A,unavailable,1102.0,N/A,N/A,0.0,unavailable,Hidden,N/A,0.0,N/A,N/A,N/A,N/A,None,DO787644,2004-06-21,22037.91,N/A,None,None,N/A,N/A,N/A,N/A,None,Hidden,N/A,N/A
payments,398.0,N/A,N/A,N/A,N/A,N/A,N/A,N/A,N/A,unavailable,N/A,0.0,N/A,0.0,N/A,N/A,N/A,N/A,unavailable,1102.0,N/A,N/A,0.0,unavailable,Hidden,N/A,0.0,N/A,N/A,N/A,N/A,None,JPMR4544,2005-05-18,615.45,N/A,None,None,N/A,N/A,N/A,N/A,None,Hidden,N/A,N/A
payments,398.0,N/A,N/A,N/A,N/A,N/A,N/A,N/A,N/A,unavailable,N/A,0.0,N/A,0.0,N/A,N/A,N/A,N/A,unavailable,1102.0,N/A,N/A,0.0,unavailable,Hidden,N/A,0.0,N/A,N/A,N/A,N/A,None,KB54275,2004-11-29,48927.64,N/A,None,None,N/A,N/A,N/A,N/A,None,Hidden,N/A,N/A
payments,406.0,N/A,N/A,N/A,N/A,N/A,N/A,N/A,N/A,unavailable,N/A,0.0,N/A,0.0,N/A,N/A,N/A,N/A,unavailable,1102.0,N/A,N/A,0.0,unavailable,Hidden,N/A,0.0,N/A,N/A,N/A,N/A,None,BJMPR4545,2005-04-23,12190.85,N/A,None,None,N/A,N/A,N/A,N/A,None,Hidden,N/A,N/A
payments,406.0,N/A,N/A,N/A,N/A,N/A,N/A,N/A,N/A,unavailable,N/A,0.0,N/A,0.0,N/A,N/A,N/A,N/A,unavailable,1102.0,N/A,N/A,0.0,unavailable,Hidden,N/A,0.0,N/A,N/A,N/A,N/A,None,HJ217687,2004-01-28,49165.16,N/A,None,None,N/A,N/A,N/A,N/A,None,Hidden,N/A,N/A
payments,406.0,N/A,N/A,N/A,N/A,N/A,N/A,N/A,N/A,unavailable,N/A,0.0,N/A,0.0,N/A,N/A,N/A,N/A,unavailable,1102.0,N/A,N/A,0.0,unavailable,Hidden,N/A,0.0,N/A,N/A,N/A,N/A,None,NA197101,2004-06-17,25080.96,N/A,None,None,N/A,N/A,N/A,N/A,None,Hidden,N/A,N/A
payments,412.0,N/A,N/A,N/A,N/A,N/A,N/A,N/A,N/A,unavailable,N/A,0.0,N/A,0.0,N/A,N/A,N/A,N/A,unavailable,1102.0,N/A,N/A,0.0,unavailable,Hidden,N/A,0.0,N/A,N/A,N/A,N/A,None,GH197075,2004-07-25,35034.57,N/A,None,None,N/A,N/A,N/A,N/A,None,Hidden,N/A,N/A
payments,412.0,N/A,N/A,N/A,N/A,N/A,N/A,N/A,N/A,unavailable,N/A,0.0,N/A,0.0,N/A,N/A,N/A,N/A,unavailable,1102.0,N/A,N/A,0.0,unavailable,Hidden,N/A,0.0,N/A,N/A,N/A,N/A,None,PJ434867,2004-04-14,31670.37,N/A,None,None,N/A,N/A,N/A,N/A,None,Hidden,N/A,N/A
payments,415.0,N/A,N/A,N/A,N/A,N/A,N/A,N/A,N/A,unavailable,N/A,0.0,N/A,0.0,N/A,N/A,N/A,N/A,unavailable,1102.0,N/A,N/A,0.0,unavailable,Hidden,N/A,0.0,N/A,N/A,N/A,N/A,None,ER54537,2004-09-28,31310.09,N/A,None,None,N/A,N/A,N/A,N/A,None,Hidden,N/A,N/A
payments,424.0,N/A,N/A,N/A,N/A,N/A,N/A,N/A,N/A,unavailable,N/A,0.0,N/A,0.0,N/A,N/A,N/A,N/A,unavailable,1102.0,N/A,N/A,0.0,unavailable,Hidden,N/A,0.0,N/A,N/A,N/A,N/A,None,KF480160,2004-12-07,25505.98,N/A,None,None,N/A,N/A,N/A,N/A,None,Hidden,N/A,N/A
payments,424.0,N/A,N/A,N/A,N/A,N/A,N/A,N/A,N/A,unavailable,N/A,0.0,N/A,0.0,N/A,N/A,N/A,N/A,unavailable,1102.0,N/A,N/A,0.0,unavailable,Hidden,N/A,0.0,N/A,N/A,N/A,N/A,None,LM271923,2003-04-16,21665.98,N/A,None,None,N/A,N/A,N/A,N/A,None,Hidden,N/A,N/A
payments,424.0,N/A,N/A,N/A,N/A,N/A,N/A,N/A,N/A,unavailable,N/A,0.0,N/A,0.0,N/A,N/A,N/A,N/A,unavailable,1102.0,N/A,N/A,0.0,unavailable,Hidden,N/A,0.0,N/A,N/A,N/A,N/A,None,OA595449,2003-10-31,22042.37,N/A,None,None,N/A,N/A,N/A,N/A,None,Hidden,N/A,N/A
payments,447.0,N/A,N/A,N/A,N/A,N/A,N/A,N/A,N/A,unavailable,N/A,0.0,N/A,0.0,N/A,N/A,N/A,N/A,unavailable,1102.0,N/A,N/A,0.0,unavailable,Hidden,N/A,0.0,N/A,N/A,N/A,N/A,None,AO757239,2003-09-15,6631.36,N/A,None,None,N/A,N/A,N/A,N/A,None,Hidden,N/A,N/A
payments,447.0,N/A,N/A,N/A,N/A,N/A,N/A,N/A,N/A,unavailable,N/A,0.0,N/A,0.0,N/A,N/A,N/A,N/A,unavailable,1102.0,N/A,N/A,0.0,unavailable,Hidden,N/A,0.0,N/A,N/A,N/A,N/A,None,ER615123,2003-06-25,17032.29,N/A,None,None,N/A,N/A,N/A,N/A,None,Hidden,N/A,N/A
payments,447.0,N/A,N/A,N/A,N/A,N/A,N/A,N/A,N/A,unavailable,N/A,0.0,N/A,0.0,N/A,N/A,N/A,N/A,unavailable,1102.0,N/A,N/A,0.0,unavailable,Hidden,N/A,0.0,N/A,N/A,N/A,N/A,None,OU516561,2004-12-17,26304.13,N/A,None,None,N/A,N/A,N/A,N/A,None,Hidden,N/A,N/A
payments,448.0,N/A,N/A,N/A,N/A,N/A,N/A,N/A,N/A,unavailable,N/A,0.0,N/A,0.0,N/A,N/A,N/A,N/A,unavailable,1102.0,N/A,N/A,0.0,unavailable,Hidden,N/A,0.0,N/A,N/A,N/A,N/A,None,FS299615,2005-04-18,27966.54,N/A,None,None,N/A,N/A,N/A,N/A,None,Hidden,N/A,N/A
payments,448.0,N/A,N/A,N/A,N/A,N/A,N/A,N/A,N/A,unavailable,N/A,0.0,N/A,0.0,N/A,N/A,N/A,N/A,unavailable,1102.0,N/A,N/A,0.0,unavailable,Hidden,N/A,0.0,N/A,N/A,N/A,N/A,None,KR822727,2004-09-30,48809.90,N/A,None,None,N/A,N/A,N/A,N/A,None,Hidden,N/A,N/A
payments,450.0,N/A,N/A,N/A,N/A,N/A,N/A,N/A,N/A,unavailable,N/A,0.0,N/A,0.0,N/A,N/A,N/A,N/A,unavailable,1102.0,N/A,N/A,0.0,unavailable,Hidden,N/A,0.0,N/A,N/A,N/A,N/A,None,EF485824,2004-06-21,59551.38,N/A,None,None,N/A,N/A,N/A,N/A,None,Hidden,N/A,N/A
payments,452.0,N/A,N/A,N/A,N/A,N/A,N/A,N/A,N/A,unavailable,N/A,0.0,N/A,0.0,N/A,N/A,N/A,N/A,unavailable,1102.0,N/A,N/A,0.0,unavailable,Hidden,N/A,0.0,N/A,N/A,N/A,N/A,None,ED473873,2003-11-15,27121.90,N/A,None,None,N/A,N/A,N/A,N/A,None,Hidden,N/A,N/A
payments,452.0,N/A,N/A,N/A,N/A,N/A,N/A,N/A,N/A,unavailable,N/A,0.0,N/A,0.0,N/A,N/A,N/A,N/A,unavailable,1102.0,N/A,N/A,0.0,unavailable,Hidden,N/A,0.0,N/A,N/A,N/A,N/A,None,FN640986,2003-11-20,15130.97,N/A,None,None,N/A,N/A,N/A,N/A,None,Hidden,N/A,N/A
payments,452.0,N/A,N/A,N/A,N/A,N/A,N/A,N/A,N/A,unavailable,N/A,0.0,N/A,0.0,N/A,N/A,N/A,N/A,unavailable,1102.0,N/A,N/A,0.0,unavailable,Hidden,N/A,0.0,N/A,N/A,N/A,N/A,None,HG635467,2005-05-03,8807.12,N/A,None,None,N/A,N/A,N/A,N/A,None,Hidden,N/A,N/A
payments,455.0,N/A,N/A,N/A,N/A,N/A,N/A,N/A,N/A,unavailable,N/A,0.0,N/A,0.0,N/A,N/A,N/A,N/A,unavailable,1102.0,N/A,N/A,0.0,unavailable,Hidden,N/A,0.0,N/A,N/A,N/A,N/A,None,HA777606,2003-12-05,38139.18,N/A,None,None,N/A,N/A,N/A,N/A,None,Hidden,N/A,N/A
payments,455.0,N/A,N/A,N/A,N/A,N/A,N/A,N/A,N/A,unavailable,N/A,0.0,N/A,0.0,N/A,N/A,N/A,N/A,unavailable,1102.0,N/A,N/A,0.0,unavailable,Hidden,N/A,0.0,N/A,N/A,N/A,N/A,None,IR662429,2004-05-12,32239.47,N/A,None,None,N/A,N/A,N/A,N/A,None,Hidden,N/A,N/A
payments,456.0,N/A,N/A,N/A,N/A,N/A,N/A,N/A,N/A,unavailable,N/A,0.0,N/A,0.0,N/A,N/A,N/A,N/A,unavailable,1102.0,N/A,N/A,0.0,unavailable,Hidden,N/A,0.0,N/A,N/A,N/A,N/A,None,GJ715659,2004-11-13,27550.51,N/A,None,None,N/A,N/A,N/A,N/A,None,Hidden,N/A,N/A
payments,456.0,N/A,N/A,N/A,N/A,N/A,N/A,N/A,N/A,unavailable,N/A,0.0,N/A,0.0,N/A,N/A,N/A,N/A,unavailable,1102.0,N/A,N/A,0.0,unavailable,Hidden,N/A,0.0,N/A,N/A,N/A,N/A,None,MO743231,2004-04-30,1679.92,N/A,None,None,N/A,N/A,N/A,N/A,None,Hidden,N/A,N/A
payments,458.0,N/A,N/A,N/A,N/A,N/A,N/A,N/A,N/A,unavailable,N/A,0.0,N/A,0.0,N/A,N/A,N/A,N/A,unavailable,1102.0,N/A,N/A,0.0,unavailable,Hidden,N/A,0.0,N/A,N/A,N/A,N/A,None,DD995006,2004-11-15,33145.56,N/A,None,None,N/A,N/A,N/A,N/A,None,Hidden,N/A,N/A
payments,458.0,N/A,N/A,N/A,N/A,N/A,N/A,N/A,N/A,unavailable,N/A,0.0,N/A,0.0,N/A,N/A,N/A,N/A,unavailable,1102.0,N/A,N/A,0.0,unavailable,Hidden,N/A,0.0,N/A,N/A,N/A,N/A,None,NA377824,2004-02-06,22162.61,N/A,None,None,N/A,N/A,N/A,N/A,None,Hidden,N/A,N/A
payments,458.0,N/A,N/A,N/A,N/A,N/A,N/A,N/A,N/A,unavailable,N/A,0.0,N/A,0.0,N/A,N/A,N/A,N/A,unavailable,1102.0,N/A,N/A,0.0,unavailable,Hidden,N/A,0.0,N/A,N/A,N/A,N/A,None,OO606861,2003-06-13,57131.92,N/A,None,None,N/A,N/A,N/A,N/A,None,Hidden,N/A,N/A
payments,462.0,N/A,N/A,N/A,N/A,N/A,N/A,N/A,N/A,unavailable,N/A,0.0,N/A,0.0,N/A,N/A,N/A,N/A,unavailable,1102.0,N/A,N/A,0.0,unavailable,Hidden,N/A,0.0,N/A,N/A,N/A,N/A,None,ED203908,2005-04-15,30293.77,N/A,None,None,N/A,N/A,N/A,N/A,None,Hidden,N/A,N/A
payments,462.0,N/A,N/A,N/A,N/A,N/A,N/A,N/A,N/A,unavailable,N/A,0.0,N/A,0.0,N/A,N/A,N/A,N/A,unavailable,1102.0,N/A,N/A,0.0,unavailable,Hidden,N/A,0.0,N/A,N/A,N/A,N/A,None,GC60330,2003-11-08,9977.85,N/A,None,None,N/A,N/A,N/A,N/A,None,Hidden,N/A,N/A
payments,462.0,N/A,N/A,N/A,N/A,N/A,N/A,N/A,N/A,unavailable,N/A,0.0,N/A,0.0,N/A,N/A,N/A,N/A,unavailable,1102.0,N/A,N/A,0.0,unavailable,Hidden,N/A,0.0,N/A,N/A,N/A,N/A,None,PE176846,2004-11-27,48355.87,N/A,None,None,N/A,N/A,N/A,N/A,None,Hidden,N/A,N/A
payments,471.0,N/A,N/A,N/A,N/A,N/A,N/A,N/A,N/A,unavailable,N/A,0.0,N/A,0.0,N/A,N/A,N/A,N/A,unavailable,1102.0,N/A,N/A,0.0,unavailable,Hidden,N/A,0.0,N/A,N/A,N/A,N/A,None,AB661578,2004-07-28,9415.13,N/A,None,None,N/A,N/A,N/A,N/A,None,Hidden,N/A,N/A
payments,471.0,N/A,N/A,N/A,N/A,N/A,N/A,N/A,N/A,unavailable,N/A,0.0,N/A,0.0,N/A,N/A,N/A,N/A,unavailable,1102.0,N/A,N/A,0.0,unavailable,Hidden,N/A,0.0,N/A,N/A,N/A,N/A,None,CO645196,2003-12-10,35505.63,N/A,None,None,N/A,N/A,N/A,N/A,None,Hidden,N/A,N/A
payments,473.0,N/A,N/A,N/A,N/A,N/A,N/A,N/A,N/A,unavailable,N/A,0.0,N/A,0.0,N/A,N/A,N/A,N/A,unavailable,1102.0,N/A,N/A,0.0,unavailable,Hidden,N/A,0.0,N/A,N/A,N/A,N/A,None,LL427009,2004-02-17,7612.06,N/A,None,None,N/A,N/A,N/A,N/A,None,Hidden,N/A,N/A
payments,473.0,N/A,N/A,N/A,N/A,N/A,N/A,N/A,N/A,unavailable,N/A,0.0,N/A,0.0,N/A,N/A,N/A,N/A,unavailable,1102.0,N/A,N/A,0.0,unavailable,Hidden,N/A,0.0,N/A,N/A,N/A,N/A,None,PC688499,2003-10-27,17746.26,N/A,None,None,N/A,N/A,N/A,N/A,None,Hidden,N/A,N/A
payments,475.0,N/A,N/A,N/A,N/A,N/A,N/A,N/A,N/A,unavailable,N/A,0.0,N/A,0.0,N/A,N/A,N/A,N/A,unavailable,1102.0,N/A,N/A,0.0,unavailable,Hidden,N/A,0.0,N/A,N/A,N/A,N/A,None,JP113227,2003-12-09,7678.25,N/A,None,None,N/A,N/A,N/A,N/A,None,Hidden,N/A,N/A
payments,475.0,N/A,N/A,N/A,N/A,N/A,N/A,N/A,N/A,unavailable,N/A,0.0,N/A,0.0,N/A,N/A,N/A,N/A,unavailable,1102.0,N/A,N/A,0.0,unavailable,Hidden,N/A,0.0,N/A,N/A,N/A,N/A,None,PB951268,2004-02-13,36070.47,N/A,None,None,N/A,N/A,N/A,N/A,None,Hidden,N/A,N/A
payments,484.0,N/A,N/A,N/A,N/A,N/A,N/A,N/A,N/A,unavailable,N/A,0.0,N/A,0.0,N/A,N/A,N/A,N/A,unavailable,1102.0,N/A,N/A,0.0,unavailable,Hidden,N/A,0.0,N/A,N/A,N/A,N/A,None,GK294076,2004-10-26,3474.66,N/A,None,None,N/A,N/A,N/A,N/A,None,Hidden,N/A,N/A
payments,484.0,N/A,N/A,N/A,N/A,N/A,N/A,N/A,N/A,unavailable,N/A,0.0,N/A,0.0,N/A,N/A,N/A,N/A,unavailable,1102.0,N/A,N/A,0.0,unavailable,Hidden,N/A,0.0,N/A,N/A,N/A,N/A,None,JH546765,2003-11-29,47513.19,N/A,None,None,N/A,N/A,N/A,N/A,None,Hidden,N/A,N/A
payments,486.0,N/A,N/A,N/A,N/A,N/A,N/A,N/A,N/A,unavailable,N/A,0.0,N/A,0.0,N/A,N/A,N/A,N/A,unavailable,1102.0,N/A,N/A,0.0,unavailable,Hidden,N/A,0.0,N/A,N/A,N/A,N/A,None,BL66528,2004-04-14,5899.38,N/A,None,None,N/A,N/A,N/A,N/A,None,Hidden,N/A,N/A
payments,486.0,N/A,N/A,N/A,N/A,N/A,N/A,N/A,N/A,unavailable,N/A,0.0,N/A,0.0,N/A,N/A,N/A,N/A,unavailable,1102.0,N/A,N/A,0.0,unavailable,Hidden,N/A,0.0,N/A,N/A,N/A,N/A,None,HS86661,2004-11-23,45994.07,N/A,None,None,N/A,N/A,N/A,N/A,None,Hidden,N/A,N/A
payments,486.0,N/A,N/A,N/A,N/A,N/A,N/A,N/A,N/A,unavailable,N/A,0.0,N/A,0.0,N/A,N/A,N/A,N/A,unavailable,1102.0,N/A,N/A,0.0,unavailable,Hidden,N/A,0.0,N/A,N/A,N/A,N/A,None,JB117768,2003-03-20,25833.14,N/A,None,None,N/A,N/A,N/A,N/A,None,Hidden,N/A,N/A
payments,487.0,N/A,N/A,N/A,N/A,N/A,N/A,N/A,N/A,unavailable,N/A,0.0,N/A,0.0,N/A,N/A,N/A,N/A,unavailable,1102.0,N/A,N/A,0.0,unavailable,Hidden,N/A,0.0,N/A,N/A,N/A,N/A,None,AH612904,2003-09-28,29997.09,N/A,None,None,N/A,N/A,N/A,N/A,None,Hidden,N/A,N/A
payments,487.0,N/A,N/A,N/A,N/A,N/A,N/A,N/A,N/A,unavailable,N/A,0.0,N/A,0.0,N/A,N/A,N/A,N/A,unavailable,1102.0,N/A,N/A,0.0,unavailable,Hidden,N/A,0.0,N/A,N/A,N/A,N/A,None,PT550181,2004-02-29,12573.28,N/A,None,None,N/A,N/A,N/A,N/A,None,Hidden,N/A,N/A
payments,489.0,N/A,N/A,N/A,N/A,N/A,N/A,N/A,N/A,unavailable,N/A,0.0,N/A,0.0,N/A,N/A,N/A,N/A,unavailable,1102.0,N/A,N/A,0.0,unavailable,Hidden,N/A,0.0,N/A,N/A,N/A,N/A,None,OC773849,2003-12-04,22275.73,N/A,None,None,N/A,N/A,N/A,N/A,None,Hidden,N/A,N/A
payments,489.0,N/A,N/A,N/A,N/A,N/A,N/A,N/A,N/A,unavailable,N/A,0.0,N/A,0.0,N/A,N/A,N/A,N/A,unavailable,1102.0,N/A,N/A,0.0,unavailable,Hidden,N/A,0.0,N/A,N/A,N/A,N/A,None,PO860906,2004-01-31,7310.42,N/A,None,None,N/A,N/A,N/A,N/A,None,Hidden,N/A,N/A
payments,495.0,N/A,N/A,N/A,N/A,N/A,N/A,N/A,N/A,unavailable,N/A,0.0,N/A,0.0,N/A,N/A,N/A,N/A,unavailable,1102.0,N/A,N/A,0.0,unavailable,Hidden,N/A,0.0,N/A,N/A,N/A,N/A,None,BH167026,2003-12-26,59265.14,N/A,None,None,N/A,N/A,N/A,N/A,None,Hidden,N/A,N/A
payments,495.0,N/A,N/A,N/A,N/A,N/A,N/A,N/A,N/A,unavailable,N/A,0.0,N/A,0.0,N/A,N/A,N/A,N/A,unavailable,1102.0,N/A,N/A,0.0,unavailable,Hidden,N/A,0.0,N/A,N/A,N/A,N/A,None,FN155234,2004-05-14,6276.60,N/A,None,None,N/A,N/A,N/A,N/A,None,Hidden,N/A,N/A
payments,496.0,N/A,N/A,N/A,N/A,N/A,N/A,N/A,N/A,unavailable,N/A,0.0,N/A,0.0,N/A,N/A,N/A,N/A,unavailable,1102.0,N/A,N/A,0.0,unavailable,Hidden,N/A,0.0,N/A,N/A,N/A,N/A,None,EU531600,2005-05-25,30253.75,N/A,None,None,N/A,N/A,N/A,N/A,None,Hidden,N/A,N/A
payments,496.0,N/A,N/A,N/A,N/A,N/A,N/A,N/A,N/A,unavailable,N/A,0.0,N/A,0.0,N/A,N/A,N/A,N/A,unavailable,1102.0,N/A,N/A,0.0,unavailable,Hidden,N/A,0.0,N/A,N/A,N/A,N/A,None,MB342426,2003-07-16,32077.44,N/A,None,None,N/A,N/A,N/A,N/A,None,Hidden,N/A,N/A
payments,496.0,N/A,N/A,N/A,N/A,N/A,N/A,N/A,N/A,unavailable,N/A,0.0,N/A,0.0,N/A,N/A,N/A,N/A,unavailable,1102.0,N/A,N/A,0.0,unavailable,Hidden,N/A,0.0,N/A,N/A,N/A,N/A,None,MN89921,2004-12-31,52166.00,N/A,None,None,N/A,N/A,N/A,N/A,None,Hidden,N/A,N/A
productlines,0.0,N/A,N/A,N/A,N/A,N/A,N/A,N/A,N/A,unavailable,N/A,0.0,N/A,0.0,N/A,N/A,N/A,N/A,unavailable,1102.0,N/A,N/A,0.0,unavailable,Hidden,N/A,0.0,N/A,N/A,N/A,N/A,None,unavailable,N/A,N/A,Classic Cars,"Attention car enthusiasts: Make your wildest car ownership dreams come true. Whether you are looking for classic muscle cars, dream sports cars or movie-inspired miniatures, you will find great choices in this category. These replicas feature superb attention to detail and craftsmanship and offer features such as working steering system, opening forward compartment, opening rear trunk with removable spare wheel, 4-wheel independent spring suspension, and so on. The models range in size from 1:10 to 1:24 scale and include numerous limited edition and several out-of-production vehicles. All models include a certificate of authenticity from their manufacturers and come fully assembled and ready for display in the home or office.",None,N/A,N/A,N/A,N/A,None,Hidden,N/A,N/A
productlines,0.0,N/A,N/A,N/A,N/A,N/A,N/A,N/A,N/A,unavailable,N/A,0.0,N/A,0.0,N/A,N/A,N/A,N/A,unavailable,1102.0,N/A,N/A,0.0,unavailable,Hidden,N/A,0.0,N/A,N/A,N/A,N/A,None,unavailable,N/A,N/A,Motorcycles,"Our motorcycles are state of the art replicas of classic as well as contemporary motorcycle legends such as Harley Davidson, Ducati and Vespa. Models contain stunning details such as official logos, rotating wheels, working kickstand, front suspension, gear-shift lever, footbrake lever, and drive chain. Materials used include diecast and plastic. The models range in size from 1:10 to 1:50 scale and include numerous limited edition and several out-of-production vehicles. All models come fully assembled and ready for display in the home or office. Most include a certificate of authenticity.",None,N/A,N/A,N/A,N/A,None,Hidden,N/A,N/A
productlines,0.0,N/A,N/A,N/A,N/A,N/A,N/A,N/A,N/A,unavailable,N/A,0.0,N/A,0.0,N/A,N/A,N/A,N/A,unavailable,1102.0,N/A,N/A,0.0,unavailable,Hidden,N/A,0.0,N/A,N/A,N/A,N/A,None,unavailable,N/A,N/A,Planes,"Unique, diecast airplane and helicopter replicas suitable for collections, as well as home, office or classroom decorations. Models contain stunning details such as official logos and insignias, rotating jet engines and propellers, retractable wheels, and so on. Most come fully assembled and with a certificate of authenticity from their manufacturers.",None,N/A,N/A,N/A,N/A,None,Hidden,N/A,N/A
productlines,0.0,N/A,N/A,N/A,N/A,N/A,N/A,N/A,N/A,unavailable,N/A,0.0,N/A,0.0,N/A,N/A,N/A,N/A,unavailable,1102.0,N/A,N/A,0.0,unavailable,Hidden,N/A,0.0,N/A,N/A,N/A,N/A,None,unavailable,N/A,N/A,Ships,"The perfect holiday or anniversary gift for executives, clients, friends, and family. These handcrafted model ships are unique, stunning works of art that will be treasured for generations! They come fully assembled and ready for display in the home or office. We guarantee the highest quality, and best value.",None,N/A,N/A,N/A,N/A,None,Hidden,N/A,N/A
productlines,0.0,N/A,N/A,N/A,N/A,N/A,N/A,N/A,N/A,unavailable,N/A,0.0,N/A,0.0,N/A,N/A,N/A,N/A,unavailable,1102.0,N/A,N/A,0.0,unavailable,Hidden,N/A,0.0,N/A,N/A,N/A,N/A,None,unavailable,N/A,N/A,Trains,"Model trains are a rewarding hobby for enthusiasts of all ages. Whether you're looking for collectible wooden trains, electric streetcars or locomotives, you'll find a number of great choices for any budget within this category. The interactive aspect of trains makes toy trains perfect for young children. The wooden train sets are ideal for children under the age of 5.",None,N/A,N/A,N/A,N/A,None,Hidden,N/A,N/A
productlines,0.0,N/A,N/A,N/A,N/A,N/A,N/A,N/A,N/A,unavailable,N/A,0.0,N/A,0.0,N/A,N/A,N/A,N/A,unavailable,1102.0,N/A,N/A,0.0,unavailable,Hidden,N/A,0.0,N/A,N/A,N/A,N/A,None,unavailable,N/A,N/A,Trucks and Buses,"The Truck and Bus models are realistic replicas of buses and specialized trucks produced from the early 1920s to present. The models range in size from 1:12 to 1:50 scale and include numerous limited edition and several out-of-production vehicles. Materials used include tin, diecast and plastic. All models include a certificate of authenticity from their manufacturers and are a perfect ornament for the home and office.",None,N/A,N/A,N/A,N/A,None,Hidden,N/A,N/A
productlines,0.0,N/A,N/A,N/A,N/A,N/A,N/A,N/A,N/A,unavailable,N/A,0.0,N/A,0.0,N/A,N/A,N/A,N/A,unavailable,1102.0,N/A,N/A,0.0,unavailable,Hidden,N/A,0.0,N/A,N/A,N/A,N/A,None,unavailable,N/A,N/A,Vintage Cars,"Our Vintage Car models realistically portray automobiles produced from the early 1900s through the 1940s. Materials used include Bakelite, diecast, plastic and wood. Most of the replicas are in the 1:18 and 1:24 scale sizes, which provide the optimum in detail and accuracy. Prices range from $30.00 up to $180.00 for some special limited edition replicas. All models include a certificate of authenticity from their manufacturers and come fully assembled and ready for display in the home or office.",None,N/A,N/A,N/A,N/A,None,Hidden,N/A,N/A
products,0.0,N/A,N/A,N/A,N/A,N/A,N/A,N/A,N/A,unavailable,N/A,0.0,N/A,0.0,N/A,N/A,N/A,N/A,unavailable,1102.0,N/A,N/A,0.0,S10_1678,Hidden,N/A,0.0,N/A,N/A,N/A,N/A,None,unavailable,N/A,N/A,Motorcycles,None,None,N/A,1969 Harley Davidson Ultimate Chopper,1:10,Min Lin Diecast,"This replica features working kickstand, front suspension, gear-shift lever, footbrake lever, drive chain, wheels and steering. All parts are particularly delicate due to their precise scale and require special care and attention.",Hidden,48.81,95.70
products,0.0,N/A,N/A,N/A,N/A,N/A,N/A,N/A,N/A,unavailable,N/A,0.0,N/A,0.0,N/A,N/A,N/A,N/A,unavailable,1102.0,N/A,N/A,0.0,S10_1949,Hidden,N/A,0.0,N/A,N/A,N/A,N/A,None,unavailable,N/A,N/A,Classic Cars,None,None,N/A,1952 Alpine Renault 1300,1:10,Classic Metal Creations,Turnable front wheels; steering function; detailed interior; detailed engine; opening hood; opening trunk; opening doors; and detailed chassis.,Hidden,98.58,214.30
products,0.0,N/A,N/A,N/A,N/A,N/A,N/A,N/A,N/A,unavailable,N/A,0.0,N/A,0.0,N/A,N/A,N/A,N/A,unavailable,1102.0,N/A,N/A,0.0,S10_2016,Hidden,N/A,0.0,N/A,N/A,N/A,N/A,None,unavailable,N/A,N/A,Motorcycles,None,None,N/A,1996 Moto Guzzi 1100i,1:10,Highway 66 Mini Classics,"Official Moto Guzzi logos and insignias, saddle bags located on side of motorcycle, detailed engine, working steering, working suspension, two leather seats, luggage rack, dual exhaust pipes, small saddle bag located on handle bars, two-tone paint with chrome accents, superior die-cast detail , rotating wheels , working kick stand, diecast metal with plastic parts and baked enamel finish.",Hidden,68.99,118.94
products,0.0,N/A,N/A,N/A,N/A,N/A,N/A,N/A,N/A,unavailable,N/A,0.0,N/A,0.0,N/A,N/A,N/A,N/A,unavailable,1102.0,N/A,N/A,0.0,S10_4698,Hidden,N/A,0.0,N/A,N/A,N/A,N/A,None,unavailable,N/A,N/A,Motorcycles,None,None,N/A,2003 Harley-Davidson Eagle Drag Bike,1:10,Red Start Diecast,"Model features, official Harley Davidson logos and insignias, detachable rear wheelie bar, heavy diecast metal with resin parts, authentic multi-color tampo-printed graphics, separate engine drive belts, free-turning front fork, rotating tires and rear racing slick, certificate of authenticity, detailed engine, display stand
, precision diecast replica, baked enamel finish, 1:10 scale model, removable fender, seat and tank cover piece for displaying the superior detail of the v-twin engine",Hidden,91.02,193.66
products,0.0,N/A,N/A,N/A,N/A,N/A,N/A,N/A,N/A,unavailable,N/A,0.0,N/A,0.0,N/A,N/A,N/A,N/A,unavailable,1102.0,N/A,N/A,0.0,S10_4757,Hidden,N/A,0.0,N/A,N/A,N/A,N/A,None,unavailable,N/A,N/A,Classic Cars,None,None,N/A,1972 Alfa Romeo GTA,1:10,Motor City Art Classics,Features include: Turnable front wheels; steering function; detailed interior; detailed engine; opening hood; opening trunk; opening doors; and detailed chassis.,Hidden,85.68,136.00
products,0.0,N/A,N/A,N/A,N/A,N/A,N/A,N/A,N/A,unavailable,N/A,0.0,N/A,0.0,N/A,N/A,N/A,N/A,unavailable,1102.0,N/A,N/A,0.0,S10_4962,Hidden,N/A,0.0,N/A,N/A,N/A,N/A,None,unavailable,N/A,N/A,Classic Cars,None,None,N/A,1962 LanciaA Delta 16V,1:10,Second Gear Diecast,Features include: Turnable front wheels; steering function; detailed interior; detailed engine; opening hood; opening trunk; opening doors; and detailed chassis.,Hidden,103.42,147.74
products,0.0,N/A,N/A,N/A,N/A,N/A,N/A,N/A,N/A,unavailable,N/A,0.0,N/A,0.0,N/A,N/A,N/A,N/A,unavailable,1102.0,N/A,N/A,0.0,S12_1099,Hidden,N/A,0.0,N/A,N/A,N/A,N/A,None,unavailable,N/A,N/A,Classic Cars,None,None,N/A,1968 Ford Mustang,1:12,Autoart Studio Design,"Hood, doors and trunk all open to reveal highly detailed interior features. Steering wheel actually turns the front wheels. Color dark green.",Hidden,95.34,194.57
products,0.0,N/A,N/A,N/A,N/A,N/A,N/A,N/A,N/A,unavailable,N/A,0.0,N/A,0.0,N/A,N/A,N/A,N/A,unavailable,1102.0,N/A,N/A,0.0,S12_1108,Hidden,N/A,0.0,N/A,N/A,N/A,N/A,None,unavailable,N/A,N/A,Classic Cars,None,None,N/A,2001 Ferrari Enzo,1:12,Second Gear Diecast,Turnable front wheels; steering function; detailed interior; detailed engine; opening hood; opening trunk; opening doors; and detailed chassis.,Hidden,95.59,207.80
products,0.0,N/A,N/A,N/A,N/A,N/A,N/A,N/A,N/A,unavailable,N/A,0.0,N/A,0.0,N/A,N/A,N/A,N/A,unavailable,1102.0,N/A,N/A,0.0,S12_1666,Hidden,N/A,0.0,N/A,N/A,N/A,N/A,None,unavailable,N/A,N/A,Trucks and Buses,None,None,N/A,1958 Setra Bus,1:12,Welly Diecast Productions,"Model features 30 windows, skylights & glare resistant glass, working steering system, original logos",Hidden,77.90,136.67
products,0.0,N/A,N/A,N/A,N/A,N/A,N/A,N/A,N/A,unavailable,N/A,0.0,N/A,0.0,N/A,N/A,N/A,N/A,unavailable,1102.0,N/A,N/A,0.0,S12_2823,Hidden,N/A,0.0,N/A,N/A,N/A,N/A,None,unavailable,N/A,N/A,Motorcycles,None,None,N/A,2002 Suzuki XREO,1:12,Unimax Art Galleries,"Official logos and insignias, saddle bags located on side of motorcycle, detailed engine, working steering, working suspension, two leather seats, luggage rack, dual exhaust pipes, small saddle bag located on handle bars, two-tone paint with chrome accents, superior die-cast detail , rotating wheels , working kick stand, diecast metal with plastic parts and baked enamel finish.",Hidden,66.27,150.62
products,0.0,N/A,N/A,N/A,N/A,N/A,N/A,N/A,N/A,unavailable,N/A,0.0,N/A,0.0,N/A,N/A,N/A,N/A,unavailable,1102.0,N/A,N/A,0.0,S12_3148,Hidden,N/A,0.0,N/A,N/A,N/A,N/A,None,unavailable,N/A,N/A,Classic Cars,None,None,N/A,1969 Corvair Monza,1:18,Welly Diecast Productions,"1:18 scale die-cast about 10"" long doors open, hood opens, trunk opens and wheels roll",Hidden,89.14,151.08
products,0.0,N/A,N/A,N/A,N/A,N/A,N/A,N/A,N/A,unavailable,N/A,0.0,N/A,0.0,N/A,N/A,N/A,N/A,unavailable,1102.0,N/A,N/A,0.0,S12_3380,Hidden,N/A,0.0,N/A,N/A,N/A,N/A,None,unavailable,N/A,N/A,Classic Cars,None,None,N/A,1968 Dodge Charger,1:12,Welly Diecast Productions,"1:12 scale model of a 1968 Dodge Charger. Hood, doors and trunk all open to reveal highly detailed interior features. Steering wheel actually turns the front wheels. Color black",Hidden,75.16,117.44
products,0.0,N/A,N/A,N/A,N/A,N/A,N/A,N/A,N/A,unavailable,N/A,0.0,N/A,0.0,N/A,N/A,N/A,N/A,unavailable,1102.0,N/A,N/A,0.0,S12_3891,Hidden,N/A,0.0,N/A,N/A,N/A,N/A,None,unavailable,N/A,N/A,Classic Cars,None,None,N/A,1969 Ford Falcon,1:12,Second Gear Diecast,Turnable front wheels; steering function; detailed interior; detailed engine; opening hood; opening trunk; opening doors; and detailed chassis.,Hidden,83.05,173.02
products,0.0,N/A,N/A,N/A,N/A,N/A,N/A,N/A,N/A,unavailable,N/A,0.0,N/A,0.0,N/A,N/A,N/A,N/A,unavailable,1102.0,N/A,N/A,0.0,S12_3990,Hidden,N/A,0.0,N/A,N/A,N/A,N/A,None,unavailable,N/A,N/A,Classic Cars,None,None,N/A,1970 Plymouth Hemi Cuda,1:12,Studio M Art Models,Very detailed 1970 Plymouth Cuda model in 1:12 scale. The Cuda is generally accepted as one of the fastest original muscle cars from the 1970s. This model is a reproduction of one of the orginal 652 cars built in 1970. Red color.,Hidden,31.92,79.80
products,0.0,N/A,N/A,N/A,N/A,N/A,N/A,N/A,N/A,unavailable,N/A,0.0,N/A,0.0,N/A,N/A,N/A,N/A,unavailable,1102.0,N/A,N/A,0.0,S12_4473,Hidden,N/A,0.0,N/A,N/A,N/A,N/A,None,unavailable,N/A,N/A,Trucks and Buses,None,None,N/A,1957 Chevy Pickup,1:12,Exoto Designs,"1:12 scale die-cast about 20"" long Hood opens, Rubber wheels",Hidden,55.70,118.50
products,0.0,N/A,N/A,N/A,N/A,N/A,N/A,N/A,N/A,unavailable,N/A,0.0,N/A,0.0,N/A,N/A,N/A,N/A,unavailable,1102.0,N/A,N/A,0.0,S12_4675,Hidden,N/A,0.0,N/A,N/A,N/A,N/A,None,unavailable,N/A,N/A,Classic Cars,None,None,N/A,1969 Dodge Charger,1:12,Welly Diecast Productions,Detailed model of the 1969 Dodge Charger. This model includes finely detailed interior and exterior features. Painted in red and white.,Hidden,58.73,115.16
products,0.0,N/A,N/A,N/A,N/A,N/A,N/A,N/A,N/A,unavailable,N/A,0.0,N/A,0.0,N/A,N/A,N/A,N/A,unavailable,1102.0,N/A,N/A,0.0,S18_1097,Hidden,N/A,0.0,N/A,N/A,N/A,N/A,None,unavailable,N/A,N/A,Trucks and Buses,None,None,N/A,1940 Ford Pickup Truck,1:18,Studio M Art Models,"This model features soft rubber tires, working steering, rubber mud guards, authentic Ford logos, detailed undercarriage, opening doors and hood,  removable split rear gate, full size spare mounted in bed, detailed interior with opening glove box",Hidden,58.33,116.67
products,0.0,N/A,N/A,N/A,N/A,N/A,N/A,N/A,N/A,unavailable,N/A,0.0,N/A,0.0,N/A,N/A,N/A,N/A,unavailable,1102.0,N/A,N/A,0.0,S18_1129,Hidden,N/A,0.0,N/A,N/A,N/A,N/A,None,unavailable,N/A,N/A,Classic Cars,None,None,N/A,1993 Mazda RX-7,1:18,Highway 66 Mini Classics,"This model features, opening hood, opening doors, detailed engine, rear spoiler, opening trunk, working steering, tinted windows, baked enamel finish. Color red.",Hidden,83.51,141.54
products,0.0,N/A,N/A,N/A,N/A,N/A,N/A,N/A,N/A,unavailable,N/A,0.0,N/A,0.0,N/A,N/A,N/A,N/A,unavailable,1102.0,N/A,N/A,0.0,S18_1342,Hidden,N/A,0.0,N/A,N/A,N/A,N/A,None,unavailable,N/A,N/A,Vintage Cars,None,None,N/A,1937 Lincoln Berline,1:18,Motor City Art Classics,"Features opening engine cover, doors, trunk, and fuel filler cap. Color black",Hidden,60.62,102.74
products,0.0,N/A,N/A,N/A,N/A,N/A,N/A,N/A,N/A,unavailable,N/A,0.0,N/A,0.0,N/A,N/A,N/A,N/A,unavailable,1102.0,N/A,N/A,0.0,S18_1367,Hidden,N/A,0.0,N/A,N/A,N/A,N/A,None,unavailable,N/A,N/A,Vintage Cars,None,None,N/A,1936 Mercedes-Benz 500K Special Roadster,1:18,Studio M Art Models,"This 1:18 scale replica is constructed of heavy die-cast metal and has all the features of the original: working doors and rumble seat, independent spring suspension, detailed interior, working steering system, and a bifold hood that reveals an engine so accurate that it even includes the wiring. All this is topped off with a baked enamel finish. Color white.",Hidden,24.26,53.91
products,0.0,N/A,N/A,N/A,N/A,N/A,N/A,N/A,N/A,unavailable,N/A,0.0,N/A,0.0,N/A,N/A,N/A,N/A,unavailable,1102.0,N/A,N/A,0.0,S18_1589,Hidden,N/A,0.0,N/A,N/A,N/A,N/A,None,unavailable,N/A,N/A,Classic Cars,None,None,N/A,1965 Aston Martin DB5,1:18,Classic Metal Creations,"Die-cast model of the silver 1965 Aston Martin DB5 in silver. This model includes full wire wheels and doors that open with fully detailed passenger compartment. In 1:18 scale, this model measures approximately 10 inches/20 cm long.",Hidden,65.96,124.44
products,0.0,N/A,N/A,N/A,N/A,N/A,N/A,N/A,N/A,unavailable,N/A,0.0,N/A,0.0,N/A,N/A,N/A,N/A,unavailable,1102.0,N/A,N/A,0.0,S18_1662,Hidden,N/A,0.0,N/A,N/A,N/A,N/A,None,unavailable,N/A,N/A,Planes,None,None,N/A,1980s Black Hawk Helicopter,1:18,Red Start Diecast,"1:18 scale replica of actual Army's UH-60L BLACK HAWK Helicopter. 100% hand-assembled. Features rotating rotor blades, propeller blades and rubber wheels.",Hidden,77.27,157.69
products,0.0,N/A,N/A,N/A,N/A,N/A,N/A,N/A,N/A,unavailable,N/A,0.0,N/A,0.0,N/A,N/A,N/A,N/A,unavailable,1102.0,N/A,N/A,0.0,S18_1749,Hidden,N/A,0.0,N/A,N/A,N/A,N/A,None,unavailable,N/A,N/A,Vintage Cars,None,None,N/A,1917 Grand Touring Sedan,1:18,Welly Diecast Productions,"This 1:18 scale replica of the 1917 Grand Touring car has all the features you would expect from museum quality reproductions: all four doors and bi-fold hood opening, detailed engine and instrument panel, chrome-look trim, and tufted upholstery, all topped off with a factory baked-enamel finish.",Hidden,86.70,170.00
products,0.0,N/A,N/A,N/A,N/A,N/A,N/A,N/A,N/A,unavailable,N/A,0.0,N/A,0.0,N/A,N/A,N/A,N/A,unavailable,1102.0,N/A,N/A,0.0,S18_1889,Hidden,N/A,0.0,N/A,N/A,N/A,N/A,None,unavailable,N/A,N/A,Classic Cars,None,None,N/A,1948 Porsche 356-A Roadster,1:18,Gearbox Collectibles,"This precision die-cast replica features opening doors, superb detail and craftsmanship, working steering system, opening forward compartment, opening rear trunk with removable spare, 4 wheel independent spring suspension as well as factory baked enamel finish.",Hidden,53.90,77.00
products,0.0,N/A,N/A,N/A,N/A,N/A,N/A,N/A,N/A,unavailable,N/A,0.0,N/A,0.0,N/A,N/A,N/A,N/A,unavailable,1102.0,N/A,N/A,0.0,S18_1984,Hidden,N/A,0.0,N/A,N/A,N/A,N/A,None,unavailable,N/A,N/A,Classic Cars,None,None,N/A,1995 Honda Civic,1:18,Min Lin Diecast,"This model features, opening hood, opening doors, detailed engine, rear spoiler, opening trunk, working steering, tinted windows, baked enamel finish. Color yellow.",Hidden,93.89,142.25
products,0.0,N/A,N/A,N/A,N/A,N/A,N/A,N/A,N/A,unavailable,N/A,0.0,N/A,0.0,N/A,N/A,N/A,N/A,unavailable,1102.0,N/A,N/A,0.0,S18_2238,Hidden,N/A,0.0,N/A,N/A,N/A,N/A,None,unavailable,N/A,N/A,Classic Cars,None,None,N/A,1998 Chrysler Plymouth Prowler,1:18,Gearbox Collectibles,Turnable front wheels; steering function; detailed interior; detailed engine; opening hood; opening trunk; opening doors; and detailed chassis.,Hidden,101.51,163.73
products,0.0,N/A,N/A,N/A,N/A,N/A,N/A,N/A,N/A,unavailable,N/A,0.0,N/A,0.0,N/A,N/A,N/A,N/A,unavailable,1102.0,N/A,N/A,0.0,S18_2248,Hidden,N/A,0.0,N/A,N/A,N/A,N/A,None,unavailable,N/A,N/A,Vintage Cars,None,None,N/A,1911 Ford Town Car,1:18,Motor City Art Classics,"Features opening hood, opening doors, opening trunk, wide white wall tires, front door arm rests, working steering system.",Hidden,33.30,60.54
products,0.0,N/A,N/A,N/A,N/A,N/A,N/A,N/A,N/A,unavailable,N/A,0.0,N/A,0.0,N/A,N/A,N/A,N/A,unavailable,1102.0,N/A,N/A,0.0,S18_2319,Hidden,N/A,0.0,N/A,N/A,N/A,N/A,None,unavailable,N/A,N/A,Trucks and Buses,None,None,N/A,1964 Mercedes Tour Bus,1:18,Unimax Art Galleries,"Exact replica. 100+ parts. working steering system, original logos",Hidden,74.86,122.73
products,0.0,N/A,N/A,N/A,N/A,N/A,N/A,N/A,N/A,unavailable,N/A,0.0,N/A,0.0,N/A,N/A,N/A,N/A,unavailable,1102.0,N/A,N/A,0.0,S18_2325,Hidden,N/A,0.0,N/A,N/A,N/A,N/A,None,unavailable,N/A,N/A,Vintage Cars,None,None,N/A,1932 Model A Ford J-Coupe,1:18,Autoart Studio Design,"This model features grille-mounted chrome horn, lift-up louvered hood, fold-down rumble seat, working steering system, chrome-covered spare, opening doors, detailed and wired engine",Hidden,58.48,127.13
products,0.0,N/A,N/A,N/A,N/A,N/A,N/A,N/A,N/A,unavailable,N/A,0.0,N/A,0.0,N/A,N/A,N/A,N/A,unavailable,1102.0,N/A,N/A,0.0,S18_2432,Hidden,N/A,0.0,N/A,N/A,N/A,N/A,None,unavailable,N/A,N/A,Trucks and Buses,None,None,N/A,1926 Ford Fire Engine,1:18,Carousel DieCast Legends,"Gleaming red handsome appearance. Everything is here the fire hoses, ladder, axes, bells, lanterns, ready to fight any inferno.",Hidden,24.92,60.77
products,0.0,N/A,N/A,N/A,N/A,N/A,N/A,N/A,N/A,unavailable,N/A,0.0,N/A,0.0,N/A,N/A,N/A,N/A,unavailable,1102.0,N/A,N/A,0.0,S18_2581,Hidden,N/A,0.0,N/A,N/A,N/A,N/A,None,unavailable,N/A,N/A,Planes,None,None,N/A,P-51-D Mustang,1:72,Gearbox Collectibles,Has retractable wheels and comes with a stand,Hidden,49.00,84.48
products,0.0,N/A,N/A,N/A,N/A,N/A,N/A,N/A,N/A,unavailable,N/A,0.0,N/A,0.0,N/A,N/A,N/A,N/A,unavailable,1102.0,N/A,N/A,0.0,S18_2625,Hidden,N/A,0.0,N/A,N/A,N/A,N/A,None,unavailable,N/A,N/A,Motorcycles,None,None,N/A,1936 Harley Davidson El Knucklehead,1:18,Welly Diecast Productions,"Intricately detailed with chrome accents and trim, official die-struck logos and baked enamel finish.",Hidden,24.23,60.57
products,0.0,N/A,N/A,N/A,N/A,N/A,N/A,N/A,N/A,unavailable,N/A,0.0,N/A,0.0,N/A,N/A,N/A,N/A,unavailable,1102.0,N/A,N/A,0.0,S18_2795,Hidden,N/A,0.0,N/A,N/A,N/A,N/A,None,unavailable,N/A,N/A,Vintage Cars,None,None,N/A,1928 Mercedes-Benz SSK,1:18,Gearbox Collectibles,"This 1:18 replica features grille-mounted chrome horn, lift-up louvered hood, fold-down rumble seat, working steering system, chrome-covered spare, opening doors, detailed and wired engine. Color black.",Hidden,72.56,168.75
products,0.0,N/A,N/A,N/A,N/A,N/A,N/A,N/A,N/A,unavailable,N/A,0.0,N/A,0.0,N/A,N/A,N/A,N/A,unavailable,1102.0,N/A,N/A,0.0,S18_2870,Hidden,N/A,0.0,N/A,N/A,N/A,N/A,None,unavailable,N/A,N/A,Classic Cars,None,None,N/A,1999 Indy 500 Monte Carlo SS,1:18,Red Start Diecast,Features include opening and closing doors. Color: Red,Hidden,56.76,132.00
products,0.0,N/A,N/A,N/A,N/A,N/A,N/A,N/A,N/A,unavailable,N/A,0.0,N/A,0.0,N/A,N/A,N/A,N/A,unavailable,1102.0,N/A,N/A,0.0,S18_2949,Hidden,N/A,0.0,N/A,N/A,N/A,N/A,None,unavailable,N/A,N/A,Vintage Cars,None,None,N/A,1913 Ford Model T Speedster,1:18,Carousel DieCast Legends,"This 250 part reproduction includes moving handbrakes, clutch, throttle and foot pedals, squeezable horn, detailed wired engine, removable water, gas, and oil cans, pivoting monocle windshield, all topped with a baked enamel red finish. Each replica comes with an Owners Title and Certificate of Authenticity. Color red.",Hidden,60.78,101.31
products,0.0,N/A,N/A,N/A,N/A,N/A,N/A,N/A,N/A,unavailable,N/A,0.0,N/A,0.0,N/A,N/A,N/A,N/A,unavailable,1102.0,N/A,N/A,0.0,S18_2957,Hidden,N/A,0.0,N/A,N/A,N/A,N/A,None,unavailable,N/A,N/A,Vintage Cars,None,None,N/A,1934 Ford V8 Coupe,1:18,Min Lin Diecast,"Chrome Trim, Chrome Grille, Opening Hood, Opening Doors, Opening Trunk, Detailed Engine, Working Steering System",Hidden,34.35,62.46
products,0.0,N/A,N/A,N/A,N/A,N/A,N/A,N/A,N/A,unavailable,N/A,0.0,N/A,0.0,N/A,N/A,N/A,N/A,unavailable,1102.0,N/A,N/A,0.0,S18_3029,Hidden,N/A,0.0,N/A,N/A,N/A,N/A,None,unavailable,N/A,N/A,Ships,None,None,N/A,1999 Yamaha Speed Boat,1:18,Min Lin Diecast,"Exact replica. Wood and Metal. Many extras including rigging, long boats, pilot house, anchors, etc. Comes with three masts, all square-rigged.",Hidden,51.61,86.02
products,0.0,N/A,N/A,N/A,N/A,N/A,N/A,N/A,N/A,unavailable,N/A,0.0,N/A,0.0,N/A,N/A,N/A,N/A,unavailable,1102.0,N/A,N/A,0.0,S18_3136,Hidden,N/A,0.0,N/A,N/A,N/A,N/A,None,unavailable,N/A,N/A,Vintage Cars,None,None,N/A,18th Century Vintage Horse Carriage,1:18,Red Start Diecast,"Hand crafted diecast-like metal horse carriage is re-created in about 1:18 scale of antique horse carriage. This antique style metal Stagecoach is all hand-assembled with many different parts.

This collectible metal horse carriage is painted in classic Red, and features turning steering wheel and is entirely hand-finished.",Hidden,60.74,104.72
products,0.0,N/A,N/A,N/A,N/A,N/A,N/A,N/A,N/A,unavailable,N/A,0.0,N/A,0.0,N/A,N/A,N/A,N/A,unavailable,1102.0,N/A,N/A,0.0,S18_3140,Hidden,N/A,0.0,N/A,N/A,N/A,N/A,None,unavailable,N/A,N/A,Vintage Cars,None,None,N/A,1903 Ford Model A,1:18,Unimax Art Galleries,"Features opening trunk,  working steering system",Hidden,68.30,136.59
products,0.0,N/A,N/A,N/A,N/A,N/A,N/A,N/A,N/A,unavailable,N/A,0.0,N/A,0.0,N/A,N/A,N/A,N/A,unavailable,1102.0,N/A,N/A,0.0,S18_3232,Hidden,N/A,0.0,N/A,N/A,N/A,N/A,None,unavailable,N/A,N/A,Classic Cars,None,None,N/A,1992 Ferrari 360 Spider red,1:18,Unimax Art Galleries,"his replica features opening doors, superb detail and craftsmanship, working steering system, opening forward compartment, opening rear trunk with removable spare, 4 wheel independent spring suspension as well as factory baked enamel finish.",Hidden,77.90,169.34
products,0.0,N/A,N/A,N/A,N/A,N/A,N/A,N/A,N/A,unavailable,N/A,0.0,N/A,0.0,N/A,N/A,N/A,N/A,unavailable,1102.0,N/A,N/A,0.0,S18_3233,Hidden,N/A,0.0,N/A,N/A,N/A,N/A,None,unavailable,N/A,N/A,Classic Cars,None,None,N/A,1985 Toyota Supra,1:18,Highway 66 Mini Classics,"This model features soft rubber tires, working steering, rubber mud guards, authentic Ford logos, detailed undercarriage, opening doors and hood, removable split rear gate, full size spare mounted in bed, detailed interior with opening glove box",Hidden,57.01,107.57
products,0.0,N/A,N/A,N/A,N/A,N/A,N/A,N/A,N/A,unavailable,N/A,0.0,N/A,0.0,N/A,N/A,N/A,N/A,unavailable,1102.0,N/A,N/A,0.0,S18_3259,Hidden,N/A,0.0,N/A,N/A,N/A,N/A,None,unavailable,N/A,N/A,Trains,None,None,N/A,Collectable Wooden Train,1:18,Carousel DieCast Legends,"Hand crafted wooden toy train set is in about 1:18 scale, 25 inches in total length including 2 additional carts, of actual vintage train. This antique style wooden toy train model set is all hand-assembled with 100% wood.",Hidden,67.56,100.84
products,0.0,N/A,N/A,N/A,N/A,N/A,N/A,N/A,N/A,unavailable,N/A,0.0,N/A,0.0,N/A,N/A,N/A,N/A,unavailable,1102.0,N/A,N/A,0.0,S18_3278,Hidden,N/A,0.0,N/A,N/A,N/A,N/A,None,unavailable,N/A,N/A,Classic Cars,None,None,N/A,1969 Dodge Super Bee,1:18,Min Lin Diecast,"This replica features opening doors, superb detail and craftsmanship, working steering system, opening forward compartment, opening rear trunk with removable spare, 4 wheel independent spring suspension as well as factory baked enamel finish.",Hidden,49.05,80.41
products,0.0,N/A,N/A,N/A,N/A,N/A,N/A,N/A,N/A,unavailable,N/A,0.0,N/A,0.0,N/A,N/A,N/A,N/A,unavailable,1102.0,N/A,N/A,0.0,S18_3320,Hidden,N/A,0.0,N/A,N/A,N/A,N/A,None,unavailable,N/A,N/A,Vintage Cars,None,None,N/A,1917 Maxwell Touring Car,1:18,Exoto Designs,"Features Gold Trim, Full Size Spare Tire, Chrome Trim, Chrome Grille, Opening Hood, Opening Doors, Opening Trunk, Detailed Engine, Working Steering System",Hidden,57.54,99.21
products,0.0,N/A,N/A,N/A,N/A,N/A,N/A,N/A,N/A,unavailable,N/A,0.0,N/A,0.0,N/A,N/A,N/A,N/A,unavailable,1102.0,N/A,N/A,0.0,S18_3482,Hidden,N/A,0.0,N/A,N/A,N/A,N/A,None,unavailable,N/A,N/A,Classic Cars,None,None,N/A,1976 Ford Gran Torino,1:18,Gearbox Collectibles,"Highly detailed 1976 Ford Gran Torino ""Starsky and Hutch"" diecast model. Very well constructed and painted in red and white patterns.",Hidden,73.49,146.99
products,0.0,N/A,N/A,N/A,N/A,N/A,N/A,N/A,N/A,unavailable,N/A,0.0,N/A,0.0,N/A,N/A,N/A,N/A,unavailable,1102.0,N/A,N/A,0.0,S18_3685,Hidden,N/A,0.0,N/A,N/A,N/A,N/A,None,unavailable,N/A,N/A,Classic Cars,None,None,N/A,1948 Porsche Type 356 Roadster,1:18,Gearbox Collectibles,"This model features working front and rear suspension on accurately replicated and actuating shock absorbers as well as opening engine cover, rear stabilizer flap,  and 4 opening doors.",Hidden,62.16,141.28
products,0.0,N/A,N/A,N/A,N/A,N/A,N/A,N/A,N/A,unavailable,N/A,0.0,N/A,0.0,N/A,N/A,N/A,N/A,unavailable,1102.0,N/A,N/A,0.0,S18_3782,Hidden,N/A,0.0,N/A,N/A,N/A,N/A,None,unavailable,N/A,N/A,Motorcycles,None,None,N/A,1957 Vespa GS150,1:18,Studio M Art Models,"Features rotating wheels , working kick stand. Comes with stand.",Hidden,32.95,62.17
products,0.0,N/A,N/A,N/A,N/A,N/A,N/A,N/A,N/A,unavailable,N/A,0.0,N/A,0.0,N/A,N/A,N/A,N/A,unavailable,1102.0,N/A,N/A,0.0,S18_3856,Hidden,N/A,0.0,N/A,N/A,N/A,N/A,None,unavailable,N/A,N/A,Vintage Cars,None,None,N/A,1941 Chevrolet Special Deluxe Cabriolet,1:18,Exoto Designs,"Features opening hood, opening doors, opening trunk, wide white wall tires, front door arm rests, working steering system, leather upholstery. Color black.",Hidden,64.58,105.87
products,0.0,N/A,N/A,N/A,N/A,N/A,N/A,N/A,N/A,unavailable,N/A,0.0,N/A,0.0,N/A,N/A,N/A,N/A,unavailable,1102.0,N/A,N/A,0.0,S18_4027,Hidden,N/A,0.0,N/A,N/A,N/A,N/A,None,unavailable,N/A,N/A,Classic Cars,None,None,N/A,1970 Triumph Spitfire,1:18,Min Lin Diecast,Features include opening and closing doors. Color: White.,Hidden,91.92,143.62
products,0.0,N/A,N/A,N/A,N/A,N/A,N/A,N/A,N/A,unavailable,N/A,0.0,N/A,0.0,N/A,N/A,N/A,N/A,unavailable,1102.0,N/A,N/A,0.0,S18_4409,Hidden,N/A,0.0,N/A,N/A,N/A,N/A,None,unavailable,N/A,N/A,Vintage Cars,None,None,N/A,1932 Alfa Romeo 8C2300 Spider Sport,1:18,Exoto Designs,"This 1:18 scale precision die cast replica features the 6 front headlights of the original, plus a detailed version of the 142 horsepower straight 8 engine, dual spares and their famous comprehensive dashboard. Color black.",Hidden,43.26,92.03
products,0.0,N/A,N/A,N/A,N/A,N/A,N/A,N/A,N/A,unavailable,N/A,0.0,N/A,0.0,N/A,N/A,N/A,N/A,unavailable,1102.0,N/A,N/A,0.0,S18_4522,Hidden,N/A,0.0,N/A,N/A,N/A,N/A,None,unavailable,N/A,N/A,Vintage Cars,None,None,N/A,1904 Buick Runabout,1:18,Exoto Designs,"Features opening trunk,  working steering system",Hidden,52.66,87.77
products,0.0,N/A,N/A,N/A,N/A,N/A,N/A,N/A,N/A,unavailable,N/A,0.0,N/A,0.0,N/A,N/A,N/A,N/A,unavailable,1102.0,N/A,N/A,0.0,S18_4600,Hidden,N/A,0.0,N/A,N/A,N/A,N/A,None,unavailable,N/A,N/A,Trucks and Buses,None,None,N/A,1940s Ford truck,1:18,Motor City Art Classics,"This 1940s Ford Pick-Up truck is re-created in 1:18 scale of original 1940s Ford truck. This antique style metal 1940s Ford Flatbed truck is all hand-assembled. This collectible 1940's Pick-Up truck is painted in classic dark green color, and features rotating wheels.",Hidden,84.76,121.08
products,0.0,N/A,N/A,N/A,N/A,N/A,N/A,N/A,N/A,unavailable,N/A,0.0,N/A,0.0,N/A,N/A,N/A,N/A,unavailable,1102.0,N/A,N/A,0.0,S18_4668,Hidden,N/A,0.0,N/A,N/A,N/A,N/A,None,unavailable,N/A,N/A,Vintage Cars,None,None,N/A,1939 Cadillac Limousine,1:18,Studio M Art Models,"Features completely detailed interior including Velvet flocked drapes,deluxe wood grain floor, and a wood grain casket with seperate chrome handles",Hidden,23.14,50.31
products,0.0,N/A,N/A,N/A,N/A,N/A,N/A,N/A,N/A,unavailable,N/A,0.0,N/A,0.0,N/A,N/A,N/A,N/A,unavailable,1102.0,N/A,N/A,0.0,S18_4721,Hidden,N/A,0.0,N/A,N/A,N/A,N/A,None,unavailable,N/A,N/A,Classic Cars,None,None,N/A,1957 Corvette Convertible,1:18,Classic Metal Creations,1957 die cast Corvette Convertible in Roman Red with white sides and whitewall tires. 1:18 scale quality die-cast with detailed engine and underbvody. Now you can own The Classic Corvette.,Hidden,69.93,148.80
products,0.0,N/A,N/A,N/A,N/A,N/A,N/A,N/A,N/A,unavailable,N/A,0.0,N/A,0.0,N/A,N/A,N/A,N/A,unavailable,1102.0,N/A,N/A,0.0,S18_4933,Hidden,N/A,0.0,N/A,N/A,N/A,N/A,None,unavailable,N/A,N/A,Classic Cars,None,None,N/A,1957 Ford Thunderbird,1:18,Studio M Art Models,"This 1:18 scale precision die-cast replica, with its optional porthole hardtop and factory baked-enamel Thunderbird Bronze finish, is a 100% accurate rendition of this American classic.",Hidden,34.21,71.27
products,0.0,N/A,N/A,N/A,N/A,N/A,N/A,N/A,N/A,unavailable,N/A,0.0,N/A,0.0,N/A,N/A,N/A,N/A,unavailable,1102.0,N/A,N/A,0.0,S24_1046,Hidden,N/A,0.0,N/A,N/A,N/A,N/A,None,unavailable,N/A,N/A,Classic Cars,None,None,N/A,1970 Chevy Chevelle SS 454,1:24,Unimax Art Galleries,"This model features rotating wheels, working streering system and opening doors. All parts are particularly delicate due to their precise scale and require special care and attention. It should not be picked up by the doors, roof, hood or trunk.",Hidden,49.24,73.49
products,0.0,N/A,N/A,N/A,N/A,N/A,N/A,N/A,N/A,unavailable,N/A,0.0,N/A,0.0,N/A,N/A,N/A,N/A,unavailable,1102.0,N/A,N/A,0.0,S24_1444,Hidden,N/A,0.0,N/A,N/A,N/A,N/A,None,unavailable,N/A,N/A,Classic Cars,None,None,N/A,1970 Dodge Coronet,1:24,Highway 66 Mini Classics,"1:24 scale die-cast about 18"" long doors open, hood opens and rubber wheels",Hidden,32.37,57.80
products,0.0,N/A,N/A,N/A,N/A,N/A,N/A,N/A,N/A,unavailable,N/A,0.0,N/A,0.0,N/A,N/A,N/A,N/A,unavailable,1102.0,N/A,N/A,0.0,S24_1578,Hidden,N/A,0.0,N/A,N/A,N/A,N/A,None,unavailable,N/A,N/A,Motorcycles,None,None,N/A,1997 BMW R 1100 S,1:24,Autoart Studio Design,Detailed scale replica with working suspension and constructed from over 70 parts,Hidden,60.86,112.70
products,0.0,N/A,N/A,N/A,N/A,N/A,N/A,N/A,N/A,unavailable,N/A,0.0,N/A,0.0,N/A,N/A,N/A,N/A,unavailable,1102.0,N/A,N/A,0.0,S24_1628,Hidden,N/A,0.0,N/A,N/A,N/A,N/A,None,unavailable,N/A,N/A,Classic Cars,None,None,N/A,1966 Shelby Cobra 427 S/C,1:24,Carousel DieCast Legends,This diecast model of the 1966 Shelby Cobra 427 S/C includes many authentic details and operating parts. The 1:24 scale model of this iconic lighweight sports car from the 1960s comes in silver and it's own display case.,Hidden,29.18,50.31
products,0.0,N/A,N/A,N/A,N/A,N/A,N/A,N/A,N/A,unavailable,N/A,0.0,N/A,0.0,N/A,N/A,N/A,N/A,unavailable,1102.0,N/A,N/A,0.0,S24_1785,Hidden,N/A,0.0,N/A,N/A,N/A,N/A,None,unavailable,N/A,N/A,Planes,None,None,N/A,1928 British Royal Navy Airplane,1:24,Classic Metal Creations,Official logos and insignias,Hidden,66.74,109.42
products,0.0,N/A,N/A,N/A,N/A,N/A,N/A,N/A,N/A,unavailable,N/A,0.0,N/A,0.0,N/A,N/A,N/A,N/A,unavailable,1102.0,N/A,N/A,0.0,S24_1937,Hidden,N/A,0.0,N/A,N/A,N/A,N/A,None,unavailable,N/A,N/A,Vintage Cars,None,None,N/A,1939 Chevrolet Deluxe Coupe,1:24,Motor City Art Classics,"This 1:24 scale die-cast replica of the 1939 Chevrolet Deluxe Coupe has the same classy look as the original. Features opening trunk, hood and doors and a showroom quality baked enamel finish.",Hidden,22.57,33.19
products,0.0,N/A,N/A,N/A,N/A,N/A,N/A,N/A,N/A,unavailable,N/A,0.0,N/A,0.0,N/A,N/A,N/A,N/A,unavailable,1102.0,N/A,N/A,0.0,S24_2000,Hidden,N/A,0.0,N/A,N/A,N/A,N/A,None,unavailable,N/A,N/A,Motorcycles,None,None,N/A,1960 BSA Gold Star DBD34,1:24,Highway 66 Mini Classics,Detailed scale replica with working suspension and constructed from over 70 parts,Hidden,37.32,76.17
products,0.0,N/A,N/A,N/A,N/A,N/A,N/A,N/A,N/A,unavailable,N/A,0.0,N/A,0.0,N/A,N/A,N/A,N/A,unavailable,1102.0,N/A,N/A,0.0,S24_2011,Hidden,N/A,0.0,N/A,N/A,N/A,N/A,None,unavailable,N/A,N/A,Ships,None,None,N/A,18th century schooner,1:24,Carousel DieCast Legends,"All wood with canvas sails. Many extras including rigging, long boats, pilot house, anchors, etc. Comes with 4 masts, all square-rigged.",Hidden,82.34,122.89
products,0.0,N/A,N/A,N/A,N/A,N/A,N/A,N/A,N/A,unavailable,N/A,0.0,N/A,0.0,N/A,N/A,N/A,N/A,unavailable,1102.0,N/A,N/A,0.0,S24_2022,Hidden,N/A,0.0,N/A,N/A,N/A,N/A,None,unavailable,N/A,N/A,Vintage Cars,None,None,N/A,1938 Cadillac V-16 Presidential Limousine,1:24,Classic Metal Creations,"This 1:24 scale precision die cast replica of the 1938 Cadillac V-16 Presidential Limousine has all the details of the original, from the flags on the front to an opening back seat compartment complete with telephone and rifle. Features factory baked-enamel black finish, hood goddess ornament, working jump seats.",Hidden,20.61,44.80
products,0.0,N/A,N/A,N/A,N/A,N/A,N/A,N/A,N/A,unavailable,N/A,0.0,N/A,0.0,N/A,N/A,N/A,N/A,unavailable,1102.0,N/A,N/A,0.0,S24_2300,Hidden,N/A,0.0,N/A,N/A,N/A,N/A,None,unavailable,N/A,N/A,Trucks and Buses,None,None,N/A,1962 Volkswagen Microbus,1:24,Autoart Studio Design,"This 1:18 scale die cast replica of the 1962 Microbus is loaded with features: A working steering system, opening front doors and tailgate, and famous two-tone factory baked enamel finish, are all topped of by the sliding, real fabric, sunroof.",Hidden,61.34,127.79
products,0.0,N/A,N/A,N/A,N/A,N/A,N/A,N/A,N/A,unavailable,N/A,0.0,N/A,0.0,N/A,N/A,N/A,N/A,unavailable,1102.0,N/A,N/A,0.0,S24_2360,Hidden,N/A,0.0,N/A,N/A,N/A,N/A,None,unavailable,N/A,N/A,Motorcycles,None,None,N/A,1982 Ducati 900 Monster,1:24,Highway 66 Mini Classics,"Features two-tone paint with chrome accents, superior die-cast detail , rotating wheels , working kick stand",Hidden,47.10,69.26
products,0.0,N/A,N/A,N/A,N/A,N/A,N/A,N/A,N/A,unavailable,N/A,0.0,N/A,0.0,N/A,N/A,N/A,N/A,unavailable,1102.0,N/A,N/A,0.0,S24_2766,Hidden,N/A,0.0,N/A,N/A,N/A,N/A,None,unavailable,N/A,N/A,Classic Cars,None,None,N/A,1949 Jaguar XK 120,1:24,Classic Metal Creations,"Precision-engineered from original Jaguar specification in perfect scale ratio. Features opening doors, superb detail and craftsmanship, working steering system, opening forward compartment, opening rear trunk with removable spare, 4 wheel independent spring suspension as well as factory baked enamel finish.",Hidden,47.25,90.87
products,0.0,N/A,N/A,N/A,N/A,N/A,N/A,N/A,N/A,unavailable,N/A,0.0,N/A,0.0,N/A,N/A,N/A,N/A,unavailable,1102.0,N/A,N/A,0.0,S24_2840,Hidden,N/A,0.0,N/A,N/A,N/A,N/A,None,unavailable,N/A,N/A,Classic Cars,None,None,N/A,1958 Chevy Corvette Limited Edition,1:24,Carousel DieCast Legends,"The operating parts of this 1958 Chevy Corvette Limited Edition are particularly delicate due to their precise scale and require special care and attention. Features rotating wheels, working streering, opening doors and trunk. Color dark green.",Hidden,15.91,35.36
products,0.0,N/A,N/A,N/A,N/A,N/A,N/A,N/A,N/A,unavailable,N/A,0.0,N/A,0.0,N/A,N/A,N/A,N/A,unavailable,1102.0,N/A,N/A,0.0,S24_2841,Hidden,N/A,0.0,N/A,N/A,N/A,N/A,None,unavailable,N/A,N/A,Planes,None,None,N/A,1900s Vintage Bi-Plane,1:24,Autoart Studio Design,Hand crafted diecast-like metal bi-plane is re-created in about 1:24 scale of antique pioneer airplane. All hand-assembled with many different parts. Hand-painted in classic yellow and features correct markings of original airplane.,Hidden,34.25,68.51
products,0.0,N/A,N/A,N/A,N/A,N/A,N/A,N/A,N/A,unavailable,N/A,0.0,N/A,0.0,N/A,N/A,N/A,N/A,unavailable,1102.0,N/A,N/A,0.0,S24_2887,Hidden,N/A,0.0,N/A,N/A,N/A,N/A,None,unavailable,N/A,N/A,Classic Cars,None,None,N/A,1952 Citroen-15CV,1:24,Exoto Designs,"Precision crafted hand-assembled 1:18 scale reproduction of the 1952 15CV, with its independent spring suspension, working steering system, opening doors and hood, detailed engine and instrument panel, all topped of with a factory fresh baked enamel finish.",Hidden,72.82,117.44
products,0.0,N/A,N/A,N/A,N/A,N/A,N/A,N/A,N/A,unavailable,N/A,0.0,N/A,0.0,N/A,N/A,N/A,N/A,unavailable,1102.0,N/A,N/A,0.0,S24_2972,Hidden,N/A,0.0,N/A,N/A,N/A,N/A,None,unavailable,N/A,N/A,Classic Cars,None,None,N/A,1982 Lamborghini Diablo,1:24,Second Gear Diecast,"This replica features opening doors, superb detail and craftsmanship, working steering system, opening forward compartment, opening rear trunk with removable spare, 4 wheel independent spring suspension as well as factory baked enamel finish.",Hidden,16.24,37.76
products,0.0,N/A,N/A,N/A,N/A,N/A,N/A,N/A,N/A,unavailable,N/A,0.0,N/A,0.0,N/A,N/A,N/A,N/A,unavailable,1102.0,N/A,N/A,0.0,S24_3151,Hidden,N/A,0.0,N/A,N/A,N/A,N/A,None,unavailable,N/A,N/A,Vintage Cars,None,None,N/A,1912 Ford Model T Delivery Wagon,1:24,Min Lin Diecast,"This model features chrome trim and grille, opening hood, opening doors, opening trunk, detailed engine, working steering system. Color white.",Hidden,46.91,88.51
products,0.0,N/A,N/A,N/A,N/A,N/A,N/A,N/A,N/A,unavailable,N/A,0.0,N/A,0.0,N/A,N/A,N/A,N/A,unavailable,1102.0,N/A,N/A,0.0,S24_3191,Hidden,N/A,0.0,N/A,N/A,N/A,N/A,None,unavailable,N/A,N/A,Classic Cars,None,None,N/A,1969 Chevrolet Camaro Z28,1:24,Exoto Designs,"1969 Z/28 Chevy Camaro 1:24 scale replica. The operating parts of this limited edition 1:24 scale diecast model car 1969 Chevy Camaro Z28- hood, trunk, wheels, streering, suspension and doors- are particularly delicate due to their precise scale and require special care and attention.",Hidden,50.51,85.61
products,0.0,N/A,N/A,N/A,N/A,N/A,N/A,N/A,N/A,unavailable,N/A,0.0,N/A,0.0,N/A,N/A,N/A,N/A,unavailable,1102.0,N/A,N/A,0.0,S24_3371,Hidden,N/A,0.0,N/A,N/A,N/A,N/A,None,unavailable,N/A,N/A,Classic Cars,None,None,N/A,1971 Alpine Renault 1600s,1:24,Welly Diecast Productions,"This 1971 Alpine Renault 1600s replica Features opening doors, superb detail and craftsmanship, working steering system, opening forward compartment, opening rear trunk with removable spare, 4 wheel independent spring suspension as well as factory baked enamel finish.",Hidden,38.58,61.23
products,0.0,N/A,N/A,N/A,N/A,N/A,N/A,N/A,N/A,unavailable,N/A,0.0,N/A,0.0,N/A,N/A,N/A,N/A,unavailable,1102.0,N/A,N/A,0.0,S24_3420,Hidden,N/A,0.0,N/A,N/A,N/A,N/A,None,unavailable,N/A,N/A,Vintage Cars,None,None,N/A,1937 Horch 930V Limousine,1:24,Autoart Studio Design,"Features opening hood, opening doors, opening trunk, wide white wall tires, front door arm rests, working steering system",Hidden,26.30,65.75
products,0.0,N/A,N/A,N/A,N/A,N/A,N/A,N/A,N/A,unavailable,N/A,0.0,N/A,0.0,N/A,N/A,N/A,N/A,unavailable,1102.0,N/A,N/A,0.0,S24_3432,Hidden,N/A,0.0,N/A,N/A,N/A,N/A,None,unavailable,N/A,N/A,Classic Cars,None,None,N/A,2002 Chevy Corvette,1:24,Gearbox Collectibles,"The operating parts of this limited edition Diecast 2002 Chevy Corvette 50th Anniversary Pace car Limited Edition are particularly delicate due to their precise scale and require special care and attention. Features rotating wheels, poseable streering, opening doors and trunk.",Hidden,62.11,107.08
products,0.0,N/A,N/A,N/A,N/A,N/A,N/A,N/A,N/A,unavailable,N/A,0.0,N/A,0.0,N/A,N/A,N/A,N/A,unavailable,1102.0,N/A,N/A,0.0,S24_3816,Hidden,N/A,0.0,N/A,N/A,N/A,N/A,None,unavailable,N/A,N/A,Vintage Cars,None,None,N/A,1940 Ford Delivery Sedan,1:24,Carousel DieCast Legends,"Chrome Trim, Chrome Grille, Opening Hood, Opening Doors, Opening Trunk, Detailed Engine, Working Steering System. Color black.",Hidden,48.64,83.86
products,0.0,N/A,N/A,N/A,N/A,N/A,N/A,N/A,N/A,unavailable,N/A,0.0,N/A,0.0,N/A,N/A,N/A,N/A,unavailable,1102.0,N/A,N/A,0.0,S24_3856,Hidden,N/A,0.0,N/A,N/A,N/A,N/A,None,unavailable,N/A,N/A,Classic Cars,None,None,N/A,1956 Porsche 356A Coupe,1:18,Classic Metal Creations,Features include: Turnable front wheels; steering function; detailed interior; detailed engine; opening hood; opening trunk; opening doors; and detailed chassis.,Hidden,98.30,140.43
products,0.0,N/A,N/A,N/A,N/A,N/A,N/A,N/A,N/A,unavailable,N/A,0.0,N/A,0.0,N/A,N/A,N/A,N/A,unavailable,1102.0,N/A,N/A,0.0,S24_3949,Hidden,N/A,0.0,N/A,N/A,N/A,N/A,None,unavailable,N/A,N/A,Planes,None,None,N/A,Corsair F4U ( Bird Cage),1:24,Second Gear Diecast,Has retractable wheels and comes with a stand. Official logos and insignias.,Hidden,29.34,68.24
products,0.0,N/A,N/A,N/A,N/A,N/A,N/A,N/A,N/A,unavailable,N/A,0.0,N/A,0.0,N/A,N/A,N/A,N/A,unavailable,1102.0,N/A,N/A,0.0,S24_3969,Hidden,N/A,0.0,N/A,N/A,N/A,N/A,None,unavailable,N/A,N/A,Vintage Cars,None,None,N/A,1936 Mercedes Benz 500k Roadster,1:24,Red Start Diecast,"This model features grille-mounted chrome horn, lift-up louvered hood, fold-down rumble seat, working steering system and rubber wheels. Color black.",Hidden,21.75,41.03
products,0.0,N/A,N/A,N/A,N/A,N/A,N/A,N/A,N/A,unavailable,N/A,0.0,N/A,0.0,N/A,N/A,N/A,N/A,unavailable,1102.0,N/A,N/A,0.0,S24_4048,Hidden,N/A,0.0,N/A,N/A,N/A,N/A,None,unavailable,N/A,N/A,Classic Cars,None,None,N/A,1992 Porsche Cayenne Turbo Silver,1:24,Exoto Designs,"This replica features opening doors, superb detail and craftsmanship, working steering system, opening forward compartment, opening rear trunk with removable spare, 4 wheel independent spring suspension as well as factory baked enamel finish.",Hidden,69.78,118.28
products,0.0,N/A,N/A,N/A,N/A,N/A,N/A,N/A,N/A,unavailable,N/A,0.0,N/A,0.0,N/A,N/A,N/A,N/A,unavailable,1102.0,N/A,N/A,0.0,S24_4258,Hidden,N/A,0.0,N/A,N/A,N/A,N/A,None,unavailable,N/A,N/A,Vintage Cars,None,None,N/A,1936 Chrysler Airflow,1:24,Second Gear Diecast,"Features opening trunk,  working steering system. Color dark green.",Hidden,57.46,97.39
products,0.0,N/A,N/A,N/A,N/A,N/A,N/A,N/A,N/A,unavailable,N/A,0.0,N/A,0.0,N/A,N/A,N/A,N/A,unavailable,1102.0,N/A,N/A,0.0,S24_4278,Hidden,N/A,0.0,N/A,N/A,N/A,N/A,None,unavailable,N/A,N/A,Planes,None,None,N/A,1900s Vintage Tri-Plane,1:24,Unimax Art Galleries,Hand crafted diecast-like metal Triplane is Re-created in about 1:24 scale of antique pioneer airplane. This antique style metal triplane is all hand-assembled with many different parts.,Hidden,36.23,72.45
products,0.0,N/A,N/A,N/A,N/A,N/A,N/A,N/A,N/A,unavailable,N/A,0.0,N/A,0.0,N/A,N/A,N/A,N/A,unavailable,1102.0,N/A,N/A,0.0,S24_4620,Hidden,N/A,0.0,N/A,N/A,N/A,N/A,None,unavailable,N/A,N/A,Classic Cars,None,None,N/A,1961 Chevrolet Impala,1:18,Classic Metal Creations,"This 1:18 scale precision die-cast reproduction of the 1961 Chevrolet Impala has all the features-doors, hood and trunk that open; detailed 409 cubic-inch engine; chrome dashboard and stick shift, two-tone interior; working steering system; all topped of with a factory baked-enamel finish.",Hidden,32.33,80.84
products,0.0,N/A,N/A,N/A,N/A,N/A,N/A,N/A,N/A,unavailable,N/A,0.0,N/A,0.0,N/A,N/A,N/A,N/A,unavailable,1102.0,N/A,N/A,0.0,S32_1268,Hidden,N/A,0.0,N/A,N/A,N/A,N/A,None,unavailable,N/A,N/A,Trucks and Buses,None,None,N/A,1980’s GM Manhattan Express,1:32,Motor City Art Classics,"This 1980’s era new look Manhattan express is still active, running from the Bronx to mid-town Manhattan. Has 35 opeining windows and working lights. Needs a battery.",Hidden,53.93,96.31
products,0.0,N/A,N/A,N/A,N/A,N/A,N/A,N/A,N/A,unavailable,N/A,0.0,N/A,0.0,N/A,N/A,N/A,N/A,unavailable,1102.0,N/A,N/A,0.0,S32_1374,Hidden,N/A,0.0,N/A,N/A,N/A,N/A,None,unavailable,N/A,N/A,Motorcycles,None,None,N/A,1997 BMW F650 ST,1:32,Exoto Designs,Features official die-struck logos and baked enamel finish. Comes with stand.,Hidden,66.92,99.89
products,0.0,N/A,N/A,N/A,N/A,N/A,N/A,N/A,N/A,unavailable,N/A,0.0,N/A,0.0,N/A,N/A,N/A,N/A,unavailable,1102.0,N/A,N/A,0.0,S32_2206,Hidden,N/A,0.0,N/A,N/A,N/A,N/A,None,unavailable,N/A,N/A,Motorcycles,None,None,N/A,1982 Ducati 996 R,1:32,Gearbox Collectibles,"Features rotating wheels , working kick stand. Comes with stand.",Hidden,24.14,40.23
products,0.0,N/A,N/A,N/A,N/A,N/A,N/A,N/A,N/A,unavailable,N/A,0.0,N/A,0.0,N/A,N/A,N/A,N/A,unavailable,1102.0,N/A,N/A,0.0,S32_2509,Hidden,N/A,0.0,N/A,N/A,N/A,N/A,None,unavailable,N/A,N/A,Trucks and Buses,None,None,N/A,1954 Greyhound Scenicruiser,1:32,Classic Metal Creations,"Model features bi-level seating, 50 windows, skylights & glare resistant glass, working steering system, original logos",Hidden,25.98,54.11
products,0.0,N/A,N/A,N/A,N/A,N/A,N/A,N/A,N/A,unavailable,N/A,0.0,N/A,0.0,N/A,N/A,N/A,N/A,unavailable,1102.0,N/A,N/A,0.0,S32_3207,Hidden,N/A,0.0,N/A,N/A,N/A,N/A,None,unavailable,N/A,N/A,Trains,None,None,N/A,1950's Chicago Surface Lines Streetcar,1:32,Gearbox Collectibles,"This streetcar is a joy to see. It has 80 separate windows, electric wire guides, detailed interiors with seats, poles and drivers controls, rolling and turning wheel assemblies, plus authentic factory baked-enamel finishes (Green Hornet for Chicago and Cream and Crimson for Boston).",Hidden,26.72,62.14
products,0.0,N/A,N/A,N/A,N/A,N/A,N/A,N/A,N/A,unavailable,N/A,0.0,N/A,0.0,N/A,N/A,N/A,N/A,unavailable,1102.0,N/A,N/A,0.0,S32_3522,Hidden,N/A,0.0,N/A,N/A,N/A,N/A,None,unavailable,N/A,N/A,Trucks and Buses,None,None,N/A,1996 Peterbilt 379 Stake Bed with Outrigger,1:32,Red Start Diecast,"This model features, opening doors, detailed engine, working steering, tinted windows, detailed interior, die-struck logos, removable stakes operating outriggers, detachable second trailer, functioning 360-degree self loader, precision molded resin trailer and trim, baked enamel finish on cab",Hidden,33.61,64.64
products,0.0,N/A,N/A,N/A,N/A,N/A,N/A,N/A,N/A,unavailable,N/A,0.0,N/A,0.0,N/A,N/A,N/A,N/A,unavailable,1102.0,N/A,N/A,0.0,S32_4289,Hidden,N/A,0.0,N/A,N/A,N/A,N/A,None,unavailable,N/A,N/A,Vintage Cars,None,None,N/A,1928 Ford Phaeton Deluxe,1:32,Highway 66 Mini Classics,"This model features grille-mounted chrome horn, lift-up louvered hood, fold-down rumble seat, working steering system",Hidden,33.02,68.79
products,0.0,N/A,N/A,N/A,N/A,N/A,N/A,N/A,N/A,unavailable,N/A,0.0,N/A,0.0,N/A,N/A,N/A,N/A,unavailable,1102.0,N/A,N/A,0.0,S32_4485,Hidden,N/A,0.0,N/A,N/A,N/A,N/A,None,unavailable,N/A,N/A,Motorcycles,None,None,N/A,1974 Ducati 350 Mk3 Desmo,1:32,Second Gear Diecast,"This model features two-tone paint with chrome accents, superior die-cast detail , rotating wheels , working kick stand",Hidden,56.13,102.05
products,0.0,N/A,N/A,N/A,N/A,N/A,N/A,N/A,N/A,unavailable,N/A,0.0,N/A,0.0,N/A,N/A,N/A,N/A,unavailable,1102.0,N/A,N/A,0.0,S50_1341,Hidden,N/A,0.0,N/A,N/A,N/A,N/A,None,unavailable,N/A,N/A,Vintage Cars,None,None,N/A,1930 Buick Marquette Phaeton,1:50,Studio M Art Models,"Features opening trunk,  working steering system",Hidden,27.06,43.64
products,0.0,N/A,N/A,N/A,N/A,N/A,N/A,N/A,N/A,unavailable,N/A,0.0,N/A,0.0,N/A,N/A,N/A,N/A,unavailable,1102.0,N/A,N/A,0.0,S50_1392,Hidden,N/A,0.0,N/A,N/A,N/A,N/A,None,unavailable,N/A,N/A,Trucks and Buses,None,None,N/A,Diamond T620 Semi-Skirted Tanker,1:50,Highway 66 Mini Classics,This limited edition model is licensed and perfectly scaled for Lionel Trains. The Diamond T620 has been produced in solid precision diecast and painted with a fire baked enamel finish. It comes with a removable tanker and is a perfect model to add authenticity to your static train or car layout or to just have on display.,Hidden,68.29,115.75
products,0.0,N/A,N/A,N/A,N/A,N/A,N/A,N/A,N/A,unavailable,N/A,0.0,N/A,0.0,N/A,N/A,N/A,N/A,unavailable,1102.0,N/A,N/A,0.0,S50_1514,Hidden,N/A,0.0,N/A,N/A,N/A,N/A,None,unavailable,N/A,N/A,Trains,None,None,N/A,1962 City of Detroit Streetcar,1:50,Classic Metal Creations,"This streetcar is a joy to see. It has 99 separate windows, electric wire guides, detailed interiors with seats, poles and drivers controls, rolling and turning wheel assemblies, plus authentic factory baked-enamel finishes (Green Hornet for Chicago and Cream and Crimson for Boston).",Hidden,37.49,58.58
products,0.0,N/A,N/A,N/A,N/A,N/A,N/A,N/A,N/A,unavailable,N/A,0.0,N/A,0.0,N/A,N/A,N/A,N/A,unavailable,1102.0,N/A,N/A,0.0,S50_4713,Hidden,N/A,0.0,N/A,N/A,N/A,N/A,None,unavailable,N/A,N/A,Motorcycles,None,None,N/A,2002 Yamaha YZR M1,1:50,Autoart Studio Design,"Features rotating wheels , working kick stand. Comes with stand.",Hidden,34.17,81.36
products,0.0,N/A,N/A,N/A,N/A,N/A,N/A,N/A,N/A,unavailable,N/A,0.0,N/A,0.0,N/A,N/A,N/A,N/A,unavailable,1102.0,N/A,N/A,0.0,S700_1138,Hidden,N/A,0.0,N/A,N/A,N/A,N/A,None,unavailable,N/A,N/A,Ships,None,None,N/A,The Schooner Bluenose,1:700,Autoart Studio Design,"All wood with canvas sails. Measures 31 1/2 inches in Length, 22 inches High and 4 3/4 inches Wide. Many extras.
The schooner Bluenose was built in Nova Scotia in 1921 to fish the rough waters off the coast of Newfoundland. Because of the Bluenose racing prowess she became the pride of all Canadians. Still featured on stamps and the Canadian dime, the Bluenose was lost off Haiti in 1946.",Hidden,34.00,66.67
products,0.0,N/A,N/A,N/A,N/A,N/A,N/A,N/A,N/A,unavailable,N/A,0.0,N/A,0.0,N/A,N/A,N/A,N/A,unavailable,1102.0,N/A,N/A,0.0,S700_1691,Hidden,N/A,0.0,N/A,N/A,N/A,N/A,None,unavailable,N/A,N/A,Planes,None,None,N/A,American Airlines: B767-300,1:700,Min Lin Diecast,Exact replia with official logos and insignias and retractable wheels,Hidden,51.15,91.34
products,0.0,N/A,N/A,N/A,N/A,N/A,N/A,N/A,N/A,unavailable,N/A,0.0,N/A,0.0,N/A,N/A,N/A,N/A,unavailable,1102.0,N/A,N/A,0.0,S700_1938,Hidden,N/A,0.0,N/A,N/A,N/A,N/A,None,unavailable,N/A,N/A,Ships,None,None,N/A,The Mayflower,1:700,Studio M Art Models,"Measures 31 1/2 inches Long x 25 1/2 inches High x 10 5/8 inches Wide
All wood with canvas sail. Extras include long boats, rigging, ladders, railing, anchors, side cannons, hand painted, etc.",Hidden,43.30,86.61
products,0.0,N/A,N/A,N/A,N/A,N/A,N/A,N/A,N/A,unavailable,N/A,0.0,N/A,0.0,N/A,N/A,N/A,N/A,unavailable,1102.0,N/A,N/A,0.0,S700_2047,Hidden,N/A,0.0,N/A,N/A,N/A,N/A,None,unavailable,N/A,N/A,Ships,None,None,N/A,HMS Bounty,1:700,Unimax Art Galleries,"Measures 30 inches Long x 27 1/2 inches High x 4 3/4 inches Wide. 
Many extras including rigging, long boats, pilot house, anchors, etc. Comes with three masts, all square-rigged.",Hidden,39.83,90.52
products,0.0,N/A,N/A,N/A,N/A,N/A,N/A,N/A,N/A,unavailable,N/A,0.0,N/A,0.0,N/A,N/A,N/A,N/A,unavailable,1102.0,N/A,N/A,0.0,S700_2466,Hidden,N/A,0.0,N/A,N/A,N/A,N/A,None,unavailable,N/A,N/A,Planes,None,None,N/A,America West Airlines B757-200,1:700,Motor City Art Classics,Official logos and insignias. Working steering system. Rotating jet engines,Hidden,68.80,99.72
products,0.0,N/A,N/A,N/A,N/A,N/A,N/A,N/A,N/A,unavailable,N/A,0.0,N/A,0.0,N/A,N/A,N/A,N/A,unavailable,1102.0,N/A,N/A,0.0,S700_2610,Hidden,N/A,0.0,N/A,N/A,N/A,N/A,None,unavailable,N/A,N/A,Ships,None,None,N/A,The USS Constitution Ship,1:700,Red Start Diecast,"All wood with canvas sails. Measures 31 1/2"" Length x 22 3/8"" High x 8 1/4"" Width. Extras include 4 boats on deck, sea sprite on bow, anchors, copper railing, pilot houses, etc.",Hidden,33.97,72.28
products,0.0,N/A,N/A,N/A,N/A,N/A,N/A,N/A,N/A,unavailable,N/A,0.0,N/A,0.0,N/A,N/A,N/A,N/A,unavailable,1102.0,N/A,N/A,0.0,S700_2824,Hidden,N/A,0.0,N/A,N/A,N/A,N/A,None,unavailable,N/A,N/A,Classic Cars,None,None,N/A,1982 Camaro Z28,1:18,Carousel DieCast Legends,"Features include opening and closing doors. Color: White. 
Measures approximately 9 1/2"" Long.",Hidden,46.53,101.15
products,0.0,N/A,N/A,N/A,N/A,N/A,N/A,N/A,N/A,unavailable,N/A,0.0,N/A,0.0,N/A,N/A,N/A,N/A,unavailable,1102.0,N/A,N/A,0.0,S700_2834,Hidden,N/A,0.0,N/A,N/A,N/A,N/A,None,unavailable,N/A,N/A,Planes,None,None,N/A,ATA: B757-300,1:700,Highway 66 Mini Classics,Exact replia with official logos and insignias and retractable wheels,Hidden,59.33,118.65
products,0.0,N/A,N/A,N/A,N/A,N/A,N/A,N/A,N/A,unavailable,N/A,0.0,N/A,0.0,N/A,N/A,N/A,N/A,unavailable,1102.0,N/A,N/A,0.0,S700_3167,Hidden,N/A,0.0,N/A,N/A,N/A,N/A,None,unavailable,N/A,N/A,Planes,None,None,N/A,F/A 18 Hornet 1/72,1:72,Motor City Art Classics,"10"" Wingspan with retractable landing gears.Comes with pilot",Hidden,54.40,80.00
products,0.0,N/A,N/A,N/A,N/A,N/A,N/A,N/A,N/A,unavailable,N/A,0.0,N/A,0.0,N/A,N/A,N/A,N/A,unavailable,1102.0,N/A,N/A,0.0,S700_3505,Hidden,N/A,0.0,N/A,N/A,N/A,N/A,None,unavailable,N/A,N/A,Ships,None,None,N/A,The Titanic,1:700,Carousel DieCast Legends,"Completed model measures 19 1/2 inches long, 9 inches high, 3inches wide and is in barn red/black. All wood and metal.",Hidden,51.09,100.17
products,0.0,N/A,N/A,N/A,N/A,N/A,N/A,N/A,N/A,unavailable,N/A,0.0,N/A,0.0,N/A,N/A,N/A,N/A,unavailable,1102.0,N/A,N/A,0.0,S700_3962,Hidden,N/A,0.0,N/A,N/A,N/A,N/A,None,unavailable,N/A,N/A,Ships,None,None,N/A,The Queen Mary,1:700,Welly Diecast Productions,"Exact replica. Wood and Metal. Many extras including rigging, long boats, pilot house, anchors, etc. Comes with three masts, all square-rigged.",Hidden,53.63,99.31
products,0.0,N/A,N/A,N/A,N/A,N/A,N/A,N/A,N/A,unavailable,N/A,0.0,N/A,0.0,N/A,N/A,N/A,N/A,unavailable,1102.0,N/A,N/A,0.0,S700_4002,Hidden,N/A,0.0,N/A,N/A,N/A,N/A,None,unavailable,N/A,N/A,Planes,None,None,N/A,American Airlines: MD-11S,1:700,Second Gear Diecast,Polished finish. Exact replia with official logos and insignias and retractable wheels,Hidden,36.27,74.03
products,0.0,N/A,N/A,N/A,N/A,N/A,N/A,N/A,N/A,unavailable,N/A,0.0,N/A,0.0,N/A,N/A,N/A,N/A,unavailable,1102.0,N/A,N/A,0.0,S72_1253,Hidden,N/A,0.0,N/A,N/A,N/A,N/A,None,unavailable,N/A,N/A,Planes,None,None,N/A,Boeing X-32A JSF,1:72,Motor City Art Classics,"10"" Wingspan with retractable landing gears.Comes with pilot",Hidden,32.77,49.66
products,0.0,N/A,N/A,N/A,N/A,N/A,N/A,N/A,N/A,unavailable,N/A,0.0,N/A,0.0,N/A,N/A,N/A,N/A,unavailable,1102.0,N/A,N/A,0.0,S72_3212,Hidden,N/A,0.0,N/A,N/A,N/A,N/A,None,unavailable,N/A,N/A,Ships,None,None,N/A,Pont Yacht,1:72,Unimax Art Galleries,"Measures 38 inches Long x 33 3/4 inches High. Includes a stand.
Many extras including rigging, long boats, pilot house, anchors, etc. Comes with 2 masts, all square-rigged",Hidden,33.30,54.60
